21:41:33,571 [ :- @  ] run-1773258093367 starting state:
 env = {"run":{"host":{"user":"zakkak","name":"LOCAL","target":"LOCAL"}}}
 config = {"jvm":{"home":"/home/zakkak/jvms/jdk-21.0.9+10","version":"25.0.2-tem","graalvm":{"home":"/home/zakkak/code/graal-oracle/sdk/latest_graalvm_home","version":"25.0.2-graalce"},"memory":"","args":""},"quarkus":{"version":"999-SNAPSHOT","build_config_args":"","native_build_options":"-Dquarkus.native.additional-build-args-append=--future-defaults=all"},"springboot3":{"version":"","native_build_options":""},"springboot4":{"version":"","native_build_options":""},"resources":{"cpu":{"app":"0-3","db":"4-6","load_generator":"7-9","1st_request":"10","monitor":"11"},"app_cpus":"4"},"profiler":{"name":"none","events":"cpu"},"repo":{"branch":"main","url":"https://github.com/quarkusio/spring-quarkus-perf-comparison.git","scenario":"tuned"},"num_iterations":"10"}
 APP_CMD_PREFIX = taskset --cpu-list ${{config.resources.cpu.app}}
 LOAD_GEN_CMD_PREFIX = taskset --cpu-list ${{config.resources.cpu.load_generator}}
 MONITOR_CMD_PREFIX = taskset --cpu-list ${{config.resources.cpu.monitor}}
 WRK_BIN = ${{LOAD_GEN_CMD_PREFIX}} jbang -R -XX:+UseNUMA wrk@hyperfoil
 DROP_OS_FILESYSTEM_CACHES = true
 PAUSE_TIME = 2
 PROFILER_JVM_ARGS = 
 BASE_JAVA_CMD = ${{APP_CMD_PREFIX}} java ${{config.jvm.memory}} ${{config.jvm.args}} ${{PROFILER_JVM_ARGS}}
 TESTS = ["measure-build-times","measure-time-to-first-request","measure-rss","run-load-test"]
 RUNTIMES = ["quarkus3-native"]
 TARGET_URL = http://localhost:8080/fruits
 QUARKUS-PLATFORM-ARTIFACT-ID = quarkus-bom
 PROJ_REPO_NAME = spring-quarkus-perf-comparison
 METRICS_DIR = /tmp
 ASYNC_PROFILER = async-profiler
 RUNTIMECMDS = [{"updateScript":"update-quarkus-version","runCmd":"${{BASE_JAVA_CMD}} -jar ${{QUARKUS3_DIR}}/target/quarkus-app/quarkus-run.jar","updateVersion":"${{config.quarkus.version}}","buildCmd":"./mvnw ${{config.quarkus.build_config_args}} clean package -DskipTests","name":"quarkus3-jvm","type":"jvm","dir":"${{QUARKUS3_DIR}}","logFileStartedRegex":".*quarkus3.+started in.*"},{"updateScript":"update-quarkus-version","runCmd":"${{BASE_JAVA_CMD}} -jar ${{QUARKUS3_VIRTUAL_DIR}}/target/quarkus-app/quarkus-run.jar","updateVersion":"${{config.quarkus.version}}","buildCmd":"./mvnw ${{config.quarkus.build_config_args}} clean package -DskipTests","name":"quarkus3-virtual","type":"jvm","dir":"${{QUARKUS3_VIRTUAL_DIR}}","logFileStartedRegex":".*quarkus3.+started in.*"},{"updateScript":"update-quarkus-version","runCmd":"${{APP_CMD_PREFIX}} ${{QUARKUS3_DIR}}/target/quarkus3-runner ${{config.jvm.memory}}","updateVersion":"${{config.quarkus.version}}","buildCmd":"./mvnw ${{config.quarkus.build_config_args}} clean package -DskipTests -Pnative ${{config.quarkus.native_build_options}}","name":"quarkus3-native","type":"native","dir":"${{QUARKUS3_DIR}}","logFileStartedRegex":".*quarkus3.+started in.*"},{"updateScript":"update-spring-boot-version","runCmd":"${{BASE_JAVA_CMD}} -jar ${{SPRING3_BOOT_DIR}}/target/springboot3.jar","updateVersion":"${{config.springboot3.version}}","buildCmd":"./mvnw clean package -DskipTests","name":"spring3-jvm","type":"jvm","dir":"${{SPRING3_BOOT_DIR}}","logFileStartedRegex":".*Started SpringBoot3Application in.+seconds.*"},{"updateScript":"update-spring-boot-version","runCmd":"${{BASE_JAVA_CMD}} -Dspring.threads.virtual.enabled=true -jar ${{SPRING3_BOOT_DIR}}/target/springboot3.jar","updateVersion":"${{config.springboot3.version}}","buildCmd":"./mvnw clean package -DskipTests -Dspring.threads.virtual.enabled=true","name":"spring3-virtual","type":"jvm","dir":"${{SPRING3_BOOT_DIR}}","logFileStartedRegex":".*Started SpringBoot3Application in.+seconds.*"},{"updateScript":"update-spring-boot-version","runCmd":"${{BASE_JAVA_CMD}} -Dspring.aot.enabled=true -jar ${{SPRING3_BOOT_DIR}}/target/springboot3.jar","updateVersion":"${{config.springboot3.version}}","buildCmd":"./mvnw clean compile spring-boot:process-aot package -DskipTests","name":"spring3-jvm-aot","type":"jvm","dir":"${{SPRING3_BOOT_DIR}}","logFileStartedRegex":".*Started SpringBoot3Application in.+seconds.*"},{"updateScript":"update-spring-boot-version","runCmd":"${{APP_CMD_PREFIX}} ${{SPRING3_BOOT_DIR}}/target/springboot3 ${{config.jvm.memory}}","updateVersion":"${{config.springboot3.version}}","buildCmd":"./mvnw clean -Pnative -DskipTests native:compile package ${{config.springboot3.native_build_options}}","name":"spring3-native","type":"native","dir":"${{SPRING3_BOOT_DIR}}","logFileStartedRegex":".*Started SpringBoot3Application in.+seconds.*"},{"updateScript":"update-spring-boot-version","runCmd":"${{BASE_JAVA_CMD}} -jar ${{SPRING4_BOOT_DIR}}/target/springboot4.jar","updateVersion":"${{config.springboot4.version}}","buildCmd":"./mvnw clean package -DskipTests","name":"spring4-jvm","type":"jvm","dir":"${{SPRING4_BOOT_DIR}}","logFileStartedRegex":".*Started SpringBoot4Application in.+seconds.*"},{"updateScript":"update-spring-boot-version","runCmd":"${{BASE_JAVA_CMD}} -Dspring.threads.virtual.enabled=true -jar ${{SPRING4_BOOT_DIR}}/target/springboot4.jar","updateVersion":"${{config.springboot4.version}}","buildCmd":"./mvnw clean package -DskipTests -Dspring.threads.virtual.enabled=true","name":"spring4-virtual","type":"jvm","dir":"${{SPRING4_BOOT_DIR}}","logFileStartedRegex":".*Started SpringBoot4Application in.+seconds.*"},{"updateScript":"update-spring-boot-version","runCmd":"${{BASE_JAVA_CMD}} -Dspring.aot.enabled=true -jar ${{SPRING4_BOOT_DIR}}/target/springboot4.jar","updateVersion":"${{config.springboot4.version}}","buildCmd":"./mvnw clean compile spring-boot:process-aot package -DskipTests","name":"spring4-jvm-aot","type":"jvm","dir":"${{SPRING4_BOOT_DIR}}","logFileStartedRegex":".*Started SpringBoot4Application in.+seconds.*"},{"updateScript":"update-spring-boot-version","runCmd":"${{APP_CMD_PREFIX}} ${{SPRING4_BOOT_DIR}}/target/springboot4 ${{config.jvm.memory}}","updateVersion":"${{config.springboot4.version}}","buildCmd":"./mvnw clean -Pnative -DskipTests native:compile package ${{config.springboot4.native_build_options}}","name":"spring4-native","type":"native","dir":"${{SPRING4_BOOT_DIR}}","logFileStartedRegex":".*Started SpringBoot4Application in.+seconds.*"}]

21:41:33,859 [ test-runner:setup-807 @ target-host ] setup
21:41:33,974 [ test-runner:setup-807 @ target-host ] start-env:
21:41:33,976 [ test-runner:setup-807 @ target-host ] script-cmd: update-state
21:41:33,976 [ test-runner:setup-807 @ target-host ] update-state
21:41:34,380 [ test-runner:setup-807 @ target-host ] echo $(realpath ~)
/home/zakkak
21:41:34,380 [ test-runner:setup-807 @ target-host ] set-state: RUN.BASE_DIR /home/zakkak
21:41:34,381 [ test-runner:setup-807 @ target-host ] set-state: RUN.REPO_DIR /home/zakkak/spring-quarkus-perf-comparison
21:41:34,382 [ test-runner:setup-807 @ target-host ] set-state: RUN.PROJ_REPO_DIR /home/zakkak/spring-quarkus-perf-comparison/spring-quarkus-perf-comparison
21:41:34,383 [ test-runner:setup-807 @ target-host ] set-state: RUN.SCRIPTS_DIR /home/zakkak/spring-quarkus-perf-comparison/spring-quarkus-perf-comparison/scripts/perf-lab
21:41:34,384 [ test-runner:setup-807 @ target-host ] set-state: RUN.HELPER_SCRIPTS_DIR /home/zakkak/spring-quarkus-perf-comparison/spring-quarkus-perf-comparison/scripts/perf-lab/scripts
21:41:34,385 [ test-runner:setup-807 @ target-host ] set-state: RUN.SPRING3_BOOT_DIR /home/zakkak/spring-quarkus-perf-comparison/spring-quarkus-perf-comparison/springboot3
21:41:34,386 [ test-runner:setup-807 @ target-host ] set-state: RUN.SPRING4_BOOT_DIR /home/zakkak/spring-quarkus-perf-comparison/spring-quarkus-perf-comparison/springboot4
21:41:34,387 [ test-runner:setup-807 @ target-host ] set-state: RUN.QUARKUS3_DIR /home/zakkak/spring-quarkus-perf-comparison/spring-quarkus-perf-comparison/quarkus3
21:41:34,388 [ test-runner:setup-807 @ target-host ] set-state: RUN.QUARKUS3_VIRTUAL_DIR /home/zakkak/spring-quarkus-perf-comparison/spring-quarkus-perf-comparison/quarkus3-virtual
21:41:34,388 [ test-runner:setup-807 @ target-host ] set-state: RUN.ASYNC_PROFILER_DIR /home/zakkak/async-profiler
21:41:34,389 [ test-runner:setup-807 @ target-host ] script-cmd: detect-os
21:41:34,389 [ test-runner:setup-807 @ target-host ] detect-os
21:41:34,792 [ test-runner:setup-807 @ target-host ] uname -a
Linux blanc 6.18.16-200.fc43.x86_64 #1 SMP PREEMPT_DYNAMIC Wed Mar  4 19:13:32 UTC 2026 x86_64 GNU/Linux
21:41:34,793 [ test-runner:setup-807 @ target-host ] regex: .*Linux.*
21:41:34,794 [ test-runner:setup-807 @ target-host ] set-state: RUN.os linux
21:41:34,794 [ test-runner:setup-807 @ target-host ] script-cmd: capture-system-info
21:41:34,794 [ test-runner:setup-807 @ target-host ] capture-system-info
21:41:34,795 [ test-runner:setup-807 @ target-host ] script-cmd: capture-system-info-${{os}}
21:41:34,795 [ test-runner:setup-807 @ target-host ] capture-system-info-linux
21:41:35,199 [ test-runner:setup-807 @ target-host ] grep '^PRETTY_NAME=' /etc/os-release | cut -d= -f2 | tr -d '"'
Fedora Linux 43 (Workstation Edition)
21:41:35,199 [ test-runner:setup-807 @ target-host ] set-state: RUN.env.host.os Fedora Linux 43 (Workstation Edition)
21:41:35,611 [ test-runner:setup-807 @ target-host ] cat /sys/class/dmi/id/sys_vendor /sys/class/dmi/id/product_name 2>/dev/null | paste -sd ' ' || echo 'Unknown'
ASUS System Product Name
21:41:35,611 [ test-runner:setup-807 @ target-host ] set-state: RUN.env.host.type ASUS System Product Name
21:41:36,014 [ test-runner:setup-807 @ target-host ] uname -r
6.18.16-200.fc43.x86_64
21:41:36,014 [ test-runner:setup-807 @ target-host ] set-state: RUN.env.host.kernel 6.18.16-200.fc43.x86_64
21:41:36,439 [ test-runner:setup-807 @ target-host ] lscpu | awk -F: '/^Model name:/ {model=$2} /^CPU\(s):/ {cpus=$2} END {gsub(/^[ \t]+|[ \t]+$/, "", model); gsub(/^[ \t]+|[ \t]+$/, "", cpus); print model " (" cpus " cpus)"}'

AMD Ryzen 9 7950X 16-Core Processor (32 cpus)
21:41:36,440 [ test-runner:setup-807 @ target-host ] set-state: RUN.env.host.cpu AMD Ryzen 9 7950X 16-Core Processor (32 cpus)
21:41:36,877 [ test-runner:setup-807 @ target-host ] lspci | grep -iE 'vga|3d|display' | sed 's/.*: //; s/ (rev.*)$//' | head -n1
Advanced Micro Devices, Inc. [AMD/ATI] Raphael
21:41:36,877 [ test-runner:setup-807 @ target-host ] set-state: RUN.env.host.gpu Advanced Micro Devices, Inc. [AMD/ATI] Raphael
21:41:37,289 [ test-runner:setup-807 @ target-host ] free -h | grep '^Mem:' | awk '{print $2}'
61Gi
21:41:37,290 [ test-runner:setup-807 @ target-host ] set-state: RUN.env.host.memory 61Gi
21:41:37,290 [ test-runner:setup-807 @ target-host ] script-cmd: config-env
21:41:37,290 [ test-runner:setup-807 @ target-host ] config-env
21:41:37,290 [ test-runner:setup-807 @ target-host ] script-cmd: sudo
21:41:37,290 [ test-runner:setup-807 @ target-host ] sudo
21:41:37,291 [ test-runner:setup-807 @ target-host ] script-cmd: sudo-${{os}}
21:41:37,291 [ test-runner:setup-807 @ target-host ] sudo-linux
21:41:37,733 [ test-runner:setup-807 @ target-host ] sudo rm -Rf /home/zakkak/spring-quarkus-perf-comparison/logs
]3008;start=d41881ade7e4466899d7266b941c46b7;user=zakkak;hostname=blanc;machineid=f469a615e9ef4e81b7d5be080a5de373;bootid=0e917e08584a49cb891ef04366e00ace;pid=402974;pidfdid=402975;comm=sudo;targetuser=root;sessionid=c383;type=session\]3008;end=d41881ade7e4466899d7266b941c46b7\
21:41:38,137 [ test-runner:setup-807 @ target-host ] mkdir -p /home/zakkak/spring-quarkus-perf-comparison/logs
21:41:38,137 [ test-runner:setup-807 @ target-host ] script-cmd: ensure-requirements
21:41:38,137 [ test-runner:setup-807 @ target-host ] ensure-requirements
21:41:38,137 [ test-runner:setup-807 @ target-host ] script-cmd: ensure-graalvm
21:41:38,138 [ test-runner:setup-807 @ target-host ] ensure-graalvm
21:41:38,138 [ test-runner:setup-807 @ target-host ] read-state: /home/zakkak/code/graal-oracle/sdk/latest_graalvm_home
21:41:38,139 [ test-runner:setup-807 @ target-host ] 
21:41:38,139 [ test-runner:setup-807 @ target-host ] Using locally installed GraalVM from /home/zakkak/code/graal-oracle/sdk/latest_graalvm_home
21:41:38,542 [ test-runner:setup-807 @ target-host ] export GRAALVM_HOME=/home/zakkak/code/graal-oracle/sdk/latest_graalvm_home
21:41:38,953 [ test-runner:setup-807 @ target-host ] test -d "$GRAALVM_HOME"
21:41:38,953 [ test-runner:setup-807 @ target-host ] regex: .*
21:41:39,364 [ test-runner:setup-807 @ target-host ] test -x "$GRAALVM_HOME/bin/native-image"
21:41:39,364 [ test-runner:setup-807 @ target-host ] regex: .*
21:41:39,364 [ test-runner:setup-807 @ target-host ] Showing GraalVM version
21:41:39,863 [ test-runner:setup-807 @ target-host ] $GRAALVM_HOME/bin/java -version
openjdk version "25.0.1" 2025-10-21
OpenJDK Runtime Environment GraalVM CE 25.1.0-dev+8.1 (build 25.0.1+8-jvmci-25.1-b14)
OpenJDK 64-Bit Server VM GraalVM CE 25.1.0-dev+8.1 (build 25.0.1+8-jvmci-25.1-b14, mixed mode, sharing)
21:41:39,864 [ test-runner:setup-807 @ target-host ] script-cmd: ensure-java
21:41:39,864 [ test-runner:setup-807 @ target-host ] ensure-java
21:41:39,864 [ test-runner:setup-807 @ target-host ] read-state: /home/zakkak/jvms/jdk-21.0.9+10
21:41:39,865 [ test-runner:setup-807 @ target-host ] 
21:41:39,865 [ test-runner:setup-807 @ target-host ] Using locally installed Java from /home/zakkak/jvms/jdk-21.0.9+10
21:41:40,268 [ test-runner:setup-807 @ target-host ] export JAVA_HOME=/home/zakkak/jvms/jdk-21.0.9+10
21:41:40,670 [ test-runner:setup-807 @ target-host ] export PATH=$JAVA_HOME/bin:$PATH
21:41:41,072 [ test-runner:setup-807 @ target-host ] test -d "$JAVA_HOME"
21:41:41,072 [ test-runner:setup-807 @ target-host ] regex: .*
21:41:41,474 [ test-runner:setup-807 @ target-host ] test -x "$JAVA_HOME/bin/java"
21:41:41,474 [ test-runner:setup-807 @ target-host ] regex: .*
21:41:41,474 [ test-runner:setup-807 @ target-host ] Showing Java version
21:41:41,897 [ test-runner:setup-807 @ target-host ] java -version
openjdk version "21.0.9" 2025-10-21 LTS
OpenJDK Runtime Environment Temurin-21.0.9+10 (build 21.0.9+10-LTS)
OpenJDK 64-Bit Server VM Temurin-21.0.9+10 (build 21.0.9+10-LTS, mixed mode, sharing)
21:41:41,897 [ test-runner:setup-807 @ target-host ] script-cmd: ensure-git
21:41:41,898 [ test-runner:setup-807 @ target-host ] ensure-git
21:41:41,898 [ test-runner:setup-807 @ target-host ] script-cmd: ensure-git-${{os}}
21:41:41,898 [ test-runner:setup-807 @ target-host ] ensure-git-linux
21:41:41,898 [ test-runner:setup-807 @ target-host ] script-cmd: check-and-install-package
21:41:41,899 [ test-runner:setup-807 @ target-host ] check-and-install-package
21:41:42,312 [ test-runner:setup-807 @ target-host ] which git
/usr/bin/git
21:41:42,312 [ test-runner:setup-807 @ target-host ] script-cmd: ensure-gcc
21:41:42,313 [ test-runner:setup-807 @ target-host ] ensure-gcc
21:41:42,313 [ test-runner:setup-807 @ target-host ] script-cmd: ensure-gcc-${{os}}
21:41:42,313 [ test-runner:setup-807 @ target-host ] ensure-gcc-linux
21:41:42,313 [ test-runner:setup-807 @ target-host ] script-cmd: check-and-install-package
21:41:42,313 [ test-runner:setup-807 @ target-host ] check-and-install-package
21:41:42,726 [ test-runner:setup-807 @ target-host ] which gcc
/usr/bin/gcc
21:41:42,727 [ test-runner:setup-807 @ target-host ] script-cmd: ensure-jbang
21:41:42,727 [ test-runner:setup-807 @ target-host ] ensure-jbang
21:41:42,727 [ test-runner:setup-807 @ target-host ] script-cmd: ensure-jbang-${{os}}
21:41:42,727 [ test-runner:setup-807 @ target-host ] ensure-jbang-linux
21:41:43,132 [ test-runner:setup-807 @ target-host ] which jbang
~/.sdkman/candidates/jbang/current/bin/jbang
21:41:43,132 [ test-runner:setup-807 @ target-host ] script-cmd: ensure-jvm-opts
21:41:43,132 [ test-runner:setup-807 @ target-host ] ensure-jvm-opts
21:41:43,132 [ test-runner:setup-807 @ target-host ] read-state: config.profiler.name
21:41:43,132 [ test-runner:setup-807 @ target-host ] script-cmd: clone-repo
21:41:43,133 [ test-runner:setup-807 @ target-host ] clone-repo
21:41:43,133 [ test-runner:setup-807 @ target-host ] script-cmd: sudo
21:41:43,133 [ test-runner:setup-807 @ target-host ] sudo
21:41:43,133 [ test-runner:setup-807 @ target-host ] script-cmd: sudo-${{os}}
21:41:43,134 [ test-runner:setup-807 @ target-host ] sudo-linux
21:41:43,584 [ test-runner:setup-807 @ target-host ] sudo rm -Rf /home/zakkak/spring-quarkus-perf-comparison/logs
]3008;start=9380a0ddda034651843840003443d5a2;user=zakkak;hostname=blanc;machineid=f469a615e9ef4e81b7d5be080a5de373;bootid=0e917e08584a49cb891ef04366e00ace;pid=403061;pidfdid=403062;comm=sudo;targetuser=root;sessionid=c384;type=session\]3008;end=9380a0ddda034651843840003443d5a2\
21:41:43,988 [ test-runner:setup-807 @ target-host ] mkdir -p /home/zakkak/spring-quarkus-perf-comparison/logs
21:41:44,390 [ test-runner:setup-807 @ target-host ] cd /home/zakkak/spring-quarkus-perf-comparison
21:41:44,390 [ test-runner:setup-807 @ target-host ] Cloning project repo main@https://github.com/quarkusio/spring-quarkus-perf-comparison.git
21:41:44,806 [ test-runner:setup-807 @ target-host ] git clone -b main https://github.com/quarkusio/spring-quarkus-perf-comparison.git
fatal: destination path 'spring-quarkus-perf-comparison' already exists and is not an empty directory.
21:41:45,208 [ test-runner:setup-807 @ target-host ] cd spring-quarkus-perf-comparison
21:41:45,208 [ test-runner:setup-807 @ target-host ] Checked out repo
21:41:45,620 [ test-runner:setup-807 @ target-host ] git remote get-url origin
https://github.com/quarkusio/spring-quarkus-perf-comparison.git
21:41:46,024 [ test-runner:setup-807 @ target-host ] git branch --show-current
main
21:41:46,024 [ test-runner:setup-807 @ target-host ] script-cmd: capture-repo-info
21:41:46,025 [ test-runner:setup-807 @ target-host ] capture-repo-info
21:41:46,427 [ test-runner:setup-807 @ target-host ] cd /home/zakkak/spring-quarkus-perf-comparison/spring-quarkus-perf-comparison
21:41:46,830 [ test-runner:setup-807 @ target-host ] git rev-parse HEAD
14e9ae9b8bc5ec009f5c1108ca2171ce3867ffb2
21:41:46,830 [ test-runner:setup-807 @ target-host ] set-state: RUN.config.repo.commit 14e9ae9b8bc5ec009f5c1108ca2171ce3867ffb2
21:41:47,236 [ test-runner:setup-807 @ target-host ] git rev-parse --short HEAD
14e9ae9
21:41:47,236 [ test-runner:setup-807 @ target-host ] set-state: RUN.config.repo.short_commit 14e9ae9
21:41:47,236 [ test-runner:setup-807 @ target-host ] read-state: tuned
21:41:47,237 [ test-runner:setup-807 @ target-host ] 
21:41:47,237 [ test-runner:setup-807 @ target-host ] regex: tuned
21:41:47,237 [ test-runner:setup-807 @ target-host ] set-state: RUN.config.repo.scenarioName Tuned
21:41:47,237 [ test-runner:setup-807 @ target-host ] script-cmd: stop-test-services
21:41:47,237 [ test-runner:setup-807 @ target-host ] stop-test-services
21:41:47,666 [ test-runner:setup-807 @ target-host ] /home/zakkak/spring-quarkus-perf-comparison/spring-quarkus-perf-comparison/scripts/infra.sh -d
Using podman to stop containers
-----------------------------------------
[03/11/2026 21:41:47]: Stopping services
-----------------------------------------
Stopping PostgreSQL database 'fruits_db'
Error: no container with name or ID "fruits_db" found: no such container
21:41:47,667 [ test-runner:setup-807 @ target-host ] script-cmd: start-timestamp
21:41:47,667 [ test-runner:setup-807 @ target-host ] start-timestamp
21:41:48,070 [ test-runner:setup-807 @ target-host ] date -u +%FT%TZ
2026-03-11T19:41:47Z
21:41:48,070 [ test-runner:setup-807 @ target-host ] set-state: RUN.output.timing.start 2026-03-11T19:41:47Z
21:41:48,177 [ test-runner:setup-807 @ target-host ] stop-env: export PATH="/home/zakkak/jvms/jdk-21.0.9+10/bin:/home/zakkak/.jbang/bin:/home/zakkak/.local/bin:/home/zakkak/bin:/home/zakkak/.npm-global/bin:/home/zakkak/.jbang/bin:/home/zakkak/.sdkman/candidates/quarkus/current/bin:/home/zakkak/.sdkman/candidates/maven/current/bin:/home/zakkak/.sdkman/candidates/jreleaser/current/bin:/home/zakkak/.sdkman/candidates/jbang/current/bin:/home/zakkak/.sdkman/candidates/java/current/bin:/home/zakkak/.sdkman/candidates/gradle/current/bin:/home/zakkak/.local/share/JetBrains/Toolbox/apps/intellij-idea-ultimate/bin:/home/zakkak/bin:/home/zakkak/.local/bin:/home/zakkak/.cargo/bin:/usr/local/bin:/usr/bin"  JAVA_HOME="/home/zakkak/jvms/jdk-21.0.9+10"  GRAALVM_HOME="/home/zakkak/code/graal-oracle/sdk/latest_graalvm_home"
21:41:48,555 [ test-runner:run-tests-983 @ target-host ] script-cmd: run-tests
21:41:48,556 [ test-runner:run-tests-983 @ target-host ] run-tests
21:41:48,978 [ test-runner:run-tests-983 @ target-host ] java -version
openjdk version "21.0.9" 2025-10-21 LTS
OpenJDK Runtime Environment Temurin-21.0.9+10 (build 21.0.9+10-LTS)
OpenJDK 64-Bit Server VM Temurin-21.0.9+10 (build 21.0.9+10-LTS, mixed mode, sharing)
21:41:49,380 [ test-runner:run-tests-983 @ target-host ] echo $$
403144
21:41:49,380 [ test-runner:run-tests-983 @ target-host ] set-state: RUN.SHELL_PID 403144
21:41:49,850 [ test-runner:run-tests-983 @ target-host ] for-each: RUNTIME = quarkus3-native
21:41:49,856 [ test-runner:run-tests-983 @ target-host ] set-state: RUNTIMECMD {"updateScript":"update-quarkus-version","runCmd":"taskset --cpu-list 0-3 /home/zakkak/spring-quarkus-perf-comparison/spring-quarkus-perf-comparison/quarkus3/target/quarkus3-runner ","updateVersion":"999-SNAPSHOT","buildCmd":"./mvnw  clean package -DskipTests -Pnative -Dquarkus.native.additional-build-args-append=--future-defaults=all","name":"quarkus3-native","type":"native","dir":"/home/zakkak/spring-quarkus-perf-comparison/spring-quarkus-perf-comparison/quarkus3","logFileStartedRegex":".*quarkus3.+started in.*"}
21:41:49,856 [ test-runner:run-tests-983 @ target-host ] Updating version: 999-SNAPSHOT
21:41:49,857 [ test-runner:run-tests-983 @ target-host ] script-cmd: ${{RUNTIMECMD.updateScript:abort-script-not-found}}
21:41:49,857 [ test-runner:run-tests-983 @ target-host ] update-quarkus-version
21:41:49,857 [ test-runner:run-tests-983 @ target-host ] script-cmd: check-dependency-exists
21:41:49,857 [ test-runner:run-tests-983 @ target-host ] check-dependency-exists
21:41:50,260 [ test-runner:run-tests-983 @ target-host ] cd /home/zakkak/spring-quarkus-perf-comparison/spring-quarkus-perf-comparison/quarkus3
21:41:52,539 [ test-runner:run-tests-983 @ target-host ] ./mvnw dependency:get -Dartifact=io.quarkus:quarkus-bom:999-SNAPSHOT -Dpackaging=pom
[INFO] Scanning for projects...
[WARNING] Quarkus Maven extension: an explicit 'argLine' is defined in maven-surefire-plugin config, but does not contain '@{argLine}': we will not be able to inject JVM parameters automatically. Please add '@{argLine}' to the argLine configuration you have defined.
[INFO] 
[INFO] -------------------------< org.acme:quarkus3 >--------------------------
[INFO] Building quarkus3 1.0
[INFO]   from pom.xml
[INFO] ------------------------------[ quarkus ]-------------------------------
[INFO] 
[INFO] --- dependency:3.7.0:get (default-cli) @ quarkus3 ---
[INFO] Resolving io.quarkus:quarkus-bom:pom:999-SNAPSHOT with transitive dependencies
[INFO] ------------------------------------------------------------------------
[INFO] BUILD SUCCESS
[INFO] ------------------------------------------------------------------------
[INFO] Total time:  1.130 s
[INFO] Finished at: 2026-03-11T21:41:52+02:00
[INFO] ------------------------------------------------------------------------
21:41:52,539 [ test-runner:run-tests-983 @ target-host ] 
21:41:52,539 [ test-runner:run-tests-983 @ target-host ] Artifact io.quarkus:quarkus-bom:999-SNAPSHOT is available in maven central
21:41:54,597 [ test-runner:run-tests-983 @ target-host ] ./mvnw versions:set-property -Dproperty=quarkus.platform.version -DnewVersion=999-SNAPSHOT
[INFO] Scanning for projects...
[WARNING] Quarkus Maven extension: an explicit 'argLine' is defined in maven-surefire-plugin config, but does not contain '@{argLine}': we will not be able to inject JVM parameters automatically. Please add '@{argLine}' to the argLine configuration you have defined.
[INFO] 
[INFO] -------------------------< org.acme:quarkus3 >--------------------------
[INFO] Building quarkus3 1.0
[INFO]   from pom.xml
[INFO] ------------------------------[ quarkus ]-------------------------------
[INFO] 
[INFO] --- versions:2.21.0:set-property (default-cli) @ quarkus3 ---
[INFO] ------------------------------------------------------------------------
[INFO] BUILD SUCCESS
[INFO] ------------------------------------------------------------------------
[INFO] Total time:  0.987 s
[INFO] Finished at: 2026-03-11T21:41:54+02:00
[INFO] ------------------------------------------------------------------------
21:41:54,598 [ test-runner:run-tests-983 @ target-host ] Testing: quarkus3-native
21:41:54,606 [ test-runner:run-tests-983 @ target-host ] for-each: TEST = measure-build-times
21:41:54,607 [ test-runner:run-tests-983 @ target-host ] script-cmd: ${{TEST}}
21:41:54,607 [ test-runner:run-tests-983 @ target-host ] measure-build-times
21:41:54,607 [ test-runner:run-tests-983 @ target-host ] Build times
21:41:55,009 [ test-runner:run-tests-983 @ target-host ] cd /home/zakkak/spring-quarkus-perf-comparison/spring-quarkus-perf-comparison/quarkus3
21:41:55,009 [ test-runner:run-tests-983 @ target-host ] JVM version
21:41:55,431 [ test-runner:run-tests-983 @ target-host ] java -version
openjdk version "21.0.9" 2025-10-21 LTS
OpenJDK Runtime Environment Temurin-21.0.9+10 (build 21.0.9+10-LTS)
OpenJDK 64-Bit Server VM Temurin-21.0.9+10 (build 21.0.9+10-LTS, mixed mode, sharing)
21:41:55,432 [ test-runner:run-tests-983 @ target-host ] Graal VM Version
21:41:55,873 [ test-runner:run-tests-983 @ target-host ] $GRAALVM_HOME/bin/java -version
openjdk version "25.0.1" 2025-10-21
OpenJDK Runtime Environment GraalVM CE 25.1.0-dev+8.1 (build 25.0.1+8-jvmci-25.1-b14)
OpenJDK 64-Bit Server VM GraalVM CE 25.1.0-dev+8.1 (build 25.0.1+8-jvmci-25.1-b14, mixed mode, sharing)
21:41:55,874 [ test-runner:run-tests-983 @ target-host ] set-state: TYPE native
21:41:56,334 [ test-runner:run-tests-983 @ target-host ] for-each: ITERATION = 0
21:41:56,335 [ test-runner:run-tests-983 @ target-host ] queue-download: ${{REPO_DIR}}/logs/build-times-${{RUNTIME.name}}-${{ITERATION}}.log=/home/zakkak/spring-quarkus-perf-comparison/logs/build-times-quarkus3-native-0.log ../../20260311/all/target-host/
21:41:56,335 [ test-runner:run-tests-983 @ target-host ] script-cmd: sync-drop-fs-cache
21:41:56,335 [ test-runner:run-tests-983 @ target-host ] sync-drop-fs-cache
21:41:56,336 [ test-runner:run-tests-983 @ target-host ] read-state: true
21:41:56,336 [ test-runner:run-tests-983 @ target-host ] regex: true
21:41:56,778 [ test-runner:run-tests-983 @ target-host ] sync
21:41:56,778 [ test-runner:run-tests-983 @ target-host ] script-cmd: sync-drop-fs-cache-${{os}}
21:41:56,779 [ test-runner:run-tests-983 @ target-host ] sync-drop-fs-cache-linux
21:41:56,779 [ test-runner:run-tests-983 @ target-host ] script-cmd: sudo
21:41:56,779 [ test-runner:run-tests-983 @ target-host ] sudo
21:41:56,779 [ test-runner:run-tests-983 @ target-host ] script-cmd: sudo-${{os}}
21:41:56,779 [ test-runner:run-tests-983 @ target-host ] sudo-linux
21:41:57,542 [ test-runner:run-tests-983 @ target-host ] sudo sh -c "echo 3 > /proc/sys/vm/drop_caches"
]3008;start=3de2873badb246e88e6635a99803c604;user=zakkak;hostname=blanc;machineid=f469a615e9ef4e81b7d5be080a5de373;bootid=0e917e08584a49cb891ef04366e00ace;pid=403739;pidfdid=403740;comm=sudo;targetuser=root;sessionid=c385;type=session\]3008;end=3de2873badb246e88e6635a99803c604\
21:42:42,946 [ test-runner:run-tests-983 @ target-host ] /usr/bin/time -p ./mvnw  clean package -DskipTests -Pnative -Dquarkus.native.additional-build-args-append=--future-defaults=all 2>&1 >/home/zakkak/spring-quarkus-perf-comparison/logs/build-times-quarkus3-native-0.log | grep real | awk '{print $2}'
44.99
21:42:42,946 [ test-runner:run-tests-983 @ target-host ] set-state: BUILD_TIME 44.99
21:42:42,947 [ test-runner:run-tests-983 @ target-host ] script-cmd: state-array-push
21:42:42,947 [ test-runner:run-tests-983 @ target-host ] state-array-push
21:42:43,216 [ test-runner:run-tests-983 @ target-host ] set-state: RUN.output.results.quarkus3-native.build.timings [44.99]
21:42:43,216 [ test-runner:run-tests-983 @ target-host ] read-state: native
21:42:43,216 [ test-runner:run-tests-983 @ target-host ] regex: native
21:42:43,625 [ test-runner:run-tests-983 @ target-host ] sed -n 's/.*Peak RSS: \([0-9.]*\)\(GB\|GiB\).*/\1/p' /home/zakkak/spring-quarkus-perf-comparison/logs/build-times-quarkus3-native-0.log
4.70
21:42:43,625 [ test-runner:run-tests-983 @ target-host ] set-state: NATIVE_BUILD_RSS 4.70
21:42:43,626 [ test-runner:run-tests-983 @ target-host ] script-cmd: state-array-push
21:42:43,626 [ test-runner:run-tests-983 @ target-host ] state-array-push
21:42:43,806 [ test-runner:run-tests-983 @ target-host ] set-state: RUN.output.results.quarkus3-native.build.native.rss [4.7]
21:42:43,909 [ test-runner:run-tests-983 @ target-host ] for-each: ITERATION = 1
21:42:43,910 [ test-runner:run-tests-983 @ target-host ] queue-download: ${{REPO_DIR}}/logs/build-times-${{RUNTIME.name}}-${{ITERATION}}.log=/home/zakkak/spring-quarkus-perf-comparison/logs/build-times-quarkus3-native-1.log ../../20260311/all/target-host/
21:42:43,910 [ test-runner:run-tests-983 @ target-host ] script-cmd: sync-drop-fs-cache
21:42:43,910 [ test-runner:run-tests-983 @ target-host ] sync-drop-fs-cache
21:42:43,910 [ test-runner:run-tests-983 @ target-host ] read-state: true
21:42:43,910 [ test-runner:run-tests-983 @ target-host ] regex: true
21:42:44,487 [ test-runner:run-tests-983 @ target-host ] sync
21:42:44,488 [ test-runner:run-tests-983 @ target-host ] script-cmd: sync-drop-fs-cache-${{os}}
21:42:44,488 [ test-runner:run-tests-983 @ target-host ] sync-drop-fs-cache-linux
21:42:44,488 [ test-runner:run-tests-983 @ target-host ] script-cmd: sudo
21:42:44,488 [ test-runner:run-tests-983 @ target-host ] sudo
21:42:44,489 [ test-runner:run-tests-983 @ target-host ] script-cmd: sudo-${{os}}
21:42:44,489 [ test-runner:run-tests-983 @ target-host ] sudo-linux
21:42:45,304 [ test-runner:run-tests-983 @ target-host ] sudo sh -c "echo 3 > /proc/sys/vm/drop_caches"
]3008;start=9a9489ae0beb4dca915bab48200b1aef;user=zakkak;hostname=blanc;machineid=f469a615e9ef4e81b7d5be080a5de373;bootid=0e917e08584a49cb891ef04366e00ace;pid=404417;pidfdid=404418;comm=sudo;targetuser=root;sessionid=c386;type=session\]3008;end=9a9489ae0beb4dca915bab48200b1aef\
21:43:30,184 [ test-runner:run-tests-983 @ target-host ] /usr/bin/time -p ./mvnw  clean package -DskipTests -Pnative -Dquarkus.native.additional-build-args-append=--future-defaults=all 2>&1 >/home/zakkak/spring-quarkus-perf-comparison/logs/build-times-quarkus3-native-1.log | grep real | awk '{print $2}'
44.46
21:43:30,184 [ test-runner:run-tests-983 @ target-host ] set-state: BUILD_TIME 44.46
21:43:30,184 [ test-runner:run-tests-983 @ target-host ] script-cmd: state-array-push
21:43:30,184 [ test-runner:run-tests-983 @ target-host ] state-array-push
21:43:30,251 [ test-runner:run-tests-983 @ target-host ] set-state: RUN.output.results.quarkus3-native.build.timings [44.99,44.46]
21:43:30,252 [ test-runner:run-tests-983 @ target-host ] read-state: native
21:43:30,252 [ test-runner:run-tests-983 @ target-host ] regex: native
21:43:30,656 [ test-runner:run-tests-983 @ target-host ] sed -n 's/.*Peak RSS: \([0-9.]*\)\(GB\|GiB\).*/\1/p' /home/zakkak/spring-quarkus-perf-comparison/logs/build-times-quarkus3-native-1.log
4.82
21:43:30,656 [ test-runner:run-tests-983 @ target-host ] set-state: NATIVE_BUILD_RSS 4.82
21:43:30,656 [ test-runner:run-tests-983 @ target-host ] script-cmd: state-array-push
21:43:30,657 [ test-runner:run-tests-983 @ target-host ] state-array-push
21:43:30,713 [ test-runner:run-tests-983 @ target-host ] set-state: RUN.output.results.quarkus3-native.build.native.rss [4.7,4.82]
21:43:30,797 [ test-runner:run-tests-983 @ target-host ] for-each: ITERATION = 2
21:43:30,798 [ test-runner:run-tests-983 @ target-host ] queue-download: ${{REPO_DIR}}/logs/build-times-${{RUNTIME.name}}-${{ITERATION}}.log=/home/zakkak/spring-quarkus-perf-comparison/logs/build-times-quarkus3-native-2.log ../../20260311/all/target-host/
21:43:30,798 [ test-runner:run-tests-983 @ target-host ] script-cmd: sync-drop-fs-cache
21:43:30,798 [ test-runner:run-tests-983 @ target-host ] sync-drop-fs-cache
21:43:30,798 [ test-runner:run-tests-983 @ target-host ] read-state: true
21:43:30,798 [ test-runner:run-tests-983 @ target-host ] regex: true
21:43:31,355 [ test-runner:run-tests-983 @ target-host ] sync
21:43:31,356 [ test-runner:run-tests-983 @ target-host ] script-cmd: sync-drop-fs-cache-${{os}}
21:43:31,356 [ test-runner:run-tests-983 @ target-host ] sync-drop-fs-cache-linux
21:43:31,356 [ test-runner:run-tests-983 @ target-host ] script-cmd: sudo
21:43:31,356 [ test-runner:run-tests-983 @ target-host ] sudo
21:43:31,356 [ test-runner:run-tests-983 @ target-host ] script-cmd: sudo-${{os}}
21:43:31,357 [ test-runner:run-tests-983 @ target-host ] sudo-linux
21:43:32,190 [ test-runner:run-tests-983 @ target-host ] sudo sh -c "echo 3 > /proc/sys/vm/drop_caches"
]3008;start=34b67d689cba42d7b8f3a31139e8a800;user=zakkak;hostname=blanc;machineid=f469a615e9ef4e81b7d5be080a5de373;bootid=0e917e08584a49cb891ef04366e00ace;pid=405044;pidfdid=405045;comm=sudo;targetuser=root;sessionid=c387;type=session\]3008;end=34b67d689cba42d7b8f3a31139e8a800\
21:44:18,085 [ test-runner:run-tests-983 @ target-host ] /usr/bin/time -p ./mvnw  clean package -DskipTests -Pnative -Dquarkus.native.additional-build-args-append=--future-defaults=all 2>&1 >/home/zakkak/spring-quarkus-perf-comparison/logs/build-times-quarkus3-native-2.log | grep real | awk '{print $2}'
45.47
21:44:18,086 [ test-runner:run-tests-983 @ target-host ] set-state: BUILD_TIME 45.47
21:44:18,086 [ test-runner:run-tests-983 @ target-host ] script-cmd: state-array-push
21:44:18,086 [ test-runner:run-tests-983 @ target-host ] state-array-push
21:44:18,148 [ test-runner:run-tests-983 @ target-host ] set-state: RUN.output.results.quarkus3-native.build.timings [44.99,44.46,45.47]
21:44:18,148 [ test-runner:run-tests-983 @ target-host ] read-state: native
21:44:18,148 [ test-runner:run-tests-983 @ target-host ] regex: native
21:44:18,552 [ test-runner:run-tests-983 @ target-host ] sed -n 's/.*Peak RSS: \([0-9.]*\)\(GB\|GiB\).*/\1/p' /home/zakkak/spring-quarkus-perf-comparison/logs/build-times-quarkus3-native-2.log
4.66
21:44:18,553 [ test-runner:run-tests-983 @ target-host ] set-state: NATIVE_BUILD_RSS 4.66
21:44:18,553 [ test-runner:run-tests-983 @ target-host ] script-cmd: state-array-push
21:44:18,553 [ test-runner:run-tests-983 @ target-host ] state-array-push
21:44:18,603 [ test-runner:run-tests-983 @ target-host ] set-state: RUN.output.results.quarkus3-native.build.native.rss [4.7,4.82,4.66]
21:44:18,689 [ test-runner:run-tests-983 @ target-host ] for-each: ITERATION = 3
21:44:18,689 [ test-runner:run-tests-983 @ target-host ] queue-download: ${{REPO_DIR}}/logs/build-times-${{RUNTIME.name}}-${{ITERATION}}.log=/home/zakkak/spring-quarkus-perf-comparison/logs/build-times-quarkus3-native-3.log ../../20260311/all/target-host/
21:44:18,689 [ test-runner:run-tests-983 @ target-host ] script-cmd: sync-drop-fs-cache
21:44:18,690 [ test-runner:run-tests-983 @ target-host ] sync-drop-fs-cache
21:44:18,690 [ test-runner:run-tests-983 @ target-host ] read-state: true
21:44:18,690 [ test-runner:run-tests-983 @ target-host ] regex: true
21:44:19,233 [ test-runner:run-tests-983 @ target-host ] sync
21:44:19,234 [ test-runner:run-tests-983 @ target-host ] script-cmd: sync-drop-fs-cache-${{os}}
21:44:19,234 [ test-runner:run-tests-983 @ target-host ] sync-drop-fs-cache-linux
21:44:19,234 [ test-runner:run-tests-983 @ target-host ] script-cmd: sudo
21:44:19,234 [ test-runner:run-tests-983 @ target-host ] sudo
21:44:19,234 [ test-runner:run-tests-983 @ target-host ] script-cmd: sudo-${{os}}
21:44:19,234 [ test-runner:run-tests-983 @ target-host ] sudo-linux
21:44:20,080 [ test-runner:run-tests-983 @ target-host ] sudo sh -c "echo 3 > /proc/sys/vm/drop_caches"
]3008;start=88a91f8b70e44eadb9443c1ea234f722;user=zakkak;hostname=blanc;machineid=f469a615e9ef4e81b7d5be080a5de373;bootid=0e917e08584a49cb891ef04366e00ace;pid=405650;pidfdid=405651;comm=sudo;targetuser=root;sessionid=c388;type=session\]3008;end=88a91f8b70e44eadb9443c1ea234f722\
21:45:06,299 [ test-runner:run-tests-983 @ target-host ] /usr/bin/time -p ./mvnw  clean package -DskipTests -Pnative -Dquarkus.native.additional-build-args-append=--future-defaults=all 2>&1 >/home/zakkak/spring-quarkus-perf-comparison/logs/build-times-quarkus3-native-3.log | grep real | awk '{print $2}'
45.80
21:45:06,299 [ test-runner:run-tests-983 @ target-host ] set-state: BUILD_TIME 45.80
21:45:06,300 [ test-runner:run-tests-983 @ target-host ] script-cmd: state-array-push
21:45:06,300 [ test-runner:run-tests-983 @ target-host ] state-array-push
21:45:06,359 [ test-runner:run-tests-983 @ target-host ] set-state: RUN.output.results.quarkus3-native.build.timings [44.99,44.46,45.47,45.8]
21:45:06,359 [ test-runner:run-tests-983 @ target-host ] read-state: native
21:45:06,359 [ test-runner:run-tests-983 @ target-host ] regex: native
21:45:06,764 [ test-runner:run-tests-983 @ target-host ] sed -n 's/.*Peak RSS: \([0-9.]*\)\(GB\|GiB\).*/\1/p' /home/zakkak/spring-quarkus-perf-comparison/logs/build-times-quarkus3-native-3.log
4.72
21:45:06,764 [ test-runner:run-tests-983 @ target-host ] set-state: NATIVE_BUILD_RSS 4.72
21:45:06,764 [ test-runner:run-tests-983 @ target-host ] script-cmd: state-array-push
21:45:06,764 [ test-runner:run-tests-983 @ target-host ] state-array-push
21:45:06,815 [ test-runner:run-tests-983 @ target-host ] set-state: RUN.output.results.quarkus3-native.build.native.rss [4.7,4.82,4.66,4.72]
21:45:06,888 [ test-runner:run-tests-983 @ target-host ] for-each: ITERATION = 4
21:45:06,888 [ test-runner:run-tests-983 @ target-host ] queue-download: ${{REPO_DIR}}/logs/build-times-${{RUNTIME.name}}-${{ITERATION}}.log=/home/zakkak/spring-quarkus-perf-comparison/logs/build-times-quarkus3-native-4.log ../../20260311/all/target-host/
21:45:06,888 [ test-runner:run-tests-983 @ target-host ] script-cmd: sync-drop-fs-cache
21:45:06,888 [ test-runner:run-tests-983 @ target-host ] sync-drop-fs-cache
21:45:06,888 [ test-runner:run-tests-983 @ target-host ] read-state: true
21:45:06,888 [ test-runner:run-tests-983 @ target-host ] regex: true
21:45:07,438 [ test-runner:run-tests-983 @ target-host ] sync
21:45:07,438 [ test-runner:run-tests-983 @ target-host ] script-cmd: sync-drop-fs-cache-${{os}}
21:45:07,438 [ test-runner:run-tests-983 @ target-host ] sync-drop-fs-cache-linux
21:45:07,438 [ test-runner:run-tests-983 @ target-host ] script-cmd: sudo
21:45:07,439 [ test-runner:run-tests-983 @ target-host ] sudo
21:45:07,439 [ test-runner:run-tests-983 @ target-host ] script-cmd: sudo-${{os}}
21:45:07,439 [ test-runner:run-tests-983 @ target-host ] sudo-linux
21:45:08,311 [ test-runner:run-tests-983 @ target-host ] sudo sh -c "echo 3 > /proc/sys/vm/drop_caches"
]3008;start=6c91751774fb4f7bb68f8468251af5b4;user=zakkak;hostname=blanc;machineid=f469a615e9ef4e81b7d5be080a5de373;bootid=0e917e08584a49cb891ef04366e00ace;pid=406264;pidfdid=406265;comm=sudo;targetuser=root;sessionid=c389;type=session\]3008;end=6c91751774fb4f7bb68f8468251af5b4\
21:45:53,565 [ test-runner:run-tests-983 @ target-host ] /usr/bin/time -p ./mvnw  clean package -DskipTests -Pnative -Dquarkus.native.additional-build-args-append=--future-defaults=all 2>&1 >/home/zakkak/spring-quarkus-perf-comparison/logs/build-times-quarkus3-native-4.log | grep real | awk '{print $2}'
44.84
21:45:53,565 [ test-runner:run-tests-983 @ target-host ] set-state: BUILD_TIME 44.84
21:45:53,565 [ test-runner:run-tests-983 @ target-host ] script-cmd: state-array-push
21:45:53,565 [ test-runner:run-tests-983 @ target-host ] state-array-push
21:45:53,622 [ test-runner:run-tests-983 @ target-host ] set-state: RUN.output.results.quarkus3-native.build.timings [44.99,44.46,45.47,45.8,44.84]
21:45:53,623 [ test-runner:run-tests-983 @ target-host ] read-state: native
21:45:53,623 [ test-runner:run-tests-983 @ target-host ] regex: native
21:45:54,027 [ test-runner:run-tests-983 @ target-host ] sed -n 's/.*Peak RSS: \([0-9.]*\)\(GB\|GiB\).*/\1/p' /home/zakkak/spring-quarkus-perf-comparison/logs/build-times-quarkus3-native-4.log
4.81
21:45:54,027 [ test-runner:run-tests-983 @ target-host ] set-state: NATIVE_BUILD_RSS 4.81
21:45:54,027 [ test-runner:run-tests-983 @ target-host ] script-cmd: state-array-push
21:45:54,027 [ test-runner:run-tests-983 @ target-host ] state-array-push
21:45:54,075 [ test-runner:run-tests-983 @ target-host ] set-state: RUN.output.results.quarkus3-native.build.native.rss [4.7,4.82,4.66,4.72,4.81]
21:45:54,141 [ test-runner:run-tests-983 @ target-host ] for-each: ITERATION = 5
21:45:54,142 [ test-runner:run-tests-983 @ target-host ] queue-download: ${{REPO_DIR}}/logs/build-times-${{RUNTIME.name}}-${{ITERATION}}.log=/home/zakkak/spring-quarkus-perf-comparison/logs/build-times-quarkus3-native-5.log ../../20260311/all/target-host/
21:45:54,142 [ test-runner:run-tests-983 @ target-host ] script-cmd: sync-drop-fs-cache
21:45:54,143 [ test-runner:run-tests-983 @ target-host ] sync-drop-fs-cache
21:45:54,143 [ test-runner:run-tests-983 @ target-host ] read-state: true
21:45:54,143 [ test-runner:run-tests-983 @ target-host ] regex: true
21:45:54,688 [ test-runner:run-tests-983 @ target-host ] sync
21:45:54,688 [ test-runner:run-tests-983 @ target-host ] script-cmd: sync-drop-fs-cache-${{os}}
21:45:54,688 [ test-runner:run-tests-983 @ target-host ] sync-drop-fs-cache-linux
21:45:54,688 [ test-runner:run-tests-983 @ target-host ] script-cmd: sudo
21:45:54,688 [ test-runner:run-tests-983 @ target-host ] sudo
21:45:54,689 [ test-runner:run-tests-983 @ target-host ] script-cmd: sudo-${{os}}
21:45:54,689 [ test-runner:run-tests-983 @ target-host ] sudo-linux
21:45:55,560 [ test-runner:run-tests-983 @ target-host ] sudo sh -c "echo 3 > /proc/sys/vm/drop_caches"
]3008;start=da7c66a077bd4cba907c2d8eec9ecb6a;user=zakkak;hostname=blanc;machineid=f469a615e9ef4e81b7d5be080a5de373;bootid=0e917e08584a49cb891ef04366e00ace;pid=406872;pidfdid=406873;comm=sudo;targetuser=root;sessionid=c390;type=session\]3008;end=da7c66a077bd4cba907c2d8eec9ecb6a\
21:46:41,702 [ test-runner:run-tests-983 @ target-host ] /usr/bin/time -p ./mvnw  clean package -DskipTests -Pnative -Dquarkus.native.additional-build-args-append=--future-defaults=all 2>&1 >/home/zakkak/spring-quarkus-perf-comparison/logs/build-times-quarkus3-native-5.log | grep real | awk '{print $2}'
45.73
21:46:41,703 [ test-runner:run-tests-983 @ target-host ] set-state: BUILD_TIME 45.73
21:46:41,703 [ test-runner:run-tests-983 @ target-host ] script-cmd: state-array-push
21:46:41,703 [ test-runner:run-tests-983 @ target-host ] state-array-push
21:46:41,759 [ test-runner:run-tests-983 @ target-host ] set-state: RUN.output.results.quarkus3-native.build.timings [44.99,44.46,45.47,45.8,44.84,45.73]
21:46:41,759 [ test-runner:run-tests-983 @ target-host ] read-state: native
21:46:41,759 [ test-runner:run-tests-983 @ target-host ] regex: native
21:46:42,164 [ test-runner:run-tests-983 @ target-host ] sed -n 's/.*Peak RSS: \([0-9.]*\)\(GB\|GiB\).*/\1/p' /home/zakkak/spring-quarkus-perf-comparison/logs/build-times-quarkus3-native-5.log
4.83
21:46:42,164 [ test-runner:run-tests-983 @ target-host ] set-state: NATIVE_BUILD_RSS 4.83
21:46:42,164 [ test-runner:run-tests-983 @ target-host ] script-cmd: state-array-push
21:46:42,164 [ test-runner:run-tests-983 @ target-host ] state-array-push
21:46:42,213 [ test-runner:run-tests-983 @ target-host ] set-state: RUN.output.results.quarkus3-native.build.native.rss [4.7,4.82,4.66,4.72,4.81,4.83]
21:46:42,282 [ test-runner:run-tests-983 @ target-host ] for-each: ITERATION = 6
21:46:42,283 [ test-runner:run-tests-983 @ target-host ] queue-download: ${{REPO_DIR}}/logs/build-times-${{RUNTIME.name}}-${{ITERATION}}.log=/home/zakkak/spring-quarkus-perf-comparison/logs/build-times-quarkus3-native-6.log ../../20260311/all/target-host/
21:46:42,283 [ test-runner:run-tests-983 @ target-host ] script-cmd: sync-drop-fs-cache
21:46:42,283 [ test-runner:run-tests-983 @ target-host ] sync-drop-fs-cache
21:46:42,283 [ test-runner:run-tests-983 @ target-host ] read-state: true
21:46:42,283 [ test-runner:run-tests-983 @ target-host ] regex: true
21:46:42,825 [ test-runner:run-tests-983 @ target-host ] sync
21:46:42,825 [ test-runner:run-tests-983 @ target-host ] script-cmd: sync-drop-fs-cache-${{os}}
21:46:42,825 [ test-runner:run-tests-983 @ target-host ] sync-drop-fs-cache-linux
21:46:42,825 [ test-runner:run-tests-983 @ target-host ] script-cmd: sudo
21:46:42,825 [ test-runner:run-tests-983 @ target-host ] sudo
21:46:42,826 [ test-runner:run-tests-983 @ target-host ] script-cmd: sudo-${{os}}
21:46:42,826 [ test-runner:run-tests-983 @ target-host ] sudo-linux
21:46:43,657 [ test-runner:run-tests-983 @ target-host ] sudo sh -c "echo 3 > /proc/sys/vm/drop_caches"
]3008;start=e86e2f5711154c3dab2f1b3f4dfe008b;user=zakkak;hostname=blanc;machineid=f469a615e9ef4e81b7d5be080a5de373;bootid=0e917e08584a49cb891ef04366e00ace;pid=407490;pidfdid=407491;comm=sudo;targetuser=root;sessionid=c391;type=session\]3008;end=e86e2f5711154c3dab2f1b3f4dfe008b\
21:47:29,955 [ test-runner:run-tests-983 @ target-host ] /usr/bin/time -p ./mvnw  clean package -DskipTests -Pnative -Dquarkus.native.additional-build-args-append=--future-defaults=all 2>&1 >/home/zakkak/spring-quarkus-perf-comparison/logs/build-times-quarkus3-native-6.log | grep real | awk '{print $2}'
45.88
21:47:29,955 [ test-runner:run-tests-983 @ target-host ] set-state: BUILD_TIME 45.88
21:47:29,955 [ test-runner:run-tests-983 @ target-host ] script-cmd: state-array-push
21:47:29,955 [ test-runner:run-tests-983 @ target-host ] state-array-push
21:47:30,011 [ test-runner:run-tests-983 @ target-host ] set-state: RUN.output.results.quarkus3-native.build.timings [44.99,44.46,45.47,45.8,44.84,45.73,45.88]
21:47:30,012 [ test-runner:run-tests-983 @ target-host ] read-state: native
21:47:30,012 [ test-runner:run-tests-983 @ target-host ] regex: native
21:47:30,416 [ test-runner:run-tests-983 @ target-host ] sed -n 's/.*Peak RSS: \([0-9.]*\)\(GB\|GiB\).*/\1/p' /home/zakkak/spring-quarkus-perf-comparison/logs/build-times-quarkus3-native-6.log
4.63
21:47:30,416 [ test-runner:run-tests-983 @ target-host ] set-state: NATIVE_BUILD_RSS 4.63
21:47:30,417 [ test-runner:run-tests-983 @ target-host ] script-cmd: state-array-push
21:47:30,417 [ test-runner:run-tests-983 @ target-host ] state-array-push
21:47:30,462 [ test-runner:run-tests-983 @ target-host ] set-state: RUN.output.results.quarkus3-native.build.native.rss [4.7,4.82,4.66,4.72,4.81,4.83,4.63]
21:47:30,533 [ test-runner:run-tests-983 @ target-host ] for-each: ITERATION = 7
21:47:30,533 [ test-runner:run-tests-983 @ target-host ] queue-download: ${{REPO_DIR}}/logs/build-times-${{RUNTIME.name}}-${{ITERATION}}.log=/home/zakkak/spring-quarkus-perf-comparison/logs/build-times-quarkus3-native-7.log ../../20260311/all/target-host/
21:47:30,533 [ test-runner:run-tests-983 @ target-host ] script-cmd: sync-drop-fs-cache
21:47:30,533 [ test-runner:run-tests-983 @ target-host ] sync-drop-fs-cache
21:47:30,534 [ test-runner:run-tests-983 @ target-host ] read-state: true
21:47:30,534 [ test-runner:run-tests-983 @ target-host ] regex: true
21:47:31,080 [ test-runner:run-tests-983 @ target-host ] sync
21:47:31,080 [ test-runner:run-tests-983 @ target-host ] script-cmd: sync-drop-fs-cache-${{os}}
21:47:31,080 [ test-runner:run-tests-983 @ target-host ] sync-drop-fs-cache-linux
21:47:31,080 [ test-runner:run-tests-983 @ target-host ] script-cmd: sudo
21:47:31,080 [ test-runner:run-tests-983 @ target-host ] sudo
21:47:31,080 [ test-runner:run-tests-983 @ target-host ] script-cmd: sudo-${{os}}
21:47:31,080 [ test-runner:run-tests-983 @ target-host ] sudo-linux
21:47:31,905 [ test-runner:run-tests-983 @ target-host ] sudo sh -c "echo 3 > /proc/sys/vm/drop_caches"
]3008;start=0e3155b5a6954fb1af6dba1aca4e2076;user=zakkak;hostname=blanc;machineid=f469a615e9ef4e81b7d5be080a5de373;bootid=0e917e08584a49cb891ef04366e00ace;pid=408101;pidfdid=408102;comm=sudo;targetuser=root;sessionid=c392;type=session\]3008;end=0e3155b5a6954fb1af6dba1aca4e2076\
21:48:17,053 [ test-runner:run-tests-983 @ target-host ] /usr/bin/time -p ./mvnw  clean package -DskipTests -Pnative -Dquarkus.native.additional-build-args-append=--future-defaults=all 2>&1 >/home/zakkak/spring-quarkus-perf-comparison/logs/build-times-quarkus3-native-7.log | grep real | awk '{print $2}'
44.72
21:48:17,053 [ test-runner:run-tests-983 @ target-host ] set-state: BUILD_TIME 44.72
21:48:17,053 [ test-runner:run-tests-983 @ target-host ] script-cmd: state-array-push
21:48:17,053 [ test-runner:run-tests-983 @ target-host ] state-array-push
21:48:17,109 [ test-runner:run-tests-983 @ target-host ] set-state: RUN.output.results.quarkus3-native.build.timings [44.99,44.46,45.47,45.8,44.84,45.73,45.88,44.72]
21:48:17,110 [ test-runner:run-tests-983 @ target-host ] read-state: native
21:48:17,110 [ test-runner:run-tests-983 @ target-host ] regex: native
21:48:17,514 [ test-runner:run-tests-983 @ target-host ] sed -n 's/.*Peak RSS: \([0-9.]*\)\(GB\|GiB\).*/\1/p' /home/zakkak/spring-quarkus-perf-comparison/logs/build-times-quarkus3-native-7.log
4.87
21:48:17,514 [ test-runner:run-tests-983 @ target-host ] set-state: NATIVE_BUILD_RSS 4.87
21:48:17,514 [ test-runner:run-tests-983 @ target-host ] script-cmd: state-array-push
21:48:17,514 [ test-runner:run-tests-983 @ target-host ] state-array-push
21:48:17,559 [ test-runner:run-tests-983 @ target-host ] set-state: RUN.output.results.quarkus3-native.build.native.rss [4.7,4.82,4.66,4.72,4.81,4.83,4.63,4.87]
21:48:17,627 [ test-runner:run-tests-983 @ target-host ] for-each: ITERATION = 8
21:48:17,628 [ test-runner:run-tests-983 @ target-host ] queue-download: ${{REPO_DIR}}/logs/build-times-${{RUNTIME.name}}-${{ITERATION}}.log=/home/zakkak/spring-quarkus-perf-comparison/logs/build-times-quarkus3-native-8.log ../../20260311/all/target-host/
21:48:17,628 [ test-runner:run-tests-983 @ target-host ] script-cmd: sync-drop-fs-cache
21:48:17,628 [ test-runner:run-tests-983 @ target-host ] sync-drop-fs-cache
21:48:17,628 [ test-runner:run-tests-983 @ target-host ] read-state: true
21:48:17,628 [ test-runner:run-tests-983 @ target-host ] regex: true
21:48:18,179 [ test-runner:run-tests-983 @ target-host ] sync
21:48:18,179 [ test-runner:run-tests-983 @ target-host ] script-cmd: sync-drop-fs-cache-${{os}}
21:48:18,180 [ test-runner:run-tests-983 @ target-host ] sync-drop-fs-cache-linux
21:48:18,180 [ test-runner:run-tests-983 @ target-host ] script-cmd: sudo
21:48:18,180 [ test-runner:run-tests-983 @ target-host ] sudo
21:48:18,180 [ test-runner:run-tests-983 @ target-host ] script-cmd: sudo-${{os}}
21:48:18,180 [ test-runner:run-tests-983 @ target-host ] sudo-linux
21:48:19,027 [ test-runner:run-tests-983 @ target-host ] sudo sh -c "echo 3 > /proc/sys/vm/drop_caches"
]3008;start=d7cdfafcb2a74f4b8b39b0537b2a206d;user=zakkak;hostname=blanc;machineid=f469a615e9ef4e81b7d5be080a5de373;bootid=0e917e08584a49cb891ef04366e00ace;pid=408728;pidfdid=408729;comm=sudo;targetuser=root;sessionid=c393;type=session\]3008;end=d7cdfafcb2a74f4b8b39b0537b2a206d\
21:49:04,183 [ test-runner:run-tests-983 @ target-host ] /usr/bin/time -p ./mvnw  clean package -DskipTests -Pnative -Dquarkus.native.additional-build-args-append=--future-defaults=all 2>&1 >/home/zakkak/spring-quarkus-perf-comparison/logs/build-times-quarkus3-native-8.log | grep real | awk '{print $2}'
44.74
21:49:04,183 [ test-runner:run-tests-983 @ target-host ] set-state: BUILD_TIME 44.74
21:49:04,183 [ test-runner:run-tests-983 @ target-host ] script-cmd: state-array-push
21:49:04,183 [ test-runner:run-tests-983 @ target-host ] state-array-push
21:49:04,237 [ test-runner:run-tests-983 @ target-host ] set-state: RUN.output.results.quarkus3-native.build.timings [44.99,44.46,45.47,45.8,44.84,45.73,45.88,44.72,44.74]
21:49:04,237 [ test-runner:run-tests-983 @ target-host ] read-state: native
21:49:04,237 [ test-runner:run-tests-983 @ target-host ] regex: native
21:49:04,641 [ test-runner:run-tests-983 @ target-host ] sed -n 's/.*Peak RSS: \([0-9.]*\)\(GB\|GiB\).*/\1/p' /home/zakkak/spring-quarkus-perf-comparison/logs/build-times-quarkus3-native-8.log
4.77
21:49:04,642 [ test-runner:run-tests-983 @ target-host ] set-state: NATIVE_BUILD_RSS 4.77
21:49:04,642 [ test-runner:run-tests-983 @ target-host ] script-cmd: state-array-push
21:49:04,642 [ test-runner:run-tests-983 @ target-host ] state-array-push
21:49:04,686 [ test-runner:run-tests-983 @ target-host ] set-state: RUN.output.results.quarkus3-native.build.native.rss [4.7,4.82,4.66,4.72,4.81,4.83,4.63,4.87,4.77]
21:49:04,753 [ test-runner:run-tests-983 @ target-host ] for-each: ITERATION = 9
21:49:04,753 [ test-runner:run-tests-983 @ target-host ] queue-download: ${{REPO_DIR}}/logs/build-times-${{RUNTIME.name}}-${{ITERATION}}.log=/home/zakkak/spring-quarkus-perf-comparison/logs/build-times-quarkus3-native-9.log ../../20260311/all/target-host/
21:49:04,753 [ test-runner:run-tests-983 @ target-host ] script-cmd: sync-drop-fs-cache
21:49:04,753 [ test-runner:run-tests-983 @ target-host ] sync-drop-fs-cache
21:49:04,754 [ test-runner:run-tests-983 @ target-host ] read-state: true
21:49:04,754 [ test-runner:run-tests-983 @ target-host ] regex: true
21:49:05,300 [ test-runner:run-tests-983 @ target-host ] sync
21:49:05,300 [ test-runner:run-tests-983 @ target-host ] script-cmd: sync-drop-fs-cache-${{os}}
21:49:05,300 [ test-runner:run-tests-983 @ target-host ] sync-drop-fs-cache-linux
21:49:05,300 [ test-runner:run-tests-983 @ target-host ] script-cmd: sudo
21:49:05,301 [ test-runner:run-tests-983 @ target-host ] sudo
21:49:05,301 [ test-runner:run-tests-983 @ target-host ] script-cmd: sudo-${{os}}
21:49:05,301 [ test-runner:run-tests-983 @ target-host ] sudo-linux
21:49:06,138 [ test-runner:run-tests-983 @ target-host ] sudo sh -c "echo 3 > /proc/sys/vm/drop_caches"
]3008;start=001432ab410d481b969f69be879146b7;user=zakkak;hostname=blanc;machineid=f469a615e9ef4e81b7d5be080a5de373;bootid=0e917e08584a49cb891ef04366e00ace;pid=409336;pidfdid=409337;comm=sudo;targetuser=root;sessionid=c394;type=session\]3008;end=001432ab410d481b969f69be879146b7\
21:49:52,638 [ test-runner:run-tests-983 @ target-host ] /usr/bin/time -p ./mvnw  clean package -DskipTests -Pnative -Dquarkus.native.additional-build-args-append=--future-defaults=all 2>&1 >/home/zakkak/spring-quarkus-perf-comparison/logs/build-times-quarkus3-native-9.log | grep real | awk '{print $2}'
46.08
21:49:52,638 [ test-runner:run-tests-983 @ target-host ] set-state: BUILD_TIME 46.08
21:49:52,639 [ test-runner:run-tests-983 @ target-host ] script-cmd: state-array-push
21:49:52,639 [ test-runner:run-tests-983 @ target-host ] state-array-push
21:49:52,686 [ test-runner:run-tests-983 @ target-host ] set-state: RUN.output.results.quarkus3-native.build.timings [44.99,44.46,45.47,45.8,44.84,45.73,45.88,44.72,44.74,46.08]
21:49:52,687 [ test-runner:run-tests-983 @ target-host ] read-state: native
21:49:52,687 [ test-runner:run-tests-983 @ target-host ] regex: native
21:49:53,091 [ test-runner:run-tests-983 @ target-host ] sed -n 's/.*Peak RSS: \([0-9.]*\)\(GB\|GiB\).*/\1/p' /home/zakkak/spring-quarkus-perf-comparison/logs/build-times-quarkus3-native-9.log
4.58
21:49:53,091 [ test-runner:run-tests-983 @ target-host ] set-state: NATIVE_BUILD_RSS 4.58
21:49:53,092 [ test-runner:run-tests-983 @ target-host ] script-cmd: state-array-push
21:49:53,092 [ test-runner:run-tests-983 @ target-host ] state-array-push
21:49:53,133 [ test-runner:run-tests-983 @ target-host ] set-state: RUN.output.results.quarkus3-native.build.native.rss [4.7,4.82,4.66,4.72,4.81,4.83,4.63,4.87,4.77,4.58]
21:49:53,199 [ test-runner:run-tests-983 @ target-host ] for-each: ITERATION
21:49:53,199 [ test-runner:run-tests-983 @ target-host ] script-cmd: state-array-calc-avg
21:49:53,199 [ test-runner:run-tests-983 @ target-host ] state-array-calc-avg
21:49:53,252 [ test-runner:run-tests-983 @ target-host ] set-state: RUN.output.results.quarkus3-native.build.avBuildTime 45.271
21:49:53,252 [ test-runner:run-tests-983 @ target-host ] read-state: native
21:49:53,252 [ test-runner:run-tests-983 @ target-host ] regex: native
21:49:53,253 [ test-runner:run-tests-983 @ target-host ] script-cmd: state-array-calc-avg
21:49:53,253 [ test-runner:run-tests-983 @ target-host ] state-array-calc-avg
21:49:53,296 [ test-runner:run-tests-983 @ target-host ] set-state: RUN.output.results.quarkus3-native.build.avNativeRSS 4.739
21:49:53,700 [ test-runner:run-tests-983 @ target-host ] sed -n 's/^[[:space:]]*\([0-9.]*\)\(MB\|MiB\) in total image size.*/\1/p' /home/zakkak/spring-quarkus-perf-comparison/logs/build-times-quarkus3-native-0.log
88.86
21:49:53,701 [ test-runner:run-tests-983 @ target-host ] set-state: RUN.output.results.quarkus3-native.build.native.binarySize 88.86
21:49:54,113 [ test-runner:run-tests-983 @ target-host ] cat /home/zakkak/spring-quarkus-perf-comparison/logs/build-times-quarkus3-native-0.log | grep "types.*fields.*methods found reachable" | awk '{print $1}'
22,778
21:49:54,113 [ test-runner:run-tests-983 @ target-host ] set-state: RUN.output.results.quarkus3-native.build.classCount 22,778
21:49:54,517 [ test-runner:run-tests-983 @ target-host ] cat /home/zakkak/spring-quarkus-perf-comparison/logs/build-times-quarkus3-native-0.log | grep "types.*fields.*methods found reachable" | awk '{print $3}'
29,536
21:49:54,518 [ test-runner:run-tests-983 @ target-host ] set-state: RUN.output.results.quarkus3-native.build.fieldCount 29,536
21:49:54,921 [ test-runner:run-tests-983 @ target-host ] cat /home/zakkak/spring-quarkus-perf-comparison/logs/build-times-quarkus3-native-0.log | grep "types.*fields.*methods found reachable" | awk '{print $6}'
107,365
21:49:54,922 [ test-runner:run-tests-983 @ target-host ] set-state: RUN.output.results.quarkus3-native.build.methodCount 107,365
21:49:55,326 [ test-runner:run-tests-983 @ target-host ] cat /home/zakkak/spring-quarkus-perf-comparison/logs/build-times-quarkus3-native-0.log | grep "types.*fields.*methods registered for reflection" | awk '{print $1}'
7,998
21:49:55,326 [ test-runner:run-tests-983 @ target-host ] set-state: RUN.output.results.quarkus3-native.build.reflectionClassCount 7,998
21:49:55,730 [ test-runner:run-tests-983 @ target-host ] cat /home/zakkak/spring-quarkus-perf-comparison/logs/build-times-quarkus3-native-0.log | grep "types.*fields.*methods registered for reflection" | awk '{print $3}'
169
21:49:55,730 [ test-runner:run-tests-983 @ target-host ] set-state: RUN.output.results.quarkus3-native.build.reflectionFieldCount 169
21:49:56,134 [ test-runner:run-tests-983 @ target-host ] cat /home/zakkak/spring-quarkus-perf-comparison/logs/build-times-quarkus3-native-0.log | grep "types.*fields.*methods registered for reflection" | awk '{print $6}'
5,262
21:49:56,134 [ test-runner:run-tests-983 @ target-host ] set-state: RUN.output.results.quarkus3-native.build.reflectionMethodCount 5,262
21:49:56,135 [ test-runner:run-tests-983 @ target-host ] for-each: TEST = measure-time-to-first-request
21:49:56,135 [ test-runner:run-tests-983 @ target-host ] script-cmd: ${{TEST}}
21:49:56,135 [ test-runner:run-tests-983 @ target-host ] measure-time-to-first-request
21:49:56,135 [ test-runner:run-tests-983 @ target-host ] Measuring Time to first request
21:49:56,557 [ test-runner:run-tests-983 @ target-host ] java -version
openjdk version "21.0.9" 2025-10-21 LTS
OpenJDK Runtime Environment Temurin-21.0.9+10 (build 21.0.9+10-LTS)
OpenJDK 64-Bit Server VM Temurin-21.0.9+10 (build 21.0.9+10-LTS, mixed mode, sharing)
21:49:56,959 [ test-runner:run-tests-983 @ target-host ] cd /home/zakkak/spring-quarkus-perf-comparison/spring-quarkus-perf-comparison/quarkus3
21:50:41,253 [ test-runner:run-tests-983 @ target-host ] ./mvnw  clean package -DskipTests -Pnative -Dquarkus.native.additional-build-args-append=--future-defaults=all
[INFO] Scanning for projects...
[WARNING] Quarkus Maven extension: an explicit 'argLine' is defined in maven-surefire-plugin config, but does not contain '@{argLine}': we will not be able to inject JVM parameters automatically. Please add '@{argLine}' to the argLine configuration you have defined.
[INFO] 
[INFO] -------------------------< org.acme:quarkus3 >--------------------------
[INFO] Building quarkus3 1.0
[INFO]   from pom.xml
[INFO] ------------------------------[ quarkus ]-------------------------------
[INFO] 
[INFO] --- clean:3.2.0:clean (default-clean) @ quarkus3 ---
[INFO] Deleting /home/zakkak/spring-quarkus-perf-comparison/spring-quarkus-perf-comparison/quarkus3/target
[INFO] 
[INFO] --- resources:3.3.1:resources (default-resources) @ quarkus3 ---
[WARNING] Using platform encoding (UTF-8 actually) to copy filtered resources, i.e. build is platform dependent!
[INFO] Copying 2 resources from src/main/resources to target/classes
[INFO] 
[INFO] --- quarkus:3.32.2:generate-code (default-generate-code) @ quarkus3 ---
[INFO] 
[INFO] --- compiler:3.15.0:compile (default-compile) @ quarkus3 ---
[INFO] Recompiling the module because of changed source code.
[WARNING] File encoding has not been set, using platform encoding UTF-8, i.e. build is platform dependent!
[INFO] Compiling 16 source files with javac [debug release 21] to target/classes
[INFO] 
[INFO] --- resources:3.3.1:testResources (default-testResources) @ quarkus3 ---
[WARNING] Using platform encoding (UTF-8 actually) to copy filtered resources, i.e. build is platform dependent!
[INFO] skip non existing resourceDirectory /home/zakkak/spring-quarkus-perf-comparison/spring-quarkus-perf-comparison/quarkus3/src/test/resources
[INFO] 
[INFO] --- quarkus:3.32.2:generate-code-tests (default-generate-code-tests) @ quarkus3 ---
[INFO] 
[INFO] --- compiler:3.15.0:testCompile (default-testCompile) @ quarkus3 ---
[INFO] Recompiling the module because of changed dependency.
[WARNING] File encoding has not been set, using platform encoding UTF-8, i.e. build is platform dependent!
[INFO] Compiling 4 source files with javac [debug release 21] to target/test-classes
[INFO] 
[INFO] --- surefire:3.5.5:test (default-test) @ quarkus3 ---
[INFO] Tests are skipped.
[INFO] 
[INFO] --- quarkus:3.32.2:build (default-build) @ quarkus3 ---
[INFO] [io.quarkus.deployment.pkg.jar.NativeImageSourceJarBuilder] Building native image source jar: /home/zakkak/spring-quarkus-perf-comparison/spring-quarkus-perf-comparison/quarkus3/target/quarkus3-native-image-source-jar/quarkus3-runner.jar
[INFO] [io.quarkus.deployment.pkg.steps.NativeImageBuildStep] Building native image from /home/zakkak/spring-quarkus-perf-comparison/spring-quarkus-perf-comparison/quarkus3/target/quarkus3-native-image-source-jar/quarkus3-runner.jar
[INFO] [io.quarkus.deployment.pkg.steps.NativeImageBuildStep] Running Quarkus native-image plugin on GRAALVM 25.1.0-dev JDK 25.0.1+8-jvmci-25.1-b14
[INFO] [io.quarkus.deployment.pkg.steps.NativeImageBuildRunner] /home/zakkak/code/graal-oracle/sdk/latest_graalvm_home/bin/native-image -J-DCoordinatorEnvironmentBean.transactionStatusManagerEnable=false -J-Dsun.nio.ch.maxUpdateArraySize=100 -J-Djava.util.logging.manager=org.jboss.logmanager.LogManager -J-Dvertx.logger-delegate-factory-class-name=io.quarkus.vertx.core.runtime.VertxLogDelegateFactory -J-Dvertx.disableDnsResolver=true -J-Dio.netty.leakDetection.level=DISABLED -J-Dio.netty.allocator.maxOrder=3 -J-Duser.language=en -J-Duser.country=IE -J-Dlogging.initial-configurator.min-level=500 -H:+UnlockExperimentalVMOptions -H:IncludeLocales=en-IE -H:-UnlockExperimentalVMOptions --enable-native-access=ALL-UNNAMED -J-Dfile.encoding=UTF-8 -J--add-exports=org.graalvm.nativeimage.builder/com.oracle.svm.core.jdk=ALL-UNNAMED --features=io.quarkus.jdbc.postgresql.runtime.graal.SQLXMLFeature,io.quarkus.hibernate.validator.runtime.DisableLoggingFeature,io.quarkus.runner.Feature,io.quarkus.runtime.graal.DisableLoggingFeature,io.quarkus.runtime.graal.JVMChecksFeature,io.quarkus.hibernate.orm.runtime.graal.RegisterServicesForReflectionFeature,io.quarkus.hibernate.orm.runtime.graal.DisableLoggingFeature,org.hibernate.graalvm.internal.GraalVMStaticFeature,io.quarkus.caffeine.runtime.graal.CacheConstructorsFeature,io.quarkus.runtime.graal.SkipConsoleServiceProvidersFeature -J--add-exports=java.security.jgss/sun.security.krb5=ALL-UNNAMED -J--add-exports=java.security.jgss/sun.security.jgss=ALL-UNNAMED -J--add-opens=java.base/java.text=ALL-UNNAMED -J--add-opens=java.base/java.io=ALL-UNNAMED -J--add-opens=java.base/java.lang.invoke=ALL-UNNAMED -J--add-opens=java.base/java.util=ALL-UNNAMED -H:+UnlockExperimentalVMOptions -H:BuildOutputJSONFile=quarkus3-runner-build-output-stats.json -H:-UnlockExperimentalVMOptions -H:+UnlockExperimentalVMOptions -H:+GenerateBuildArtifactsFile -H:-UnlockExperimentalVMOptions --future-defaults=all -H:+UnlockExperimentalVMOptions -H:+AllowFoldMethods -H:-UnlockExperimentalVMOptions -J-Djava.awt.headless=true --no-fallback --link-at-build-time -H:+UnlockExperimentalVMOptions -H:+ReportExceptionStackTraces -H:-UnlockExperimentalVMOptions -H:-AddAllCharsets --enable-url-protocols=http,https -H:NativeLinkerOption=-no-pie --enable-monitoring=heapdump,threaddump -H:+UnlockExperimentalVMOptions -H:-UseServiceLoaderFeature -H:-UnlockExperimentalVMOptions -J--add-exports=org.graalvm.nativeimage/org.graalvm.nativeimage.impl=ALL-UNNAMED --exclude-config io\.netty\.netty-codec /META-INF/native-image/io\.netty/netty-codec/generated/handlers/reflect-config\.json --exclude-config io\.netty\.netty-handler /META-INF/native-image/io\.netty/netty-handler/generated/handlers/reflect-config\.json quarkus3-runner -jar quarkus3-runner.jar
Warning: Using a deprecated option --no-fallback from command line. No effect, no replacement available
Warning: Option 'FallbackThreshold' is deprecated and might be removed in a future release: It no longer has any effect, and no replacement is available. Please refer to the GraalVM release notes.
Warning: Option 'DynamicProxyConfigurationResources' is deprecated and might be removed in a future release: This can be caused by a proxy-config.json file in your META-INF directory. Consider including proxy configuration in the reflection section of reachability-metadata.json instead.. Please refer to the GraalVM release notes.
========================================================================================================================
GraalVM Native Image: Generating 'quarkus3-runner' (executable)...
========================================================================================================================
For detailed information and explanations on the build output, visit:
https://github.com/oracle/graal/blob/master/docs/reference-manual/native-image/BuildOutput.md
------------------------------------------------------------------------------------------------------------------------
[1/8] Initializing...                                                                                   (4.0s @ 0.45GiB)
 Builder configuration:
 - Java version: 25.0.1+8, vendor version: GraalVM CE 25.1.0-dev+8.1
 - Graal compiler: optimization level: 2, target machine: x86-64-v3
 - C compiler: gcc (redhat, x86_64, 15.2.1)
 - Assertions: disabled, system assertions: disabled
 - 11 user-specific feature(s):
   - io.quarkus.caffeine.runtime.graal.CacheConstructorsFeature
   - io.quarkus.hibernate.orm.runtime.graal.DisableLoggingFeature: Disables INFO logging during the analysis phase
   - io.quarkus.hibernate.orm.runtime.graal.RegisterServicesForReflectionFeature: Makes methods of reachable Hibernate services accessible through Class#getMethods()
   - io.quarkus.hibernate.validator.runtime.DisableLoggingFeature: Disables INFO logging during the analysis phase for the [org.hibernate.validator.internal.util.Version] categories
   - io.quarkus.jdbc.postgresql.runtime.graal.SQLXMLFeature
   - io.quarkus.runner.Feature: Auto-generated class by Quarkus from the existing extensions
   - io.quarkus.runtime.graal.DisableLoggingFeature: Adapts logging during the analysis phase
   - io.quarkus.runtime.graal.JVMChecksFeature
   - io.quarkus.runtime.graal.SkipConsoleServiceProvidersFeature: Skip unsupported console service providers when quarkus.native.auto-service-loader-registration is false
   - org.eclipse.angus.activation.nativeimage.AngusActivationFeature
   - org.hibernate.graalvm.internal.GraalVMStaticFeature: Hibernate ORM's static reflection registrations for GraalVM
 Image configuration:
 - Garbage collector: Serial GC (max heap size: 80% of RAM)
 - Assertions: disabled (class-specific config may apply), system assertions: disabled
------------------------------------------------------------------------------------------------------------------------
 5 experimental option(s) unlocked:
 - '-H:+AllowFoldMethods' (origin(s): command line)
 - '-H:BuildOutputJSONFile' (origin(s): command line)
 - '-H:-UseServiceLoaderFeature' (origin(s): command line)
 - '-H:+GenerateBuildArtifactsFile' (origin(s): command line)
 - '-H:AddOpens' (alternative API option(s): --add-opens java.base/java.lang=ALL-UNNAMED; origin(s): command line)
------------------------------------------------------------------------------------------------------------------------
Build resources:
 - 30.00GiB of memory (48.4% of system memory, capped at 30GiB)
 - 32 thread(s) (100.0% of 32 available processor(s), determined at start)
[2/8] Performing analysis...  [******]                                                                  (8.8s @ 2.27GiB)
   22,770 types,  29,536 fields, and 107,365 methods found reachable
    7,998 types,     169 fields, and   5,234 methods registered for reflection
       63 types,      69 fields, and      55 methods registered for JNI access
      105 resource accesses registered with 188.29KiB total size
        4 native libraries: dl, pthread, rt, z
[3/8] Building universe...                                                                              (2.8s @ 2.98GiB)
[4/8] Parsing methods...      [*]                                                                       (1.1s @ 2.96GiB)
[5/8] Inlining methods...     [****]                                                                    (0.8s @ 3.14GiB)
[6/8] Compiling methods...    [***]                                                                     (8.1s @ 2.26GiB)
[7/8] Laying out methods...   [***]                                                                     (5.9s @ 2.89GiB)
[8/8] Creating image...       [**]                                                                      (4.1s @ 3.37GiB)
  36.45MiB (41.02%) for code area:    71,869 compilation units
  46.00MiB (51.77%) for image heap:  529,536 objects and 16 resources
   6.41MiB ( 7.21%) for other data
  88.86MiB in total image size, 83.07MiB in total file size
------------------------------------------------------------------------------------------------------------------------
Top 10 origins of code area:                                Top 10 object types in image heap:
   1.54MiB java.base/sun.security.ssl                         11.66MiB byte[] for code metadata
   1.05MiB java.base/java.util                                 6.57MiB byte[] for string data
 856.33KiB o.g.n.runtime/com.oracle.svm.core.code              4.34MiB o.g.n.runtime/c.o.s.core.hub.DynamicHubCompanion
 697.42KiB java.base/com.sun.crypto.provider                   4.18MiB java.base/java.lang.String
 637.13KiB jdk.proxy4/jdk.proxy4                               3.38MiB java.base/java.lang.Class
 540.90KiB java.base/java.lang                                 1.66MiB byte[] for general heap data
 532.07KiB io.netty.buffer                                     1.44MiB byte[] for reflection metadata
 506.28KiB java.base/java.lang.invoke                          1.18MiB java.base/java.lang.Object[]
 468.03KiB org.postgresql.jdbc                               935.95KiB java.base/j.u.concurrent.ConcurrentHashMap$Node
 460.62KiB org.hibernate.query.hql.internal                  831.38KiB java.base/java.lang.reflect.Method
  28.22MiB for 989 more packages                               9.87MiB for 5225 more object types
------------------------------------------------------------------------------------------------------------------------
Recommendations:
 HEAP: Set max heap for improved and more predictable memory usage.
 CPU:  Enable more CPU features with '-march=native' for improved performance.
------------------------------------------------------------------------------------------------------------------------
                       3.1s (8.3% of total time) in 310 GCs | Peak RSS: 4.69GiB | CPU load: 15.22
------------------------------------------------------------------------------------------------------------------------
Build artifacts:
 /home/zakkak/spring-quarkus-perf-comparison/spring-quarkus-perf-comparison/quarkus3/target/quarkus3-native-image-source-jar/build-artifacts.json (build_info, 92B)
 /home/zakkak/spring-quarkus-perf-comparison/spring-quarkus-perf-comparison/quarkus3/target/quarkus3-native-image-source-jar/quarkus3-runner (executable, 83.07MiB)
 /home/zakkak/spring-quarkus-perf-comparison/spring-quarkus-perf-comparison/quarkus3/target/quarkus3-native-image-source-jar/quarkus3-runner-build-output-stats.json (build_info, 1.00KiB)
========================================================================================================================
Finished generating 'quarkus3-runner' in 36.8s.

The build process encountered 3 warnings.

[INFO] [io.quarkus.deployment.pkg.steps.NativeImageBuildRunner] objcopy --strip-debug quarkus3-runner
[INFO] [io.quarkus.deployment.QuarkusAugmentor] Quarkus augmentation completed in 40313ms
[INFO] ------------------------------------------------------------------------
[INFO] BUILD SUCCESS
[INFO] ------------------------------------------------------------------------
[INFO] Total time:  43.192 s
[INFO] Finished at: 2026-03-11T21:50:40+02:00
[INFO] ------------------------------------------------------------------------
21:50:41,304 [ test-runner:run-tests-983 @ target-host ] for-each: ITERATION = 0
21:50:41,305 [ test-runner:run-tests-983 @ target-host ] queue-download: ${{REPO_DIR}}/logs/measure-time-to-first-request-${{RUNTIME.name}}-${{ITERATION}}.log=/home/zakkak/spring-quarkus-perf-comparison/logs/measure-time-to-first-request-quarkus3-native-0.log ../../20260311/all/target-host/
21:50:41,305 [ test-runner:run-tests-983 @ target-host ] script-cmd: start-test-services
21:50:41,305 [ test-runner:run-tests-983 @ target-host ] start-test-services
21:50:52,491 [ test-runner:run-tests-983 @ target-host ] /home/zakkak/spring-quarkus-perf-comparison/spring-quarkus-perf-comparison/scripts/infra.sh -c 3 -p '4-6' -s
Using podman to start containers
-----------------------------------------
[03/11/2026 21:50:41]: Starting services
-----------------------------------------
Starting PostgreSQL database 'fruits_db'
PostgreSQL DB process: 7d2127d5816b6f548bb8ef8aabefcd181f5975657f3d866c91e59c65d5b87f0c
Waiting for PostgreSQL to be ready...
localhost:5432 - no response
localhost:5432 - no response
localhost:5432 - accepting connections
21:50:52,491 [ test-runner:run-tests-983 @ target-host ] script-cmd: sync-drop-fs-cache
21:50:52,491 [ test-runner:run-tests-983 @ target-host ] sync-drop-fs-cache
21:50:52,491 [ test-runner:run-tests-983 @ target-host ] read-state: true
21:50:52,491 [ test-runner:run-tests-983 @ target-host ] regex: true
21:50:52,977 [ test-runner:run-tests-983 @ target-host ] sync
21:50:52,978 [ test-runner:run-tests-983 @ target-host ] script-cmd: sync-drop-fs-cache-${{os}}
21:50:52,978 [ test-runner:run-tests-983 @ target-host ] sync-drop-fs-cache-linux
21:50:52,978 [ test-runner:run-tests-983 @ target-host ] script-cmd: sudo
21:50:52,978 [ test-runner:run-tests-983 @ target-host ] sudo
21:50:52,978 [ test-runner:run-tests-983 @ target-host ] script-cmd: sudo-${{os}}
21:50:52,978 [ test-runner:run-tests-983 @ target-host ] sudo-linux
21:50:53,849 [ test-runner:run-tests-983 @ target-host ] sudo sh -c "echo 3 > /proc/sys/vm/drop_caches"
]3008;start=0352781ef2bf4411a7013069df54343b;user=zakkak;hostname=blanc;machineid=f469a615e9ef4e81b7d5be080a5de373;bootid=0e917e08584a49cb891ef04366e00ace;pid=410877;pidfdid=410878;comm=sudo;targetuser=root;sessionid=c395;type=session\]3008;end=0352781ef2bf4411a7013069df54343b\
21:50:54,255 [ test-runner:run-tests-983 @ target-host ] taskset --cpu-list 0-3 /home/zakkak/spring-quarkus-perf-comparison/spring-quarkus-perf-comparison/quarkus3/target/quarkus3-runner  &>/home/zakkak/spring-quarkus-perf-comparison/logs/measure-time-to-first-request-quarkus3-native-0.log &
[1] 410907
21:50:54,656 [ test-runner:run-tests-983 @ target-host ] APP_PID=$!
21:50:55,111 [ test-runner:run-tests-983 @ target-host ] timeout 60s bash -c "taskset --cpu-list 10 /home/zakkak/spring-quarkus-perf-comparison/spring-quarkus-perf-comparison/scripts/perf-lab/scripts/time-to-1st-request.sh http://localhost:8080/fruits"
40
21:50:55,111 [ test-runner:run-tests-983 @ target-host ] 
21:50:55,111 [ test-runner:run-tests-983 @ target-host ] set-state: START_TIME 40
21:50:55,613 [ test-runner:run-tests-983 @ target-host ] kill -15 $APP_PID
21:50:55,613 [ test-runner:run-tests-983 @ target-host ] script-cmd: state-array-push
21:50:55,614 [ test-runner:run-tests-983 @ target-host ] state-array-push
21:50:55,700 [ test-runner:run-tests-983 @ target-host ] set-state: RUN.output.results.quarkus3-native.startup.timings [40]
21:50:58,104 [ test-runner:run-tests-983 @ target-host ] sleep 2
21:50:58,104 [ test-runner:run-tests-983 @ target-host ] script-cmd: stop-test-services
21:50:58,104 [ test-runner:run-tests-983 @ target-host ] stop-test-services
21:50:58,753 [ test-runner:run-tests-983 @ target-host ] /home/zakkak/spring-quarkus-perf-comparison/spring-quarkus-perf-comparison/scripts/infra.sh -d
Using podman to stop containers
-----------------------------------------
[03/11/2026 21:50:58]: Stopping services
-----------------------------------------
Stopping PostgreSQL database 'fruits_db'
fruits_db
21:50:58,813 [ test-runner:run-tests-983 @ target-host ] for-each: ITERATION = 1
21:50:58,814 [ test-runner:run-tests-983 @ target-host ] queue-download: ${{REPO_DIR}}/logs/measure-time-to-first-request-${{RUNTIME.name}}-${{ITERATION}}.log=/home/zakkak/spring-quarkus-perf-comparison/logs/measure-time-to-first-request-quarkus3-native-1.log ../../20260311/all/target-host/
21:50:58,814 [ test-runner:run-tests-983 @ target-host ] script-cmd: start-test-services
21:50:58,814 [ test-runner:run-tests-983 @ target-host ] start-test-services
21:51:09,891 [ test-runner:run-tests-983 @ target-host ] /home/zakkak/spring-quarkus-perf-comparison/spring-quarkus-perf-comparison/scripts/infra.sh -c 3 -p '4-6' -s
Using podman to start containers
-----------------------------------------
[03/11/2026 21:50:58]: Starting services
-----------------------------------------
Starting PostgreSQL database 'fruits_db'
PostgreSQL DB process: 3e0ccf33c48515cd68de6a43ebbe80a8d208e884e719423ad19c54fbd8e1d181
Waiting for PostgreSQL to be ready...
localhost:5432 - no response
localhost:5432 - no response
localhost:5432 - accepting connections
21:51:09,891 [ test-runner:run-tests-983 @ target-host ] script-cmd: sync-drop-fs-cache
21:51:09,891 [ test-runner:run-tests-983 @ target-host ] sync-drop-fs-cache
21:51:09,891 [ test-runner:run-tests-983 @ target-host ] read-state: true
21:51:09,891 [ test-runner:run-tests-983 @ target-host ] regex: true
21:51:10,474 [ test-runner:run-tests-983 @ target-host ] sync
21:51:10,475 [ test-runner:run-tests-983 @ target-host ] script-cmd: sync-drop-fs-cache-${{os}}
21:51:10,475 [ test-runner:run-tests-983 @ target-host ] sync-drop-fs-cache-linux
21:51:10,475 [ test-runner:run-tests-983 @ target-host ] script-cmd: sudo
21:51:10,475 [ test-runner:run-tests-983 @ target-host ] sudo
21:51:10,475 [ test-runner:run-tests-983 @ target-host ] script-cmd: sudo-${{os}}
21:51:10,475 [ test-runner:run-tests-983 @ target-host ] sudo-linux
21:51:11,289 [ test-runner:run-tests-983 @ target-host ] sudo sh -c "echo 3 > /proc/sys/vm/drop_caches"
]3008;start=73f70113296544659c631e5197204646;user=zakkak;hostname=blanc;machineid=f469a615e9ef4e81b7d5be080a5de373;bootid=0e917e08584a49cb891ef04366e00ace;pid=411332;pidfdid=411333;comm=sudo;targetuser=root;sessionid=c396;type=session\]3008;end=73f70113296544659c631e5197204646\
21:51:11,693 [ test-runner:run-tests-983 @ target-host ] taskset --cpu-list 0-3 /home/zakkak/spring-quarkus-perf-comparison/spring-quarkus-perf-comparison/quarkus3/target/quarkus3-runner  &>/home/zakkak/spring-quarkus-perf-comparison/logs/measure-time-to-first-request-quarkus3-native-1.log &
[1] 411361
21:51:12,094 [ test-runner:run-tests-983 @ target-host ] APP_PID=$!
21:51:12,559 [ test-runner:run-tests-983 @ target-host ] timeout 60s bash -c "taskset --cpu-list 10 /home/zakkak/spring-quarkus-perf-comparison/spring-quarkus-perf-comparison/scripts/perf-lab/scripts/time-to-1st-request.sh http://localhost:8080/fruits"
42
21:51:12,559 [ test-runner:run-tests-983 @ target-host ] 
21:51:12,559 [ test-runner:run-tests-983 @ target-host ] set-state: START_TIME 42
21:51:13,061 [ test-runner:run-tests-983 @ target-host ] kill -15 $APP_PID
21:51:13,061 [ test-runner:run-tests-983 @ target-host ] script-cmd: state-array-push
21:51:13,062 [ test-runner:run-tests-983 @ target-host ] state-array-push
21:51:13,111 [ test-runner:run-tests-983 @ target-host ] set-state: RUN.output.results.quarkus3-native.startup.timings [40,42]
21:51:15,514 [ test-runner:run-tests-983 @ target-host ] sleep 2
21:51:15,514 [ test-runner:run-tests-983 @ target-host ] script-cmd: stop-test-services
21:51:15,514 [ test-runner:run-tests-983 @ target-host ] stop-test-services
21:51:16,153 [ test-runner:run-tests-983 @ target-host ] /home/zakkak/spring-quarkus-perf-comparison/spring-quarkus-perf-comparison/scripts/infra.sh -d
Using podman to stop containers
-----------------------------------------
[03/11/2026 21:51:15]: Stopping services
-----------------------------------------
Stopping PostgreSQL database 'fruits_db'
fruits_db
21:51:16,213 [ test-runner:run-tests-983 @ target-host ] for-each: ITERATION = 2
21:51:16,215 [ test-runner:run-tests-983 @ target-host ] queue-download: ${{REPO_DIR}}/logs/measure-time-to-first-request-${{RUNTIME.name}}-${{ITERATION}}.log=/home/zakkak/spring-quarkus-perf-comparison/logs/measure-time-to-first-request-quarkus3-native-2.log ../../20260311/all/target-host/
21:51:16,215 [ test-runner:run-tests-983 @ target-host ] script-cmd: start-test-services
21:51:16,215 [ test-runner:run-tests-983 @ target-host ] start-test-services
21:51:27,305 [ test-runner:run-tests-983 @ target-host ] /home/zakkak/spring-quarkus-perf-comparison/spring-quarkus-perf-comparison/scripts/infra.sh -c 3 -p '4-6' -s
Using podman to start containers
-----------------------------------------
[03/11/2026 21:51:16]: Starting services
-----------------------------------------
Starting PostgreSQL database 'fruits_db'
PostgreSQL DB process: ccf526fa42e820e4ed891d0e0729d031da422de5a386b6461f9153e4afdbee5f
Waiting for PostgreSQL to be ready...
localhost:5432 - no response
localhost:5432 - no response
localhost:5432 - accepting connections
21:51:27,305 [ test-runner:run-tests-983 @ target-host ] script-cmd: sync-drop-fs-cache
21:51:27,305 [ test-runner:run-tests-983 @ target-host ] sync-drop-fs-cache
21:51:27,305 [ test-runner:run-tests-983 @ target-host ] read-state: true
21:51:27,305 [ test-runner:run-tests-983 @ target-host ] regex: true
21:51:27,899 [ test-runner:run-tests-983 @ target-host ] sync
21:51:27,900 [ test-runner:run-tests-983 @ target-host ] script-cmd: sync-drop-fs-cache-${{os}}
21:51:27,900 [ test-runner:run-tests-983 @ target-host ] sync-drop-fs-cache-linux
21:51:27,900 [ test-runner:run-tests-983 @ target-host ] script-cmd: sudo
21:51:27,900 [ test-runner:run-tests-983 @ target-host ] sudo
21:51:27,900 [ test-runner:run-tests-983 @ target-host ] script-cmd: sudo-${{os}}
21:51:27,900 [ test-runner:run-tests-983 @ target-host ] sudo-linux
21:51:28,674 [ test-runner:run-tests-983 @ target-host ] sudo sh -c "echo 3 > /proc/sys/vm/drop_caches"
]3008;start=bc9aafb3a18740a795ec25866e29e4aa;user=zakkak;hostname=blanc;machineid=f469a615e9ef4e81b7d5be080a5de373;bootid=0e917e08584a49cb891ef04366e00ace;pid=411780;pidfdid=411781;comm=sudo;targetuser=root;sessionid=c397;type=session\]3008;end=bc9aafb3a18740a795ec25866e29e4aa\
21:51:29,078 [ test-runner:run-tests-983 @ target-host ] taskset --cpu-list 0-3 /home/zakkak/spring-quarkus-perf-comparison/spring-quarkus-perf-comparison/quarkus3/target/quarkus3-runner  &>/home/zakkak/spring-quarkus-perf-comparison/logs/measure-time-to-first-request-quarkus3-native-2.log &
[1] 411809
21:51:29,479 [ test-runner:run-tests-983 @ target-host ] APP_PID=$!
21:51:29,944 [ test-runner:run-tests-983 @ target-host ] timeout 60s bash -c "taskset --cpu-list 10 /home/zakkak/spring-quarkus-perf-comparison/spring-quarkus-perf-comparison/scripts/perf-lab/scripts/time-to-1st-request.sh http://localhost:8080/fruits"
42
21:51:29,944 [ test-runner:run-tests-983 @ target-host ] 
21:51:29,945 [ test-runner:run-tests-983 @ target-host ] set-state: START_TIME 42
21:51:30,446 [ test-runner:run-tests-983 @ target-host ] kill -15 $APP_PID
21:51:30,447 [ test-runner:run-tests-983 @ target-host ] script-cmd: state-array-push
21:51:30,447 [ test-runner:run-tests-983 @ target-host ] state-array-push
21:51:30,496 [ test-runner:run-tests-983 @ target-host ] set-state: RUN.output.results.quarkus3-native.startup.timings [40,42,42]
21:51:32,900 [ test-runner:run-tests-983 @ target-host ] sleep 2
21:51:32,900 [ test-runner:run-tests-983 @ target-host ] script-cmd: stop-test-services
21:51:32,900 [ test-runner:run-tests-983 @ target-host ] stop-test-services
21:51:33,536 [ test-runner:run-tests-983 @ target-host ] /home/zakkak/spring-quarkus-perf-comparison/spring-quarkus-perf-comparison/scripts/infra.sh -d
Using podman to stop containers
-----------------------------------------
[03/11/2026 21:51:32]: Stopping services
-----------------------------------------
Stopping PostgreSQL database 'fruits_db'
fruits_db
21:51:33,593 [ test-runner:run-tests-983 @ target-host ] for-each: ITERATION = 3
21:51:33,595 [ test-runner:run-tests-983 @ target-host ] queue-download: ${{REPO_DIR}}/logs/measure-time-to-first-request-${{RUNTIME.name}}-${{ITERATION}}.log=/home/zakkak/spring-quarkus-perf-comparison/logs/measure-time-to-first-request-quarkus3-native-3.log ../../20260311/all/target-host/
21:51:33,595 [ test-runner:run-tests-983 @ target-host ] script-cmd: start-test-services
21:51:33,595 [ test-runner:run-tests-983 @ target-host ] start-test-services
21:51:44,718 [ test-runner:run-tests-983 @ target-host ] /home/zakkak/spring-quarkus-perf-comparison/spring-quarkus-perf-comparison/scripts/infra.sh -c 3 -p '4-6' -s
Using podman to start containers
-----------------------------------------
[03/11/2026 21:51:33]: Starting services
-----------------------------------------
Starting PostgreSQL database 'fruits_db'
PostgreSQL DB process: d9a12bd3fc7d81ef42db72216914bde49cf67cc1e160c57a941ade10352f2211
Waiting for PostgreSQL to be ready...
localhost:5432 - no response
localhost:5432 - no response
localhost:5432 - accepting connections
21:51:44,718 [ test-runner:run-tests-983 @ target-host ] script-cmd: sync-drop-fs-cache
21:51:44,718 [ test-runner:run-tests-983 @ target-host ] sync-drop-fs-cache
21:51:44,718 [ test-runner:run-tests-983 @ target-host ] read-state: true
21:51:44,719 [ test-runner:run-tests-983 @ target-host ] regex: true
21:51:45,278 [ test-runner:run-tests-983 @ target-host ] sync
21:51:45,278 [ test-runner:run-tests-983 @ target-host ] script-cmd: sync-drop-fs-cache-${{os}}
21:51:45,278 [ test-runner:run-tests-983 @ target-host ] sync-drop-fs-cache-linux
21:51:45,279 [ test-runner:run-tests-983 @ target-host ] script-cmd: sudo
21:51:45,279 [ test-runner:run-tests-983 @ target-host ] sudo
21:51:45,279 [ test-runner:run-tests-983 @ target-host ] script-cmd: sudo-${{os}}
21:51:45,279 [ test-runner:run-tests-983 @ target-host ] sudo-linux
21:51:46,063 [ test-runner:run-tests-983 @ target-host ] sudo sh -c "echo 3 > /proc/sys/vm/drop_caches"
]3008;start=fdfb21329a234fd2852341febf3cec34;user=zakkak;hostname=blanc;machineid=f469a615e9ef4e81b7d5be080a5de373;bootid=0e917e08584a49cb891ef04366e00ace;pid=412236;pidfdid=412237;comm=sudo;targetuser=root;sessionid=c398;type=session\]3008;end=fdfb21329a234fd2852341febf3cec34\
21:51:46,467 [ test-runner:run-tests-983 @ target-host ] taskset --cpu-list 0-3 /home/zakkak/spring-quarkus-perf-comparison/spring-quarkus-perf-comparison/quarkus3/target/quarkus3-runner  &>/home/zakkak/spring-quarkus-perf-comparison/logs/measure-time-to-first-request-quarkus3-native-3.log &
[1] 412265
21:51:46,868 [ test-runner:run-tests-983 @ target-host ] APP_PID=$!
21:51:47,321 [ test-runner:run-tests-983 @ target-host ] timeout 60s bash -c "taskset --cpu-list 10 /home/zakkak/spring-quarkus-perf-comparison/spring-quarkus-perf-comparison/scripts/perf-lab/scripts/time-to-1st-request.sh http://localhost:8080/fruits"
32
21:51:47,321 [ test-runner:run-tests-983 @ target-host ] 
21:51:47,322 [ test-runner:run-tests-983 @ target-host ] set-state: START_TIME 32
21:51:47,823 [ test-runner:run-tests-983 @ target-host ] kill -15 $APP_PID
21:51:47,824 [ test-runner:run-tests-983 @ target-host ] script-cmd: state-array-push
21:51:47,824 [ test-runner:run-tests-983 @ target-host ] state-array-push
21:51:47,872 [ test-runner:run-tests-983 @ target-host ] set-state: RUN.output.results.quarkus3-native.startup.timings [40,42,42,32]
21:51:50,275 [ test-runner:run-tests-983 @ target-host ] sleep 2
21:51:50,276 [ test-runner:run-tests-983 @ target-host ] script-cmd: stop-test-services
21:51:50,276 [ test-runner:run-tests-983 @ target-host ] stop-test-services
21:51:50,911 [ test-runner:run-tests-983 @ target-host ] /home/zakkak/spring-quarkus-perf-comparison/spring-quarkus-perf-comparison/scripts/infra.sh -d
Using podman to stop containers
-----------------------------------------
[03/11/2026 21:51:50]: Stopping services
-----------------------------------------
Stopping PostgreSQL database 'fruits_db'
fruits_db
21:51:50,981 [ test-runner:run-tests-983 @ target-host ] for-each: ITERATION = 4
21:51:50,990 [ test-runner:run-tests-983 @ target-host ] queue-download: ${{REPO_DIR}}/logs/measure-time-to-first-request-${{RUNTIME.name}}-${{ITERATION}}.log=/home/zakkak/spring-quarkus-perf-comparison/logs/measure-time-to-first-request-quarkus3-native-4.log ../../20260311/all/target-host/
21:51:50,990 [ test-runner:run-tests-983 @ target-host ] script-cmd: start-test-services
21:51:50,990 [ test-runner:run-tests-983 @ target-host ] start-test-services
21:52:02,106 [ test-runner:run-tests-983 @ target-host ] /home/zakkak/spring-quarkus-perf-comparison/spring-quarkus-perf-comparison/scripts/infra.sh -c 3 -p '4-6' -s
Using podman to start containers
-----------------------------------------
[03/11/2026 21:51:50]: Starting services
-----------------------------------------
Starting PostgreSQL database 'fruits_db'
PostgreSQL DB process: e7b9a38fe169d097a59e424caf90f90ad7ec1ea36cb5e8878cc72217317851ef
Waiting for PostgreSQL to be ready...
localhost:5432 - no response
localhost:5432 - no response
localhost:5432 - accepting connections
21:52:02,107 [ test-runner:run-tests-983 @ target-host ] script-cmd: sync-drop-fs-cache
21:52:02,107 [ test-runner:run-tests-983 @ target-host ] sync-drop-fs-cache
21:52:02,107 [ test-runner:run-tests-983 @ target-host ] read-state: true
21:52:02,107 [ test-runner:run-tests-983 @ target-host ] regex: true
21:52:02,687 [ test-runner:run-tests-983 @ target-host ] sync
21:52:02,687 [ test-runner:run-tests-983 @ target-host ] script-cmd: sync-drop-fs-cache-${{os}}
21:52:02,687 [ test-runner:run-tests-983 @ target-host ] sync-drop-fs-cache-linux
21:52:02,687 [ test-runner:run-tests-983 @ target-host ] script-cmd: sudo
21:52:02,688 [ test-runner:run-tests-983 @ target-host ] sudo
21:52:02,688 [ test-runner:run-tests-983 @ target-host ] script-cmd: sudo-${{os}}
21:52:02,688 [ test-runner:run-tests-983 @ target-host ] sudo-linux
21:52:03,515 [ test-runner:run-tests-983 @ target-host ] sudo sh -c "echo 3 > /proc/sys/vm/drop_caches"
]3008;start=2b0d884317ec41388e5273d80260beeb;user=zakkak;hostname=blanc;machineid=f469a615e9ef4e81b7d5be080a5de373;bootid=0e917e08584a49cb891ef04366e00ace;pid=412688;pidfdid=412689;comm=sudo;targetuser=root;sessionid=c399;type=session\]3008;end=2b0d884317ec41388e5273d80260beeb\
21:52:03,919 [ test-runner:run-tests-983 @ target-host ] taskset --cpu-list 0-3 /home/zakkak/spring-quarkus-perf-comparison/spring-quarkus-perf-comparison/quarkus3/target/quarkus3-runner  &>/home/zakkak/spring-quarkus-perf-comparison/logs/measure-time-to-first-request-quarkus3-native-4.log &
[1] 412720
21:52:04,320 [ test-runner:run-tests-983 @ target-host ] APP_PID=$!
21:52:04,784 [ test-runner:run-tests-983 @ target-host ] timeout 60s bash -c "taskset --cpu-list 10 /home/zakkak/spring-quarkus-perf-comparison/spring-quarkus-perf-comparison/scripts/perf-lab/scripts/time-to-1st-request.sh http://localhost:8080/fruits"
41
21:52:04,785 [ test-runner:run-tests-983 @ target-host ] 
21:52:04,785 [ test-runner:run-tests-983 @ target-host ] set-state: START_TIME 41
21:52:05,287 [ test-runner:run-tests-983 @ target-host ] kill -15 $APP_PID
21:52:05,287 [ test-runner:run-tests-983 @ target-host ] script-cmd: state-array-push
21:52:05,287 [ test-runner:run-tests-983 @ target-host ] state-array-push
21:52:05,336 [ test-runner:run-tests-983 @ target-host ] set-state: RUN.output.results.quarkus3-native.startup.timings [40,42,42,32,41]
21:52:07,739 [ test-runner:run-tests-983 @ target-host ] sleep 2
21:52:07,740 [ test-runner:run-tests-983 @ target-host ] script-cmd: stop-test-services
21:52:07,740 [ test-runner:run-tests-983 @ target-host ] stop-test-services
21:52:08,375 [ test-runner:run-tests-983 @ target-host ] /home/zakkak/spring-quarkus-perf-comparison/spring-quarkus-perf-comparison/scripts/infra.sh -d
Using podman to stop containers
-----------------------------------------
[03/11/2026 21:52:07]: Stopping services
-----------------------------------------
Stopping PostgreSQL database 'fruits_db'
fruits_db
21:52:08,432 [ test-runner:run-tests-983 @ target-host ] for-each: ITERATION = 5
21:52:08,434 [ test-runner:run-tests-983 @ target-host ] queue-download: ${{REPO_DIR}}/logs/measure-time-to-first-request-${{RUNTIME.name}}-${{ITERATION}}.log=/home/zakkak/spring-quarkus-perf-comparison/logs/measure-time-to-first-request-quarkus3-native-5.log ../../20260311/all/target-host/
21:52:08,434 [ test-runner:run-tests-983 @ target-host ] script-cmd: start-test-services
21:52:08,434 [ test-runner:run-tests-983 @ target-host ] start-test-services
21:52:19,516 [ test-runner:run-tests-983 @ target-host ] /home/zakkak/spring-quarkus-perf-comparison/spring-quarkus-perf-comparison/scripts/infra.sh -c 3 -p '4-6' -s
Using podman to start containers
-----------------------------------------
[03/11/2026 21:52:08]: Starting services
-----------------------------------------
Starting PostgreSQL database 'fruits_db'
PostgreSQL DB process: 6bb3d1a54b1bfa08086447f8e440d70288fea2d9f7ab78d7aca5f26f3ebc1f55
Waiting for PostgreSQL to be ready...
localhost:5432 - no response
localhost:5432 - no response
localhost:5432 - accepting connections
21:52:19,517 [ test-runner:run-tests-983 @ target-host ] script-cmd: sync-drop-fs-cache
21:52:19,517 [ test-runner:run-tests-983 @ target-host ] sync-drop-fs-cache
21:52:19,517 [ test-runner:run-tests-983 @ target-host ] read-state: true
21:52:19,517 [ test-runner:run-tests-983 @ target-host ] regex: true
21:52:20,097 [ test-runner:run-tests-983 @ target-host ] sync
21:52:20,097 [ test-runner:run-tests-983 @ target-host ] script-cmd: sync-drop-fs-cache-${{os}}
21:52:20,097 [ test-runner:run-tests-983 @ target-host ] sync-drop-fs-cache-linux
21:52:20,097 [ test-runner:run-tests-983 @ target-host ] script-cmd: sudo
21:52:20,097 [ test-runner:run-tests-983 @ target-host ] sudo
21:52:20,098 [ test-runner:run-tests-983 @ target-host ] script-cmd: sudo-${{os}}
21:52:20,098 [ test-runner:run-tests-983 @ target-host ] sudo-linux
21:52:20,880 [ test-runner:run-tests-983 @ target-host ] sudo sh -c "echo 3 > /proc/sys/vm/drop_caches"
]3008;start=2040c0c73344437ba0ffc6726714e2a8;user=zakkak;hostname=blanc;machineid=f469a615e9ef4e81b7d5be080a5de373;bootid=0e917e08584a49cb891ef04366e00ace;pid=413143;pidfdid=413144;comm=sudo;targetuser=root;sessionid=c400;type=session\]3008;end=2040c0c73344437ba0ffc6726714e2a8\
21:52:21,284 [ test-runner:run-tests-983 @ target-host ] taskset --cpu-list 0-3 /home/zakkak/spring-quarkus-perf-comparison/spring-quarkus-perf-comparison/quarkus3/target/quarkus3-runner  &>/home/zakkak/spring-quarkus-perf-comparison/logs/measure-time-to-first-request-quarkus3-native-5.log &
[1] 413172
21:52:21,685 [ test-runner:run-tests-983 @ target-host ] APP_PID=$!
21:52:22,131 [ test-runner:run-tests-983 @ target-host ] timeout 60s bash -c "taskset --cpu-list 10 /home/zakkak/spring-quarkus-perf-comparison/spring-quarkus-perf-comparison/scripts/perf-lab/scripts/time-to-1st-request.sh http://localhost:8080/fruits"
33
21:52:22,131 [ test-runner:run-tests-983 @ target-host ] 
21:52:22,131 [ test-runner:run-tests-983 @ target-host ] set-state: START_TIME 33
21:52:22,633 [ test-runner:run-tests-983 @ target-host ] kill -15 $APP_PID
21:52:22,634 [ test-runner:run-tests-983 @ target-host ] script-cmd: state-array-push
21:52:22,634 [ test-runner:run-tests-983 @ target-host ] state-array-push
21:52:22,678 [ test-runner:run-tests-983 @ target-host ] set-state: RUN.output.results.quarkus3-native.startup.timings [40,42,42,32,41,33]
21:52:25,081 [ test-runner:run-tests-983 @ target-host ] sleep 2
21:52:25,081 [ test-runner:run-tests-983 @ target-host ] script-cmd: stop-test-services
21:52:25,081 [ test-runner:run-tests-983 @ target-host ] stop-test-services
21:52:25,730 [ test-runner:run-tests-983 @ target-host ] /home/zakkak/spring-quarkus-perf-comparison/spring-quarkus-perf-comparison/scripts/infra.sh -d
Using podman to stop containers
-----------------------------------------
[03/11/2026 21:52:25]: Stopping services
-----------------------------------------
Stopping PostgreSQL database 'fruits_db'
fruits_db
21:52:25,787 [ test-runner:run-tests-983 @ target-host ] for-each: ITERATION = 6
21:52:25,788 [ test-runner:run-tests-983 @ target-host ] queue-download: ${{REPO_DIR}}/logs/measure-time-to-first-request-${{RUNTIME.name}}-${{ITERATION}}.log=/home/zakkak/spring-quarkus-perf-comparison/logs/measure-time-to-first-request-quarkus3-native-6.log ../../20260311/all/target-host/
21:52:25,788 [ test-runner:run-tests-983 @ target-host ] script-cmd: start-test-services
21:52:25,788 [ test-runner:run-tests-983 @ target-host ] start-test-services
21:52:36,872 [ test-runner:run-tests-983 @ target-host ] /home/zakkak/spring-quarkus-perf-comparison/spring-quarkus-perf-comparison/scripts/infra.sh -c 3 -p '4-6' -s
Using podman to start containers
-----------------------------------------
[03/11/2026 21:52:25]: Starting services
-----------------------------------------
Starting PostgreSQL database 'fruits_db'
PostgreSQL DB process: 88e0ebf04d751fec5f6af290ea38b7b3915ffa537f0481457a06cd643b73f148
Waiting for PostgreSQL to be ready...
localhost:5432 - no response
localhost:5432 - no response
localhost:5432 - accepting connections
21:52:36,872 [ test-runner:run-tests-983 @ target-host ] script-cmd: sync-drop-fs-cache
21:52:36,872 [ test-runner:run-tests-983 @ target-host ] sync-drop-fs-cache
21:52:36,872 [ test-runner:run-tests-983 @ target-host ] read-state: true
21:52:36,872 [ test-runner:run-tests-983 @ target-host ] regex: true
21:52:37,468 [ test-runner:run-tests-983 @ target-host ] sync
21:52:37,468 [ test-runner:run-tests-983 @ target-host ] script-cmd: sync-drop-fs-cache-${{os}}
21:52:37,468 [ test-runner:run-tests-983 @ target-host ] sync-drop-fs-cache-linux
21:52:37,468 [ test-runner:run-tests-983 @ target-host ] script-cmd: sudo
21:52:37,468 [ test-runner:run-tests-983 @ target-host ] sudo
21:52:37,469 [ test-runner:run-tests-983 @ target-host ] script-cmd: sudo-${{os}}
21:52:37,469 [ test-runner:run-tests-983 @ target-host ] sudo-linux
21:52:38,235 [ test-runner:run-tests-983 @ target-host ] sudo sh -c "echo 3 > /proc/sys/vm/drop_caches"
]3008;start=3d96f3c272224bafb8c47ff5cdbb387d;user=zakkak;hostname=blanc;machineid=f469a615e9ef4e81b7d5be080a5de373;bootid=0e917e08584a49cb891ef04366e00ace;pid=413595;pidfdid=413596;comm=sudo;targetuser=root;sessionid=c401;type=session\]3008;end=3d96f3c272224bafb8c47ff5cdbb387d\
21:52:38,646 [ test-runner:run-tests-983 @ target-host ] taskset --cpu-list 0-3 /home/zakkak/spring-quarkus-perf-comparison/spring-quarkus-perf-comparison/quarkus3/target/quarkus3-runner  &>/home/zakkak/spring-quarkus-perf-comparison/logs/measure-time-to-first-request-quarkus3-native-6.log &
[1] 413623
21:52:39,048 [ test-runner:run-tests-983 @ target-host ] APP_PID=$!
21:52:39,501 [ test-runner:run-tests-983 @ target-host ] timeout 60s bash -c "taskset --cpu-list 10 /home/zakkak/spring-quarkus-perf-comparison/spring-quarkus-perf-comparison/scripts/perf-lab/scripts/time-to-1st-request.sh http://localhost:8080/fruits"
33
21:52:39,501 [ test-runner:run-tests-983 @ target-host ] 
21:52:39,501 [ test-runner:run-tests-983 @ target-host ] set-state: START_TIME 33
21:52:40,003 [ test-runner:run-tests-983 @ target-host ] kill -15 $APP_PID
21:52:40,004 [ test-runner:run-tests-983 @ target-host ] script-cmd: state-array-push
21:52:40,004 [ test-runner:run-tests-983 @ target-host ] state-array-push
21:52:40,046 [ test-runner:run-tests-983 @ target-host ] set-state: RUN.output.results.quarkus3-native.startup.timings [40,42,42,32,41,33,33]
21:52:42,449 [ test-runner:run-tests-983 @ target-host ] sleep 2
21:52:42,449 [ test-runner:run-tests-983 @ target-host ] script-cmd: stop-test-services
21:52:42,449 [ test-runner:run-tests-983 @ target-host ] stop-test-services
21:52:43,085 [ test-runner:run-tests-983 @ target-host ] /home/zakkak/spring-quarkus-perf-comparison/spring-quarkus-perf-comparison/scripts/infra.sh -d
Using podman to stop containers
-----------------------------------------
[03/11/2026 21:52:42]: Stopping services
-----------------------------------------
Stopping PostgreSQL database 'fruits_db'
fruits_db
21:52:43,153 [ test-runner:run-tests-983 @ target-host ] for-each: ITERATION = 7
21:52:43,162 [ test-runner:run-tests-983 @ target-host ] queue-download: ${{REPO_DIR}}/logs/measure-time-to-first-request-${{RUNTIME.name}}-${{ITERATION}}.log=/home/zakkak/spring-quarkus-perf-comparison/logs/measure-time-to-first-request-quarkus3-native-7.log ../../20260311/all/target-host/
21:52:43,162 [ test-runner:run-tests-983 @ target-host ] script-cmd: start-test-services
21:52:43,162 [ test-runner:run-tests-983 @ target-host ] start-test-services
21:52:54,248 [ test-runner:run-tests-983 @ target-host ] /home/zakkak/spring-quarkus-perf-comparison/spring-quarkus-perf-comparison/scripts/infra.sh -c 3 -p '4-6' -s
Using podman to start containers
-----------------------------------------
[03/11/2026 21:52:43]: Starting services
-----------------------------------------
Starting PostgreSQL database 'fruits_db'
PostgreSQL DB process: fe4d5076657e97c98f7407bbca1b87f5b2954ba6f3687e54bdb1360028f9164d
Waiting for PostgreSQL to be ready...
localhost:5432 - no response
localhost:5432 - no response
localhost:5432 - accepting connections
21:52:54,248 [ test-runner:run-tests-983 @ target-host ] script-cmd: sync-drop-fs-cache
21:52:54,248 [ test-runner:run-tests-983 @ target-host ] sync-drop-fs-cache
21:52:54,248 [ test-runner:run-tests-983 @ target-host ] read-state: true
21:52:54,248 [ test-runner:run-tests-983 @ target-host ] regex: true
21:52:54,820 [ test-runner:run-tests-983 @ target-host ] sync
21:52:54,820 [ test-runner:run-tests-983 @ target-host ] script-cmd: sync-drop-fs-cache-${{os}}
21:52:54,820 [ test-runner:run-tests-983 @ target-host ] sync-drop-fs-cache-linux
21:52:54,820 [ test-runner:run-tests-983 @ target-host ] script-cmd: sudo
21:52:54,820 [ test-runner:run-tests-983 @ target-host ] sudo
21:52:54,820 [ test-runner:run-tests-983 @ target-host ] script-cmd: sudo-${{os}}
21:52:54,821 [ test-runner:run-tests-983 @ target-host ] sudo-linux
21:52:55,584 [ test-runner:run-tests-983 @ target-host ] sudo sh -c "echo 3 > /proc/sys/vm/drop_caches"
]3008;start=fcfdde209b21485497302f31b8b663b2;user=zakkak;hostname=blanc;machineid=f469a615e9ef4e81b7d5be080a5de373;bootid=0e917e08584a49cb891ef04366e00ace;pid=414059;pidfdid=414060;comm=sudo;targetuser=root;sessionid=c402;type=session\]3008;end=fcfdde209b21485497302f31b8b663b2\
21:52:55,989 [ test-runner:run-tests-983 @ target-host ] taskset --cpu-list 0-3 /home/zakkak/spring-quarkus-perf-comparison/spring-quarkus-perf-comparison/quarkus3/target/quarkus3-runner  &>/home/zakkak/spring-quarkus-perf-comparison/logs/measure-time-to-first-request-quarkus3-native-7.log &
[1] 414089
21:52:56,391 [ test-runner:run-tests-983 @ target-host ] APP_PID=$!
21:52:56,845 [ test-runner:run-tests-983 @ target-host ] timeout 60s bash -c "taskset --cpu-list 10 /home/zakkak/spring-quarkus-perf-comparison/spring-quarkus-perf-comparison/scripts/perf-lab/scripts/time-to-1st-request.sh http://localhost:8080/fruits"
34
21:52:56,845 [ test-runner:run-tests-983 @ target-host ] 
21:52:56,845 [ test-runner:run-tests-983 @ target-host ] set-state: START_TIME 34
21:52:57,347 [ test-runner:run-tests-983 @ target-host ] kill -15 $APP_PID
21:52:57,347 [ test-runner:run-tests-983 @ target-host ] script-cmd: state-array-push
21:52:57,347 [ test-runner:run-tests-983 @ target-host ] state-array-push
21:52:57,398 [ test-runner:run-tests-983 @ target-host ] set-state: RUN.output.results.quarkus3-native.startup.timings [40,42,42,32,41,33,33,34]
21:52:59,801 [ test-runner:run-tests-983 @ target-host ] sleep 2
21:52:59,801 [ test-runner:run-tests-983 @ target-host ] script-cmd: stop-test-services
21:52:59,801 [ test-runner:run-tests-983 @ target-host ] stop-test-services
21:53:00,438 [ test-runner:run-tests-983 @ target-host ] /home/zakkak/spring-quarkus-perf-comparison/spring-quarkus-perf-comparison/scripts/infra.sh -d
Using podman to stop containers
-----------------------------------------
[03/11/2026 21:52:59]: Stopping services
-----------------------------------------
Stopping PostgreSQL database 'fruits_db'
fruits_db
21:53:00,497 [ test-runner:run-tests-983 @ target-host ] for-each: ITERATION = 8
21:53:00,498 [ test-runner:run-tests-983 @ target-host ] queue-download: ${{REPO_DIR}}/logs/measure-time-to-first-request-${{RUNTIME.name}}-${{ITERATION}}.log=/home/zakkak/spring-quarkus-perf-comparison/logs/measure-time-to-first-request-quarkus3-native-8.log ../../20260311/all/target-host/
21:53:00,498 [ test-runner:run-tests-983 @ target-host ] script-cmd: start-test-services
21:53:00,498 [ test-runner:run-tests-983 @ target-host ] start-test-services
21:53:11,587 [ test-runner:run-tests-983 @ target-host ] /home/zakkak/spring-quarkus-perf-comparison/spring-quarkus-perf-comparison/scripts/infra.sh -c 3 -p '4-6' -s
Using podman to start containers
-----------------------------------------
[03/11/2026 21:53:00]: Starting services
-----------------------------------------
Starting PostgreSQL database 'fruits_db'
PostgreSQL DB process: 09c4a3d70ef53e555368a95ea16e47d749116dc41dd83a992b659c98d73b47f5
Waiting for PostgreSQL to be ready...
localhost:5432 - no response
localhost:5432 - no response
localhost:5432 - accepting connections
21:53:11,587 [ test-runner:run-tests-983 @ target-host ] script-cmd: sync-drop-fs-cache
21:53:11,587 [ test-runner:run-tests-983 @ target-host ] sync-drop-fs-cache
21:53:11,587 [ test-runner:run-tests-983 @ target-host ] read-state: true
21:53:11,588 [ test-runner:run-tests-983 @ target-host ] regex: true
21:53:12,214 [ test-runner:run-tests-983 @ target-host ] sync
21:53:12,215 [ test-runner:run-tests-983 @ target-host ] script-cmd: sync-drop-fs-cache-${{os}}
21:53:12,215 [ test-runner:run-tests-983 @ target-host ] sync-drop-fs-cache-linux
21:53:12,215 [ test-runner:run-tests-983 @ target-host ] script-cmd: sudo
21:53:12,215 [ test-runner:run-tests-983 @ target-host ] sudo
21:53:12,215 [ test-runner:run-tests-983 @ target-host ] script-cmd: sudo-${{os}}
21:53:12,215 [ test-runner:run-tests-983 @ target-host ] sudo-linux
21:53:13,008 [ test-runner:run-tests-983 @ target-host ] sudo sh -c "echo 3 > /proc/sys/vm/drop_caches"
]3008;start=f5836eaab19048f0bf7bdcbfb5eafb7e;user=zakkak;hostname=blanc;machineid=f469a615e9ef4e81b7d5be080a5de373;bootid=0e917e08584a49cb891ef04366e00ace;pid=414514;pidfdid=414515;comm=sudo;targetuser=root;sessionid=c403;type=session\]3008;end=f5836eaab19048f0bf7bdcbfb5eafb7e\
21:53:13,411 [ test-runner:run-tests-983 @ target-host ] taskset --cpu-list 0-3 /home/zakkak/spring-quarkus-perf-comparison/spring-quarkus-perf-comparison/quarkus3/target/quarkus3-runner  &>/home/zakkak/spring-quarkus-perf-comparison/logs/measure-time-to-first-request-quarkus3-native-8.log &
[1] 414544
21:53:13,813 [ test-runner:run-tests-983 @ target-host ] APP_PID=$!
21:53:14,278 [ test-runner:run-tests-983 @ target-host ] timeout 60s bash -c "taskset --cpu-list 10 /home/zakkak/spring-quarkus-perf-comparison/spring-quarkus-perf-comparison/scripts/perf-lab/scripts/time-to-1st-request.sh http://localhost:8080/fruits"
43
21:53:14,278 [ test-runner:run-tests-983 @ target-host ] 
21:53:14,278 [ test-runner:run-tests-983 @ target-host ] set-state: START_TIME 43
21:53:14,780 [ test-runner:run-tests-983 @ target-host ] kill -15 $APP_PID
21:53:14,780 [ test-runner:run-tests-983 @ target-host ] script-cmd: state-array-push
21:53:14,781 [ test-runner:run-tests-983 @ target-host ] state-array-push
21:53:14,823 [ test-runner:run-tests-983 @ target-host ] set-state: RUN.output.results.quarkus3-native.startup.timings [40,42,42,32,41,33,33,34,43]
21:53:17,226 [ test-runner:run-tests-983 @ target-host ] sleep 2
21:53:17,226 [ test-runner:run-tests-983 @ target-host ] script-cmd: stop-test-services
21:53:17,226 [ test-runner:run-tests-983 @ target-host ] stop-test-services
21:53:17,863 [ test-runner:run-tests-983 @ target-host ] /home/zakkak/spring-quarkus-perf-comparison/spring-quarkus-perf-comparison/scripts/infra.sh -d
Using podman to stop containers
-----------------------------------------
[03/11/2026 21:53:17]: Stopping services
-----------------------------------------
Stopping PostgreSQL database 'fruits_db'
fruits_db
21:53:17,937 [ test-runner:run-tests-983 @ target-host ] for-each: ITERATION = 9
21:53:17,940 [ test-runner:run-tests-983 @ target-host ] queue-download: ${{REPO_DIR}}/logs/measure-time-to-first-request-${{RUNTIME.name}}-${{ITERATION}}.log=/home/zakkak/spring-quarkus-perf-comparison/logs/measure-time-to-first-request-quarkus3-native-9.log ../../20260311/all/target-host/
21:53:17,940 [ test-runner:run-tests-983 @ target-host ] script-cmd: start-test-services
21:53:17,940 [ test-runner:run-tests-983 @ target-host ] start-test-services
21:53:29,018 [ test-runner:run-tests-983 @ target-host ] /home/zakkak/spring-quarkus-perf-comparison/spring-quarkus-perf-comparison/scripts/infra.sh -c 3 -p '4-6' -s
Using podman to start containers
-----------------------------------------
[03/11/2026 21:53:17]: Starting services
-----------------------------------------
Starting PostgreSQL database 'fruits_db'
PostgreSQL DB process: 356d58ef49fe320460d03ad0d992904f81fd4ded0057bba0a8b03dd147913b67
Waiting for PostgreSQL to be ready...
localhost:5432 - no response
localhost:5432 - no response
localhost:5432 - accepting connections
21:53:29,018 [ test-runner:run-tests-983 @ target-host ] script-cmd: sync-drop-fs-cache
21:53:29,018 [ test-runner:run-tests-983 @ target-host ] sync-drop-fs-cache
21:53:29,018 [ test-runner:run-tests-983 @ target-host ] read-state: true
21:53:29,018 [ test-runner:run-tests-983 @ target-host ] regex: true
21:53:29,601 [ test-runner:run-tests-983 @ target-host ] sync
21:53:29,601 [ test-runner:run-tests-983 @ target-host ] script-cmd: sync-drop-fs-cache-${{os}}
21:53:29,601 [ test-runner:run-tests-983 @ target-host ] sync-drop-fs-cache-linux
21:53:29,601 [ test-runner:run-tests-983 @ target-host ] script-cmd: sudo
21:53:29,601 [ test-runner:run-tests-983 @ target-host ] sudo
21:53:29,601 [ test-runner:run-tests-983 @ target-host ] script-cmd: sudo-${{os}}
21:53:29,601 [ test-runner:run-tests-983 @ target-host ] sudo-linux
21:53:30,398 [ test-runner:run-tests-983 @ target-host ] sudo sh -c "echo 3 > /proc/sys/vm/drop_caches"
]3008;start=2c08cf40cdb94646ac40aaa9ce80b9ff;user=zakkak;hostname=blanc;machineid=f469a615e9ef4e81b7d5be080a5de373;bootid=0e917e08584a49cb891ef04366e00ace;pid=414964;pidfdid=414965;comm=sudo;targetuser=root;sessionid=c404;type=session\]3008;end=2c08cf40cdb94646ac40aaa9ce80b9ff\
21:53:30,809 [ test-runner:run-tests-983 @ target-host ] taskset --cpu-list 0-3 /home/zakkak/spring-quarkus-perf-comparison/spring-quarkus-perf-comparison/quarkus3/target/quarkus3-runner  &>/home/zakkak/spring-quarkus-perf-comparison/logs/measure-time-to-first-request-quarkus3-native-9.log &
[1] 414993
21:53:31,211 [ test-runner:run-tests-983 @ target-host ] APP_PID=$!
21:53:31,665 [ test-runner:run-tests-983 @ target-host ] timeout 60s bash -c "taskset --cpu-list 10 /home/zakkak/spring-quarkus-perf-comparison/spring-quarkus-perf-comparison/scripts/perf-lab/scripts/time-to-1st-request.sh http://localhost:8080/fruits"
33
21:53:31,665 [ test-runner:run-tests-983 @ target-host ] 
21:53:31,665 [ test-runner:run-tests-983 @ target-host ] set-state: START_TIME 33
21:53:32,167 [ test-runner:run-tests-983 @ target-host ] kill -15 $APP_PID
21:53:32,167 [ test-runner:run-tests-983 @ target-host ] script-cmd: state-array-push
21:53:32,167 [ test-runner:run-tests-983 @ target-host ] state-array-push
21:53:32,216 [ test-runner:run-tests-983 @ target-host ] set-state: RUN.output.results.quarkus3-native.startup.timings [40,42,42,32,41,33,33,34,43,33]
21:53:34,619 [ test-runner:run-tests-983 @ target-host ] sleep 2
21:53:34,619 [ test-runner:run-tests-983 @ target-host ] script-cmd: stop-test-services
21:53:34,619 [ test-runner:run-tests-983 @ target-host ] stop-test-services
21:53:35,255 [ test-runner:run-tests-983 @ target-host ] /home/zakkak/spring-quarkus-perf-comparison/spring-quarkus-perf-comparison/scripts/infra.sh -d
Using podman to stop containers
-----------------------------------------
[03/11/2026 21:53:34]: Stopping services
-----------------------------------------
Stopping PostgreSQL database 'fruits_db'
fruits_db
21:53:35,313 [ test-runner:run-tests-983 @ target-host ] for-each: ITERATION
21:53:35,314 [ test-runner:run-tests-983 @ target-host ] script-cmd: state-array-calc-avg
21:53:35,314 [ test-runner:run-tests-983 @ target-host ] state-array-calc-avg
21:53:35,355 [ test-runner:run-tests-983 @ target-host ] set-state: RUN.output.results.quarkus3-native.startup.avStartTime 37.3
21:53:35,355 [ test-runner:run-tests-983 @ target-host ] for-each: TEST = measure-rss
21:53:35,356 [ test-runner:run-tests-983 @ target-host ] script-cmd: ${{TEST}}
21:53:35,356 [ test-runner:run-tests-983 @ target-host ] measure-rss
21:53:35,356 [ test-runner:run-tests-983 @ target-host ] Measuring RSS
21:53:35,808 [ test-runner:run-tests-983 @ target-host ] java -version
openjdk version "21.0.9" 2025-10-21 LTS
OpenJDK Runtime Environment Temurin-21.0.9+10 (build 21.0.9+10-LTS)
OpenJDK 64-Bit Server VM Temurin-21.0.9+10 (build 21.0.9+10-LTS, mixed mode, sharing)
21:53:36,209 [ test-runner:run-tests-983 @ target-host ] cd /home/zakkak/spring-quarkus-perf-comparison/spring-quarkus-perf-comparison/quarkus3
21:54:23,112 [ test-runner:run-tests-983 @ target-host ] ./mvnw  clean package -DskipTests -Pnative -Dquarkus.native.additional-build-args-append=--future-defaults=all
[INFO] Scanning for projects...
[WARNING] Quarkus Maven extension: an explicit 'argLine' is defined in maven-surefire-plugin config, but does not contain '@{argLine}': we will not be able to inject JVM parameters automatically. Please add '@{argLine}' to the argLine configuration you have defined.
[INFO] 
[INFO] -------------------------< org.acme:quarkus3 >--------------------------
[INFO] Building quarkus3 1.0
[INFO]   from pom.xml
[INFO] ------------------------------[ quarkus ]-------------------------------
[INFO] 
[INFO] --- clean:3.2.0:clean (default-clean) @ quarkus3 ---
[INFO] Deleting /home/zakkak/spring-quarkus-perf-comparison/spring-quarkus-perf-comparison/quarkus3/target
[INFO] 
[INFO] --- resources:3.3.1:resources (default-resources) @ quarkus3 ---
[WARNING] Using platform encoding (UTF-8 actually) to copy filtered resources, i.e. build is platform dependent!
[INFO] Copying 2 resources from src/main/resources to target/classes
[INFO] 
[INFO] --- quarkus:3.32.2:generate-code (default-generate-code) @ quarkus3 ---
[INFO] 
[INFO] --- compiler:3.15.0:compile (default-compile) @ quarkus3 ---
[INFO] Recompiling the module because of changed source code.
[WARNING] File encoding has not been set, using platform encoding UTF-8, i.e. build is platform dependent!
[INFO] Compiling 16 source files with javac [debug release 21] to target/classes
[INFO] 
[INFO] --- resources:3.3.1:testResources (default-testResources) @ quarkus3 ---
[WARNING] Using platform encoding (UTF-8 actually) to copy filtered resources, i.e. build is platform dependent!
[INFO] skip non existing resourceDirectory /home/zakkak/spring-quarkus-perf-comparison/spring-quarkus-perf-comparison/quarkus3/src/test/resources
[INFO] 
[INFO] --- quarkus:3.32.2:generate-code-tests (default-generate-code-tests) @ quarkus3 ---
[INFO] 
[INFO] --- compiler:3.15.0:testCompile (default-testCompile) @ quarkus3 ---
[INFO] Recompiling the module because of changed dependency.
[WARNING] File encoding has not been set, using platform encoding UTF-8, i.e. build is platform dependent!
[INFO] Compiling 4 source files with javac [debug release 21] to target/test-classes
[INFO] 
[INFO] --- surefire:3.5.5:test (default-test) @ quarkus3 ---
[INFO] Tests are skipped.
[INFO] 
[INFO] --- quarkus:3.32.2:build (default-build) @ quarkus3 ---
[INFO] [io.quarkus.deployment.pkg.jar.NativeImageSourceJarBuilder] Building native image source jar: /home/zakkak/spring-quarkus-perf-comparison/spring-quarkus-perf-comparison/quarkus3/target/quarkus3-native-image-source-jar/quarkus3-runner.jar
[INFO] [io.quarkus.deployment.pkg.steps.NativeImageBuildStep] Building native image from /home/zakkak/spring-quarkus-perf-comparison/spring-quarkus-perf-comparison/quarkus3/target/quarkus3-native-image-source-jar/quarkus3-runner.jar
[INFO] [io.quarkus.deployment.pkg.steps.NativeImageBuildStep] Running Quarkus native-image plugin on GRAALVM 25.1.0-dev JDK 25.0.1+8-jvmci-25.1-b14
[INFO] [io.quarkus.deployment.pkg.steps.NativeImageBuildRunner] /home/zakkak/code/graal-oracle/sdk/latest_graalvm_home/bin/native-image -J-DCoordinatorEnvironmentBean.transactionStatusManagerEnable=false -J-Dsun.nio.ch.maxUpdateArraySize=100 -J-Djava.util.logging.manager=org.jboss.logmanager.LogManager -J-Dvertx.logger-delegate-factory-class-name=io.quarkus.vertx.core.runtime.VertxLogDelegateFactory -J-Dvertx.disableDnsResolver=true -J-Dio.netty.leakDetection.level=DISABLED -J-Dio.netty.allocator.maxOrder=3 -J-Duser.language=en -J-Duser.country=IE -J-Dlogging.initial-configurator.min-level=500 -H:+UnlockExperimentalVMOptions -H:IncludeLocales=en-IE -H:-UnlockExperimentalVMOptions --enable-native-access=ALL-UNNAMED -J-Dfile.encoding=UTF-8 -J--add-exports=org.graalvm.nativeimage.builder/com.oracle.svm.core.jdk=ALL-UNNAMED --features=io.quarkus.jdbc.postgresql.runtime.graal.SQLXMLFeature,io.quarkus.hibernate.validator.runtime.DisableLoggingFeature,io.quarkus.runner.Feature,io.quarkus.runtime.graal.DisableLoggingFeature,io.quarkus.runtime.graal.JVMChecksFeature,io.quarkus.hibernate.orm.runtime.graal.RegisterServicesForReflectionFeature,io.quarkus.hibernate.orm.runtime.graal.DisableLoggingFeature,org.hibernate.graalvm.internal.GraalVMStaticFeature,io.quarkus.caffeine.runtime.graal.CacheConstructorsFeature,io.quarkus.runtime.graal.SkipConsoleServiceProvidersFeature -J--add-exports=java.security.jgss/sun.security.krb5=ALL-UNNAMED -J--add-exports=java.security.jgss/sun.security.jgss=ALL-UNNAMED -J--add-opens=java.base/java.text=ALL-UNNAMED -J--add-opens=java.base/java.io=ALL-UNNAMED -J--add-opens=java.base/java.lang.invoke=ALL-UNNAMED -J--add-opens=java.base/java.util=ALL-UNNAMED -H:+UnlockExperimentalVMOptions -H:BuildOutputJSONFile=quarkus3-runner-build-output-stats.json -H:-UnlockExperimentalVMOptions -H:+UnlockExperimentalVMOptions -H:+GenerateBuildArtifactsFile -H:-UnlockExperimentalVMOptions --future-defaults=all -H:+UnlockExperimentalVMOptions -H:+AllowFoldMethods -H:-UnlockExperimentalVMOptions -J-Djava.awt.headless=true --no-fallback --link-at-build-time -H:+UnlockExperimentalVMOptions -H:+ReportExceptionStackTraces -H:-UnlockExperimentalVMOptions -H:-AddAllCharsets --enable-url-protocols=http,https -H:NativeLinkerOption=-no-pie --enable-monitoring=heapdump,threaddump -H:+UnlockExperimentalVMOptions -H:-UseServiceLoaderFeature -H:-UnlockExperimentalVMOptions -J--add-exports=org.graalvm.nativeimage/org.graalvm.nativeimage.impl=ALL-UNNAMED --exclude-config io\.netty\.netty-codec /META-INF/native-image/io\.netty/netty-codec/generated/handlers/reflect-config\.json --exclude-config io\.netty\.netty-handler /META-INF/native-image/io\.netty/netty-handler/generated/handlers/reflect-config\.json quarkus3-runner -jar quarkus3-runner.jar
Warning: Using a deprecated option --no-fallback from command line. No effect, no replacement available
Warning: Option 'FallbackThreshold' is deprecated and might be removed in a future release: It no longer has any effect, and no replacement is available. Please refer to the GraalVM release notes.
Warning: Option 'DynamicProxyConfigurationResources' is deprecated and might be removed in a future release: This can be caused by a proxy-config.json file in your META-INF directory. Consider including proxy configuration in the reflection section of reachability-metadata.json instead.. Please refer to the GraalVM release notes.
========================================================================================================================
GraalVM Native Image: Generating 'quarkus3-runner' (executable)...
========================================================================================================================
For detailed information and explanations on the build output, visit:
https://github.com/oracle/graal/blob/master/docs/reference-manual/native-image/BuildOutput.md
------------------------------------------------------------------------------------------------------------------------
[1/8] Initializing...                                                                                   (4.1s @ 0.43GiB)
 Builder configuration:
 - Java version: 25.0.1+8, vendor version: GraalVM CE 25.1.0-dev+8.1
 - Graal compiler: optimization level: 2, target machine: x86-64-v3
 - C compiler: gcc (redhat, x86_64, 15.2.1)
 - Assertions: disabled, system assertions: disabled
 - 11 user-specific feature(s):
   - io.quarkus.caffeine.runtime.graal.CacheConstructorsFeature
   - io.quarkus.hibernate.orm.runtime.graal.DisableLoggingFeature: Disables INFO logging during the analysis phase
   - io.quarkus.hibernate.orm.runtime.graal.RegisterServicesForReflectionFeature: Makes methods of reachable Hibernate services accessible through Class#getMethods()
   - io.quarkus.hibernate.validator.runtime.DisableLoggingFeature: Disables INFO logging during the analysis phase for the [org.hibernate.validator.internal.util.Version] categories
   - io.quarkus.jdbc.postgresql.runtime.graal.SQLXMLFeature
   - io.quarkus.runner.Feature: Auto-generated class by Quarkus from the existing extensions
   - io.quarkus.runtime.graal.DisableLoggingFeature: Adapts logging during the analysis phase
   - io.quarkus.runtime.graal.JVMChecksFeature
   - io.quarkus.runtime.graal.SkipConsoleServiceProvidersFeature: Skip unsupported console service providers when quarkus.native.auto-service-loader-registration is false
   - org.eclipse.angus.activation.nativeimage.AngusActivationFeature
   - org.hibernate.graalvm.internal.GraalVMStaticFeature: Hibernate ORM's static reflection registrations for GraalVM
 Image configuration:
 - Garbage collector: Serial GC (max heap size: 80% of RAM)
 - Assertions: disabled (class-specific config may apply), system assertions: disabled
------------------------------------------------------------------------------------------------------------------------
 5 experimental option(s) unlocked:
 - '-H:+AllowFoldMethods' (origin(s): command line)
 - '-H:BuildOutputJSONFile' (origin(s): command line)
 - '-H:-UseServiceLoaderFeature' (origin(s): command line)
 - '-H:+GenerateBuildArtifactsFile' (origin(s): command line)
 - '-H:AddOpens' (alternative API option(s): --add-opens java.base/java.lang=ALL-UNNAMED; origin(s): command line)
------------------------------------------------------------------------------------------------------------------------
Build resources:
 - 30.00GiB of memory (48.4% of system memory, capped at 30GiB)
 - 32 thread(s) (100.0% of 32 available processor(s), determined at start)
[2/8] Performing analysis...  [******]                                                                  (9.2s @ 2.76GiB)
   22,774 types,  29,536 fields, and 107,365 methods found reachable
    7,998 types,     169 fields, and   5,224 methods registered for reflection
       63 types,      69 fields, and      55 methods registered for JNI access
      105 resource accesses registered with 188.29KiB total size
        4 native libraries: dl, pthread, rt, z
[3/8] Building universe...                                                                              (3.0s @ 3.11GiB)
[4/8] Parsing methods...      [*]                                                                       (1.5s @ 2.54GiB)
[5/8] Inlining methods...     [****]                                                                    (0.8s @ 2.89GiB)
[6/8] Compiling methods...    [***]                                                                     (8.7s @ 2.15GiB)
[7/8] Laying out methods...   [***]                                                                     (6.0s @ 2.92GiB)
[8/8] Creating image...       [**]                                                                      (3.9s @ 3.34GiB)
  36.45MiB (41.02%) for code area:    71,869 compilation units
  46.00MiB (51.77%) for image heap:  529,547 objects and 16 resources
   6.41MiB ( 7.21%) for other data
  88.86MiB in total image size, 83.07MiB in total file size
------------------------------------------------------------------------------------------------------------------------
Top 10 origins of code area:                                Top 10 object types in image heap:
   1.54MiB java.base/sun.security.ssl                         11.66MiB byte[] for code metadata
   1.05MiB java.base/java.util                                 6.57MiB byte[] for string data
 856.33KiB o.g.n.runtime/com.oracle.svm.core.code              4.34MiB o.g.n.runtime/c.o.s.core.hub.DynamicHubCompanion
 697.42KiB java.base/com.sun.crypto.provider                   4.18MiB java.base/java.lang.String
 637.13KiB jdk.proxy4/jdk.proxy4                               3.38MiB java.base/java.lang.Class
 540.90KiB java.base/java.lang                                 1.66MiB byte[] for general heap data
 532.07KiB io.netty.buffer                                     1.44MiB byte[] for reflection metadata
 506.28KiB java.base/java.lang.invoke                          1.18MiB java.base/java.lang.Object[]
 468.03KiB org.postgresql.jdbc                               935.95KiB java.base/j.u.concurrent.ConcurrentHashMap$Node
 460.62KiB org.hibernate.query.hql.internal                  831.38KiB java.base/java.lang.reflect.Method
  28.22MiB for 989 more packages                               9.87MiB for 5225 more object types
------------------------------------------------------------------------------------------------------------------------
Recommendations:
 HEAP: Set max heap for improved and more predictable memory usage.
 CPU:  Enable more CPU features with '-march=native' for improved performance.
------------------------------------------------------------------------------------------------------------------------
                       3.0s (7.7% of total time) in 342 GCs | Peak RSS: 4.64GiB | CPU load: 15.70
------------------------------------------------------------------------------------------------------------------------
Build artifacts:
 /home/zakkak/spring-quarkus-perf-comparison/spring-quarkus-perf-comparison/quarkus3/target/quarkus3-native-image-source-jar/build-artifacts.json (build_info, 92B)
 /home/zakkak/spring-quarkus-perf-comparison/spring-quarkus-perf-comparison/quarkus3/target/quarkus3-native-image-source-jar/quarkus3-runner (executable, 83.07MiB)
 /home/zakkak/spring-quarkus-perf-comparison/spring-quarkus-perf-comparison/quarkus3/target/quarkus3-native-image-source-jar/quarkus3-runner-build-output-stats.json (build_info, 1.00KiB)
========================================================================================================================
Finished generating 'quarkus3-runner' in 38.4s.

The build process encountered 3 warnings.

[INFO] [io.quarkus.deployment.pkg.steps.NativeImageBuildRunner] objcopy --strip-debug quarkus3-runner
[INFO] [io.quarkus.deployment.QuarkusAugmentor] Quarkus augmentation completed in 42241ms
[INFO] ------------------------------------------------------------------------
[INFO] BUILD SUCCESS
[INFO] ------------------------------------------------------------------------
[INFO] Total time:  45.685 s
[INFO] Finished at: 2026-03-11T21:54:22+02:00
[INFO] ------------------------------------------------------------------------
21:54:23,154 [ test-runner:run-tests-983 @ target-host ] for-each: ITERATION = 0
21:54:23,163 [ test-runner:run-tests-983 @ target-host ] queue-download: ${{REPO_DIR}}/logs/measure-rss-${{RUNTIME.name}}-${{ITERATION}}.log=/home/zakkak/spring-quarkus-perf-comparison/logs/measure-rss-quarkus3-native-0.log ../../20260311/all/target-host/
21:54:23,163 [ test-runner:run-tests-983 @ target-host ] script-cmd: start-test-services
21:54:23,163 [ test-runner:run-tests-983 @ target-host ] start-test-services
21:54:34,239 [ test-runner:run-tests-983 @ target-host ] /home/zakkak/spring-quarkus-perf-comparison/spring-quarkus-perf-comparison/scripts/infra.sh -c 3 -p '4-6' -s
Using podman to start containers
-----------------------------------------
[03/11/2026 21:54:23]: Starting services
-----------------------------------------
Starting PostgreSQL database 'fruits_db'
PostgreSQL DB process: 3e19f3a03a6be09af2477fbeb2c8758dcd7338f573fce88219f7b70654f2c768
Waiting for PostgreSQL to be ready...
localhost:5432 - no response
localhost:5432 - no response
localhost:5432 - accepting connections
21:54:34,239 [ test-runner:run-tests-983 @ target-host ] script-cmd: sync-drop-fs-cache
21:54:34,239 [ test-runner:run-tests-983 @ target-host ] sync-drop-fs-cache
21:54:34,240 [ test-runner:run-tests-983 @ target-host ] read-state: true
21:54:34,240 [ test-runner:run-tests-983 @ target-host ] regex: true
21:54:34,856 [ test-runner:run-tests-983 @ target-host ] sync
21:54:34,856 [ test-runner:run-tests-983 @ target-host ] script-cmd: sync-drop-fs-cache-${{os}}
21:54:34,856 [ test-runner:run-tests-983 @ target-host ] sync-drop-fs-cache-linux
21:54:34,856 [ test-runner:run-tests-983 @ target-host ] script-cmd: sudo
21:54:34,856 [ test-runner:run-tests-983 @ target-host ] sudo
21:54:34,856 [ test-runner:run-tests-983 @ target-host ] script-cmd: sudo-${{os}}
21:54:34,856 [ test-runner:run-tests-983 @ target-host ] sudo-linux
21:54:35,716 [ test-runner:run-tests-983 @ target-host ] sudo sh -c "echo 3 > /proc/sys/vm/drop_caches"
]3008;start=97d90f2b8a9246b5b4e7f4b6cb5bd2c7;user=zakkak;hostname=blanc;machineid=f469a615e9ef4e81b7d5be080a5de373;bootid=0e917e08584a49cb891ef04366e00ace;pid=416012;pidfdid=416013;comm=sudo;targetuser=root;sessionid=c405;type=session\]3008;end=97d90f2b8a9246b5b4e7f4b6cb5bd2c7\
21:54:36,120 [ test-runner:run-tests-983 @ target-host ] taskset --cpu-list 0-3 /home/zakkak/spring-quarkus-perf-comparison/spring-quarkus-perf-comparison/quarkus3/target/quarkus3-runner  &>/home/zakkak/spring-quarkus-perf-comparison/logs/measure-rss-quarkus3-native-0.log &
[1] 416043
21:54:36,521 [ test-runner:run-tests-983 @ target-host ] APP_PID=$!
21:54:38,934 [ test-runner:run-tests-983 @ target-host ] sleep 2
21:54:39,352 [ test-runner:run-tests-983 @ target-host ] pmap -x $APP_PID | grep total | awk '{print $4}'
71128
21:54:39,352 [ test-runner:run-tests-983 @ target-host ] set-state: RSS_STARTUP 71128
21:54:39,386 [ test-runner:run-tests-983 @ target-host ] script-cmd: state-array-push
21:54:39,386 [ test-runner:run-tests-983 @ target-host ] state-array-push
21:54:39,470 [ test-runner:run-tests-983 @ target-host ] set-state: RUN.output.results.quarkus3-native.rss.startup [69.4609375]
21:54:39,903 [ test-runner:run-tests-983 @ target-host ] curl -s  http://localhost:8080/fruits > /dev/null
21:54:40,309 [ test-runner:run-tests-983 @ target-host ] pmap -x $APP_PID | grep total | awk '{print $4}'
78152
21:54:40,309 [ test-runner:run-tests-983 @ target-host ] set-state: FIRST_REQUEST 78152
21:54:40,332 [ test-runner:run-tests-983 @ target-host ] script-cmd: state-array-push
21:54:40,332 [ test-runner:run-tests-983 @ target-host ] state-array-push
21:54:40,444 [ test-runner:run-tests-983 @ target-host ] set-state: RUN.output.results.quarkus3-native.rss.firstRequest [76.3203125]
21:54:40,946 [ test-runner:run-tests-983 @ target-host ] kill -15 $APP_PID
21:54:43,349 [ test-runner:run-tests-983 @ target-host ] sleep 2
21:54:43,349 [ test-runner:run-tests-983 @ target-host ] script-cmd: stop-test-services
21:54:43,349 [ test-runner:run-tests-983 @ target-host ] stop-test-services
21:54:43,989 [ test-runner:run-tests-983 @ target-host ] /home/zakkak/spring-quarkus-perf-comparison/spring-quarkus-perf-comparison/scripts/infra.sh -d
Using podman to stop containers
-----------------------------------------
[03/11/2026 21:54:43]: Stopping services
-----------------------------------------
Stopping PostgreSQL database 'fruits_db'
fruits_db
21:54:44,075 [ test-runner:run-tests-983 @ target-host ] for-each: ITERATION = 1
21:54:44,076 [ test-runner:run-tests-983 @ target-host ] queue-download: ${{REPO_DIR}}/logs/measure-rss-${{RUNTIME.name}}-${{ITERATION}}.log=/home/zakkak/spring-quarkus-perf-comparison/logs/measure-rss-quarkus3-native-1.log ../../20260311/all/target-host/
21:54:44,077 [ test-runner:run-tests-983 @ target-host ] script-cmd: start-test-services
21:54:44,077 [ test-runner:run-tests-983 @ target-host ] start-test-services
21:54:55,169 [ test-runner:run-tests-983 @ target-host ] /home/zakkak/spring-quarkus-perf-comparison/spring-quarkus-perf-comparison/scripts/infra.sh -c 3 -p '4-6' -s
Using podman to start containers
-----------------------------------------
[03/11/2026 21:54:44]: Starting services
-----------------------------------------
Starting PostgreSQL database 'fruits_db'
PostgreSQL DB process: 37e3cd993e085df63b7435cdb1621eddb87af8575d6d9c86b81b1ffff70dd8f4
Waiting for PostgreSQL to be ready...
localhost:5432 - no response
localhost:5432 - no response
localhost:5432 - accepting connections
21:54:55,170 [ test-runner:run-tests-983 @ target-host ] script-cmd: sync-drop-fs-cache
21:54:55,170 [ test-runner:run-tests-983 @ target-host ] sync-drop-fs-cache
21:54:55,170 [ test-runner:run-tests-983 @ target-host ] read-state: true
21:54:55,170 [ test-runner:run-tests-983 @ target-host ] regex: true
21:54:55,733 [ test-runner:run-tests-983 @ target-host ] sync
21:54:55,734 [ test-runner:run-tests-983 @ target-host ] script-cmd: sync-drop-fs-cache-${{os}}
21:54:55,734 [ test-runner:run-tests-983 @ target-host ] sync-drop-fs-cache-linux
21:54:55,734 [ test-runner:run-tests-983 @ target-host ] script-cmd: sudo
21:54:55,734 [ test-runner:run-tests-983 @ target-host ] sudo
21:54:55,735 [ test-runner:run-tests-983 @ target-host ] script-cmd: sudo-${{os}}
21:54:55,735 [ test-runner:run-tests-983 @ target-host ] sudo-linux
21:54:56,513 [ test-runner:run-tests-983 @ target-host ] sudo sh -c "echo 3 > /proc/sys/vm/drop_caches"
]3008;start=da60536f069a4e75a47f25ea3eb6b4db;user=zakkak;hostname=blanc;machineid=f469a615e9ef4e81b7d5be080a5de373;bootid=0e917e08584a49cb891ef04366e00ace;pid=416479;pidfdid=416480;comm=sudo;targetuser=root;sessionid=c406;type=session\]3008;end=da60536f069a4e75a47f25ea3eb6b4db\
21:54:56,917 [ test-runner:run-tests-983 @ target-host ] taskset --cpu-list 0-3 /home/zakkak/spring-quarkus-perf-comparison/spring-quarkus-perf-comparison/quarkus3/target/quarkus3-runner  &>/home/zakkak/spring-quarkus-perf-comparison/logs/measure-rss-quarkus3-native-1.log &
[1] 416508
21:54:57,318 [ test-runner:run-tests-983 @ target-host ] APP_PID=$!
21:54:59,731 [ test-runner:run-tests-983 @ target-host ] sleep 2
21:55:00,149 [ test-runner:run-tests-983 @ target-host ] pmap -x $APP_PID | grep total | awk '{print $4}'
71164
21:55:00,149 [ test-runner:run-tests-983 @ target-host ] set-state: RSS_STARTUP 71164
21:55:00,187 [ test-runner:run-tests-983 @ target-host ] script-cmd: state-array-push
21:55:00,187 [ test-runner:run-tests-983 @ target-host ] state-array-push
21:55:00,243 [ test-runner:run-tests-983 @ target-host ] set-state: RUN.output.results.quarkus3-native.rss.startup [69.4609375,69.49609375]
21:55:00,674 [ test-runner:run-tests-983 @ target-host ] curl -s  http://localhost:8080/fruits > /dev/null
21:55:01,079 [ test-runner:run-tests-983 @ target-host ] pmap -x $APP_PID | grep total | awk '{print $4}'
78192
21:55:01,080 [ test-runner:run-tests-983 @ target-host ] set-state: FIRST_REQUEST 78192
21:55:01,108 [ test-runner:run-tests-983 @ target-host ] script-cmd: state-array-push
21:55:01,108 [ test-runner:run-tests-983 @ target-host ] state-array-push
21:55:01,171 [ test-runner:run-tests-983 @ target-host ] set-state: RUN.output.results.quarkus3-native.rss.firstRequest [76.3203125,76.359375]
21:55:01,673 [ test-runner:run-tests-983 @ target-host ] kill -15 $APP_PID
21:55:04,076 [ test-runner:run-tests-983 @ target-host ] sleep 2
21:55:04,076 [ test-runner:run-tests-983 @ target-host ] script-cmd: stop-test-services
21:55:04,076 [ test-runner:run-tests-983 @ target-host ] stop-test-services
21:55:04,715 [ test-runner:run-tests-983 @ target-host ] /home/zakkak/spring-quarkus-perf-comparison/spring-quarkus-perf-comparison/scripts/infra.sh -d
Using podman to stop containers
-----------------------------------------
[03/11/2026 21:55:04]: Stopping services
-----------------------------------------
Stopping PostgreSQL database 'fruits_db'
fruits_db
21:55:04,789 [ test-runner:run-tests-983 @ target-host ] for-each: ITERATION = 2
21:55:04,791 [ test-runner:run-tests-983 @ target-host ] queue-download: ${{REPO_DIR}}/logs/measure-rss-${{RUNTIME.name}}-${{ITERATION}}.log=/home/zakkak/spring-quarkus-perf-comparison/logs/measure-rss-quarkus3-native-2.log ../../20260311/all/target-host/
21:55:04,791 [ test-runner:run-tests-983 @ target-host ] script-cmd: start-test-services
21:55:04,791 [ test-runner:run-tests-983 @ target-host ] start-test-services
21:55:15,876 [ test-runner:run-tests-983 @ target-host ] /home/zakkak/spring-quarkus-perf-comparison/spring-quarkus-perf-comparison/scripts/infra.sh -c 3 -p '4-6' -s
Using podman to start containers
-----------------------------------------
[03/11/2026 21:55:04]: Starting services
-----------------------------------------
Starting PostgreSQL database 'fruits_db'
PostgreSQL DB process: af779825b5ab50327a2552ccd6a0a7ef722d470e63b2111d8e0e7da816677f61
Waiting for PostgreSQL to be ready...
localhost:5432 - no response
localhost:5432 - no response
localhost:5432 - accepting connections
21:55:15,876 [ test-runner:run-tests-983 @ target-host ] script-cmd: sync-drop-fs-cache
21:55:15,876 [ test-runner:run-tests-983 @ target-host ] sync-drop-fs-cache
21:55:15,876 [ test-runner:run-tests-983 @ target-host ] read-state: true
21:55:15,876 [ test-runner:run-tests-983 @ target-host ] regex: true
21:55:16,482 [ test-runner:run-tests-983 @ target-host ] sync
21:55:16,483 [ test-runner:run-tests-983 @ target-host ] script-cmd: sync-drop-fs-cache-${{os}}
21:55:16,483 [ test-runner:run-tests-983 @ target-host ] sync-drop-fs-cache-linux
21:55:16,483 [ test-runner:run-tests-983 @ target-host ] script-cmd: sudo
21:55:16,483 [ test-runner:run-tests-983 @ target-host ] sudo
21:55:16,483 [ test-runner:run-tests-983 @ target-host ] script-cmd: sudo-${{os}}
21:55:16,483 [ test-runner:run-tests-983 @ target-host ] sudo-linux
21:55:17,268 [ test-runner:run-tests-983 @ target-host ] sudo sh -c "echo 3 > /proc/sys/vm/drop_caches"
]3008;start=70d753b1fe4245548b9a92e8d8a55889;user=zakkak;hostname=blanc;machineid=f469a615e9ef4e81b7d5be080a5de373;bootid=0e917e08584a49cb891ef04366e00ace;pid=416931;pidfdid=416932;comm=sudo;targetuser=root;sessionid=c407;type=session\]3008;end=70d753b1fe4245548b9a92e8d8a55889\
21:55:17,671 [ test-runner:run-tests-983 @ target-host ] taskset --cpu-list 0-3 /home/zakkak/spring-quarkus-perf-comparison/spring-quarkus-perf-comparison/quarkus3/target/quarkus3-runner  &>/home/zakkak/spring-quarkus-perf-comparison/logs/measure-rss-quarkus3-native-2.log &
[1] 416958
21:55:18,072 [ test-runner:run-tests-983 @ target-host ] APP_PID=$!
21:55:20,485 [ test-runner:run-tests-983 @ target-host ] sleep 2
21:55:20,903 [ test-runner:run-tests-983 @ target-host ] pmap -x $APP_PID | grep total | awk '{print $4}'
71036
21:55:20,903 [ test-runner:run-tests-983 @ target-host ] set-state: RSS_STARTUP 71036
21:55:20,928 [ test-runner:run-tests-983 @ target-host ] script-cmd: state-array-push
21:55:20,928 [ test-runner:run-tests-983 @ target-host ] state-array-push
21:55:20,965 [ test-runner:run-tests-983 @ target-host ] set-state: RUN.output.results.quarkus3-native.rss.startup [69.4609375,69.49609375,69.37109375]
21:55:21,396 [ test-runner:run-tests-983 @ target-host ] curl -s  http://localhost:8080/fruits > /dev/null
21:55:21,801 [ test-runner:run-tests-983 @ target-host ] pmap -x $APP_PID | grep total | awk '{print $4}'
78060
21:55:21,801 [ test-runner:run-tests-983 @ target-host ] set-state: FIRST_REQUEST 78060
21:55:21,819 [ test-runner:run-tests-983 @ target-host ] script-cmd: state-array-push
21:55:21,819 [ test-runner:run-tests-983 @ target-host ] state-array-push
21:55:21,854 [ test-runner:run-tests-983 @ target-host ] set-state: RUN.output.results.quarkus3-native.rss.firstRequest [76.3203125,76.359375,76.23046875]
21:55:22,365 [ test-runner:run-tests-983 @ target-host ] kill -15 $APP_PID
21:55:24,767 [ test-runner:run-tests-983 @ target-host ] sleep 2
21:55:24,767 [ test-runner:run-tests-983 @ target-host ] script-cmd: stop-test-services
21:55:24,768 [ test-runner:run-tests-983 @ target-host ] stop-test-services
21:55:25,417 [ test-runner:run-tests-983 @ target-host ] /home/zakkak/spring-quarkus-perf-comparison/spring-quarkus-perf-comparison/scripts/infra.sh -d
Using podman to stop containers
-----------------------------------------
[03/11/2026 21:55:24]: Stopping services
-----------------------------------------
Stopping PostgreSQL database 'fruits_db'
fruits_db
21:55:25,471 [ test-runner:run-tests-983 @ target-host ] for-each: ITERATION = 3
21:55:25,473 [ test-runner:run-tests-983 @ target-host ] queue-download: ${{REPO_DIR}}/logs/measure-rss-${{RUNTIME.name}}-${{ITERATION}}.log=/home/zakkak/spring-quarkus-perf-comparison/logs/measure-rss-quarkus3-native-3.log ../../20260311/all/target-host/
21:55:25,473 [ test-runner:run-tests-983 @ target-host ] script-cmd: start-test-services
21:55:25,473 [ test-runner:run-tests-983 @ target-host ] start-test-services
21:55:36,564 [ test-runner:run-tests-983 @ target-host ] /home/zakkak/spring-quarkus-perf-comparison/spring-quarkus-perf-comparison/scripts/infra.sh -c 3 -p '4-6' -s
Using podman to start containers
-----------------------------------------
[03/11/2026 21:55:25]: Starting services
-----------------------------------------
Starting PostgreSQL database 'fruits_db'
PostgreSQL DB process: e9788ea78741f8eef1c7863bdd4b2b8809f6cf89edbb81c0246fc083d193ecd9
Waiting for PostgreSQL to be ready...
localhost:5432 - no response
localhost:5432 - no response
localhost:5432 - accepting connections
21:55:36,564 [ test-runner:run-tests-983 @ target-host ] script-cmd: sync-drop-fs-cache
21:55:36,564 [ test-runner:run-tests-983 @ target-host ] sync-drop-fs-cache
21:55:36,565 [ test-runner:run-tests-983 @ target-host ] read-state: true
21:55:36,565 [ test-runner:run-tests-983 @ target-host ] regex: true
21:55:37,132 [ test-runner:run-tests-983 @ target-host ] sync
21:55:37,133 [ test-runner:run-tests-983 @ target-host ] script-cmd: sync-drop-fs-cache-${{os}}
21:55:37,133 [ test-runner:run-tests-983 @ target-host ] sync-drop-fs-cache-linux
21:55:37,133 [ test-runner:run-tests-983 @ target-host ] script-cmd: sudo
21:55:37,133 [ test-runner:run-tests-983 @ target-host ] sudo
21:55:37,133 [ test-runner:run-tests-983 @ target-host ] script-cmd: sudo-${{os}}
21:55:37,133 [ test-runner:run-tests-983 @ target-host ] sudo-linux
21:55:37,909 [ test-runner:run-tests-983 @ target-host ] sudo sh -c "echo 3 > /proc/sys/vm/drop_caches"
]3008;start=9ba8779a4cf3408f943957cb9ab15faa;user=zakkak;hostname=blanc;machineid=f469a615e9ef4e81b7d5be080a5de373;bootid=0e917e08584a49cb891ef04366e00ace;pid=417385;pidfdid=417386;comm=sudo;targetuser=root;sessionid=c408;type=session\]3008;end=9ba8779a4cf3408f943957cb9ab15faa\
21:55:38,321 [ test-runner:run-tests-983 @ target-host ] taskset --cpu-list 0-3 /home/zakkak/spring-quarkus-perf-comparison/spring-quarkus-perf-comparison/quarkus3/target/quarkus3-runner  &>/home/zakkak/spring-quarkus-perf-comparison/logs/measure-rss-quarkus3-native-3.log &
[1] 417412
21:55:38,722 [ test-runner:run-tests-983 @ target-host ] APP_PID=$!
21:55:41,135 [ test-runner:run-tests-983 @ target-host ] sleep 2
21:55:41,553 [ test-runner:run-tests-983 @ target-host ] pmap -x $APP_PID | grep total | awk '{print $4}'
71152
21:55:41,553 [ test-runner:run-tests-983 @ target-host ] set-state: RSS_STARTUP 71152
21:55:41,581 [ test-runner:run-tests-983 @ target-host ] script-cmd: state-array-push
21:55:41,581 [ test-runner:run-tests-983 @ target-host ] state-array-push
21:55:41,618 [ test-runner:run-tests-983 @ target-host ] set-state: RUN.output.results.quarkus3-native.rss.startup [69.4609375,69.49609375,69.37109375,69.484375]
21:55:42,049 [ test-runner:run-tests-983 @ target-host ] curl -s  http://localhost:8080/fruits > /dev/null
21:55:42,455 [ test-runner:run-tests-983 @ target-host ] pmap -x $APP_PID | grep total | awk '{print $4}'
78176
21:55:42,455 [ test-runner:run-tests-983 @ target-host ] set-state: FIRST_REQUEST 78176
21:55:42,473 [ test-runner:run-tests-983 @ target-host ] script-cmd: state-array-push
21:55:42,473 [ test-runner:run-tests-983 @ target-host ] state-array-push
21:55:42,518 [ test-runner:run-tests-983 @ target-host ] set-state: RUN.output.results.quarkus3-native.rss.firstRequest [76.3203125,76.359375,76.23046875,76.34375]
21:55:43,020 [ test-runner:run-tests-983 @ target-host ] kill -15 $APP_PID
21:55:45,423 [ test-runner:run-tests-983 @ target-host ] sleep 2
21:55:45,423 [ test-runner:run-tests-983 @ target-host ] script-cmd: stop-test-services
21:55:45,423 [ test-runner:run-tests-983 @ target-host ] stop-test-services
21:55:46,073 [ test-runner:run-tests-983 @ target-host ] /home/zakkak/spring-quarkus-perf-comparison/spring-quarkus-perf-comparison/scripts/infra.sh -d
Using podman to stop containers
-----------------------------------------
[03/11/2026 21:55:45]: Stopping services
-----------------------------------------
Stopping PostgreSQL database 'fruits_db'
fruits_db
21:55:46,132 [ test-runner:run-tests-983 @ target-host ] for-each: ITERATION = 4
21:55:46,133 [ test-runner:run-tests-983 @ target-host ] queue-download: ${{REPO_DIR}}/logs/measure-rss-${{RUNTIME.name}}-${{ITERATION}}.log=/home/zakkak/spring-quarkus-perf-comparison/logs/measure-rss-quarkus3-native-4.log ../../20260311/all/target-host/
21:55:46,133 [ test-runner:run-tests-983 @ target-host ] script-cmd: start-test-services
21:55:46,134 [ test-runner:run-tests-983 @ target-host ] start-test-services
21:55:57,265 [ test-runner:run-tests-983 @ target-host ] /home/zakkak/spring-quarkus-perf-comparison/spring-quarkus-perf-comparison/scripts/infra.sh -c 3 -p '4-6' -s
Using podman to start containers
-----------------------------------------
[03/11/2026 21:55:46]: Starting services
-----------------------------------------
Starting PostgreSQL database 'fruits_db'
PostgreSQL DB process: cd6c3e9587134a6ef2f0bba21c3615ea6f6fb7f15dc5d6536ea3a14fdee3a36d
Waiting for PostgreSQL to be ready...
localhost:5432 - no response
localhost:5432 - no response
localhost:5432 - accepting connections
21:55:57,265 [ test-runner:run-tests-983 @ target-host ] script-cmd: sync-drop-fs-cache
21:55:57,265 [ test-runner:run-tests-983 @ target-host ] sync-drop-fs-cache
21:55:57,265 [ test-runner:run-tests-983 @ target-host ] read-state: true
21:55:57,265 [ test-runner:run-tests-983 @ target-host ] regex: true
21:55:57,868 [ test-runner:run-tests-983 @ target-host ] sync
21:55:57,869 [ test-runner:run-tests-983 @ target-host ] script-cmd: sync-drop-fs-cache-${{os}}
21:55:57,869 [ test-runner:run-tests-983 @ target-host ] sync-drop-fs-cache-linux
21:55:57,869 [ test-runner:run-tests-983 @ target-host ] script-cmd: sudo
21:55:57,869 [ test-runner:run-tests-983 @ target-host ] sudo
21:55:57,869 [ test-runner:run-tests-983 @ target-host ] script-cmd: sudo-${{os}}
21:55:57,869 [ test-runner:run-tests-983 @ target-host ] sudo-linux
21:55:58,647 [ test-runner:run-tests-983 @ target-host ] sudo sh -c "echo 3 > /proc/sys/vm/drop_caches"
]3008;start=0b1d7548837140e1833ebd3a9e2dbb7c;user=zakkak;hostname=blanc;machineid=f469a615e9ef4e81b7d5be080a5de373;bootid=0e917e08584a49cb891ef04366e00ace;pid=417847;pidfdid=417848;comm=sudo;targetuser=root;sessionid=c409;type=session\]3008;end=0b1d7548837140e1833ebd3a9e2dbb7c\
21:55:59,049 [ test-runner:run-tests-983 @ target-host ] taskset --cpu-list 0-3 /home/zakkak/spring-quarkus-perf-comparison/spring-quarkus-perf-comparison/quarkus3/target/quarkus3-runner  &>/home/zakkak/spring-quarkus-perf-comparison/logs/measure-rss-quarkus3-native-4.log &
[1] 417876
21:55:59,451 [ test-runner:run-tests-983 @ target-host ] APP_PID=$!
21:56:01,865 [ test-runner:run-tests-983 @ target-host ] sleep 2
21:56:02,282 [ test-runner:run-tests-983 @ target-host ] pmap -x $APP_PID | grep total | awk '{print $4}'
71064
21:56:02,283 [ test-runner:run-tests-983 @ target-host ] set-state: RSS_STARTUP 71064
21:56:02,311 [ test-runner:run-tests-983 @ target-host ] script-cmd: state-array-push
21:56:02,311 [ test-runner:run-tests-983 @ target-host ] state-array-push
21:56:02,348 [ test-runner:run-tests-983 @ target-host ] set-state: RUN.output.results.quarkus3-native.rss.startup [69.4609375,69.49609375,69.37109375,69.484375,69.3984375]
21:56:02,780 [ test-runner:run-tests-983 @ target-host ] curl -s  http://localhost:8080/fruits > /dev/null
21:56:03,185 [ test-runner:run-tests-983 @ target-host ] pmap -x $APP_PID | grep total | awk '{print $4}'
78088
21:56:03,185 [ test-runner:run-tests-983 @ target-host ] set-state: FIRST_REQUEST 78088
21:56:03,208 [ test-runner:run-tests-983 @ target-host ] script-cmd: state-array-push
21:56:03,208 [ test-runner:run-tests-983 @ target-host ] state-array-push
21:56:03,244 [ test-runner:run-tests-983 @ target-host ] set-state: RUN.output.results.quarkus3-native.rss.firstRequest [76.3203125,76.359375,76.23046875,76.34375,76.2578125]
21:56:03,746 [ test-runner:run-tests-983 @ target-host ] kill -15 $APP_PID
21:56:06,148 [ test-runner:run-tests-983 @ target-host ] sleep 2
21:56:06,148 [ test-runner:run-tests-983 @ target-host ] script-cmd: stop-test-services
21:56:06,149 [ test-runner:run-tests-983 @ target-host ] stop-test-services
21:56:06,802 [ test-runner:run-tests-983 @ target-host ] /home/zakkak/spring-quarkus-perf-comparison/spring-quarkus-perf-comparison/scripts/infra.sh -d
Using podman to stop containers
-----------------------------------------
[03/11/2026 21:56:06]: Stopping services
-----------------------------------------
Stopping PostgreSQL database 'fruits_db'
fruits_db
21:56:06,867 [ test-runner:run-tests-983 @ target-host ] for-each: ITERATION = 5
21:56:06,871 [ test-runner:run-tests-983 @ target-host ] queue-download: ${{REPO_DIR}}/logs/measure-rss-${{RUNTIME.name}}-${{ITERATION}}.log=/home/zakkak/spring-quarkus-perf-comparison/logs/measure-rss-quarkus3-native-5.log ../../20260311/all/target-host/
21:56:06,871 [ test-runner:run-tests-983 @ target-host ] script-cmd: start-test-services
21:56:06,871 [ test-runner:run-tests-983 @ target-host ] start-test-services
21:56:17,950 [ test-runner:run-tests-983 @ target-host ] /home/zakkak/spring-quarkus-perf-comparison/spring-quarkus-perf-comparison/scripts/infra.sh -c 3 -p '4-6' -s
Using podman to start containers
-----------------------------------------
[03/11/2026 21:56:06]: Starting services
-----------------------------------------
Starting PostgreSQL database 'fruits_db'
PostgreSQL DB process: adc300e2feba82508e06456fc9d70da72197c35bf1bdc26ce9ee0bf2d71f0b27
Waiting for PostgreSQL to be ready...
localhost:5432 - no response
localhost:5432 - no response
localhost:5432 - accepting connections
21:56:17,950 [ test-runner:run-tests-983 @ target-host ] script-cmd: sync-drop-fs-cache
21:56:17,950 [ test-runner:run-tests-983 @ target-host ] sync-drop-fs-cache
21:56:17,951 [ test-runner:run-tests-983 @ target-host ] read-state: true
21:56:17,951 [ test-runner:run-tests-983 @ target-host ] regex: true
21:56:18,509 [ test-runner:run-tests-983 @ target-host ] sync
21:56:18,509 [ test-runner:run-tests-983 @ target-host ] script-cmd: sync-drop-fs-cache-${{os}}
21:56:18,509 [ test-runner:run-tests-983 @ target-host ] sync-drop-fs-cache-linux
21:56:18,510 [ test-runner:run-tests-983 @ target-host ] script-cmd: sudo
21:56:18,510 [ test-runner:run-tests-983 @ target-host ] sudo
21:56:18,510 [ test-runner:run-tests-983 @ target-host ] script-cmd: sudo-${{os}}
21:56:18,510 [ test-runner:run-tests-983 @ target-host ] sudo-linux
21:56:19,276 [ test-runner:run-tests-983 @ target-host ] sudo sh -c "echo 3 > /proc/sys/vm/drop_caches"
]3008;start=5a6f9a1d2a1142f1aee8f79465ce664d;user=zakkak;hostname=blanc;machineid=f469a615e9ef4e81b7d5be080a5de373;bootid=0e917e08584a49cb891ef04366e00ace;pid=418302;pidfdid=418303;comm=sudo;targetuser=root;sessionid=c410;type=session\]3008;end=5a6f9a1d2a1142f1aee8f79465ce664d\
21:56:19,679 [ test-runner:run-tests-983 @ target-host ] taskset --cpu-list 0-3 /home/zakkak/spring-quarkus-perf-comparison/spring-quarkus-perf-comparison/quarkus3/target/quarkus3-runner  &>/home/zakkak/spring-quarkus-perf-comparison/logs/measure-rss-quarkus3-native-5.log &
[1] 418329
21:56:20,081 [ test-runner:run-tests-983 @ target-host ] APP_PID=$!
21:56:22,496 [ test-runner:run-tests-983 @ target-host ] sleep 2
21:56:22,915 [ test-runner:run-tests-983 @ target-host ] pmap -x $APP_PID | grep total | awk '{print $4}'
71136
21:56:22,915 [ test-runner:run-tests-983 @ target-host ] set-state: RSS_STARTUP 71136
21:56:22,944 [ test-runner:run-tests-983 @ target-host ] script-cmd: state-array-push
21:56:22,944 [ test-runner:run-tests-983 @ target-host ] state-array-push
21:56:22,981 [ test-runner:run-tests-983 @ target-host ] set-state: RUN.output.results.quarkus3-native.rss.startup [69.4609375,69.49609375,69.37109375,69.484375,69.3984375,69.46875]
21:56:23,419 [ test-runner:run-tests-983 @ target-host ] curl -s  http://localhost:8080/fruits > /dev/null
21:56:23,825 [ test-runner:run-tests-983 @ target-host ] pmap -x $APP_PID | grep total | awk '{print $4}'
78156
21:56:23,825 [ test-runner:run-tests-983 @ target-host ] set-state: FIRST_REQUEST 78156
21:56:23,843 [ test-runner:run-tests-983 @ target-host ] script-cmd: state-array-push
21:56:23,843 [ test-runner:run-tests-983 @ target-host ] state-array-push
21:56:23,881 [ test-runner:run-tests-983 @ target-host ] set-state: RUN.output.results.quarkus3-native.rss.firstRequest [76.3203125,76.359375,76.23046875,76.34375,76.2578125,76.32421875]
21:56:24,382 [ test-runner:run-tests-983 @ target-host ] kill -15 $APP_PID
21:56:26,785 [ test-runner:run-tests-983 @ target-host ] sleep 2
21:56:26,785 [ test-runner:run-tests-983 @ target-host ] script-cmd: stop-test-services
21:56:26,785 [ test-runner:run-tests-983 @ target-host ] stop-test-services
21:56:27,444 [ test-runner:run-tests-983 @ target-host ] /home/zakkak/spring-quarkus-perf-comparison/spring-quarkus-perf-comparison/scripts/infra.sh -d
Using podman to stop containers
-----------------------------------------
[03/11/2026 21:56:26]: Stopping services
-----------------------------------------
Stopping PostgreSQL database 'fruits_db'
fruits_db
21:56:27,498 [ test-runner:run-tests-983 @ target-host ] for-each: ITERATION = 6
21:56:27,500 [ test-runner:run-tests-983 @ target-host ] queue-download: ${{REPO_DIR}}/logs/measure-rss-${{RUNTIME.name}}-${{ITERATION}}.log=/home/zakkak/spring-quarkus-perf-comparison/logs/measure-rss-quarkus3-native-6.log ../../20260311/all/target-host/
21:56:27,500 [ test-runner:run-tests-983 @ target-host ] script-cmd: start-test-services
21:56:27,500 [ test-runner:run-tests-983 @ target-host ] start-test-services
21:56:38,580 [ test-runner:run-tests-983 @ target-host ] /home/zakkak/spring-quarkus-perf-comparison/spring-quarkus-perf-comparison/scripts/infra.sh -c 3 -p '4-6' -s
Using podman to start containers
-----------------------------------------
[03/11/2026 21:56:27]: Starting services
-----------------------------------------
Starting PostgreSQL database 'fruits_db'
PostgreSQL DB process: 38d3fb156e84f3ba5cf98ff864da7ad585bf3568c5e555f73867e5d6a8dd0cf5
Waiting for PostgreSQL to be ready...
localhost:5432 - no response
localhost:5432 - no response
localhost:5432 - accepting connections
21:56:38,580 [ test-runner:run-tests-983 @ target-host ] script-cmd: sync-drop-fs-cache
21:56:38,580 [ test-runner:run-tests-983 @ target-host ] sync-drop-fs-cache
21:56:38,581 [ test-runner:run-tests-983 @ target-host ] read-state: true
21:56:38,581 [ test-runner:run-tests-983 @ target-host ] regex: true
21:56:39,171 [ test-runner:run-tests-983 @ target-host ] sync
21:56:39,171 [ test-runner:run-tests-983 @ target-host ] script-cmd: sync-drop-fs-cache-${{os}}
21:56:39,171 [ test-runner:run-tests-983 @ target-host ] sync-drop-fs-cache-linux
21:56:39,171 [ test-runner:run-tests-983 @ target-host ] script-cmd: sudo
21:56:39,171 [ test-runner:run-tests-983 @ target-host ] sudo
21:56:39,171 [ test-runner:run-tests-983 @ target-host ] script-cmd: sudo-${{os}}
21:56:39,171 [ test-runner:run-tests-983 @ target-host ] sudo-linux
21:56:39,952 [ test-runner:run-tests-983 @ target-host ] sudo sh -c "echo 3 > /proc/sys/vm/drop_caches"
]3008;start=7dd8b21836a14dc1884718caab2808cc;user=zakkak;hostname=blanc;machineid=f469a615e9ef4e81b7d5be080a5de373;bootid=0e917e08584a49cb891ef04366e00ace;pid=418764;pidfdid=418765;comm=sudo;targetuser=root;sessionid=c411;type=session\]3008;end=7dd8b21836a14dc1884718caab2808cc\
21:56:40,363 [ test-runner:run-tests-983 @ target-host ] taskset --cpu-list 0-3 /home/zakkak/spring-quarkus-perf-comparison/spring-quarkus-perf-comparison/quarkus3/target/quarkus3-runner  &>/home/zakkak/spring-quarkus-perf-comparison/logs/measure-rss-quarkus3-native-6.log &
[1] 418796
21:56:40,765 [ test-runner:run-tests-983 @ target-host ] APP_PID=$!
21:56:43,178 [ test-runner:run-tests-983 @ target-host ] sleep 2
21:56:43,595 [ test-runner:run-tests-983 @ target-host ] pmap -x $APP_PID | grep total | awk '{print $4}'
71168
21:56:43,596 [ test-runner:run-tests-983 @ target-host ] set-state: RSS_STARTUP 71168
21:56:43,632 [ test-runner:run-tests-983 @ target-host ] script-cmd: state-array-push
21:56:43,633 [ test-runner:run-tests-983 @ target-host ] state-array-push
21:56:43,668 [ test-runner:run-tests-983 @ target-host ] set-state: RUN.output.results.quarkus3-native.rss.startup [69.4609375,69.49609375,69.37109375,69.484375,69.3984375,69.46875,69.5]
21:56:44,100 [ test-runner:run-tests-983 @ target-host ] curl -s  http://localhost:8080/fruits > /dev/null
21:56:44,505 [ test-runner:run-tests-983 @ target-host ] pmap -x $APP_PID | grep total | awk '{print $4}'
78192
21:56:44,506 [ test-runner:run-tests-983 @ target-host ] set-state: FIRST_REQUEST 78192
21:56:44,526 [ test-runner:run-tests-983 @ target-host ] script-cmd: state-array-push
21:56:44,526 [ test-runner:run-tests-983 @ target-host ] state-array-push
21:56:44,564 [ test-runner:run-tests-983 @ target-host ] set-state: RUN.output.results.quarkus3-native.rss.firstRequest [76.3203125,76.359375,76.23046875,76.34375,76.2578125,76.32421875,76.359375]
21:56:45,066 [ test-runner:run-tests-983 @ target-host ] kill -15 $APP_PID
21:56:47,469 [ test-runner:run-tests-983 @ target-host ] sleep 2
21:56:47,469 [ test-runner:run-tests-983 @ target-host ] script-cmd: stop-test-services
21:56:47,469 [ test-runner:run-tests-983 @ target-host ] stop-test-services
21:56:48,122 [ test-runner:run-tests-983 @ target-host ] /home/zakkak/spring-quarkus-perf-comparison/spring-quarkus-perf-comparison/scripts/infra.sh -d
Using podman to stop containers
-----------------------------------------
[03/11/2026 21:56:47]: Stopping services
-----------------------------------------
Stopping PostgreSQL database 'fruits_db'
fruits_db
21:56:48,177 [ test-runner:run-tests-983 @ target-host ] for-each: ITERATION = 7
21:56:48,186 [ test-runner:run-tests-983 @ target-host ] queue-download: ${{REPO_DIR}}/logs/measure-rss-${{RUNTIME.name}}-${{ITERATION}}.log=/home/zakkak/spring-quarkus-perf-comparison/logs/measure-rss-quarkus3-native-7.log ../../20260311/all/target-host/
21:56:48,186 [ test-runner:run-tests-983 @ target-host ] script-cmd: start-test-services
21:56:48,186 [ test-runner:run-tests-983 @ target-host ] start-test-services
21:56:59,273 [ test-runner:run-tests-983 @ target-host ] /home/zakkak/spring-quarkus-perf-comparison/spring-quarkus-perf-comparison/scripts/infra.sh -c 3 -p '4-6' -s
Using podman to start containers
-----------------------------------------
[03/11/2026 21:56:48]: Starting services
-----------------------------------------
Starting PostgreSQL database 'fruits_db'
PostgreSQL DB process: bdad47361683343f0193491525559a0572e10351e139077b38aac0fd4b0c0366
Waiting for PostgreSQL to be ready...
localhost:5432 - no response
localhost:5432 - no response
localhost:5432 - accepting connections
21:56:59,273 [ test-runner:run-tests-983 @ target-host ] script-cmd: sync-drop-fs-cache
21:56:59,273 [ test-runner:run-tests-983 @ target-host ] sync-drop-fs-cache
21:56:59,273 [ test-runner:run-tests-983 @ target-host ] read-state: true
21:56:59,273 [ test-runner:run-tests-983 @ target-host ] regex: true
21:56:59,826 [ test-runner:run-tests-983 @ target-host ] sync
21:56:59,826 [ test-runner:run-tests-983 @ target-host ] script-cmd: sync-drop-fs-cache-${{os}}
21:56:59,826 [ test-runner:run-tests-983 @ target-host ] sync-drop-fs-cache-linux
21:56:59,826 [ test-runner:run-tests-983 @ target-host ] script-cmd: sudo
21:56:59,826 [ test-runner:run-tests-983 @ target-host ] sudo
21:56:59,826 [ test-runner:run-tests-983 @ target-host ] script-cmd: sudo-${{os}}
21:56:59,827 [ test-runner:run-tests-983 @ target-host ] sudo-linux
21:57:00,600 [ test-runner:run-tests-983 @ target-host ] sudo sh -c "echo 3 > /proc/sys/vm/drop_caches"
]3008;start=5e8fc15670bc4c32bcb6c4cc765b3bbd;user=zakkak;hostname=blanc;machineid=f469a615e9ef4e81b7d5be080a5de373;bootid=0e917e08584a49cb891ef04366e00ace;pid=419228;pidfdid=419229;comm=sudo;targetuser=root;sessionid=c412;type=session\]3008;end=5e8fc15670bc4c32bcb6c4cc765b3bbd\
21:57:01,005 [ test-runner:run-tests-983 @ target-host ] taskset --cpu-list 0-3 /home/zakkak/spring-quarkus-perf-comparison/spring-quarkus-perf-comparison/quarkus3/target/quarkus3-runner  &>/home/zakkak/spring-quarkus-perf-comparison/logs/measure-rss-quarkus3-native-7.log &
[1] 419258
21:57:01,406 [ test-runner:run-tests-983 @ target-host ] APP_PID=$!
21:57:03,811 [ test-runner:run-tests-983 @ target-host ] sleep 2
21:57:04,229 [ test-runner:run-tests-983 @ target-host ] pmap -x $APP_PID | grep total | awk '{print $4}'
71168
21:57:04,230 [ test-runner:run-tests-983 @ target-host ] set-state: RSS_STARTUP 71168
21:57:04,258 [ test-runner:run-tests-983 @ target-host ] script-cmd: state-array-push
21:57:04,259 [ test-runner:run-tests-983 @ target-host ] state-array-push
21:57:04,305 [ test-runner:run-tests-983 @ target-host ] set-state: RUN.output.results.quarkus3-native.rss.startup [69.4609375,69.49609375,69.37109375,69.484375,69.3984375,69.46875,69.5,69.5]
21:57:04,737 [ test-runner:run-tests-983 @ target-host ] curl -s  http://localhost:8080/fruits > /dev/null
21:57:05,143 [ test-runner:run-tests-983 @ target-host ] pmap -x $APP_PID | grep total | awk '{print $4}'
78192
21:57:05,143 [ test-runner:run-tests-983 @ target-host ] set-state: FIRST_REQUEST 78192
21:57:05,162 [ test-runner:run-tests-983 @ target-host ] script-cmd: state-array-push
21:57:05,162 [ test-runner:run-tests-983 @ target-host ] state-array-push
21:57:05,197 [ test-runner:run-tests-983 @ target-host ] set-state: RUN.output.results.quarkus3-native.rss.firstRequest [76.3203125,76.359375,76.23046875,76.34375,76.2578125,76.32421875,76.359375,76.359375]
21:57:05,699 [ test-runner:run-tests-983 @ target-host ] kill -15 $APP_PID
21:57:08,102 [ test-runner:run-tests-983 @ target-host ] sleep 2
21:57:08,102 [ test-runner:run-tests-983 @ target-host ] script-cmd: stop-test-services
21:57:08,102 [ test-runner:run-tests-983 @ target-host ] stop-test-services
21:57:08,755 [ test-runner:run-tests-983 @ target-host ] /home/zakkak/spring-quarkus-perf-comparison/spring-quarkus-perf-comparison/scripts/infra.sh -d
Using podman to stop containers
-----------------------------------------
[03/11/2026 21:57:08]: Stopping services
-----------------------------------------
Stopping PostgreSQL database 'fruits_db'
fruits_db
21:57:08,813 [ test-runner:run-tests-983 @ target-host ] for-each: ITERATION = 8
21:57:08,822 [ test-runner:run-tests-983 @ target-host ] queue-download: ${{REPO_DIR}}/logs/measure-rss-${{RUNTIME.name}}-${{ITERATION}}.log=/home/zakkak/spring-quarkus-perf-comparison/logs/measure-rss-quarkus3-native-8.log ../../20260311/all/target-host/
21:57:08,822 [ test-runner:run-tests-983 @ target-host ] script-cmd: start-test-services
21:57:08,822 [ test-runner:run-tests-983 @ target-host ] start-test-services
21:57:19,911 [ test-runner:run-tests-983 @ target-host ] /home/zakkak/spring-quarkus-perf-comparison/spring-quarkus-perf-comparison/scripts/infra.sh -c 3 -p '4-6' -s
Using podman to start containers
-----------------------------------------
[03/11/2026 21:57:08]: Starting services
-----------------------------------------
Starting PostgreSQL database 'fruits_db'
PostgreSQL DB process: 023e23e443e5697ccc854969d31a9e742a13eb0cc4ef41b1446f8c5e21b6f270
Waiting for PostgreSQL to be ready...
localhost:5432 - no response
localhost:5432 - no response
localhost:5432 - accepting connections
21:57:19,912 [ test-runner:run-tests-983 @ target-host ] script-cmd: sync-drop-fs-cache
21:57:19,912 [ test-runner:run-tests-983 @ target-host ] sync-drop-fs-cache
21:57:19,912 [ test-runner:run-tests-983 @ target-host ] read-state: true
21:57:19,912 [ test-runner:run-tests-983 @ target-host ] regex: true
21:57:20,513 [ test-runner:run-tests-983 @ target-host ] sync
21:57:20,513 [ test-runner:run-tests-983 @ target-host ] script-cmd: sync-drop-fs-cache-${{os}}
21:57:20,513 [ test-runner:run-tests-983 @ target-host ] sync-drop-fs-cache-linux
21:57:20,513 [ test-runner:run-tests-983 @ target-host ] script-cmd: sudo
21:57:20,513 [ test-runner:run-tests-983 @ target-host ] sudo
21:57:20,513 [ test-runner:run-tests-983 @ target-host ] script-cmd: sudo-${{os}}
21:57:20,513 [ test-runner:run-tests-983 @ target-host ] sudo-linux
21:57:21,291 [ test-runner:run-tests-983 @ target-host ] sudo sh -c "echo 3 > /proc/sys/vm/drop_caches"
]3008;start=ab443ba9c2814542bb8572c254a6b2e3;user=zakkak;hostname=blanc;machineid=f469a615e9ef4e81b7d5be080a5de373;bootid=0e917e08584a49cb891ef04366e00ace;pid=419691;pidfdid=419692;comm=sudo;targetuser=root;sessionid=c413;type=session\]3008;end=ab443ba9c2814542bb8572c254a6b2e3\
21:57:21,694 [ test-runner:run-tests-983 @ target-host ] taskset --cpu-list 0-3 /home/zakkak/spring-quarkus-perf-comparison/spring-quarkus-perf-comparison/quarkus3/target/quarkus3-runner  &>/home/zakkak/spring-quarkus-perf-comparison/logs/measure-rss-quarkus3-native-8.log &
[1] 419718
21:57:22,095 [ test-runner:run-tests-983 @ target-host ] APP_PID=$!
21:57:24,517 [ test-runner:run-tests-983 @ target-host ] sleep 2
21:57:24,937 [ test-runner:run-tests-983 @ target-host ] pmap -x $APP_PID | grep total | awk '{print $4}'
71064
21:57:24,937 [ test-runner:run-tests-983 @ target-host ] set-state: RSS_STARTUP 71064
21:57:24,966 [ test-runner:run-tests-983 @ target-host ] script-cmd: state-array-push
21:57:24,967 [ test-runner:run-tests-983 @ target-host ] state-array-push
21:57:25,004 [ test-runner:run-tests-983 @ target-host ] set-state: RUN.output.results.quarkus3-native.rss.startup [69.4609375,69.49609375,69.37109375,69.484375,69.3984375,69.46875,69.5,69.5,69.3984375]
21:57:25,435 [ test-runner:run-tests-983 @ target-host ] curl -s  http://localhost:8080/fruits > /dev/null
21:57:25,841 [ test-runner:run-tests-983 @ target-host ] pmap -x $APP_PID | grep total | awk '{print $4}'
78088
21:57:25,841 [ test-runner:run-tests-983 @ target-host ] set-state: FIRST_REQUEST 78088
21:57:25,859 [ test-runner:run-tests-983 @ target-host ] script-cmd: state-array-push
21:57:25,859 [ test-runner:run-tests-983 @ target-host ] state-array-push
21:57:25,903 [ test-runner:run-tests-983 @ target-host ] set-state: RUN.output.results.quarkus3-native.rss.firstRequest [76.3203125,76.359375,76.23046875,76.34375,76.2578125,76.32421875,76.359375,76.359375,76.2578125]
21:57:26,405 [ test-runner:run-tests-983 @ target-host ] kill -15 $APP_PID
21:57:28,808 [ test-runner:run-tests-983 @ target-host ] sleep 2
21:57:28,808 [ test-runner:run-tests-983 @ target-host ] script-cmd: stop-test-services
21:57:28,808 [ test-runner:run-tests-983 @ target-host ] stop-test-services
21:57:29,456 [ test-runner:run-tests-983 @ target-host ] /home/zakkak/spring-quarkus-perf-comparison/spring-quarkus-perf-comparison/scripts/infra.sh -d
Using podman to stop containers
-----------------------------------------
[03/11/2026 21:57:28]: Stopping services
-----------------------------------------
Stopping PostgreSQL database 'fruits_db'
fruits_db
21:57:29,513 [ test-runner:run-tests-983 @ target-host ] for-each: ITERATION = 9
21:57:29,514 [ test-runner:run-tests-983 @ target-host ] queue-download: ${{REPO_DIR}}/logs/measure-rss-${{RUNTIME.name}}-${{ITERATION}}.log=/home/zakkak/spring-quarkus-perf-comparison/logs/measure-rss-quarkus3-native-9.log ../../20260311/all/target-host/
21:57:29,514 [ test-runner:run-tests-983 @ target-host ] script-cmd: start-test-services
21:57:29,514 [ test-runner:run-tests-983 @ target-host ] start-test-services
21:57:40,594 [ test-runner:run-tests-983 @ target-host ] /home/zakkak/spring-quarkus-perf-comparison/spring-quarkus-perf-comparison/scripts/infra.sh -c 3 -p '4-6' -s
Using podman to start containers
-----------------------------------------
[03/11/2026 21:57:29]: Starting services
-----------------------------------------
Starting PostgreSQL database 'fruits_db'
PostgreSQL DB process: 3ad12ad3c16800c1f5c5d186673cd4eb8c714221e63b32407b27a97e9d005a4e
Waiting for PostgreSQL to be ready...
localhost:5432 - no response
localhost:5432 - no response
localhost:5432 - accepting connections
21:57:40,595 [ test-runner:run-tests-983 @ target-host ] script-cmd: sync-drop-fs-cache
21:57:40,595 [ test-runner:run-tests-983 @ target-host ] sync-drop-fs-cache
21:57:40,595 [ test-runner:run-tests-983 @ target-host ] read-state: true
21:57:40,595 [ test-runner:run-tests-983 @ target-host ] regex: true
21:57:41,151 [ test-runner:run-tests-983 @ target-host ] sync
21:57:41,151 [ test-runner:run-tests-983 @ target-host ] script-cmd: sync-drop-fs-cache-${{os}}
21:57:41,151 [ test-runner:run-tests-983 @ target-host ] sync-drop-fs-cache-linux
21:57:41,151 [ test-runner:run-tests-983 @ target-host ] script-cmd: sudo
21:57:41,151 [ test-runner:run-tests-983 @ target-host ] sudo
21:57:41,152 [ test-runner:run-tests-983 @ target-host ] script-cmd: sudo-${{os}}
21:57:41,152 [ test-runner:run-tests-983 @ target-host ] sudo-linux
21:57:41,917 [ test-runner:run-tests-983 @ target-host ] sudo sh -c "echo 3 > /proc/sys/vm/drop_caches"
]3008;start=fb1456600eff49e78a55acce80ccc63b;user=zakkak;hostname=blanc;machineid=f469a615e9ef4e81b7d5be080a5de373;bootid=0e917e08584a49cb891ef04366e00ace;pid=420163;pidfdid=420164;comm=sudo;targetuser=root;sessionid=c414;type=session\]3008;end=fb1456600eff49e78a55acce80ccc63b\
21:57:42,321 [ test-runner:run-tests-983 @ target-host ] taskset --cpu-list 0-3 /home/zakkak/spring-quarkus-perf-comparison/spring-quarkus-perf-comparison/quarkus3/target/quarkus3-runner  &>/home/zakkak/spring-quarkus-perf-comparison/logs/measure-rss-quarkus3-native-9.log &
[1] 420190
21:57:42,723 [ test-runner:run-tests-983 @ target-host ] APP_PID=$!
21:57:45,136 [ test-runner:run-tests-983 @ target-host ] sleep 2
21:57:45,555 [ test-runner:run-tests-983 @ target-host ] pmap -x $APP_PID | grep total | awk '{print $4}'
71160
21:57:45,555 [ test-runner:run-tests-983 @ target-host ] set-state: RSS_STARTUP 71160
21:57:45,584 [ test-runner:run-tests-983 @ target-host ] script-cmd: state-array-push
21:57:45,584 [ test-runner:run-tests-983 @ target-host ] state-array-push
21:57:45,620 [ test-runner:run-tests-983 @ target-host ] set-state: RUN.output.results.quarkus3-native.rss.startup [69.4609375,69.49609375,69.37109375,69.484375,69.3984375,69.46875,69.5,69.5,69.3984375,69.4921875]
21:57:46,051 [ test-runner:run-tests-983 @ target-host ] curl -s  http://localhost:8080/fruits > /dev/null
21:57:46,457 [ test-runner:run-tests-983 @ target-host ] pmap -x $APP_PID | grep total | awk '{print $4}'
78184
21:57:46,457 [ test-runner:run-tests-983 @ target-host ] set-state: FIRST_REQUEST 78184
21:57:46,476 [ test-runner:run-tests-983 @ target-host ] script-cmd: state-array-push
21:57:46,476 [ test-runner:run-tests-983 @ target-host ] state-array-push
21:57:46,511 [ test-runner:run-tests-983 @ target-host ] set-state: RUN.output.results.quarkus3-native.rss.firstRequest [76.3203125,76.359375,76.23046875,76.34375,76.2578125,76.32421875,76.359375,76.359375,76.2578125,76.3515625]
21:57:47,013 [ test-runner:run-tests-983 @ target-host ] kill -15 $APP_PID
21:57:49,416 [ test-runner:run-tests-983 @ target-host ] sleep 2
21:57:49,416 [ test-runner:run-tests-983 @ target-host ] script-cmd: stop-test-services
21:57:49,416 [ test-runner:run-tests-983 @ target-host ] stop-test-services
21:57:50,082 [ test-runner:run-tests-983 @ target-host ] /home/zakkak/spring-quarkus-perf-comparison/spring-quarkus-perf-comparison/scripts/infra.sh -d
Using podman to stop containers
-----------------------------------------
[03/11/2026 21:57:49]: Stopping services
-----------------------------------------
Stopping PostgreSQL database 'fruits_db'
fruits_db
21:57:50,145 [ test-runner:run-tests-983 @ target-host ] for-each: ITERATION
21:57:50,146 [ test-runner:run-tests-983 @ target-host ] script-cmd: state-array-calc-avg
21:57:50,146 [ test-runner:run-tests-983 @ target-host ] state-array-calc-avg
21:57:50,180 [ test-runner:run-tests-983 @ target-host ] set-state: RUN.output.results.quarkus3-native.rss.avStartupRss 69.45703125
21:57:50,181 [ test-runner:run-tests-983 @ target-host ] script-cmd: state-array-calc-avg
21:57:50,181 [ test-runner:run-tests-983 @ target-host ] state-array-calc-avg
21:57:50,217 [ test-runner:run-tests-983 @ target-host ] set-state: RUN.output.results.quarkus3-native.rss.avFirstRequestRss 76.31640625
21:57:50,217 [ test-runner:run-tests-983 @ target-host ] for-each: TEST = run-load-test
21:57:50,218 [ test-runner:run-tests-983 @ target-host ] script-cmd: ${{TEST}}
21:57:50,218 [ test-runner:run-tests-983 @ target-host ] run-load-test
21:57:50,218 [ test-runner:run-tests-983 @ target-host ] Running workload
21:57:50,620 [ test-runner:run-tests-983 @ target-host ] cd /home/zakkak/spring-quarkus-perf-comparison/spring-quarkus-perf-comparison/quarkus3
21:58:35,243 [ test-runner:run-tests-983 @ target-host ] ./mvnw  clean package -DskipTests -Pnative -Dquarkus.native.additional-build-args-append=--future-defaults=all
[INFO] Scanning for projects...
[WARNING] Quarkus Maven extension: an explicit 'argLine' is defined in maven-surefire-plugin config, but does not contain '@{argLine}': we will not be able to inject JVM parameters automatically. Please add '@{argLine}' to the argLine configuration you have defined.
[INFO] 
[INFO] -------------------------< org.acme:quarkus3 >--------------------------
[INFO] Building quarkus3 1.0
[INFO]   from pom.xml
[INFO] ------------------------------[ quarkus ]-------------------------------
[INFO] 
[INFO] --- clean:3.2.0:clean (default-clean) @ quarkus3 ---
[INFO] Deleting /home/zakkak/spring-quarkus-perf-comparison/spring-quarkus-perf-comparison/quarkus3/target
[INFO] 
[INFO] --- resources:3.3.1:resources (default-resources) @ quarkus3 ---
[WARNING] Using platform encoding (UTF-8 actually) to copy filtered resources, i.e. build is platform dependent!
[INFO] Copying 2 resources from src/main/resources to target/classes
[INFO] 
[INFO] --- quarkus:3.32.2:generate-code (default-generate-code) @ quarkus3 ---
[INFO] 
[INFO] --- compiler:3.15.0:compile (default-compile) @ quarkus3 ---
[INFO] Recompiling the module because of changed source code.
[WARNING] File encoding has not been set, using platform encoding UTF-8, i.e. build is platform dependent!
[INFO] Compiling 16 source files with javac [debug release 21] to target/classes
[INFO] 
[INFO] --- resources:3.3.1:testResources (default-testResources) @ quarkus3 ---
[WARNING] Using platform encoding (UTF-8 actually) to copy filtered resources, i.e. build is platform dependent!
[INFO] skip non existing resourceDirectory /home/zakkak/spring-quarkus-perf-comparison/spring-quarkus-perf-comparison/quarkus3/src/test/resources
[INFO] 
[INFO] --- quarkus:3.32.2:generate-code-tests (default-generate-code-tests) @ quarkus3 ---
[INFO] 
[INFO] --- compiler:3.15.0:testCompile (default-testCompile) @ quarkus3 ---
[INFO] Recompiling the module because of changed dependency.
[WARNING] File encoding has not been set, using platform encoding UTF-8, i.e. build is platform dependent!
[INFO] Compiling 4 source files with javac [debug release 21] to target/test-classes
[INFO] 
[INFO] --- surefire:3.5.5:test (default-test) @ quarkus3 ---
[INFO] Tests are skipped.
[INFO] 
[INFO] --- quarkus:3.32.2:build (default-build) @ quarkus3 ---
[INFO] [io.quarkus.deployment.pkg.jar.NativeImageSourceJarBuilder] Building native image source jar: /home/zakkak/spring-quarkus-perf-comparison/spring-quarkus-perf-comparison/quarkus3/target/quarkus3-native-image-source-jar/quarkus3-runner.jar
[INFO] [io.quarkus.deployment.pkg.steps.NativeImageBuildStep] Building native image from /home/zakkak/spring-quarkus-perf-comparison/spring-quarkus-perf-comparison/quarkus3/target/quarkus3-native-image-source-jar/quarkus3-runner.jar
[INFO] [io.quarkus.deployment.pkg.steps.NativeImageBuildStep] Running Quarkus native-image plugin on GRAALVM 25.1.0-dev JDK 25.0.1+8-jvmci-25.1-b14
[INFO] [io.quarkus.deployment.pkg.steps.NativeImageBuildRunner] /home/zakkak/code/graal-oracle/sdk/latest_graalvm_home/bin/native-image -J-DCoordinatorEnvironmentBean.transactionStatusManagerEnable=false -J-Dsun.nio.ch.maxUpdateArraySize=100 -J-Djava.util.logging.manager=org.jboss.logmanager.LogManager -J-Dvertx.logger-delegate-factory-class-name=io.quarkus.vertx.core.runtime.VertxLogDelegateFactory -J-Dvertx.disableDnsResolver=true -J-Dio.netty.leakDetection.level=DISABLED -J-Dio.netty.allocator.maxOrder=3 -J-Duser.language=en -J-Duser.country=IE -J-Dlogging.initial-configurator.min-level=500 -H:+UnlockExperimentalVMOptions -H:IncludeLocales=en-IE -H:-UnlockExperimentalVMOptions --enable-native-access=ALL-UNNAMED -J-Dfile.encoding=UTF-8 -J--add-exports=org.graalvm.nativeimage.builder/com.oracle.svm.core.jdk=ALL-UNNAMED --features=io.quarkus.jdbc.postgresql.runtime.graal.SQLXMLFeature,io.quarkus.hibernate.validator.runtime.DisableLoggingFeature,io.quarkus.runner.Feature,io.quarkus.runtime.graal.DisableLoggingFeature,io.quarkus.runtime.graal.JVMChecksFeature,io.quarkus.hibernate.orm.runtime.graal.RegisterServicesForReflectionFeature,io.quarkus.hibernate.orm.runtime.graal.DisableLoggingFeature,org.hibernate.graalvm.internal.GraalVMStaticFeature,io.quarkus.caffeine.runtime.graal.CacheConstructorsFeature,io.quarkus.runtime.graal.SkipConsoleServiceProvidersFeature -J--add-exports=java.security.jgss/sun.security.krb5=ALL-UNNAMED -J--add-exports=java.security.jgss/sun.security.jgss=ALL-UNNAMED -J--add-opens=java.base/java.text=ALL-UNNAMED -J--add-opens=java.base/java.io=ALL-UNNAMED -J--add-opens=java.base/java.lang.invoke=ALL-UNNAMED -J--add-opens=java.base/java.util=ALL-UNNAMED -H:+UnlockExperimentalVMOptions -H:BuildOutputJSONFile=quarkus3-runner-build-output-stats.json -H:-UnlockExperimentalVMOptions -H:+UnlockExperimentalVMOptions -H:+GenerateBuildArtifactsFile -H:-UnlockExperimentalVMOptions --future-defaults=all -H:+UnlockExperimentalVMOptions -H:+AllowFoldMethods -H:-UnlockExperimentalVMOptions -J-Djava.awt.headless=true --no-fallback --link-at-build-time -H:+UnlockExperimentalVMOptions -H:+ReportExceptionStackTraces -H:-UnlockExperimentalVMOptions -H:-AddAllCharsets --enable-url-protocols=http,https -H:NativeLinkerOption=-no-pie --enable-monitoring=heapdump,threaddump -H:+UnlockExperimentalVMOptions -H:-UseServiceLoaderFeature -H:-UnlockExperimentalVMOptions -J--add-exports=org.graalvm.nativeimage/org.graalvm.nativeimage.impl=ALL-UNNAMED --exclude-config io\.netty\.netty-codec /META-INF/native-image/io\.netty/netty-codec/generated/handlers/reflect-config\.json --exclude-config io\.netty\.netty-handler /META-INF/native-image/io\.netty/netty-handler/generated/handlers/reflect-config\.json quarkus3-runner -jar quarkus3-runner.jar
Warning: Using a deprecated option --no-fallback from command line. No effect, no replacement available
Warning: Option 'FallbackThreshold' is deprecated and might be removed in a future release: It no longer has any effect, and no replacement is available. Please refer to the GraalVM release notes.
Warning: Option 'DynamicProxyConfigurationResources' is deprecated and might be removed in a future release: This can be caused by a proxy-config.json file in your META-INF directory. Consider including proxy configuration in the reflection section of reachability-metadata.json instead.. Please refer to the GraalVM release notes.
========================================================================================================================
GraalVM Native Image: Generating 'quarkus3-runner' (executable)...
========================================================================================================================
For detailed information and explanations on the build output, visit:
https://github.com/oracle/graal/blob/master/docs/reference-manual/native-image/BuildOutput.md
------------------------------------------------------------------------------------------------------------------------
[1/8] Initializing...                                                                                   (4.0s @ 0.45GiB)
 Builder configuration:
 - Java version: 25.0.1+8, vendor version: GraalVM CE 25.1.0-dev+8.1
 - Graal compiler: optimization level: 2, target machine: x86-64-v3
 - C compiler: gcc (redhat, x86_64, 15.2.1)
 - Assertions: disabled, system assertions: disabled
 - 11 user-specific feature(s):
   - io.quarkus.caffeine.runtime.graal.CacheConstructorsFeature
   - io.quarkus.hibernate.orm.runtime.graal.DisableLoggingFeature: Disables INFO logging during the analysis phase
   - io.quarkus.hibernate.orm.runtime.graal.RegisterServicesForReflectionFeature: Makes methods of reachable Hibernate services accessible through Class#getMethods()
   - io.quarkus.hibernate.validator.runtime.DisableLoggingFeature: Disables INFO logging during the analysis phase for the [org.hibernate.validator.internal.util.Version] categories
   - io.quarkus.jdbc.postgresql.runtime.graal.SQLXMLFeature
   - io.quarkus.runner.Feature: Auto-generated class by Quarkus from the existing extensions
   - io.quarkus.runtime.graal.DisableLoggingFeature: Adapts logging during the analysis phase
   - io.quarkus.runtime.graal.JVMChecksFeature
   - io.quarkus.runtime.graal.SkipConsoleServiceProvidersFeature: Skip unsupported console service providers when quarkus.native.auto-service-loader-registration is false
   - org.eclipse.angus.activation.nativeimage.AngusActivationFeature
   - org.hibernate.graalvm.internal.GraalVMStaticFeature: Hibernate ORM's static reflection registrations for GraalVM
 Image configuration:
 - Garbage collector: Serial GC (max heap size: 80% of RAM)
 - Assertions: disabled (class-specific config may apply), system assertions: disabled
------------------------------------------------------------------------------------------------------------------------
 5 experimental option(s) unlocked:
 - '-H:+AllowFoldMethods' (origin(s): command line)
 - '-H:BuildOutputJSONFile' (origin(s): command line)
 - '-H:-UseServiceLoaderFeature' (origin(s): command line)
 - '-H:+GenerateBuildArtifactsFile' (origin(s): command line)
 - '-H:AddOpens' (alternative API option(s): --add-opens java.base/java.lang=ALL-UNNAMED; origin(s): command line)
------------------------------------------------------------------------------------------------------------------------
Build resources:
 - 30.00GiB of memory (48.4% of system memory, capped at 30GiB)
 - 32 thread(s) (100.0% of 32 available processor(s), determined at start)
[2/8] Performing analysis...  [******]                                                                  (8.2s @ 2.06GiB)
   22,772 types,  29,536 fields, and 107,365 methods found reachable
    7,998 types,     169 fields, and   5,237 methods registered for reflection
       63 types,      69 fields, and      55 methods registered for JNI access
      105 resource accesses registered with 188.29KiB total size
        4 native libraries: dl, pthread, rt, z
[3/8] Building universe...                                                                              (3.0s @ 2.65GiB)
[4/8] Parsing methods...      [*]                                                                       (1.1s @ 3.30GiB)
[5/8] Inlining methods...     [****]                                                                    (0.8s @ 3.23GiB)
[6/8] Compiling methods...    [***]                                                                     (8.1s @ 2.34GiB)
[7/8] Laying out methods...   [***]                                                                     (5.9s @ 2.96GiB)
[8/8] Creating image...       [**]                                                                      (3.8s @ 3.31GiB)
  36.45MiB (41.02%) for code area:    71,869 compilation units
  46.00MiB (51.77%) for image heap:  529,545 objects and 16 resources
   6.41MiB ( 7.21%) for other data
  88.86MiB in total image size, 83.07MiB in total file size
------------------------------------------------------------------------------------------------------------------------
Top 10 origins of code area:                                Top 10 object types in image heap:
   1.54MiB java.base/sun.security.ssl                         11.66MiB byte[] for code metadata
   1.05MiB java.base/java.util                                 6.57MiB byte[] for string data
 856.33KiB o.g.n.runtime/com.oracle.svm.core.code              4.34MiB o.g.n.runtime/c.o.s.core.hub.DynamicHubCompanion
 697.42KiB java.base/com.sun.crypto.provider                   4.18MiB java.base/java.lang.String
 637.13KiB jdk.proxy4/jdk.proxy4                               3.38MiB java.base/java.lang.Class
 540.90KiB java.base/java.lang                                 1.66MiB byte[] for general heap data
 532.07KiB io.netty.buffer                                     1.44MiB byte[] for reflection metadata
 506.28KiB java.base/java.lang.invoke                          1.18MiB java.base/java.lang.Object[]
 468.03KiB org.postgresql.jdbc                               935.95KiB java.base/j.u.concurrent.ConcurrentHashMap$Node
 460.62KiB org.hibernate.query.hql.internal                  831.38KiB java.base/java.lang.reflect.Method
  28.22MiB for 989 more packages                               9.87MiB for 5223 more object types
------------------------------------------------------------------------------------------------------------------------
Recommendations:
 HEAP: Set max heap for improved and more predictable memory usage.
 CPU:  Enable more CPU features with '-march=native' for improved performance.
------------------------------------------------------------------------------------------------------------------------
                       2.9s (7.7% of total time) in 290 GCs | Peak RSS: 4.83GiB | CPU load: 15.30
------------------------------------------------------------------------------------------------------------------------
Build artifacts:
 /home/zakkak/spring-quarkus-perf-comparison/spring-quarkus-perf-comparison/quarkus3/target/quarkus3-native-image-source-jar/build-artifacts.json (build_info, 92B)
 /home/zakkak/spring-quarkus-perf-comparison/spring-quarkus-perf-comparison/quarkus3/target/quarkus3-native-image-source-jar/quarkus3-runner (executable, 83.07MiB)
 /home/zakkak/spring-quarkus-perf-comparison/spring-quarkus-perf-comparison/quarkus3/target/quarkus3-native-image-source-jar/quarkus3-runner-build-output-stats.json (build_info, 1.00KiB)
========================================================================================================================
Finished generating 'quarkus3-runner' in 36.2s.

The build process encountered 3 warnings.

[INFO] [io.quarkus.deployment.pkg.steps.NativeImageBuildRunner] objcopy --strip-debug quarkus3-runner
[INFO] [io.quarkus.deployment.QuarkusAugmentor] Quarkus augmentation completed in 40014ms
[INFO] ------------------------------------------------------------------------
[INFO] BUILD SUCCESS
[INFO] ------------------------------------------------------------------------
[INFO] Total time:  43.403 s
[INFO] Finished at: 2026-03-11T21:58:34+02:00
[INFO] ------------------------------------------------------------------------
21:58:35,244 [ test-runner:run-tests-983 @ target-host ] set-state: APP_LOG_REGEX .*quarkus3.+started in.*
21:58:35,282 [ test-runner:run-tests-983 @ target-host ] for-each: ITERATION = 0
21:58:35,283 [ test-runner:run-tests-983 @ target-host ] set-state: LOG_FILE /home/zakkak/spring-quarkus-perf-comparison/logs/load-test-quarkus3-native-0.log
21:58:35,694 [ test-runner:run-tests-983 @ target-host ] touch /home/zakkak/spring-quarkus-perf-comparison/logs/load-test-quarkus3-native-0.log
21:58:35,703 [ test-runner:run-tests-983 @ target-host ] queue-download: ${{REPO_DIR}}/logs/wrk-warmup-${{RUNTIME.name}}-${{ITERATION}}.log=/home/zakkak/spring-quarkus-perf-comparison/logs/wrk-warmup-quarkus3-native-0.log ../../20260311/all/target-host/
21:58:35,703 [ test-runner:run-tests-983 @ target-host ] queue-download: ${{LOG_FILE}}=/home/zakkak/spring-quarkus-perf-comparison/logs/load-test-quarkus3-native-0.log ../../20260311/all/target-host/
21:58:35,703 [ test-runner:run-tests-983 @ target-host ] queue-download: ${{REPO_DIR}}/logs/wrk-${{RUNTIME.name}}-${{ITERATION}}.log=/home/zakkak/spring-quarkus-perf-comparison/logs/wrk-quarkus3-native-0.log ../../20260311/all/target-host/
21:58:35,703 [ test-runner:run-tests-983 @ target-host ] script-cmd: start-test-services
21:58:35,703 [ test-runner:run-tests-983 @ target-host ] start-test-services
21:58:46,816 [ test-runner:run-tests-983 @ target-host ] /home/zakkak/spring-quarkus-perf-comparison/spring-quarkus-perf-comparison/scripts/infra.sh -c 3 -p '4-6' -s
Using podman to start containers
-----------------------------------------
[03/11/2026 21:58:35]: Starting services
-----------------------------------------
Starting PostgreSQL database 'fruits_db'
PostgreSQL DB process: b1f0d4ea0af37aaf05c3f9639d64d47140f1907b78e263e47aaab999c63bb270
Waiting for PostgreSQL to be ready...
localhost:5432 - no response
localhost:5432 - no response
localhost:5432 - accepting connections
21:58:46,816 [ test-runner:run-tests-983 @ target-host ] script-cmd: sync-drop-fs-cache
21:58:46,816 [ test-runner:run-tests-983 @ target-host ] sync-drop-fs-cache
21:58:46,816 [ test-runner:run-tests-983 @ target-host ] read-state: true
21:58:46,816 [ test-runner:run-tests-983 @ target-host ] regex: true
21:58:47,448 [ test-runner:run-tests-983 @ target-host ] sync
21:58:47,448 [ test-runner:run-tests-983 @ target-host ] script-cmd: sync-drop-fs-cache-${{os}}
21:58:47,448 [ test-runner:run-tests-983 @ target-host ] sync-drop-fs-cache-linux
21:58:47,448 [ test-runner:run-tests-983 @ target-host ] script-cmd: sudo
21:58:47,448 [ test-runner:run-tests-983 @ target-host ] sudo
21:58:47,449 [ test-runner:run-tests-983 @ target-host ] script-cmd: sudo-${{os}}
21:58:47,449 [ test-runner:run-tests-983 @ target-host ] sudo-linux
21:58:48,349 [ test-runner:run-tests-983 @ target-host ] sudo sh -c "echo 3 > /proc/sys/vm/drop_caches"
]3008;start=da6a8f900ac045ce988a66c646cee4dd;user=zakkak;hostname=blanc;machineid=f469a615e9ef4e81b7d5be080a5de373;bootid=0e917e08584a49cb891ef04366e00ace;pid=421205;pidfdid=421206;comm=sudo;targetuser=root;sessionid=c415;type=session\]3008;end=da6a8f900ac045ce988a66c646cee4dd\
21:58:48,350 [ test-runner:run-tests-983 @ target-host ] set-signal: LOAD_STEADY_STATE_START 1
21:58:48,350 [ test-runner:run-tests-983 @ target-host ] set-signal: LOG_REGEX_REACHED 1
21:58:48,753 [ test-runner:run-tests-983 @ target-host ] taskset --cpu-list 0-3 /home/zakkak/spring-quarkus-perf-comparison/spring-quarkus-perf-comparison/quarkus3/target/quarkus3-runner  &>/home/zakkak/spring-quarkus-perf-comparison/logs/load-test-quarkus3-native-0.log &
[1] 421232
21:58:49,155 [ test-runner:run-tests-983 @ target-host ] PID=$!
21:58:49,558 [ test-runner:run-tests-983 @ target-host ] echo $PID
421232
21:58:49,558 [ test-runner:run-tests-983 @ target-host ] set-state: JVM_PID 421232
21:58:49,558 [ test-runner:run-tests-983 @ target-host ] script-cmd: monitor-processes
21:58:49,558 [ test-runner:run-tests-983 @ target-host ] monitor-processes
21:58:49,558 [ test-runner:run-tests-983 @ target-host ] set-signal: LOAD_TEST_COMPLETE 1
21:58:50,021 [ test-runner:run-tests-983 @ target-host ] script-cmd: monitor-process
21:58:50,021 [ :monitor-process-1906 @ target-host ] monitor-process
21:58:50,029 [ :monitor-process-1906 @ target-host ] queue-download: ${{log_file}}=/home/zakkak/spring-quarkus-perf-comparison/logs/pidstat-quarkus3-native-0.log ../../20260311/all/target-host/
21:58:50,395 [ test-runner:run-tests-983 @ target-host ] script-cmd: monitor-process
21:58:50,395 [ :monitor-process-1914 @ target-host ] monitor-process
21:58:50,395 [ :monitor-process-1914 @ target-host ] queue-download: ${{log_file}}=/home/zakkak/spring-quarkus-perf-comparison/logs/mpstat-quarkus3-native-0.log ../../20260311/all/target-host/
21:58:50,532 [ :monitor-process-1906 @ target-host ] taskset --cpu-list 11 pidstat -u -p 421232 1 &>/home/zakkak/spring-quarkus-perf-comparison/logs/pidstat-quarkus3-native-0.log &
[1] 421360
21:58:50,770 [ test-runner:run-tests-983 @ target-host ] script-cmd: monitor-process
21:58:50,770 [ test-runner:run-tests-983 @ target-host ] script-cmd: monitor-postgres
21:58:50,770 [ :monitor-process-1923 @ target-host ] monitor-process
21:58:50,770 [ test-runner:run-tests-983 @ target-host ] monitor-postgres
21:58:50,770 [ :monitor-process-1923 @ target-host ] queue-download: ${{log_file}}=/home/zakkak/spring-quarkus-perf-comparison/logs/vmstat-quarkus3-native-0.log ../../20260311/all/target-host/
21:58:50,898 [ :monitor-process-1914 @ target-host ] taskset --cpu-list 11 mpstat -P ALL 1 &>/home/zakkak/spring-quarkus-perf-comparison/logs/mpstat-quarkus3-native-0.log &
[1] 421437
21:58:50,933 [ :monitor-process-1906 @ target-host ] PROCESS_PID=$!
21:58:51,172 [ :monitor-process-1923 @ target-host ] taskset --cpu-list 11 vmstat 1 &>/home/zakkak/spring-quarkus-perf-comparison/logs/vmstat-quarkus3-native-0.log &
[1] 421523
21:58:51,202 [ test-runner:run-tests-983 @ target-host ] POSTGRES_PID=$(/home/zakkak/spring-quarkus-perf-comparison/spring-quarkus-perf-comparison/scripts/infra.sh -r)
21:58:51,299 [ :monitor-process-1914 @ target-host ] PROCESS_PID=$!
21:58:51,335 [ :monitor-process-1906 @ target-host ] echo $PROCESS_PID
421360
21:58:51,335 [ :monitor-process-1906 @ target-host ] set-state: PROCESS_PID 421360
21:58:51,574 [ :monitor-process-1923 @ target-host ] PROCESS_PID=$!
21:58:51,604 [ test-runner:run-tests-983 @ target-host ] echo $POSTGRES_PID
420939
21:58:51,604 [ test-runner:run-tests-983 @ target-host ] set-state: POSTGRES_PID 420939
21:58:51,701 [ :monitor-process-1914 @ target-host ] echo $PROCESS_PID
421437
21:58:51,701 [ :monitor-process-1914 @ target-host ] set-state: PROCESS_PID 421437
21:58:51,976 [ :monitor-process-1923 @ target-host ] echo $PROCESS_PID
421523
21:58:51,976 [ :monitor-process-1923 @ target-host ] set-state: PROCESS_PID 421523
21:58:51,979 [ test-runner:run-tests-983 @ target-host ] script-cmd: monitor-process
21:58:51,980 [ :monitor-process-1939 @ target-host ] monitor-process
21:58:51,980 [ test-runner:run-tests-983 @ target-host ] JVM_PID = 421232
21:58:51,980 [ :monitor-process-1939 @ target-host ] queue-download: ${{log_file}}=/home/zakkak/spring-quarkus-perf-comparison/logs/postgres-pidstat-quarkus3-native-0.log ../../20260311/all/target-host/
21:58:51,980 [ test-runner:run-tests-983 @ target-host ] read-state: none
21:58:52,353 [ test-runner:run-tests-983 @ target-host ] script-cmd: watch-log
21:58:52,353 [ :watch-log-1948 @ target-host ] watch-log
21:58:52,365 [ :watch-log-1948 @ target-host ] regex: ${{log_regex}}
21:58:52,365 [ :watch-log-1948 @ target-host ] ctrlC
21:58:52,365 [ :watch-log-1948 @ target-host ] reached LOG_REGEX_REACHED
21:58:52,365 [ test-runner:run-tests-983 @ target-host ] wait-for: LOG_REGEX_REACHED
21:58:52,365 [ :watch-log-1948 @ target-host ] signal: LOG_REGEX_REACHED
21:58:52,483 [ :monitor-process-1939 @ target-host ] taskset --cpu-list 11 pidstat -u -p $(pgrep -d , -P 420939) 1 &>/home/zakkak/spring-quarkus-perf-comparison/logs/postgres-pidstat-quarkus3-native-0.log &
[1] 421639
21:58:52,766 [ :watch-log-1948 @ target-host ] tail -f /home/zakkak/spring-quarkus-perf-comparison/logs/load-test-quarkus3-native-0.log
__  ____  __  _____   ___  __ ____  ______ 
 --/ __ \/ / / / _ | / _ \/ //_/ / / / __/ 
 -/ /_/ / /_/ / __ |/ , _/ ,< / /_/ /\ \   
--\___\_\____/_/ |_/_/|_/_/|_|\____/___/   
2026-03-11 21:58:48,529 INFO  [io.quarkus] (main) quarkus3 1.0 native (powered by Quarkus 999-SNAPSHOT) started in 0.082s. Listening on: http://0.0.0.0:8080
2026-03-11 21:58:48,529 INFO  [io.quarkus] (main) Profile prod activated. 
2026-03-11 21:58:48,529 INFO  [io.quarkus] (main) Installed features: [agroal, cdi, config-yaml, hibernate-orm, hibernate-orm-panache, hibernate-validator, jdbc-postgresql, narayana-jta, rest, rest-jackson, smallrye-context-propagation, smallrye-health, vertx]
21:58:52,885 [ :monitor-process-1939 @ target-host ] PROCESS_PID=$!
21:58:53,286 [ :monitor-process-1939 @ target-host ] echo $PROCESS_PID
421639
21:58:53,287 [ :monitor-process-1939 @ target-host ] set-state: PROCESS_PID 421639
22:01:02,269 [ test-runner:run-tests-983 @ target-host ] taskset --cpu-list 7-9 jbang -R -XX:+UseNUMA wrk@hyperfoil -t 2 -c 100 -d 2m --timeout 2m http://localhost:8080/fruits 2>&1 >/home/zakkak/spring-quarkus-perf-comparison/logs/wrk-warmup-quarkus3-native-0.log
22:01:32,270 [ test-runner:run-tests-983 @ target-host ] sleep: 30s
22:01:32,270 [ :monitor-process-1914 @ target-host ] reached LOAD_STEADY_STATE_START
22:01:32,270 [ test-runner:run-tests-983 @ target-host ] signal: LOAD_STEADY_STATE_START
22:02:11,946 [ test-runner:run-tests-983 @ target-host ] taskset --cpu-list 7-9 jbang -R -XX:+UseNUMA wrk@hyperfoil -t 2 -c 100 -d 30s --timeout 30s http://localhost:8080/fruits 2>&1 >/home/zakkak/spring-quarkus-perf-comparison/logs/wrk-quarkus3-native-0.log
22:02:12,363 [ test-runner:run-tests-983 @ target-host ] cat /home/zakkak/spring-quarkus-perf-comparison/logs/wrk-quarkus3-native-0.log | grep "Requests/sec" | awk '{print $2}'
16369.16
22:02:12,363 [ test-runner:run-tests-983 @ target-host ] set-state: THROUGHPUT 16369.16
22:02:12,363 [ test-runner:run-tests-983 @ target-host ] script-cmd: state-array-push
22:02:12,363 [ test-runner:run-tests-983 @ target-host ] state-array-push
22:02:12,480 [ test-runner:run-tests-983 @ target-host ] set-state: RUN.output.results.quarkus3-native.load.throughput [16369.16]
22:02:12,885 [ test-runner:run-tests-983 @ target-host ] cat /home/zakkak/spring-quarkus-perf-comparison/logs/wrk-quarkus3-native-0.log | grep "Socket errors:" | sed -E 's/.*connectionErrors ([0-9]+).*/\1/'
22:02:12,885 [ test-runner:run-tests-983 @ target-host ] regex: ^$
22:02:12,885 [ test-runner:run-tests-983 @ target-host ] set-state: CONNECTION_ERRORS 0
22:02:12,886 [ test-runner:run-tests-983 @ target-host ] script-cmd: state-array-push
22:02:12,886 [ test-runner:run-tests-983 @ target-host ] state-array-push
22:02:13,001 [ test-runner:run-tests-983 @ target-host ] set-state: RUN.output.results.quarkus3-native.load.connectionErrors [0]
22:02:13,405 [ test-runner:run-tests-983 @ target-host ] cat /home/zakkak/spring-quarkus-perf-comparison/logs/wrk-quarkus3-native-0.log | grep "Socket errors:" | sed -E 's/.*requestTimeouts ([0-9]+)/\1/'
22:02:13,405 [ test-runner:run-tests-983 @ target-host ] regex: ^$
22:02:13,405 [ test-runner:run-tests-983 @ target-host ] set-state: REQUEST_TIMEOUTS 0
22:02:13,405 [ test-runner:run-tests-983 @ target-host ] script-cmd: state-array-push
22:02:13,405 [ test-runner:run-tests-983 @ target-host ] state-array-push
22:02:13,516 [ test-runner:run-tests-983 @ target-host ] set-state: RUN.output.results.quarkus3-native.load.requestTimeouts [0]
22:02:13,933 [ test-runner:run-tests-983 @ target-host ] pmap -x $PID | grep total | awk '{print $4}'
164104
22:02:13,934 [ test-runner:run-tests-983 @ target-host ] set-state: RSS 164104
22:02:13,965 [ test-runner:run-tests-983 @ target-host ] script-cmd: state-array-push
22:02:13,965 [ test-runner:run-tests-983 @ target-host ] state-array-push
22:02:14,051 [ test-runner:run-tests-983 @ target-host ] set-state: RUN.output.results.quarkus3-native.load.rss [160.2578125]
22:02:14,075 [ test-runner:run-tests-983 @ target-host ] script-cmd: state-array-push
22:02:14,075 [ test-runner:run-tests-983 @ target-host ] state-array-push
22:02:14,150 [ test-runner:run-tests-983 @ target-host ] set-state: RUN.output.results.quarkus3-native.load.throughputDensity [102.1426646516843]
22:02:14,150 [ test-runner:run-tests-983 @ target-host ] reached LOAD_TEST_COMPLETE
22:02:14,150 [ :monitor-process-1906 @ target-host ] wait-for: LOAD_TEST_COMPLETE
22:02:14,150 [ :monitor-process-1914 @ target-host ] wait-for: LOAD_TEST_COMPLETE
22:02:14,150 [ :monitor-process-1923 @ target-host ] wait-for: LOAD_TEST_COMPLETE
22:02:14,150 [ :monitor-process-1939 @ target-host ] wait-for: LOAD_TEST_COMPLETE
22:02:14,150 [ test-runner:run-tests-983 @ target-host ] signal: LOAD_TEST_COMPLETE
22:02:14,552 [ :monitor-process-1914 @ target-host ] kill -15 $PROCESS_PID
bash: kill: (421437) - No such process
22:02:14,552 [ :monitor-process-1906 @ target-host ] kill -15 $PROCESS_PID
bash: kill: (421360) - No such process
22:02:14,552 [ :monitor-process-1939 @ target-host ] kill -15 $PROCESS_PID
bash: kill: (421639) - No such process
22:02:14,652 [ test-runner:run-tests-983 @ target-host ] kill -15 $PID
22:02:14,652 [ :monitor-process-1923 @ target-host ] kill -15 $PROCESS_PID
22:02:17,063 [ test-runner:run-tests-983 @ target-host ] sleep 2
22:02:17,063 [ test-runner:run-tests-983 @ target-host ] script-cmd: stop-test-services
22:02:17,063 [ test-runner:run-tests-983 @ target-host ] stop-test-services
22:02:17,729 [ test-runner:run-tests-983 @ target-host ] /home/zakkak/spring-quarkus-perf-comparison/spring-quarkus-perf-comparison/scripts/infra.sh -d
Using podman to stop containers
-----------------------------------------
[03/11/2026 22:02:17]: Stopping services
-----------------------------------------
Stopping PostgreSQL database 'fruits_db'
fruits_db
22:02:17,781 [ test-runner:run-tests-983 @ target-host ] for-each: ITERATION = 1
22:02:17,782 [ test-runner:run-tests-983 @ target-host ] set-state: LOG_FILE /home/zakkak/spring-quarkus-perf-comparison/logs/load-test-quarkus3-native-1.log
22:02:18,193 [ test-runner:run-tests-983 @ target-host ] touch /home/zakkak/spring-quarkus-perf-comparison/logs/load-test-quarkus3-native-1.log
22:02:18,194 [ test-runner:run-tests-983 @ target-host ] queue-download: ${{REPO_DIR}}/logs/wrk-warmup-${{RUNTIME.name}}-${{ITERATION}}.log=/home/zakkak/spring-quarkus-perf-comparison/logs/wrk-warmup-quarkus3-native-1.log ../../20260311/all/target-host/
22:02:18,194 [ test-runner:run-tests-983 @ target-host ] queue-download: ${{LOG_FILE}}=/home/zakkak/spring-quarkus-perf-comparison/logs/load-test-quarkus3-native-1.log ../../20260311/all/target-host/
22:02:18,194 [ test-runner:run-tests-983 @ target-host ] queue-download: ${{REPO_DIR}}/logs/wrk-${{RUNTIME.name}}-${{ITERATION}}.log=/home/zakkak/spring-quarkus-perf-comparison/logs/wrk-quarkus3-native-1.log ../../20260311/all/target-host/
22:02:18,194 [ test-runner:run-tests-983 @ target-host ] script-cmd: start-test-services
22:02:18,194 [ test-runner:run-tests-983 @ target-host ] start-test-services
22:02:29,323 [ test-runner:run-tests-983 @ target-host ] /home/zakkak/spring-quarkus-perf-comparison/spring-quarkus-perf-comparison/scripts/infra.sh -c 3 -p '4-6' -s
Using podman to start containers
-----------------------------------------
[03/11/2026 22:02:18]: Starting services
-----------------------------------------
Starting PostgreSQL database 'fruits_db'
PostgreSQL DB process: a5b814e6dcb2ca592192ffc00e55b04d66200c1df13dbff2cca31cb0e7e48e6d
Waiting for PostgreSQL to be ready...
localhost:5432 - no response
localhost:5432 - no response
localhost:5432 - accepting connections
22:02:29,324 [ test-runner:run-tests-983 @ target-host ] script-cmd: sync-drop-fs-cache
22:02:29,324 [ test-runner:run-tests-983 @ target-host ] sync-drop-fs-cache
22:02:29,324 [ test-runner:run-tests-983 @ target-host ] read-state: true
22:02:29,324 [ test-runner:run-tests-983 @ target-host ] regex: true
22:02:29,895 [ test-runner:run-tests-983 @ target-host ] sync
22:02:29,896 [ test-runner:run-tests-983 @ target-host ] script-cmd: sync-drop-fs-cache-${{os}}
22:02:29,896 [ test-runner:run-tests-983 @ target-host ] sync-drop-fs-cache-linux
22:02:29,896 [ test-runner:run-tests-983 @ target-host ] script-cmd: sudo
22:02:29,896 [ test-runner:run-tests-983 @ target-host ] sudo
22:02:29,896 [ test-runner:run-tests-983 @ target-host ] script-cmd: sudo-${{os}}
22:02:29,896 [ test-runner:run-tests-983 @ target-host ] sudo-linux
22:02:30,730 [ test-runner:run-tests-983 @ target-host ] sudo sh -c "echo 3 > /proc/sys/vm/drop_caches"
]3008;start=a4fa3ddda37246afbdcdacefe769689a;user=zakkak;hostname=blanc;machineid=f469a615e9ef4e81b7d5be080a5de373;bootid=0e917e08584a49cb891ef04366e00ace;pid=423070;pidfdid=423071;comm=sudo;targetuser=root;sessionid=c416;type=session\]3008;end=a4fa3ddda37246afbdcdacefe769689a\
22:02:30,730 [ test-runner:run-tests-983 @ target-host ] set-signal: LOAD_STEADY_STATE_START 1
22:02:30,730 [ test-runner:run-tests-983 @ target-host ] set-signal: LOG_REGEX_REACHED 1
22:02:31,133 [ test-runner:run-tests-983 @ target-host ] taskset --cpu-list 0-3 /home/zakkak/spring-quarkus-perf-comparison/spring-quarkus-perf-comparison/quarkus3/target/quarkus3-runner  &>/home/zakkak/spring-quarkus-perf-comparison/logs/load-test-quarkus3-native-1.log &
[1] 423100
22:02:31,535 [ test-runner:run-tests-983 @ target-host ] PID=$!
22:02:31,936 [ test-runner:run-tests-983 @ target-host ] echo $PID
423100
22:02:31,936 [ test-runner:run-tests-983 @ target-host ] set-state: JVM_PID 423100
22:02:31,937 [ test-runner:run-tests-983 @ target-host ] script-cmd: monitor-processes
22:02:31,937 [ test-runner:run-tests-983 @ target-host ] monitor-processes
22:02:31,937 [ test-runner:run-tests-983 @ target-host ] set-signal: LOAD_TEST_COMPLETE 1
22:02:32,415 [ test-runner:run-tests-983 @ target-host ] script-cmd: monitor-process
22:02:32,415 [ :monitor-process-1999 @ target-host ] monitor-process
22:02:32,424 [ :monitor-process-1999 @ target-host ] queue-download: ${{log_file}}=/home/zakkak/spring-quarkus-perf-comparison/logs/pidstat-quarkus3-native-1.log ../../20260311/all/target-host/
22:02:32,790 [ test-runner:run-tests-983 @ target-host ] script-cmd: monitor-process
22:02:32,790 [ :monitor-process-2007 @ target-host ] monitor-process
22:02:32,790 [ :monitor-process-2007 @ target-host ] queue-download: ${{log_file}}=/home/zakkak/spring-quarkus-perf-comparison/logs/mpstat-quarkus3-native-1.log ../../20260311/all/target-host/
22:02:32,927 [ :monitor-process-1999 @ target-host ] taskset --cpu-list 11 pidstat -u -p 423100 1 &>/home/zakkak/spring-quarkus-perf-comparison/logs/pidstat-quarkus3-native-1.log &
[1] 423207
22:02:33,165 [ test-runner:run-tests-983 @ target-host ] script-cmd: monitor-process
22:02:33,165 [ test-runner:run-tests-983 @ target-host ] script-cmd: monitor-postgres
22:02:33,166 [ test-runner:run-tests-983 @ target-host ] monitor-postgres
22:02:33,166 [ :monitor-process-2016 @ target-host ] monitor-process
22:02:33,166 [ :monitor-process-2016 @ target-host ] queue-download: ${{log_file}}=/home/zakkak/spring-quarkus-perf-comparison/logs/vmstat-quarkus3-native-1.log ../../20260311/all/target-host/
22:02:33,293 [ :monitor-process-2007 @ target-host ] taskset --cpu-list 11 mpstat -P ALL 1 &>/home/zakkak/spring-quarkus-perf-comparison/logs/mpstat-quarkus3-native-1.log &
[1] 423300
22:02:33,328 [ :monitor-process-1999 @ target-host ] PROCESS_PID=$!
22:02:33,568 [ :monitor-process-2016 @ target-host ] taskset --cpu-list 11 vmstat 1 &>/home/zakkak/spring-quarkus-perf-comparison/logs/vmstat-quarkus3-native-1.log &
[1] 423383
22:02:33,609 [ test-runner:run-tests-983 @ target-host ] POSTGRES_PID=$(/home/zakkak/spring-quarkus-perf-comparison/spring-quarkus-perf-comparison/scripts/infra.sh -r)
22:02:33,694 [ :monitor-process-2007 @ target-host ] PROCESS_PID=$!
22:02:33,730 [ :monitor-process-1999 @ target-host ] echo $PROCESS_PID
423207
22:02:33,730 [ :monitor-process-1999 @ target-host ] set-state: PROCESS_PID 423207
22:02:33,970 [ :monitor-process-2016 @ target-host ] PROCESS_PID=$!
22:02:34,010 [ test-runner:run-tests-983 @ target-host ] echo $POSTGRES_PID
422803
22:02:34,010 [ test-runner:run-tests-983 @ target-host ] set-state: POSTGRES_PID 422803
22:02:34,096 [ :monitor-process-2007 @ target-host ] echo $PROCESS_PID
423300
22:02:34,096 [ :monitor-process-2007 @ target-host ] set-state: PROCESS_PID 423300
22:02:34,371 [ :monitor-process-2016 @ target-host ] echo $PROCESS_PID
423383
22:02:34,371 [ :monitor-process-2016 @ target-host ] set-state: PROCESS_PID 423383
22:02:34,385 [ test-runner:run-tests-983 @ target-host ] script-cmd: monitor-process
22:02:34,385 [ test-runner:run-tests-983 @ target-host ] JVM_PID = 423100
22:02:34,385 [ :monitor-process-2032 @ target-host ] monitor-process
22:02:34,386 [ :monitor-process-2032 @ target-host ] queue-download: ${{log_file}}=/home/zakkak/spring-quarkus-perf-comparison/logs/postgres-pidstat-quarkus3-native-1.log ../../20260311/all/target-host/
22:02:34,386 [ test-runner:run-tests-983 @ target-host ] read-state: none
22:02:34,757 [ test-runner:run-tests-983 @ target-host ] script-cmd: watch-log
22:02:34,757 [ :watch-log-2041 @ target-host ] watch-log
22:02:34,767 [ :watch-log-2041 @ target-host ] regex: ${{log_regex}}
22:02:34,768 [ :watch-log-2041 @ target-host ] ctrlC
22:02:34,768 [ :watch-log-2041 @ target-host ] reached LOG_REGEX_REACHED
22:02:34,768 [ test-runner:run-tests-983 @ target-host ] wait-for: LOG_REGEX_REACHED
22:02:34,768 [ :watch-log-2041 @ target-host ] signal: LOG_REGEX_REACHED
22:02:34,888 [ :monitor-process-2032 @ target-host ] taskset --cpu-list 11 pidstat -u -p $(pgrep -d , -P 422803) 1 &>/home/zakkak/spring-quarkus-perf-comparison/logs/postgres-pidstat-quarkus3-native-1.log &
[1] 423500
22:02:35,169 [ :watch-log-2041 @ target-host ] tail -f /home/zakkak/spring-quarkus-perf-comparison/logs/load-test-quarkus3-native-1.log
__  ____  __  _____   ___  __ ____  ______ 
 --/ __ \/ / / / _ | / _ \/ //_/ / / / __/ 
 -/ /_/ / /_/ / __ |/ , _/ ,< / /_/ /\ \   
--\___\_\____/_/ |_/_/|_/_/|_|\____/___/   
2026-03-11 22:02:30,901 INFO  [io.quarkus] (main) quarkus3 1.0 native (powered by Quarkus 999-SNAPSHOT) started in 0.082s. Listening on: http://0.0.0.0:8080
2026-03-11 22:02:30,901 INFO  [io.quarkus] (main) Profile prod activated. 
2026-03-11 22:02:30,901 INFO  [io.quarkus] (main) Installed features: [agroal, cdi, config-yaml, hibernate-orm, hibernate-orm-panache, hibernate-validator, jdbc-postgresql, narayana-jta, rest, rest-jackson, smallrye-context-propagation, smallrye-health, vertx]
22:02:35,290 [ :monitor-process-2032 @ target-host ] PROCESS_PID=$!
22:02:35,692 [ :monitor-process-2032 @ target-host ] echo $PROCESS_PID
423500
22:02:35,692 [ :monitor-process-2032 @ target-host ] set-state: PROCESS_PID 423500
22:04:44,707 [ test-runner:run-tests-983 @ target-host ] taskset --cpu-list 7-9 jbang -R -XX:+UseNUMA wrk@hyperfoil -t 2 -c 100 -d 2m --timeout 2m http://localhost:8080/fruits 2>&1 >/home/zakkak/spring-quarkus-perf-comparison/logs/wrk-warmup-quarkus3-native-1.log
22:05:14,708 [ test-runner:run-tests-983 @ target-host ] sleep: 30s
22:05:14,708 [ :monitor-process-2007 @ target-host ] reached LOAD_STEADY_STATE_START
22:05:14,708 [ test-runner:run-tests-983 @ target-host ] signal: LOAD_STEADY_STATE_START
22:05:54,371 [ test-runner:run-tests-983 @ target-host ] taskset --cpu-list 7-9 jbang -R -XX:+UseNUMA wrk@hyperfoil -t 2 -c 100 -d 30s --timeout 30s http://localhost:8080/fruits 2>&1 >/home/zakkak/spring-quarkus-perf-comparison/logs/wrk-quarkus3-native-1.log
22:05:54,788 [ test-runner:run-tests-983 @ target-host ] cat /home/zakkak/spring-quarkus-perf-comparison/logs/wrk-quarkus3-native-1.log | grep "Requests/sec" | awk '{print $2}'
15984.01
22:05:54,788 [ test-runner:run-tests-983 @ target-host ] set-state: THROUGHPUT 15984.01
22:05:54,788 [ test-runner:run-tests-983 @ target-host ] script-cmd: state-array-push
22:05:54,788 [ test-runner:run-tests-983 @ target-host ] state-array-push
22:05:54,837 [ test-runner:run-tests-983 @ target-host ] set-state: RUN.output.results.quarkus3-native.load.throughput [16369.16,15984.01]
22:05:55,241 [ test-runner:run-tests-983 @ target-host ] cat /home/zakkak/spring-quarkus-perf-comparison/logs/wrk-quarkus3-native-1.log | grep "Socket errors:" | sed -E 's/.*connectionErrors ([0-9]+).*/\1/'
22:05:55,241 [ test-runner:run-tests-983 @ target-host ] regex: ^$
22:05:55,241 [ test-runner:run-tests-983 @ target-host ] set-state: CONNECTION_ERRORS 0
22:05:55,241 [ test-runner:run-tests-983 @ target-host ] script-cmd: state-array-push
22:05:55,241 [ test-runner:run-tests-983 @ target-host ] state-array-push
22:05:55,286 [ test-runner:run-tests-983 @ target-host ] set-state: RUN.output.results.quarkus3-native.load.connectionErrors [0,0]
22:05:55,691 [ test-runner:run-tests-983 @ target-host ] cat /home/zakkak/spring-quarkus-perf-comparison/logs/wrk-quarkus3-native-1.log | grep "Socket errors:" | sed -E 's/.*requestTimeouts ([0-9]+)/\1/'
22:05:55,691 [ test-runner:run-tests-983 @ target-host ] regex: ^$
22:05:55,691 [ test-runner:run-tests-983 @ target-host ] set-state: REQUEST_TIMEOUTS 0
22:05:55,691 [ test-runner:run-tests-983 @ target-host ] script-cmd: state-array-push
22:05:55,691 [ test-runner:run-tests-983 @ target-host ] state-array-push
22:05:55,730 [ test-runner:run-tests-983 @ target-host ] set-state: RUN.output.results.quarkus3-native.load.requestTimeouts [0,0]
22:05:56,147 [ test-runner:run-tests-983 @ target-host ] pmap -x $PID | grep total | awk '{print $4}'
160004
22:05:56,147 [ test-runner:run-tests-983 @ target-host ] set-state: RSS 160004
22:05:56,166 [ test-runner:run-tests-983 @ target-host ] script-cmd: state-array-push
22:05:56,166 [ test-runner:run-tests-983 @ target-host ] state-array-push
22:05:56,205 [ test-runner:run-tests-983 @ target-host ] set-state: RUN.output.results.quarkus3-native.load.rss [160.2578125,156.25390625]
22:05:56,222 [ test-runner:run-tests-983 @ target-host ] script-cmd: state-array-push
22:05:56,222 [ test-runner:run-tests-983 @ target-host ] state-array-push
22:05:56,260 [ test-runner:run-tests-983 @ target-host ] set-state: RUN.output.results.quarkus3-native.load.throughputDensity [102.1426646516843,102.29510662233444]
22:05:56,260 [ test-runner:run-tests-983 @ target-host ] reached LOAD_TEST_COMPLETE
22:05:56,260 [ :monitor-process-1999 @ target-host ] wait-for: LOAD_TEST_COMPLETE
22:05:56,260 [ :monitor-process-2007 @ target-host ] wait-for: LOAD_TEST_COMPLETE
22:05:56,260 [ :monitor-process-2016 @ target-host ] wait-for: LOAD_TEST_COMPLETE
22:05:56,260 [ :monitor-process-2032 @ target-host ] wait-for: LOAD_TEST_COMPLETE
22:05:56,260 [ test-runner:run-tests-983 @ target-host ] signal: LOAD_TEST_COMPLETE
22:05:56,662 [ :monitor-process-2032 @ target-host ] kill -15 $PROCESS_PID
bash: kill: (423500) - No such process
22:05:56,662 [ :monitor-process-1999 @ target-host ] kill -15 $PROCESS_PID
bash: kill: (423207) - No such process
22:05:56,662 [ :monitor-process-2007 @ target-host ] kill -15 $PROCESS_PID
bash: kill: (423300) - No such process
22:05:56,762 [ test-runner:run-tests-983 @ target-host ] kill -15 $PID
22:05:56,762 [ :monitor-process-2016 @ target-host ] kill -15 $PROCESS_PID
22:05:59,173 [ test-runner:run-tests-983 @ target-host ] sleep 2
22:05:59,173 [ test-runner:run-tests-983 @ target-host ] script-cmd: stop-test-services
22:05:59,174 [ test-runner:run-tests-983 @ target-host ] stop-test-services
22:05:59,870 [ test-runner:run-tests-983 @ target-host ] /home/zakkak/spring-quarkus-perf-comparison/spring-quarkus-perf-comparison/scripts/infra.sh -d
Using podman to stop containers
-----------------------------------------
[03/11/2026 22:05:59]: Stopping services
-----------------------------------------
Stopping PostgreSQL database 'fruits_db'
fruits_db
22:05:59,929 [ test-runner:run-tests-983 @ target-host ] for-each: ITERATION = 2
22:05:59,929 [ test-runner:run-tests-983 @ target-host ] set-state: LOG_FILE /home/zakkak/spring-quarkus-perf-comparison/logs/load-test-quarkus3-native-2.log
22:06:00,341 [ test-runner:run-tests-983 @ target-host ] touch /home/zakkak/spring-quarkus-perf-comparison/logs/load-test-quarkus3-native-2.log
22:06:00,341 [ test-runner:run-tests-983 @ target-host ] queue-download: ${{REPO_DIR}}/logs/wrk-warmup-${{RUNTIME.name}}-${{ITERATION}}.log=/home/zakkak/spring-quarkus-perf-comparison/logs/wrk-warmup-quarkus3-native-2.log ../../20260311/all/target-host/
22:06:00,343 [ test-runner:run-tests-983 @ target-host ] queue-download: ${{LOG_FILE}}=/home/zakkak/spring-quarkus-perf-comparison/logs/load-test-quarkus3-native-2.log ../../20260311/all/target-host/
22:06:00,343 [ test-runner:run-tests-983 @ target-host ] queue-download: ${{REPO_DIR}}/logs/wrk-${{RUNTIME.name}}-${{ITERATION}}.log=/home/zakkak/spring-quarkus-perf-comparison/logs/wrk-quarkus3-native-2.log ../../20260311/all/target-host/
22:06:00,343 [ test-runner:run-tests-983 @ target-host ] script-cmd: start-test-services
22:06:00,343 [ test-runner:run-tests-983 @ target-host ] start-test-services
22:06:11,452 [ test-runner:run-tests-983 @ target-host ] /home/zakkak/spring-quarkus-perf-comparison/spring-quarkus-perf-comparison/scripts/infra.sh -c 3 -p '4-6' -s
Using podman to start containers
-----------------------------------------
[03/11/2026 22:06:00]: Starting services
-----------------------------------------
Starting PostgreSQL database 'fruits_db'
PostgreSQL DB process: b387199dd28abe12e843865e6a3e3b94fce277296448489fa4a75d4e98740797
Waiting for PostgreSQL to be ready...
localhost:5432 - no response
localhost:5432 - no response
localhost:5432 - accepting connections
22:06:11,452 [ test-runner:run-tests-983 @ target-host ] script-cmd: sync-drop-fs-cache
22:06:11,452 [ test-runner:run-tests-983 @ target-host ] sync-drop-fs-cache
22:06:11,453 [ test-runner:run-tests-983 @ target-host ] read-state: true
22:06:11,453 [ test-runner:run-tests-983 @ target-host ] regex: true
22:06:12,089 [ test-runner:run-tests-983 @ target-host ] sync
22:06:12,090 [ test-runner:run-tests-983 @ target-host ] script-cmd: sync-drop-fs-cache-${{os}}
22:06:12,090 [ test-runner:run-tests-983 @ target-host ] sync-drop-fs-cache-linux
22:06:12,090 [ test-runner:run-tests-983 @ target-host ] script-cmd: sudo
22:06:12,090 [ test-runner:run-tests-983 @ target-host ] sudo
22:06:12,090 [ test-runner:run-tests-983 @ target-host ] script-cmd: sudo-${{os}}
22:06:12,090 [ test-runner:run-tests-983 @ target-host ] sudo-linux
22:06:12,911 [ test-runner:run-tests-983 @ target-host ] sudo sh -c "echo 3 > /proc/sys/vm/drop_caches"
]3008;start=d48c31b730f3489da904b56e155d51ea;user=zakkak;hostname=blanc;machineid=f469a615e9ef4e81b7d5be080a5de373;bootid=0e917e08584a49cb891ef04366e00ace;pid=424891;pidfdid=424892;comm=sudo;targetuser=root;sessionid=c417;type=session\]3008;end=d48c31b730f3489da904b56e155d51ea\
22:06:12,919 [ test-runner:run-tests-983 @ target-host ] set-signal: LOAD_STEADY_STATE_START 1
22:06:12,919 [ test-runner:run-tests-983 @ target-host ] set-signal: LOG_REGEX_REACHED 1
22:06:13,322 [ test-runner:run-tests-983 @ target-host ] taskset --cpu-list 0-3 /home/zakkak/spring-quarkus-perf-comparison/spring-quarkus-perf-comparison/quarkus3/target/quarkus3-runner  &>/home/zakkak/spring-quarkus-perf-comparison/logs/load-test-quarkus3-native-2.log &
[1] 424920
22:06:13,724 [ test-runner:run-tests-983 @ target-host ] PID=$!
22:06:14,125 [ test-runner:run-tests-983 @ target-host ] echo $PID
424920
22:06:14,125 [ test-runner:run-tests-983 @ target-host ] set-state: JVM_PID 424920
22:06:14,126 [ test-runner:run-tests-983 @ target-host ] script-cmd: monitor-processes
22:06:14,126 [ test-runner:run-tests-983 @ target-host ] monitor-processes
22:06:14,126 [ test-runner:run-tests-983 @ target-host ] set-signal: LOAD_TEST_COMPLETE 1
22:06:14,606 [ test-runner:run-tests-983 @ target-host ] script-cmd: monitor-process
22:06:14,606 [ :monitor-process-2092 @ target-host ] monitor-process
22:06:14,607 [ :monitor-process-2092 @ target-host ] queue-download: ${{log_file}}=/home/zakkak/spring-quarkus-perf-comparison/logs/pidstat-quarkus3-native-2.log ../../20260311/all/target-host/
22:06:14,981 [ test-runner:run-tests-983 @ target-host ] script-cmd: monitor-process
22:06:14,982 [ :monitor-process-2100 @ target-host ] monitor-process
22:06:14,982 [ :monitor-process-2100 @ target-host ] queue-download: ${{log_file}}=/home/zakkak/spring-quarkus-perf-comparison/logs/mpstat-quarkus3-native-2.log ../../20260311/all/target-host/
22:06:15,110 [ :monitor-process-2092 @ target-host ] taskset --cpu-list 11 pidstat -u -p 424920 1 &>/home/zakkak/spring-quarkus-perf-comparison/logs/pidstat-quarkus3-native-2.log &
[1] 425025
22:06:15,356 [ test-runner:run-tests-983 @ target-host ] script-cmd: monitor-process
22:06:15,356 [ test-runner:run-tests-983 @ target-host ] script-cmd: monitor-postgres
22:06:15,356 [ :monitor-process-2109 @ target-host ] monitor-process
22:06:15,356 [ test-runner:run-tests-983 @ target-host ] monitor-postgres
22:06:15,357 [ :monitor-process-2109 @ target-host ] queue-download: ${{log_file}}=/home/zakkak/spring-quarkus-perf-comparison/logs/vmstat-quarkus3-native-2.log ../../20260311/all/target-host/
22:06:15,484 [ :monitor-process-2100 @ target-host ] taskset --cpu-list 11 mpstat -P ALL 1 &>/home/zakkak/spring-quarkus-perf-comparison/logs/mpstat-quarkus3-native-2.log &
[1] 425123
22:06:15,511 [ :monitor-process-2092 @ target-host ] PROCESS_PID=$!
22:06:15,759 [ :monitor-process-2109 @ target-host ] taskset --cpu-list 11 vmstat 1 &>/home/zakkak/spring-quarkus-perf-comparison/logs/vmstat-quarkus3-native-2.log &
[1] 425206
22:06:15,797 [ test-runner:run-tests-983 @ target-host ] POSTGRES_PID=$(/home/zakkak/spring-quarkus-perf-comparison/spring-quarkus-perf-comparison/scripts/infra.sh -r)
22:06:15,886 [ :monitor-process-2100 @ target-host ] PROCESS_PID=$!
22:06:15,913 [ :monitor-process-2092 @ target-host ] echo $PROCESS_PID
425025
22:06:15,913 [ :monitor-process-2092 @ target-host ] set-state: PROCESS_PID 425025
22:06:16,160 [ :monitor-process-2109 @ target-host ] PROCESS_PID=$!
22:06:16,199 [ test-runner:run-tests-983 @ target-host ] echo $POSTGRES_PID
424629
22:06:16,199 [ test-runner:run-tests-983 @ target-host ] set-state: POSTGRES_PID 424629
22:06:16,287 [ :monitor-process-2100 @ target-host ] echo $PROCESS_PID
425123
22:06:16,288 [ :monitor-process-2100 @ target-host ] set-state: PROCESS_PID 425123
22:06:16,562 [ :monitor-process-2109 @ target-host ] echo $PROCESS_PID
425206
22:06:16,562 [ :monitor-process-2109 @ target-host ] set-state: PROCESS_PID 425206
22:06:16,573 [ test-runner:run-tests-983 @ target-host ] script-cmd: monitor-process
22:06:16,574 [ test-runner:run-tests-983 @ target-host ] JVM_PID = 424920
22:06:16,574 [ :monitor-process-2125 @ target-host ] monitor-process
22:06:16,574 [ test-runner:run-tests-983 @ target-host ] read-state: none
22:06:16,574 [ :monitor-process-2125 @ target-host ] queue-download: ${{log_file}}=/home/zakkak/spring-quarkus-perf-comparison/logs/postgres-pidstat-quarkus3-native-2.log ../../20260311/all/target-host/
22:06:16,945 [ test-runner:run-tests-983 @ target-host ] script-cmd: watch-log
22:06:16,945 [ :watch-log-2134 @ target-host ] watch-log
22:06:16,956 [ :watch-log-2134 @ target-host ] regex: ${{log_regex}}
22:06:16,956 [ :watch-log-2134 @ target-host ] ctrlC
22:06:16,956 [ :watch-log-2134 @ target-host ] reached LOG_REGEX_REACHED
22:06:16,956 [ test-runner:run-tests-983 @ target-host ] wait-for: LOG_REGEX_REACHED
22:06:16,956 [ :watch-log-2134 @ target-host ] signal: LOG_REGEX_REACHED
22:06:17,076 [ :monitor-process-2125 @ target-host ] taskset --cpu-list 11 pidstat -u -p $(pgrep -d , -P 424629) 1 &>/home/zakkak/spring-quarkus-perf-comparison/logs/postgres-pidstat-quarkus3-native-2.log &
[1] 425323
22:06:17,358 [ :watch-log-2134 @ target-host ] tail -f /home/zakkak/spring-quarkus-perf-comparison/logs/load-test-quarkus3-native-2.log
__  ____  __  _____   ___  __ ____  ______ 
 --/ __ \/ / / / _ | / _ \/ //_/ / / / __/ 
 -/ /_/ / /_/ / __ |/ , _/ ,< / /_/ /\ \   
--\___\_\____/_/ |_/_/|_/_/|_|\____/___/   
2026-03-11 22:06:13,091 INFO  [io.quarkus] (main) quarkus3 1.0 native (powered by Quarkus 999-SNAPSHOT) started in 0.083s. Listening on: http://0.0.0.0:8080
2026-03-11 22:06:13,091 INFO  [io.quarkus] (main) Profile prod activated. 
2026-03-11 22:06:13,091 INFO  [io.quarkus] (main) Installed features: [agroal, cdi, config-yaml, hibernate-orm, hibernate-orm-panache, hibernate-validator, jdbc-postgresql, narayana-jta, rest, rest-jackson, smallrye-context-propagation, smallrye-health, vertx]
22:06:17,478 [ :monitor-process-2125 @ target-host ] PROCESS_PID=$!
22:06:17,880 [ :monitor-process-2125 @ target-host ] echo $PROCESS_PID
425323
22:06:17,880 [ :monitor-process-2125 @ target-host ] set-state: PROCESS_PID 425323
22:08:26,872 [ test-runner:run-tests-983 @ target-host ] taskset --cpu-list 7-9 jbang -R -XX:+UseNUMA wrk@hyperfoil -t 2 -c 100 -d 2m --timeout 2m http://localhost:8080/fruits 2>&1 >/home/zakkak/spring-quarkus-perf-comparison/logs/wrk-warmup-quarkus3-native-2.log
22:08:56,872 [ test-runner:run-tests-983 @ target-host ] sleep: 30s
22:08:56,872 [ :monitor-process-2100 @ target-host ] reached LOAD_STEADY_STATE_START
22:08:56,872 [ test-runner:run-tests-983 @ target-host ] signal: LOAD_STEADY_STATE_START
22:09:36,614 [ test-runner:run-tests-983 @ target-host ] taskset --cpu-list 7-9 jbang -R -XX:+UseNUMA wrk@hyperfoil -t 2 -c 100 -d 30s --timeout 30s http://localhost:8080/fruits 2>&1 >/home/zakkak/spring-quarkus-perf-comparison/logs/wrk-quarkus3-native-2.log
22:09:37,031 [ test-runner:run-tests-983 @ target-host ] cat /home/zakkak/spring-quarkus-perf-comparison/logs/wrk-quarkus3-native-2.log | grep "Requests/sec" | awk '{print $2}'
15907.25
22:09:37,031 [ test-runner:run-tests-983 @ target-host ] set-state: THROUGHPUT 15907.25
22:09:37,032 [ test-runner:run-tests-983 @ target-host ] script-cmd: state-array-push
22:09:37,032 [ test-runner:run-tests-983 @ target-host ] state-array-push
22:09:37,084 [ test-runner:run-tests-983 @ target-host ] set-state: RUN.output.results.quarkus3-native.load.throughput [16369.16,15984.01,15907.25]
22:09:37,488 [ test-runner:run-tests-983 @ target-host ] cat /home/zakkak/spring-quarkus-perf-comparison/logs/wrk-quarkus3-native-2.log | grep "Socket errors:" | sed -E 's/.*connectionErrors ([0-9]+).*/\1/'
22:09:37,488 [ test-runner:run-tests-983 @ target-host ] regex: ^$
22:09:37,488 [ test-runner:run-tests-983 @ target-host ] set-state: CONNECTION_ERRORS 0
22:09:37,488 [ test-runner:run-tests-983 @ target-host ] script-cmd: state-array-push
22:09:37,488 [ test-runner:run-tests-983 @ target-host ] state-array-push
22:09:37,526 [ test-runner:run-tests-983 @ target-host ] set-state: RUN.output.results.quarkus3-native.load.connectionErrors [0,0,0]
22:09:37,930 [ test-runner:run-tests-983 @ target-host ] cat /home/zakkak/spring-quarkus-perf-comparison/logs/wrk-quarkus3-native-2.log | grep "Socket errors:" | sed -E 's/.*requestTimeouts ([0-9]+)/\1/'
22:09:37,930 [ test-runner:run-tests-983 @ target-host ] regex: ^$
22:09:37,930 [ test-runner:run-tests-983 @ target-host ] set-state: REQUEST_TIMEOUTS 0
22:09:37,930 [ test-runner:run-tests-983 @ target-host ] script-cmd: state-array-push
22:09:37,930 [ test-runner:run-tests-983 @ target-host ] state-array-push
22:09:37,966 [ test-runner:run-tests-983 @ target-host ] set-state: RUN.output.results.quarkus3-native.load.requestTimeouts [0,0,0]
22:09:38,383 [ test-runner:run-tests-983 @ target-host ] pmap -x $PID | grep total | awk '{print $4}'
163336
22:09:38,383 [ test-runner:run-tests-983 @ target-host ] set-state: RSS 163336
22:09:38,406 [ test-runner:run-tests-983 @ target-host ] script-cmd: state-array-push
22:09:38,406 [ test-runner:run-tests-983 @ target-host ] state-array-push
22:09:38,441 [ test-runner:run-tests-983 @ target-host ] set-state: RUN.output.results.quarkus3-native.load.rss [160.2578125,156.25390625,159.5078125]
22:09:38,460 [ test-runner:run-tests-983 @ target-host ] script-cmd: state-array-push
22:09:38,460 [ test-runner:run-tests-983 @ target-host ] state-array-push
22:09:38,509 [ test-runner:run-tests-983 @ target-host ] set-state: RUN.output.results.quarkus3-native.load.throughputDensity [102.1426646516843,102.29510662233444,99.72709016995641]
22:09:38,509 [ test-runner:run-tests-983 @ target-host ] reached LOAD_TEST_COMPLETE
22:09:38,509 [ :monitor-process-2092 @ target-host ] wait-for: LOAD_TEST_COMPLETE
22:09:38,509 [ :monitor-process-2100 @ target-host ] wait-for: LOAD_TEST_COMPLETE
22:09:38,509 [ :monitor-process-2109 @ target-host ] wait-for: LOAD_TEST_COMPLETE
22:09:38,509 [ :monitor-process-2125 @ target-host ] wait-for: LOAD_TEST_COMPLETE
22:09:38,509 [ test-runner:run-tests-983 @ target-host ] signal: LOAD_TEST_COMPLETE
22:09:38,911 [ :monitor-process-2092 @ target-host ] kill -15 $PROCESS_PID
bash: kill: (425025) - No such process
22:09:38,911 [ :monitor-process-2125 @ target-host ] kill -15 $PROCESS_PID
bash: kill: (425323) - No such process
22:09:38,911 [ :monitor-process-2100 @ target-host ] kill -15 $PROCESS_PID
bash: kill: (425123) - No such process
22:09:39,011 [ test-runner:run-tests-983 @ target-host ] kill -15 $PID
22:09:39,011 [ :monitor-process-2109 @ target-host ] kill -15 $PROCESS_PID
22:09:41,423 [ test-runner:run-tests-983 @ target-host ] sleep 2
22:09:41,423 [ test-runner:run-tests-983 @ target-host ] script-cmd: stop-test-services
22:09:41,423 [ test-runner:run-tests-983 @ target-host ] stop-test-services
22:09:42,090 [ test-runner:run-tests-983 @ target-host ] /home/zakkak/spring-quarkus-perf-comparison/spring-quarkus-perf-comparison/scripts/infra.sh -d
Using podman to stop containers
-----------------------------------------
[03/11/2026 22:09:41]: Stopping services
-----------------------------------------
Stopping PostgreSQL database 'fruits_db'
fruits_db
22:09:42,146 [ test-runner:run-tests-983 @ target-host ] for-each: ITERATION = 3
22:09:42,146 [ test-runner:run-tests-983 @ target-host ] set-state: LOG_FILE /home/zakkak/spring-quarkus-perf-comparison/logs/load-test-quarkus3-native-3.log
22:09:42,558 [ test-runner:run-tests-983 @ target-host ] touch /home/zakkak/spring-quarkus-perf-comparison/logs/load-test-quarkus3-native-3.log
22:09:42,558 [ test-runner:run-tests-983 @ target-host ] queue-download: ${{REPO_DIR}}/logs/wrk-warmup-${{RUNTIME.name}}-${{ITERATION}}.log=/home/zakkak/spring-quarkus-perf-comparison/logs/wrk-warmup-quarkus3-native-3.log ../../20260311/all/target-host/
22:09:42,559 [ test-runner:run-tests-983 @ target-host ] queue-download: ${{LOG_FILE}}=/home/zakkak/spring-quarkus-perf-comparison/logs/load-test-quarkus3-native-3.log ../../20260311/all/target-host/
22:09:42,559 [ test-runner:run-tests-983 @ target-host ] queue-download: ${{REPO_DIR}}/logs/wrk-${{RUNTIME.name}}-${{ITERATION}}.log=/home/zakkak/spring-quarkus-perf-comparison/logs/wrk-quarkus3-native-3.log ../../20260311/all/target-host/
22:09:42,559 [ test-runner:run-tests-983 @ target-host ] script-cmd: start-test-services
22:09:42,560 [ test-runner:run-tests-983 @ target-host ] start-test-services
22:09:53,713 [ test-runner:run-tests-983 @ target-host ] /home/zakkak/spring-quarkus-perf-comparison/spring-quarkus-perf-comparison/scripts/infra.sh -c 3 -p '4-6' -s
Using podman to start containers
-----------------------------------------
[03/11/2026 22:09:42]: Starting services
-----------------------------------------
Starting PostgreSQL database 'fruits_db'
PostgreSQL DB process: a4a1160ce2aa5438420b2312dcb9c26509672a43fd4a15083401c2f000ca6afd
Waiting for PostgreSQL to be ready...
localhost:5432 - no response
localhost:5432 - no response
localhost:5432 - accepting connections
22:09:53,713 [ test-runner:run-tests-983 @ target-host ] script-cmd: sync-drop-fs-cache
22:09:53,713 [ test-runner:run-tests-983 @ target-host ] sync-drop-fs-cache
22:09:53,714 [ test-runner:run-tests-983 @ target-host ] read-state: true
22:09:53,714 [ test-runner:run-tests-983 @ target-host ] regex: true
22:09:54,283 [ test-runner:run-tests-983 @ target-host ] sync
22:09:54,284 [ test-runner:run-tests-983 @ target-host ] script-cmd: sync-drop-fs-cache-${{os}}
22:09:54,284 [ test-runner:run-tests-983 @ target-host ] sync-drop-fs-cache-linux
22:09:54,284 [ test-runner:run-tests-983 @ target-host ] script-cmd: sudo
22:09:54,284 [ test-runner:run-tests-983 @ target-host ] sudo
22:09:54,285 [ test-runner:run-tests-983 @ target-host ] script-cmd: sudo-${{os}}
22:09:54,285 [ test-runner:run-tests-983 @ target-host ] sudo-linux
22:09:55,064 [ test-runner:run-tests-983 @ target-host ] sudo sh -c "echo 3 > /proc/sys/vm/drop_caches"
]3008;start=3db6945cacff4747a42ea65502fa6d47;user=zakkak;hostname=blanc;machineid=f469a615e9ef4e81b7d5be080a5de373;bootid=0e917e08584a49cb891ef04366e00ace;pid=426734;pidfdid=426735;comm=sudo;targetuser=root;sessionid=c418;type=session\]3008;end=3db6945cacff4747a42ea65502fa6d47\
22:09:55,065 [ test-runner:run-tests-983 @ target-host ] set-signal: LOAD_STEADY_STATE_START 1
22:09:55,065 [ test-runner:run-tests-983 @ target-host ] set-signal: LOG_REGEX_REACHED 1
22:09:55,468 [ test-runner:run-tests-983 @ target-host ] taskset --cpu-list 0-3 /home/zakkak/spring-quarkus-perf-comparison/spring-quarkus-perf-comparison/quarkus3/target/quarkus3-runner  &>/home/zakkak/spring-quarkus-perf-comparison/logs/load-test-quarkus3-native-3.log &
[1] 426761
22:09:55,869 [ test-runner:run-tests-983 @ target-host ] PID=$!
22:09:56,271 [ test-runner:run-tests-983 @ target-host ] echo $PID
426761
22:09:56,271 [ test-runner:run-tests-983 @ target-host ] set-state: JVM_PID 426761
22:09:56,273 [ test-runner:run-tests-983 @ target-host ] script-cmd: monitor-processes
22:09:56,273 [ test-runner:run-tests-983 @ target-host ] monitor-processes
22:09:56,273 [ test-runner:run-tests-983 @ target-host ] set-signal: LOAD_TEST_COMPLETE 1
22:09:56,724 [ test-runner:run-tests-983 @ target-host ] script-cmd: monitor-process
22:09:56,724 [ :monitor-process-2185 @ target-host ] monitor-process
22:09:56,725 [ :monitor-process-2185 @ target-host ] queue-download: ${{log_file}}=/home/zakkak/spring-quarkus-perf-comparison/logs/pidstat-quarkus3-native-3.log ../../20260311/all/target-host/
22:09:57,099 [ test-runner:run-tests-983 @ target-host ] script-cmd: monitor-process
22:09:57,099 [ :monitor-process-2193 @ target-host ] monitor-process
22:09:57,100 [ :monitor-process-2193 @ target-host ] queue-download: ${{log_file}}=/home/zakkak/spring-quarkus-perf-comparison/logs/mpstat-quarkus3-native-3.log ../../20260311/all/target-host/
22:09:57,228 [ :monitor-process-2185 @ target-host ] taskset --cpu-list 11 pidstat -u -p 426761 1 &>/home/zakkak/spring-quarkus-perf-comparison/logs/pidstat-quarkus3-native-3.log &
[1] 426883
22:09:57,474 [ test-runner:run-tests-983 @ target-host ] script-cmd: monitor-process
22:09:57,474 [ test-runner:run-tests-983 @ target-host ] script-cmd: monitor-postgres
22:09:57,474 [ test-runner:run-tests-983 @ target-host ] monitor-postgres
22:09:57,474 [ :monitor-process-2202 @ target-host ] monitor-process
22:09:57,474 [ :monitor-process-2202 @ target-host ] queue-download: ${{log_file}}=/home/zakkak/spring-quarkus-perf-comparison/logs/vmstat-quarkus3-native-3.log ../../20260311/all/target-host/
22:09:57,602 [ :monitor-process-2193 @ target-host ] taskset --cpu-list 11 mpstat -P ALL 1 &>/home/zakkak/spring-quarkus-perf-comparison/logs/mpstat-quarkus3-native-3.log &
[1] 426965
22:09:57,629 [ :monitor-process-2185 @ target-host ] PROCESS_PID=$!
22:09:57,876 [ :monitor-process-2202 @ target-host ] taskset --cpu-list 11 vmstat 1 &>/home/zakkak/spring-quarkus-perf-comparison/logs/vmstat-quarkus3-native-3.log &
[1] 427050
22:09:57,915 [ test-runner:run-tests-983 @ target-host ] POSTGRES_PID=$(/home/zakkak/spring-quarkus-perf-comparison/spring-quarkus-perf-comparison/scripts/infra.sh -r)
22:09:58,004 [ :monitor-process-2193 @ target-host ] PROCESS_PID=$!
22:09:58,031 [ :monitor-process-2185 @ target-host ] echo $PROCESS_PID
426883
22:09:58,031 [ :monitor-process-2185 @ target-host ] set-state: PROCESS_PID 426883
22:09:58,278 [ :monitor-process-2202 @ target-host ] PROCESS_PID=$!
22:09:58,317 [ test-runner:run-tests-983 @ target-host ] echo $POSTGRES_PID
426457
22:09:58,317 [ test-runner:run-tests-983 @ target-host ] set-state: POSTGRES_PID 426457
22:09:58,406 [ :monitor-process-2193 @ target-host ] echo $PROCESS_PID
426965
22:09:58,406 [ :monitor-process-2193 @ target-host ] set-state: PROCESS_PID 426965
22:09:58,679 [ :monitor-process-2202 @ target-host ] echo $PROCESS_PID
427050
22:09:58,680 [ :monitor-process-2202 @ target-host ] set-state: PROCESS_PID 427050
22:09:58,693 [ test-runner:run-tests-983 @ target-host ] script-cmd: monitor-process
22:09:58,693 [ :monitor-process-2218 @ target-host ] monitor-process
22:09:58,693 [ test-runner:run-tests-983 @ target-host ] JVM_PID = 426761
22:09:58,693 [ :monitor-process-2218 @ target-host ] queue-download: ${{log_file}}=/home/zakkak/spring-quarkus-perf-comparison/logs/postgres-pidstat-quarkus3-native-3.log ../../20260311/all/target-host/
22:09:58,693 [ test-runner:run-tests-983 @ target-host ] read-state: none
22:09:59,065 [ test-runner:run-tests-983 @ target-host ] script-cmd: watch-log
22:09:59,065 [ :watch-log-2227 @ target-host ] watch-log
22:09:59,075 [ :watch-log-2227 @ target-host ] regex: ${{log_regex}}
22:09:59,075 [ :watch-log-2227 @ target-host ] ctrlC
22:09:59,077 [ :watch-log-2227 @ target-host ] reached LOG_REGEX_REACHED
22:09:59,077 [ test-runner:run-tests-983 @ target-host ] wait-for: LOG_REGEX_REACHED
22:09:59,077 [ :watch-log-2227 @ target-host ] signal: LOG_REGEX_REACHED
22:09:59,196 [ :monitor-process-2218 @ target-host ] taskset --cpu-list 11 pidstat -u -p $(pgrep -d , -P 426457) 1 &>/home/zakkak/spring-quarkus-perf-comparison/logs/postgres-pidstat-quarkus3-native-3.log &
[1] 427164
22:09:59,477 [ :watch-log-2227 @ target-host ] tail -f /home/zakkak/spring-quarkus-perf-comparison/logs/load-test-quarkus3-native-3.log
__  ____  __  _____   ___  __ ____  ______ 
 --/ __ \/ / / / _ | / _ \/ //_/ / / / __/ 
 -/ /_/ / /_/ / __ |/ , _/ ,< / /_/ /\ \   
--\___\_\____/_/ |_/_/|_/_/|_|\____/___/   
2026-03-11 22:09:55,238 INFO  [io.quarkus] (main) quarkus3 1.0 native (powered by Quarkus 999-SNAPSHOT) started in 0.083s. Listening on: http://0.0.0.0:8080
2026-03-11 22:09:55,238 INFO  [io.quarkus] (main) Profile prod activated. 
2026-03-11 22:09:55,238 INFO  [io.quarkus] (main) Installed features: [agroal, cdi, config-yaml, hibernate-orm, hibernate-orm-panache, hibernate-validator, jdbc-postgresql, narayana-jta, rest, rest-jackson, smallrye-context-propagation, smallrye-health, vertx]
22:09:59,597 [ :monitor-process-2218 @ target-host ] PROCESS_PID=$!
22:09:59,999 [ :monitor-process-2218 @ target-host ] echo $PROCESS_PID
427164
22:09:59,999 [ :monitor-process-2218 @ target-host ] set-state: PROCESS_PID 427164
22:12:09,469 [ test-runner:run-tests-983 @ target-host ] taskset --cpu-list 7-9 jbang -R -XX:+UseNUMA wrk@hyperfoil -t 2 -c 100 -d 2m --timeout 2m http://localhost:8080/fruits 2>&1 >/home/zakkak/spring-quarkus-perf-comparison/logs/wrk-warmup-quarkus3-native-3.log
22:12:39,470 [ test-runner:run-tests-983 @ target-host ] sleep: 30s
22:12:39,470 [ :monitor-process-2193 @ target-host ] reached LOAD_STEADY_STATE_START
22:12:39,470 [ test-runner:run-tests-983 @ target-host ] signal: LOAD_STEADY_STATE_START
22:13:19,191 [ test-runner:run-tests-983 @ target-host ] taskset --cpu-list 7-9 jbang -R -XX:+UseNUMA wrk@hyperfoil -t 2 -c 100 -d 30s --timeout 30s http://localhost:8080/fruits 2>&1 >/home/zakkak/spring-quarkus-perf-comparison/logs/wrk-quarkus3-native-3.log
22:13:19,609 [ test-runner:run-tests-983 @ target-host ] cat /home/zakkak/spring-quarkus-perf-comparison/logs/wrk-quarkus3-native-3.log | grep "Requests/sec" | awk '{print $2}'
15939.55
22:13:19,609 [ test-runner:run-tests-983 @ target-host ] set-state: THROUGHPUT 15939.55
22:13:19,609 [ test-runner:run-tests-983 @ target-host ] script-cmd: state-array-push
22:13:19,609 [ test-runner:run-tests-983 @ target-host ] state-array-push
22:13:19,672 [ test-runner:run-tests-983 @ target-host ] set-state: RUN.output.results.quarkus3-native.load.throughput [16369.16,15984.01,15907.25,15939.55]
22:13:20,076 [ test-runner:run-tests-983 @ target-host ] cat /home/zakkak/spring-quarkus-perf-comparison/logs/wrk-quarkus3-native-3.log | grep "Socket errors:" | sed -E 's/.*connectionErrors ([0-9]+).*/\1/'
22:13:20,077 [ test-runner:run-tests-983 @ target-host ] regex: ^$
22:13:20,077 [ test-runner:run-tests-983 @ target-host ] set-state: CONNECTION_ERRORS 0
22:13:20,077 [ test-runner:run-tests-983 @ target-host ] script-cmd: state-array-push
22:13:20,077 [ test-runner:run-tests-983 @ target-host ] state-array-push
22:13:20,132 [ test-runner:run-tests-983 @ target-host ] set-state: RUN.output.results.quarkus3-native.load.connectionErrors [0,0,0,0]
22:13:20,536 [ test-runner:run-tests-983 @ target-host ] cat /home/zakkak/spring-quarkus-perf-comparison/logs/wrk-quarkus3-native-3.log | grep "Socket errors:" | sed -E 's/.*requestTimeouts ([0-9]+)/\1/'
22:13:20,536 [ test-runner:run-tests-983 @ target-host ] regex: ^$
22:13:20,536 [ test-runner:run-tests-983 @ target-host ] set-state: REQUEST_TIMEOUTS 0
22:13:20,536 [ test-runner:run-tests-983 @ target-host ] script-cmd: state-array-push
22:13:20,536 [ test-runner:run-tests-983 @ target-host ] state-array-push
22:13:20,591 [ test-runner:run-tests-983 @ target-host ] set-state: RUN.output.results.quarkus3-native.load.requestTimeouts [0,0,0,0]
22:13:21,009 [ test-runner:run-tests-983 @ target-host ] pmap -x $PID | grep total | awk '{print $4}'
161704
22:13:21,009 [ test-runner:run-tests-983 @ target-host ] set-state: RSS 161704
22:13:21,036 [ test-runner:run-tests-983 @ target-host ] script-cmd: state-array-push
22:13:21,036 [ test-runner:run-tests-983 @ target-host ] state-array-push
22:13:21,090 [ test-runner:run-tests-983 @ target-host ] set-state: RUN.output.results.quarkus3-native.load.rss [160.2578125,156.25390625,159.5078125,157.9140625]
22:13:21,116 [ test-runner:run-tests-983 @ target-host ] script-cmd: state-array-push
22:13:21,116 [ test-runner:run-tests-983 @ target-host ] state-array-push
22:13:21,170 [ test-runner:run-tests-983 @ target-host ] set-state: RUN.output.results.quarkus3-native.load.throughputDensity [102.1426646516843,102.29510662233444,99.72709016995641,100.93812892692821]
22:13:21,170 [ test-runner:run-tests-983 @ target-host ] reached LOAD_TEST_COMPLETE
22:13:21,170 [ :monitor-process-2185 @ target-host ] wait-for: LOAD_TEST_COMPLETE
22:13:21,170 [ :monitor-process-2193 @ target-host ] wait-for: LOAD_TEST_COMPLETE
22:13:21,170 [ :monitor-process-2202 @ target-host ] wait-for: LOAD_TEST_COMPLETE
22:13:21,170 [ :monitor-process-2218 @ target-host ] wait-for: LOAD_TEST_COMPLETE
22:13:21,170 [ test-runner:run-tests-983 @ target-host ] signal: LOAD_TEST_COMPLETE
22:13:21,572 [ :monitor-process-2185 @ target-host ] kill -15 $PROCESS_PID
bash: kill: (426883) - No such process
22:13:21,572 [ :monitor-process-2193 @ target-host ] kill -15 $PROCESS_PID
bash: kill: (426965) - No such process
22:13:21,572 [ :monitor-process-2218 @ target-host ] kill -15 $PROCESS_PID
bash: kill: (427164) - No such process
22:13:21,672 [ test-runner:run-tests-983 @ target-host ] kill -15 $PID
22:13:21,672 [ :monitor-process-2202 @ target-host ] kill -15 $PROCESS_PID
22:13:24,083 [ test-runner:run-tests-983 @ target-host ] sleep 2
22:13:24,083 [ test-runner:run-tests-983 @ target-host ] script-cmd: stop-test-services
22:13:24,084 [ test-runner:run-tests-983 @ target-host ] stop-test-services
22:13:24,745 [ test-runner:run-tests-983 @ target-host ] /home/zakkak/spring-quarkus-perf-comparison/spring-quarkus-perf-comparison/scripts/infra.sh -d
Using podman to stop containers
-----------------------------------------
[03/11/2026 22:13:24]: Stopping services
-----------------------------------------
Stopping PostgreSQL database 'fruits_db'
fruits_db
22:13:24,817 [ test-runner:run-tests-983 @ target-host ] for-each: ITERATION = 4
22:13:24,817 [ test-runner:run-tests-983 @ target-host ] set-state: LOG_FILE /home/zakkak/spring-quarkus-perf-comparison/logs/load-test-quarkus3-native-4.log
22:13:25,222 [ test-runner:run-tests-983 @ target-host ] touch /home/zakkak/spring-quarkus-perf-comparison/logs/load-test-quarkus3-native-4.log
22:13:25,223 [ test-runner:run-tests-983 @ target-host ] queue-download: ${{REPO_DIR}}/logs/wrk-warmup-${{RUNTIME.name}}-${{ITERATION}}.log=/home/zakkak/spring-quarkus-perf-comparison/logs/wrk-warmup-quarkus3-native-4.log ../../20260311/all/target-host/
22:13:25,223 [ test-runner:run-tests-983 @ target-host ] queue-download: ${{LOG_FILE}}=/home/zakkak/spring-quarkus-perf-comparison/logs/load-test-quarkus3-native-4.log ../../20260311/all/target-host/
22:13:25,223 [ test-runner:run-tests-983 @ target-host ] queue-download: ${{REPO_DIR}}/logs/wrk-${{RUNTIME.name}}-${{ITERATION}}.log=/home/zakkak/spring-quarkus-perf-comparison/logs/wrk-quarkus3-native-4.log ../../20260311/all/target-host/
22:13:25,223 [ test-runner:run-tests-983 @ target-host ] script-cmd: start-test-services
22:13:25,223 [ test-runner:run-tests-983 @ target-host ] start-test-services
22:13:31,116 [ test-runner:run-tests-983 @ target-host ] /home/zakkak/spring-quarkus-perf-comparison/spring-quarkus-perf-comparison/scripts/infra.sh -c 3 -p '4-6' -s
Using podman to start containers
-----------------------------------------
[03/11/2026 22:13:25]: Starting services
-----------------------------------------
Starting PostgreSQL database 'fruits_db'
PostgreSQL DB process: c4e66401bb2ede0b3dab674413d5ea56144aaf21f69a17768d29cb59fc119cb2
Waiting for PostgreSQL to be ready...
localhost:5432 - no response
localhost:5432 - accepting connections
22:13:31,116 [ test-runner:run-tests-983 @ target-host ] script-cmd: sync-drop-fs-cache
22:13:31,116 [ test-runner:run-tests-983 @ target-host ] sync-drop-fs-cache
22:13:31,116 [ test-runner:run-tests-983 @ target-host ] read-state: true
22:13:31,116 [ test-runner:run-tests-983 @ target-host ] regex: true
22:13:31,673 [ test-runner:run-tests-983 @ target-host ] sync
22:13:31,673 [ test-runner:run-tests-983 @ target-host ] script-cmd: sync-drop-fs-cache-${{os}}
22:13:31,673 [ test-runner:run-tests-983 @ target-host ] sync-drop-fs-cache-linux
22:13:31,673 [ test-runner:run-tests-983 @ target-host ] script-cmd: sudo
22:13:31,673 [ test-runner:run-tests-983 @ target-host ] sudo
22:13:31,673 [ test-runner:run-tests-983 @ target-host ] script-cmd: sudo-${{os}}
22:13:31,673 [ test-runner:run-tests-983 @ target-host ] sudo-linux
22:13:32,488 [ test-runner:run-tests-983 @ target-host ] sudo sh -c "echo 3 > /proc/sys/vm/drop_caches"
]3008;start=f9ba52f7e7aa444eb89ee77d14a2e045;user=zakkak;hostname=blanc;machineid=f469a615e9ef4e81b7d5be080a5de373;bootid=0e917e08584a49cb891ef04366e00ace;pid=428610;pidfdid=428611;comm=sudo;targetuser=root;sessionid=c419;type=session\]3008;end=f9ba52f7e7aa444eb89ee77d14a2e045\
22:13:32,497 [ test-runner:run-tests-983 @ target-host ] set-signal: LOAD_STEADY_STATE_START 1
22:13:32,497 [ test-runner:run-tests-983 @ target-host ] set-signal: LOG_REGEX_REACHED 1
22:13:32,899 [ test-runner:run-tests-983 @ target-host ] taskset --cpu-list 0-3 /home/zakkak/spring-quarkus-perf-comparison/spring-quarkus-perf-comparison/quarkus3/target/quarkus3-runner  &>/home/zakkak/spring-quarkus-perf-comparison/logs/load-test-quarkus3-native-4.log &
[1] 428639
22:13:33,301 [ test-runner:run-tests-983 @ target-host ] PID=$!
22:13:33,702 [ test-runner:run-tests-983 @ target-host ] echo $PID
428639
22:13:33,702 [ test-runner:run-tests-983 @ target-host ] set-state: JVM_PID 428639
22:13:33,703 [ test-runner:run-tests-983 @ target-host ] script-cmd: monitor-processes
22:13:33,703 [ test-runner:run-tests-983 @ target-host ] monitor-processes
22:13:33,703 [ test-runner:run-tests-983 @ target-host ] set-signal: LOAD_TEST_COMPLETE 1
22:13:34,135 [ test-runner:run-tests-983 @ target-host ] script-cmd: monitor-process
22:13:34,136 [ :monitor-process-2278 @ target-host ] monitor-process
22:13:34,144 [ :monitor-process-2278 @ target-host ] queue-download: ${{log_file}}=/home/zakkak/spring-quarkus-perf-comparison/logs/pidstat-quarkus3-native-4.log ../../20260311/all/target-host/
22:13:34,510 [ test-runner:run-tests-983 @ target-host ] script-cmd: monitor-process
22:13:34,510 [ :monitor-process-2286 @ target-host ] monitor-process
22:13:34,510 [ :monitor-process-2286 @ target-host ] queue-download: ${{log_file}}=/home/zakkak/spring-quarkus-perf-comparison/logs/mpstat-quarkus3-native-4.log ../../20260311/all/target-host/
22:13:34,647 [ :monitor-process-2278 @ target-host ] taskset --cpu-list 11 pidstat -u -p 428639 1 &>/home/zakkak/spring-quarkus-perf-comparison/logs/pidstat-quarkus3-native-4.log &
[1] 428762
22:13:34,883 [ test-runner:run-tests-983 @ target-host ] script-cmd: monitor-process
22:13:34,883 [ test-runner:run-tests-983 @ target-host ] script-cmd: monitor-postgres
22:13:34,883 [ test-runner:run-tests-983 @ target-host ] monitor-postgres
22:13:34,883 [ :monitor-process-2295 @ target-host ] monitor-process
22:13:34,884 [ :monitor-process-2295 @ target-host ] queue-download: ${{log_file}}=/home/zakkak/spring-quarkus-perf-comparison/logs/vmstat-quarkus3-native-4.log ../../20260311/all/target-host/
22:13:35,013 [ :monitor-process-2286 @ target-host ] taskset --cpu-list 11 mpstat -P ALL 1 &>/home/zakkak/spring-quarkus-perf-comparison/logs/mpstat-quarkus3-native-4.log &
[1] 428841
22:13:35,048 [ :monitor-process-2278 @ target-host ] PROCESS_PID=$!
22:13:35,285 [ :monitor-process-2295 @ target-host ] taskset --cpu-list 11 vmstat 1 &>/home/zakkak/spring-quarkus-perf-comparison/logs/vmstat-quarkus3-native-4.log &
[1] 428923
22:13:35,324 [ test-runner:run-tests-983 @ target-host ] POSTGRES_PID=$(/home/zakkak/spring-quarkus-perf-comparison/spring-quarkus-perf-comparison/scripts/infra.sh -r)
22:13:35,414 [ :monitor-process-2286 @ target-host ] PROCESS_PID=$!
22:13:35,450 [ :monitor-process-2278 @ target-host ] echo $PROCESS_PID
428762
22:13:35,450 [ :monitor-process-2278 @ target-host ] set-state: PROCESS_PID 428762
22:13:35,687 [ :monitor-process-2295 @ target-host ] PROCESS_PID=$!
22:13:35,725 [ test-runner:run-tests-983 @ target-host ] echo $POSTGRES_PID
428425
22:13:35,725 [ test-runner:run-tests-983 @ target-host ] set-state: POSTGRES_PID 428425
22:13:35,816 [ :monitor-process-2286 @ target-host ] echo $PROCESS_PID
428841
22:13:35,816 [ :monitor-process-2286 @ target-host ] set-state: PROCESS_PID 428841
22:13:36,088 [ :monitor-process-2295 @ target-host ] echo $PROCESS_PID
428923
22:13:36,089 [ :monitor-process-2295 @ target-host ] set-state: PROCESS_PID 428923
22:13:36,096 [ test-runner:run-tests-983 @ target-host ] script-cmd: monitor-process
22:13:36,096 [ test-runner:run-tests-983 @ target-host ] JVM_PID = 428639
22:13:36,096 [ :monitor-process-2311 @ target-host ] monitor-process
22:13:36,096 [ :monitor-process-2311 @ target-host ] queue-download: ${{log_file}}=/home/zakkak/spring-quarkus-perf-comparison/logs/postgres-pidstat-quarkus3-native-4.log ../../20260311/all/target-host/
22:13:36,096 [ test-runner:run-tests-983 @ target-host ] read-state: none
22:13:36,468 [ test-runner:run-tests-983 @ target-host ] script-cmd: watch-log
22:13:36,468 [ :watch-log-2320 @ target-host ] watch-log
22:13:36,478 [ :watch-log-2320 @ target-host ] regex: ${{log_regex}}
22:13:36,478 [ :watch-log-2320 @ target-host ] ctrlC
22:13:36,478 [ :watch-log-2320 @ target-host ] reached LOG_REGEX_REACHED
22:13:36,478 [ test-runner:run-tests-983 @ target-host ] wait-for: LOG_REGEX_REACHED
22:13:36,478 [ :watch-log-2320 @ target-host ] signal: LOG_REGEX_REACHED
22:13:36,599 [ :monitor-process-2311 @ target-host ] taskset --cpu-list 11 pidstat -u -p $(pgrep -d , -P 428425) 1 &>/home/zakkak/spring-quarkus-perf-comparison/logs/postgres-pidstat-quarkus3-native-4.log &
[1] 429041
22:13:36,879 [ :watch-log-2320 @ target-host ] tail -f /home/zakkak/spring-quarkus-perf-comparison/logs/load-test-quarkus3-native-4.log
__  ____  __  _____   ___  __ ____  ______ 
 --/ __ \/ / / / _ | / _ \/ //_/ / / / __/ 
 -/ /_/ / /_/ / __ |/ , _/ ,< / /_/ /\ \   
--\___\_\____/_/ |_/_/|_/_/|_|\____/___/   
2026-03-11 22:13:32,665 INFO  [io.quarkus] (main) quarkus3 1.0 native (powered by Quarkus 999-SNAPSHOT) started in 0.075s. Listening on: http://0.0.0.0:8080
2026-03-11 22:13:32,665 INFO  [io.quarkus] (main) Profile prod activated. 
2026-03-11 22:13:32,665 INFO  [io.quarkus] (main) Installed features: [agroal, cdi, config-yaml, hibernate-orm, hibernate-orm-panache, hibernate-validator, jdbc-postgresql, narayana-jta, rest, rest-jackson, smallrye-context-propagation, smallrye-health, vertx]
22:13:37,000 [ :monitor-process-2311 @ target-host ] PROCESS_PID=$!
22:13:37,402 [ :monitor-process-2311 @ target-host ] echo $PROCESS_PID
429041
22:13:37,402 [ :monitor-process-2311 @ target-host ] set-state: PROCESS_PID 429041
22:15:46,353 [ test-runner:run-tests-983 @ target-host ] taskset --cpu-list 7-9 jbang -R -XX:+UseNUMA wrk@hyperfoil -t 2 -c 100 -d 2m --timeout 2m http://localhost:8080/fruits 2>&1 >/home/zakkak/spring-quarkus-perf-comparison/logs/wrk-warmup-quarkus3-native-4.log
22:16:16,353 [ test-runner:run-tests-983 @ target-host ] sleep: 30s
22:16:16,353 [ :monitor-process-2286 @ target-host ] reached LOAD_STEADY_STATE_START
22:16:16,353 [ test-runner:run-tests-983 @ target-host ] signal: LOAD_STEADY_STATE_START
22:16:56,016 [ test-runner:run-tests-983 @ target-host ] taskset --cpu-list 7-9 jbang -R -XX:+UseNUMA wrk@hyperfoil -t 2 -c 100 -d 30s --timeout 30s http://localhost:8080/fruits 2>&1 >/home/zakkak/spring-quarkus-perf-comparison/logs/wrk-quarkus3-native-4.log
22:16:56,433 [ test-runner:run-tests-983 @ target-host ] cat /home/zakkak/spring-quarkus-perf-comparison/logs/wrk-quarkus3-native-4.log | grep "Requests/sec" | awk '{print $2}'
16284.13
22:16:56,433 [ test-runner:run-tests-983 @ target-host ] set-state: THROUGHPUT 16284.13
22:16:56,433 [ test-runner:run-tests-983 @ target-host ] script-cmd: state-array-push
22:16:56,433 [ test-runner:run-tests-983 @ target-host ] state-array-push
22:16:56,478 [ test-runner:run-tests-983 @ target-host ] set-state: RUN.output.results.quarkus3-native.load.throughput [16369.16,15984.01,15907.25,15939.55,16284.13]
22:16:56,881 [ test-runner:run-tests-983 @ target-host ] cat /home/zakkak/spring-quarkus-perf-comparison/logs/wrk-quarkus3-native-4.log | grep "Socket errors:" | sed -E 's/.*connectionErrors ([0-9]+).*/\1/'
22:16:56,881 [ test-runner:run-tests-983 @ target-host ] regex: ^$
22:16:56,881 [ test-runner:run-tests-983 @ target-host ] set-state: CONNECTION_ERRORS 0
22:16:56,882 [ test-runner:run-tests-983 @ target-host ] script-cmd: state-array-push
22:16:56,882 [ test-runner:run-tests-983 @ target-host ] state-array-push
22:16:56,916 [ test-runner:run-tests-983 @ target-host ] set-state: RUN.output.results.quarkus3-native.load.connectionErrors [0,0,0,0,0]
22:16:57,319 [ test-runner:run-tests-983 @ target-host ] cat /home/zakkak/spring-quarkus-perf-comparison/logs/wrk-quarkus3-native-4.log | grep "Socket errors:" | sed -E 's/.*requestTimeouts ([0-9]+)/\1/'
22:16:57,319 [ test-runner:run-tests-983 @ target-host ] regex: ^$
22:16:57,319 [ test-runner:run-tests-983 @ target-host ] set-state: REQUEST_TIMEOUTS 0
22:16:57,320 [ test-runner:run-tests-983 @ target-host ] script-cmd: state-array-push
22:16:57,320 [ test-runner:run-tests-983 @ target-host ] state-array-push
22:16:57,353 [ test-runner:run-tests-983 @ target-host ] set-state: RUN.output.results.quarkus3-native.load.requestTimeouts [0,0,0,0,0]
22:16:57,770 [ test-runner:run-tests-983 @ target-host ] pmap -x $PID | grep total | awk '{print $4}'
161576
22:16:57,770 [ test-runner:run-tests-983 @ target-host ] set-state: RSS 161576
22:16:57,787 [ test-runner:run-tests-983 @ target-host ] script-cmd: state-array-push
22:16:57,787 [ test-runner:run-tests-983 @ target-host ] state-array-push
22:16:57,822 [ test-runner:run-tests-983 @ target-host ] set-state: RUN.output.results.quarkus3-native.load.rss [160.2578125,156.25390625,159.5078125,157.9140625,157.7890625]
22:16:57,840 [ test-runner:run-tests-983 @ target-host ] script-cmd: state-array-push
22:16:57,840 [ test-runner:run-tests-983 @ target-host ] state-array-push
22:16:57,878 [ test-runner:run-tests-983 @ target-host ] set-state: RUN.output.results.quarkus3-native.load.throughputDensity [102.1426646516843,102.29510662233444,99.72709016995641,100.93812892692821,103.2018933504976]
22:16:57,878 [ test-runner:run-tests-983 @ target-host ] reached LOAD_TEST_COMPLETE
22:16:57,878 [ :monitor-process-2278 @ target-host ] wait-for: LOAD_TEST_COMPLETE
22:16:57,878 [ :monitor-process-2286 @ target-host ] wait-for: LOAD_TEST_COMPLETE
22:16:57,878 [ :monitor-process-2295 @ target-host ] wait-for: LOAD_TEST_COMPLETE
22:16:57,878 [ :monitor-process-2311 @ target-host ] wait-for: LOAD_TEST_COMPLETE
22:16:57,878 [ test-runner:run-tests-983 @ target-host ] signal: LOAD_TEST_COMPLETE
22:16:58,279 [ :monitor-process-2311 @ target-host ] kill -15 $PROCESS_PID
bash: kill: (429041) - No such process
22:16:58,280 [ :monitor-process-2278 @ target-host ] kill -15 $PROCESS_PID
bash: kill: (428762) - No such process
22:16:58,280 [ :monitor-process-2286 @ target-host ] kill -15 $PROCESS_PID
bash: kill: (428841) - No such process
22:16:58,380 [ test-runner:run-tests-983 @ target-host ] kill -15 $PID
22:16:58,380 [ :monitor-process-2295 @ target-host ] kill -15 $PROCESS_PID
22:17:00,791 [ test-runner:run-tests-983 @ target-host ] sleep 2
22:17:00,791 [ test-runner:run-tests-983 @ target-host ] script-cmd: stop-test-services
22:17:00,791 [ test-runner:run-tests-983 @ target-host ] stop-test-services
22:17:01,455 [ test-runner:run-tests-983 @ target-host ] /home/zakkak/spring-quarkus-perf-comparison/spring-quarkus-perf-comparison/scripts/infra.sh -d
Using podman to stop containers
-----------------------------------------
[03/11/2026 22:17:00]: Stopping services
-----------------------------------------
Stopping PostgreSQL database 'fruits_db'
fruits_db
22:17:01,530 [ test-runner:run-tests-983 @ target-host ] for-each: ITERATION = 5
22:17:01,530 [ test-runner:run-tests-983 @ target-host ] set-state: LOG_FILE /home/zakkak/spring-quarkus-perf-comparison/logs/load-test-quarkus3-native-5.log
22:17:01,935 [ test-runner:run-tests-983 @ target-host ] touch /home/zakkak/spring-quarkus-perf-comparison/logs/load-test-quarkus3-native-5.log
22:17:01,935 [ test-runner:run-tests-983 @ target-host ] queue-download: ${{REPO_DIR}}/logs/wrk-warmup-${{RUNTIME.name}}-${{ITERATION}}.log=/home/zakkak/spring-quarkus-perf-comparison/logs/wrk-warmup-quarkus3-native-5.log ../../20260311/all/target-host/
22:17:01,935 [ test-runner:run-tests-983 @ target-host ] queue-download: ${{LOG_FILE}}=/home/zakkak/spring-quarkus-perf-comparison/logs/load-test-quarkus3-native-5.log ../../20260311/all/target-host/
22:17:01,936 [ test-runner:run-tests-983 @ target-host ] queue-download: ${{REPO_DIR}}/logs/wrk-${{RUNTIME.name}}-${{ITERATION}}.log=/home/zakkak/spring-quarkus-perf-comparison/logs/wrk-quarkus3-native-5.log ../../20260311/all/target-host/
22:17:01,936 [ test-runner:run-tests-983 @ target-host ] script-cmd: start-test-services
22:17:01,936 [ test-runner:run-tests-983 @ target-host ] start-test-services
22:17:13,034 [ test-runner:run-tests-983 @ target-host ] /home/zakkak/spring-quarkus-perf-comparison/spring-quarkus-perf-comparison/scripts/infra.sh -c 3 -p '4-6' -s
Using podman to start containers
-----------------------------------------
[03/11/2026 22:17:01]: Starting services
-----------------------------------------
Starting PostgreSQL database 'fruits_db'
PostgreSQL DB process: e80baf9acec8a21ce1d9541f6cc5950539c6ddabc0ef100ed727309f17e2520f
Waiting for PostgreSQL to be ready...
localhost:5432 - no response
localhost:5432 - no response
localhost:5432 - accepting connections
22:17:13,034 [ test-runner:run-tests-983 @ target-host ] script-cmd: sync-drop-fs-cache
22:17:13,034 [ test-runner:run-tests-983 @ target-host ] sync-drop-fs-cache
22:17:13,034 [ test-runner:run-tests-983 @ target-host ] read-state: true
22:17:13,034 [ test-runner:run-tests-983 @ target-host ] regex: true
22:17:13,635 [ test-runner:run-tests-983 @ target-host ] sync
22:17:13,635 [ test-runner:run-tests-983 @ target-host ] script-cmd: sync-drop-fs-cache-${{os}}
22:17:13,635 [ test-runner:run-tests-983 @ target-host ] sync-drop-fs-cache-linux
22:17:13,635 [ test-runner:run-tests-983 @ target-host ] script-cmd: sudo
22:17:13,635 [ test-runner:run-tests-983 @ target-host ] sudo
22:17:13,636 [ test-runner:run-tests-983 @ target-host ] script-cmd: sudo-${{os}}
22:17:13,636 [ test-runner:run-tests-983 @ target-host ] sudo-linux
22:17:14,412 [ test-runner:run-tests-983 @ target-host ] sudo sh -c "echo 3 > /proc/sys/vm/drop_caches"
]3008;start=2dcf26d247294654b283bc72a9722786;user=zakkak;hostname=blanc;machineid=f469a615e9ef4e81b7d5be080a5de373;bootid=0e917e08584a49cb891ef04366e00ace;pid=430435;pidfdid=430436;comm=sudo;targetuser=root;sessionid=c420;type=session\]3008;end=2dcf26d247294654b283bc72a9722786\
22:17:14,414 [ test-runner:run-tests-983 @ target-host ] set-signal: LOAD_STEADY_STATE_START 1
22:17:14,414 [ test-runner:run-tests-983 @ target-host ] set-signal: LOG_REGEX_REACHED 1
22:17:14,817 [ test-runner:run-tests-983 @ target-host ] taskset --cpu-list 0-3 /home/zakkak/spring-quarkus-perf-comparison/spring-quarkus-perf-comparison/quarkus3/target/quarkus3-runner  &>/home/zakkak/spring-quarkus-perf-comparison/logs/load-test-quarkus3-native-5.log &
[1] 430462
22:17:15,218 [ test-runner:run-tests-983 @ target-host ] PID=$!
22:17:15,620 [ test-runner:run-tests-983 @ target-host ] echo $PID
430462
22:17:15,620 [ test-runner:run-tests-983 @ target-host ] set-state: JVM_PID 430462
22:17:15,620 [ test-runner:run-tests-983 @ target-host ] script-cmd: monitor-processes
22:17:15,620 [ test-runner:run-tests-983 @ target-host ] monitor-processes
22:17:15,620 [ test-runner:run-tests-983 @ target-host ] set-signal: LOAD_TEST_COMPLETE 1
22:17:16,058 [ test-runner:run-tests-983 @ target-host ] script-cmd: monitor-process
22:17:16,058 [ :monitor-process-2371 @ target-host ] monitor-process
22:17:16,060 [ :monitor-process-2371 @ target-host ] queue-download: ${{log_file}}=/home/zakkak/spring-quarkus-perf-comparison/logs/pidstat-quarkus3-native-5.log ../../20260311/all/target-host/
22:17:16,432 [ test-runner:run-tests-983 @ target-host ] script-cmd: monitor-process
22:17:16,432 [ :monitor-process-2379 @ target-host ] monitor-process
22:17:16,433 [ :monitor-process-2379 @ target-host ] queue-download: ${{log_file}}=/home/zakkak/spring-quarkus-perf-comparison/logs/mpstat-quarkus3-native-5.log ../../20260311/all/target-host/
22:17:16,562 [ :monitor-process-2371 @ target-host ] taskset --cpu-list 11 pidstat -u -p 430462 1 &>/home/zakkak/spring-quarkus-perf-comparison/logs/pidstat-quarkus3-native-5.log &
[1] 430585
22:17:16,806 [ test-runner:run-tests-983 @ target-host ] script-cmd: monitor-process
22:17:16,806 [ test-runner:run-tests-983 @ target-host ] script-cmd: monitor-postgres
22:17:16,806 [ test-runner:run-tests-983 @ target-host ] monitor-postgres
22:17:16,806 [ :monitor-process-2388 @ target-host ] monitor-process
22:17:16,806 [ :monitor-process-2388 @ target-host ] queue-download: ${{log_file}}=/home/zakkak/spring-quarkus-perf-comparison/logs/vmstat-quarkus3-native-5.log ../../20260311/all/target-host/
22:17:16,935 [ :monitor-process-2379 @ target-host ] taskset --cpu-list 11 mpstat -P ALL 1 &>/home/zakkak/spring-quarkus-perf-comparison/logs/mpstat-quarkus3-native-5.log &
[1] 430664
22:17:16,964 [ :monitor-process-2371 @ target-host ] PROCESS_PID=$!
22:17:17,209 [ :monitor-process-2388 @ target-host ] taskset --cpu-list 11 vmstat 1 &>/home/zakkak/spring-quarkus-perf-comparison/logs/vmstat-quarkus3-native-5.log &
[1] 430747
22:17:17,248 [ test-runner:run-tests-983 @ target-host ] POSTGRES_PID=$(/home/zakkak/spring-quarkus-perf-comparison/spring-quarkus-perf-comparison/scripts/infra.sh -r)
22:17:17,336 [ :monitor-process-2379 @ target-host ] PROCESS_PID=$!
22:17:17,365 [ :monitor-process-2371 @ target-host ] echo $PROCESS_PID
430585
22:17:17,365 [ :monitor-process-2371 @ target-host ] set-state: PROCESS_PID 430585
22:17:17,610 [ :monitor-process-2388 @ target-host ] PROCESS_PID=$!
22:17:17,650 [ test-runner:run-tests-983 @ target-host ] echo $POSTGRES_PID
430166
22:17:17,650 [ test-runner:run-tests-983 @ target-host ] set-state: POSTGRES_PID 430166
22:17:17,738 [ :monitor-process-2379 @ target-host ] echo $PROCESS_PID
430664
22:17:17,738 [ :monitor-process-2379 @ target-host ] set-state: PROCESS_PID 430664
22:17:18,011 [ :monitor-process-2388 @ target-host ] echo $PROCESS_PID
430747
22:17:18,012 [ :monitor-process-2388 @ target-host ] set-state: PROCESS_PID 430747
22:17:18,025 [ test-runner:run-tests-983 @ target-host ] script-cmd: monitor-process
22:17:18,025 [ test-runner:run-tests-983 @ target-host ] JVM_PID = 430462
22:17:18,025 [ :monitor-process-2404 @ target-host ] monitor-process
22:17:18,025 [ test-runner:run-tests-983 @ target-host ] read-state: none
22:17:18,025 [ :monitor-process-2404 @ target-host ] queue-download: ${{log_file}}=/home/zakkak/spring-quarkus-perf-comparison/logs/postgres-pidstat-quarkus3-native-5.log ../../20260311/all/target-host/
22:17:18,397 [ test-runner:run-tests-983 @ target-host ] script-cmd: watch-log
22:17:18,397 [ :watch-log-2413 @ target-host ] watch-log
22:17:18,407 [ :watch-log-2413 @ target-host ] regex: ${{log_regex}}
22:17:18,407 [ :watch-log-2413 @ target-host ] ctrlC
22:17:18,407 [ :watch-log-2413 @ target-host ] reached LOG_REGEX_REACHED
22:17:18,407 [ test-runner:run-tests-983 @ target-host ] wait-for: LOG_REGEX_REACHED
22:17:18,407 [ :watch-log-2413 @ target-host ] signal: LOG_REGEX_REACHED
22:17:18,528 [ :monitor-process-2404 @ target-host ] taskset --cpu-list 11 pidstat -u -p $(pgrep -d , -P 430166) 1 &>/home/zakkak/spring-quarkus-perf-comparison/logs/postgres-pidstat-quarkus3-native-5.log &
[1] 430866
22:17:18,808 [ :watch-log-2413 @ target-host ] tail -f /home/zakkak/spring-quarkus-perf-comparison/logs/load-test-quarkus3-native-5.log
__  ____  __  _____   ___  __ ____  ______ 
 --/ __ \/ / / / _ | / _ \/ //_/ / / / __/ 
 -/ /_/ / /_/ / __ |/ , _/ ,< / /_/ /\ \   
--\___\_\____/_/ |_/_/|_/_/|_|\____/___/   
2026-03-11 22:17:14,593 INFO  [io.quarkus] (main) quarkus3 1.0 native (powered by Quarkus 999-SNAPSHOT) started in 0.085s. Listening on: http://0.0.0.0:8080
2026-03-11 22:17:14,593 INFO  [io.quarkus] (main) Profile prod activated. 
2026-03-11 22:17:14,593 INFO  [io.quarkus] (main) Installed features: [agroal, cdi, config-yaml, hibernate-orm, hibernate-orm-panache, hibernate-validator, jdbc-postgresql, narayana-jta, rest, rest-jackson, smallrye-context-propagation, smallrye-health, vertx]
22:17:18,929 [ :monitor-process-2404 @ target-host ] PROCESS_PID=$!
22:17:19,331 [ :monitor-process-2404 @ target-host ] echo $PROCESS_PID
430866
22:17:19,331 [ :monitor-process-2404 @ target-host ] set-state: PROCESS_PID 430866
22:19:28,872 [ test-runner:run-tests-983 @ target-host ] taskset --cpu-list 7-9 jbang -R -XX:+UseNUMA wrk@hyperfoil -t 2 -c 100 -d 2m --timeout 2m http://localhost:8080/fruits 2>&1 >/home/zakkak/spring-quarkus-perf-comparison/logs/wrk-warmup-quarkus3-native-5.log
22:19:58,872 [ test-runner:run-tests-983 @ target-host ] sleep: 30s
22:19:58,872 [ :monitor-process-2379 @ target-host ] reached LOAD_STEADY_STATE_START
22:19:58,872 [ test-runner:run-tests-983 @ target-host ] signal: LOAD_STEADY_STATE_START
22:20:38,529 [ test-runner:run-tests-983 @ target-host ] taskset --cpu-list 7-9 jbang -R -XX:+UseNUMA wrk@hyperfoil -t 2 -c 100 -d 30s --timeout 30s http://localhost:8080/fruits 2>&1 >/home/zakkak/spring-quarkus-perf-comparison/logs/wrk-quarkus3-native-5.log
22:20:38,945 [ test-runner:run-tests-983 @ target-host ] cat /home/zakkak/spring-quarkus-perf-comparison/logs/wrk-quarkus3-native-5.log | grep "Requests/sec" | awk '{print $2}'
16009.80
22:20:38,945 [ test-runner:run-tests-983 @ target-host ] set-state: THROUGHPUT 16009.80
22:20:38,945 [ test-runner:run-tests-983 @ target-host ] script-cmd: state-array-push
22:20:38,945 [ test-runner:run-tests-983 @ target-host ] state-array-push
22:20:38,992 [ test-runner:run-tests-983 @ target-host ] set-state: RUN.output.results.quarkus3-native.load.throughput [16369.16,15984.01,15907.25,15939.55,16284.13,16009.8]
22:20:39,396 [ test-runner:run-tests-983 @ target-host ] cat /home/zakkak/spring-quarkus-perf-comparison/logs/wrk-quarkus3-native-5.log | grep "Socket errors:" | sed -E 's/.*connectionErrors ([0-9]+).*/\1/'
22:20:39,396 [ test-runner:run-tests-983 @ target-host ] regex: ^$
22:20:39,396 [ test-runner:run-tests-983 @ target-host ] set-state: CONNECTION_ERRORS 0
22:20:39,396 [ test-runner:run-tests-983 @ target-host ] script-cmd: state-array-push
22:20:39,396 [ test-runner:run-tests-983 @ target-host ] state-array-push
22:20:39,434 [ test-runner:run-tests-983 @ target-host ] set-state: RUN.output.results.quarkus3-native.load.connectionErrors [0,0,0,0,0,0]
22:20:39,838 [ test-runner:run-tests-983 @ target-host ] cat /home/zakkak/spring-quarkus-perf-comparison/logs/wrk-quarkus3-native-5.log | grep "Socket errors:" | sed -E 's/.*requestTimeouts ([0-9]+)/\1/'
22:20:39,838 [ test-runner:run-tests-983 @ target-host ] regex: ^$
22:20:39,838 [ test-runner:run-tests-983 @ target-host ] set-state: REQUEST_TIMEOUTS 0
22:20:39,838 [ test-runner:run-tests-983 @ target-host ] script-cmd: state-array-push
22:20:39,838 [ test-runner:run-tests-983 @ target-host ] state-array-push
22:20:39,874 [ test-runner:run-tests-983 @ target-host ] set-state: RUN.output.results.quarkus3-native.load.requestTimeouts [0,0,0,0,0,0]
22:20:40,291 [ test-runner:run-tests-983 @ target-host ] pmap -x $PID | grep total | awk '{print $4}'
165428
22:20:40,292 [ test-runner:run-tests-983 @ target-host ] set-state: RSS 165428
22:20:40,310 [ test-runner:run-tests-983 @ target-host ] script-cmd: state-array-push
22:20:40,310 [ test-runner:run-tests-983 @ target-host ] state-array-push
22:20:40,348 [ test-runner:run-tests-983 @ target-host ] set-state: RUN.output.results.quarkus3-native.load.rss [160.2578125,156.25390625,159.5078125,157.9140625,157.7890625,161.55078125]
22:20:40,365 [ test-runner:run-tests-983 @ target-host ] script-cmd: state-array-push
22:20:40,365 [ test-runner:run-tests-983 @ target-host ] state-array-push
22:20:40,410 [ test-runner:run-tests-983 @ target-host ] set-state: RUN.output.results.quarkus3-native.load.throughputDensity [102.1426646516843,102.29510662233444,99.72709016995641,100.93812892692821,103.2018933504976,99.10072780907706]
22:20:40,410 [ test-runner:run-tests-983 @ target-host ] reached LOAD_TEST_COMPLETE
22:20:40,410 [ :monitor-process-2371 @ target-host ] wait-for: LOAD_TEST_COMPLETE
22:20:40,410 [ :monitor-process-2379 @ target-host ] wait-for: LOAD_TEST_COMPLETE
22:20:40,410 [ :monitor-process-2388 @ target-host ] wait-for: LOAD_TEST_COMPLETE
22:20:40,410 [ :monitor-process-2404 @ target-host ] wait-for: LOAD_TEST_COMPLETE
22:20:40,410 [ test-runner:run-tests-983 @ target-host ] signal: LOAD_TEST_COMPLETE
22:20:40,812 [ :monitor-process-2371 @ target-host ] kill -15 $PROCESS_PID
bash: kill: (430585) - No such process
22:20:40,812 [ :monitor-process-2404 @ target-host ] kill -15 $PROCESS_PID
bash: kill: (430866) - No such process
22:20:40,812 [ :monitor-process-2379 @ target-host ] kill -15 $PROCESS_PID
bash: kill: (430664) - No such process
22:20:40,912 [ test-runner:run-tests-983 @ target-host ] kill -15 $PID
22:20:40,913 [ :monitor-process-2388 @ target-host ] kill -15 $PROCESS_PID
22:20:43,323 [ test-runner:run-tests-983 @ target-host ] sleep 2
22:20:43,323 [ test-runner:run-tests-983 @ target-host ] script-cmd: stop-test-services
22:20:43,323 [ test-runner:run-tests-983 @ target-host ] stop-test-services
22:20:43,976 [ test-runner:run-tests-983 @ target-host ] /home/zakkak/spring-quarkus-perf-comparison/spring-quarkus-perf-comparison/scripts/infra.sh -d
Using podman to stop containers
-----------------------------------------
[03/11/2026 22:20:43]: Stopping services
-----------------------------------------
Stopping PostgreSQL database 'fruits_db'
fruits_db
22:20:44,030 [ test-runner:run-tests-983 @ target-host ] for-each: ITERATION = 6
22:20:44,030 [ test-runner:run-tests-983 @ target-host ] set-state: LOG_FILE /home/zakkak/spring-quarkus-perf-comparison/logs/load-test-quarkus3-native-6.log
22:20:44,450 [ test-runner:run-tests-983 @ target-host ] touch /home/zakkak/spring-quarkus-perf-comparison/logs/load-test-quarkus3-native-6.log
22:20:44,451 [ test-runner:run-tests-983 @ target-host ] queue-download: ${{REPO_DIR}}/logs/wrk-warmup-${{RUNTIME.name}}-${{ITERATION}}.log=/home/zakkak/spring-quarkus-perf-comparison/logs/wrk-warmup-quarkus3-native-6.log ../../20260311/all/target-host/
22:20:44,451 [ test-runner:run-tests-983 @ target-host ] queue-download: ${{LOG_FILE}}=/home/zakkak/spring-quarkus-perf-comparison/logs/load-test-quarkus3-native-6.log ../../20260311/all/target-host/
22:20:44,451 [ test-runner:run-tests-983 @ target-host ] queue-download: ${{REPO_DIR}}/logs/wrk-${{RUNTIME.name}}-${{ITERATION}}.log=/home/zakkak/spring-quarkus-perf-comparison/logs/wrk-quarkus3-native-6.log ../../20260311/all/target-host/
22:20:44,451 [ test-runner:run-tests-983 @ target-host ] script-cmd: start-test-services
22:20:44,451 [ test-runner:run-tests-983 @ target-host ] start-test-services
22:20:55,554 [ test-runner:run-tests-983 @ target-host ] /home/zakkak/spring-quarkus-perf-comparison/spring-quarkus-perf-comparison/scripts/infra.sh -c 3 -p '4-6' -s
Using podman to start containers
-----------------------------------------
[03/11/2026 22:20:44]: Starting services
-----------------------------------------
Starting PostgreSQL database 'fruits_db'
PostgreSQL DB process: 44f240e6864ce633dfea5ff1f630ebbf7d4af0f8cb8cf566f69a20e6bbc47a3b
Waiting for PostgreSQL to be ready...
localhost:5432 - no response
localhost:5432 - no response
localhost:5432 - accepting connections
22:20:55,554 [ test-runner:run-tests-983 @ target-host ] script-cmd: sync-drop-fs-cache
22:20:55,554 [ test-runner:run-tests-983 @ target-host ] sync-drop-fs-cache
22:20:55,555 [ test-runner:run-tests-983 @ target-host ] read-state: true
22:20:55,555 [ test-runner:run-tests-983 @ target-host ] regex: true
22:20:56,152 [ test-runner:run-tests-983 @ target-host ] sync
22:20:56,152 [ test-runner:run-tests-983 @ target-host ] script-cmd: sync-drop-fs-cache-${{os}}
22:20:56,152 [ test-runner:run-tests-983 @ target-host ] sync-drop-fs-cache-linux
22:20:56,152 [ test-runner:run-tests-983 @ target-host ] script-cmd: sudo
22:20:56,152 [ test-runner:run-tests-983 @ target-host ] sudo
22:20:56,153 [ test-runner:run-tests-983 @ target-host ] script-cmd: sudo-${{os}}
22:20:56,153 [ test-runner:run-tests-983 @ target-host ] sudo-linux
22:20:56,979 [ test-runner:run-tests-983 @ target-host ] sudo sh -c "echo 3 > /proc/sys/vm/drop_caches"
]3008;start=49c228082d26457ca2d0dcc712af8ef8;user=zakkak;hostname=blanc;machineid=f469a615e9ef4e81b7d5be080a5de373;bootid=0e917e08584a49cb891ef04366e00ace;pid=432279;pidfdid=432280;comm=sudo;targetuser=root;sessionid=c421;type=session\]3008;end=49c228082d26457ca2d0dcc712af8ef8\
22:20:56,988 [ test-runner:run-tests-983 @ target-host ] set-signal: LOAD_STEADY_STATE_START 1
22:20:56,988 [ test-runner:run-tests-983 @ target-host ] set-signal: LOG_REGEX_REACHED 1
22:20:57,390 [ test-runner:run-tests-983 @ target-host ] taskset --cpu-list 0-3 /home/zakkak/spring-quarkus-perf-comparison/spring-quarkus-perf-comparison/quarkus3/target/quarkus3-runner  &>/home/zakkak/spring-quarkus-perf-comparison/logs/load-test-quarkus3-native-6.log &
[1] 432309
22:20:57,792 [ test-runner:run-tests-983 @ target-host ] PID=$!
22:20:58,193 [ test-runner:run-tests-983 @ target-host ] echo $PID
432309
22:20:58,193 [ test-runner:run-tests-983 @ target-host ] set-state: JVM_PID 432309
22:20:58,194 [ test-runner:run-tests-983 @ target-host ] script-cmd: monitor-processes
22:20:58,194 [ test-runner:run-tests-983 @ target-host ] monitor-processes
22:20:58,194 [ test-runner:run-tests-983 @ target-host ] set-signal: LOAD_TEST_COMPLETE 1
22:20:58,643 [ test-runner:run-tests-983 @ target-host ] script-cmd: monitor-process
22:20:58,644 [ :monitor-process-2464 @ target-host ] monitor-process
22:20:58,644 [ :monitor-process-2464 @ target-host ] queue-download: ${{log_file}}=/home/zakkak/spring-quarkus-perf-comparison/logs/pidstat-quarkus3-native-6.log ../../20260311/all/target-host/
22:20:59,021 [ test-runner:run-tests-983 @ target-host ] script-cmd: monitor-process
22:20:59,021 [ :monitor-process-2472 @ target-host ] monitor-process
22:20:59,021 [ :monitor-process-2472 @ target-host ] queue-download: ${{log_file}}=/home/zakkak/spring-quarkus-perf-comparison/logs/mpstat-quarkus3-native-6.log ../../20260311/all/target-host/
22:20:59,147 [ :monitor-process-2464 @ target-host ] taskset --cpu-list 11 pidstat -u -p 432309 1 &>/home/zakkak/spring-quarkus-perf-comparison/logs/pidstat-quarkus3-native-6.log &
[1] 432431
22:20:59,395 [ test-runner:run-tests-983 @ target-host ] script-cmd: monitor-process
22:20:59,395 [ test-runner:run-tests-983 @ target-host ] script-cmd: monitor-postgres
22:20:59,395 [ test-runner:run-tests-983 @ target-host ] monitor-postgres
22:20:59,395 [ :monitor-process-2481 @ target-host ] monitor-process
22:20:59,395 [ :monitor-process-2481 @ target-host ] queue-download: ${{log_file}}=/home/zakkak/spring-quarkus-perf-comparison/logs/vmstat-quarkus3-native-6.log ../../20260311/all/target-host/
22:20:59,523 [ :monitor-process-2472 @ target-host ] taskset --cpu-list 11 mpstat -P ALL 1 &>/home/zakkak/spring-quarkus-perf-comparison/logs/mpstat-quarkus3-native-6.log &
[1] 432513
22:20:59,548 [ :monitor-process-2464 @ target-host ] PROCESS_PID=$!
22:20:59,797 [ :monitor-process-2481 @ target-host ] taskset --cpu-list 11 vmstat 1 &>/home/zakkak/spring-quarkus-perf-comparison/logs/vmstat-quarkus3-native-6.log &
[1] 432596
22:20:59,835 [ test-runner:run-tests-983 @ target-host ] POSTGRES_PID=$(/home/zakkak/spring-quarkus-perf-comparison/spring-quarkus-perf-comparison/scripts/infra.sh -r)
22:20:59,925 [ :monitor-process-2472 @ target-host ] PROCESS_PID=$!
22:20:59,950 [ :monitor-process-2464 @ target-host ] echo $PROCESS_PID
432431
22:20:59,950 [ :monitor-process-2464 @ target-host ] set-state: PROCESS_PID 432431
22:21:00,199 [ :monitor-process-2481 @ target-host ] PROCESS_PID=$!
22:21:00,237 [ test-runner:run-tests-983 @ target-host ] echo $POSTGRES_PID
432009
22:21:00,237 [ test-runner:run-tests-983 @ target-host ] set-state: POSTGRES_PID 432009
22:21:00,326 [ :monitor-process-2472 @ target-host ] echo $PROCESS_PID
432513
22:21:00,326 [ :monitor-process-2472 @ target-host ] set-state: PROCESS_PID 432513
22:21:00,600 [ :monitor-process-2481 @ target-host ] echo $PROCESS_PID
432596
22:21:00,600 [ :monitor-process-2481 @ target-host ] set-state: PROCESS_PID 432596
22:21:00,612 [ test-runner:run-tests-983 @ target-host ] script-cmd: monitor-process
22:21:00,612 [ :monitor-process-2497 @ target-host ] monitor-process
22:21:00,612 [ test-runner:run-tests-983 @ target-host ] JVM_PID = 432309
22:21:00,612 [ :monitor-process-2497 @ target-host ] queue-download: ${{log_file}}=/home/zakkak/spring-quarkus-perf-comparison/logs/postgres-pidstat-quarkus3-native-6.log ../../20260311/all/target-host/
22:21:00,613 [ test-runner:run-tests-983 @ target-host ] read-state: none
22:21:00,985 [ test-runner:run-tests-983 @ target-host ] script-cmd: watch-log
22:21:00,985 [ :watch-log-2506 @ target-host ] watch-log
22:21:00,995 [ :watch-log-2506 @ target-host ] regex: ${{log_regex}}
22:21:00,995 [ :watch-log-2506 @ target-host ] ctrlC
22:21:00,995 [ :watch-log-2506 @ target-host ] reached LOG_REGEX_REACHED
22:21:00,995 [ test-runner:run-tests-983 @ target-host ] wait-for: LOG_REGEX_REACHED
22:21:00,995 [ :watch-log-2506 @ target-host ] signal: LOG_REGEX_REACHED
22:21:01,115 [ :monitor-process-2497 @ target-host ] taskset --cpu-list 11 pidstat -u -p $(pgrep -d , -P 432009) 1 &>/home/zakkak/spring-quarkus-perf-comparison/logs/postgres-pidstat-quarkus3-native-6.log &
[1] 432710
22:21:01,400 [ :watch-log-2506 @ target-host ] tail -f /home/zakkak/spring-quarkus-perf-comparison/logs/load-test-quarkus3-native-6.log
__  ____  __  _____   ___  __ ____  ______ 
 --/ __ \/ / / / _ | / _ \/ //_/ / / / __/ 
 -/ /_/ / /_/ / __ |/ , _/ ,< / /_/ /\ \   
--\___\_\____/_/ |_/_/|_/_/|_|\____/___/   
2026-03-11 22:20:57,131 INFO  [io.quarkus] (main) quarkus3 1.0 native (powered by Quarkus 999-SNAPSHOT) started in 0.070s. Listening on: http://0.0.0.0:8080
2026-03-11 22:20:57,131 INFO  [io.quarkus] (main) Profile prod activated. 
2026-03-11 22:20:57,131 INFO  [io.quarkus] (main) Installed features: [agroal, cdi, config-yaml, hibernate-orm, hibernate-orm-panache, hibernate-validator, jdbc-postgresql, narayana-jta, rest, rest-jackson, smallrye-context-propagation, smallrye-health, vertx]
22:21:01,517 [ :monitor-process-2497 @ target-host ] PROCESS_PID=$!
22:21:01,918 [ :monitor-process-2497 @ target-host ] echo $PROCESS_PID
432710
22:21:01,919 [ :monitor-process-2497 @ target-host ] set-state: PROCESS_PID 432710
22:23:10,954 [ test-runner:run-tests-983 @ target-host ] taskset --cpu-list 7-9 jbang -R -XX:+UseNUMA wrk@hyperfoil -t 2 -c 100 -d 2m --timeout 2m http://localhost:8080/fruits 2>&1 >/home/zakkak/spring-quarkus-perf-comparison/logs/wrk-warmup-quarkus3-native-6.log
22:23:40,955 [ test-runner:run-tests-983 @ target-host ] sleep: 30s
22:23:40,955 [ :monitor-process-2472 @ target-host ] reached LOAD_STEADY_STATE_START
22:23:40,955 [ test-runner:run-tests-983 @ target-host ] signal: LOAD_STEADY_STATE_START
22:24:20,884 [ test-runner:run-tests-983 @ target-host ] taskset --cpu-list 7-9 jbang -R -XX:+UseNUMA wrk@hyperfoil -t 2 -c 100 -d 30s --timeout 30s http://localhost:8080/fruits 2>&1 >/home/zakkak/spring-quarkus-perf-comparison/logs/wrk-quarkus3-native-6.log
22:24:21,298 [ test-runner:run-tests-983 @ target-host ] cat /home/zakkak/spring-quarkus-perf-comparison/logs/wrk-quarkus3-native-6.log | grep "Requests/sec" | awk '{print $2}'
16047.28
22:24:21,298 [ test-runner:run-tests-983 @ target-host ] set-state: THROUGHPUT 16047.28
22:24:21,298 [ test-runner:run-tests-983 @ target-host ] script-cmd: state-array-push
22:24:21,298 [ test-runner:run-tests-983 @ target-host ] state-array-push
22:24:21,342 [ test-runner:run-tests-983 @ target-host ] set-state: RUN.output.results.quarkus3-native.load.throughput [16369.16,15984.01,15907.25,15939.55,16284.13,16009.8,16047.28]
22:24:21,746 [ test-runner:run-tests-983 @ target-host ] cat /home/zakkak/spring-quarkus-perf-comparison/logs/wrk-quarkus3-native-6.log | grep "Socket errors:" | sed -E 's/.*connectionErrors ([0-9]+).*/\1/'
22:24:21,746 [ test-runner:run-tests-983 @ target-host ] regex: ^$
22:24:21,746 [ test-runner:run-tests-983 @ target-host ] set-state: CONNECTION_ERRORS 0
22:24:21,746 [ test-runner:run-tests-983 @ target-host ] script-cmd: state-array-push
22:24:21,746 [ test-runner:run-tests-983 @ target-host ] state-array-push
22:24:21,785 [ test-runner:run-tests-983 @ target-host ] set-state: RUN.output.results.quarkus3-native.load.connectionErrors [0,0,0,0,0,0,0]
22:24:22,188 [ test-runner:run-tests-983 @ target-host ] cat /home/zakkak/spring-quarkus-perf-comparison/logs/wrk-quarkus3-native-6.log | grep "Socket errors:" | sed -E 's/.*requestTimeouts ([0-9]+)/\1/'
22:24:22,188 [ test-runner:run-tests-983 @ target-host ] regex: ^$
22:24:22,188 [ test-runner:run-tests-983 @ target-host ] set-state: REQUEST_TIMEOUTS 0
22:24:22,188 [ test-runner:run-tests-983 @ target-host ] script-cmd: state-array-push
22:24:22,188 [ test-runner:run-tests-983 @ target-host ] state-array-push
22:24:22,225 [ test-runner:run-tests-983 @ target-host ] set-state: RUN.output.results.quarkus3-native.load.requestTimeouts [0,0,0,0,0,0,0]
22:24:22,643 [ test-runner:run-tests-983 @ target-host ] pmap -x $PID | grep total | awk '{print $4}'
164436
22:24:22,643 [ test-runner:run-tests-983 @ target-host ] set-state: RSS 164436
22:24:22,662 [ test-runner:run-tests-983 @ target-host ] script-cmd: state-array-push
22:24:22,662 [ test-runner:run-tests-983 @ target-host ] state-array-push
22:24:22,706 [ test-runner:run-tests-983 @ target-host ] set-state: RUN.output.results.quarkus3-native.load.rss [160.2578125,156.25390625,159.5078125,157.9140625,157.7890625,161.55078125,160.58203125]
22:24:22,725 [ test-runner:run-tests-983 @ target-host ] script-cmd: state-array-push
22:24:22,725 [ test-runner:run-tests-983 @ target-host ] state-array-push
22:24:22,762 [ test-runner:run-tests-983 @ target-host ] set-state: RUN.output.results.quarkus3-native.load.throughputDensity [102.1426646516843,102.29510662233444,99.72709016995641,100.93812892692821,103.2018933504976,99.10072780907706,99.9319779123793]
22:24:22,762 [ test-runner:run-tests-983 @ target-host ] reached LOAD_TEST_COMPLETE
22:24:22,762 [ :monitor-process-2464 @ target-host ] wait-for: LOAD_TEST_COMPLETE
22:24:22,762 [ :monitor-process-2472 @ target-host ] wait-for: LOAD_TEST_COMPLETE
22:24:22,762 [ :monitor-process-2481 @ target-host ] wait-for: LOAD_TEST_COMPLETE
22:24:22,762 [ :monitor-process-2497 @ target-host ] wait-for: LOAD_TEST_COMPLETE
22:24:22,762 [ test-runner:run-tests-983 @ target-host ] signal: LOAD_TEST_COMPLETE
22:24:23,164 [ :monitor-process-2497 @ target-host ] kill -15 $PROCESS_PID
bash: kill: (432710) - No such process
22:24:23,164 [ :monitor-process-2464 @ target-host ] kill -15 $PROCESS_PID
bash: kill: (432431) - No such process
22:24:23,164 [ :monitor-process-2472 @ target-host ] kill -15 $PROCESS_PID
bash: kill: (432513) - No such process
22:24:23,264 [ test-runner:run-tests-983 @ target-host ] kill -15 $PID
22:24:23,264 [ :monitor-process-2481 @ target-host ] kill -15 $PROCESS_PID
22:24:25,675 [ test-runner:run-tests-983 @ target-host ] sleep 2
22:24:25,675 [ test-runner:run-tests-983 @ target-host ] script-cmd: stop-test-services
22:24:25,675 [ test-runner:run-tests-983 @ target-host ] stop-test-services
22:24:26,340 [ test-runner:run-tests-983 @ target-host ] /home/zakkak/spring-quarkus-perf-comparison/spring-quarkus-perf-comparison/scripts/infra.sh -d
Using podman to stop containers
-----------------------------------------
[03/11/2026 22:24:25]: Stopping services
-----------------------------------------
Stopping PostgreSQL database 'fruits_db'
fruits_db
22:24:26,396 [ test-runner:run-tests-983 @ target-host ] for-each: ITERATION = 7
22:24:26,396 [ test-runner:run-tests-983 @ target-host ] set-state: LOG_FILE /home/zakkak/spring-quarkus-perf-comparison/logs/load-test-quarkus3-native-7.log
22:24:26,800 [ test-runner:run-tests-983 @ target-host ] touch /home/zakkak/spring-quarkus-perf-comparison/logs/load-test-quarkus3-native-7.log
22:24:26,800 [ test-runner:run-tests-983 @ target-host ] queue-download: ${{REPO_DIR}}/logs/wrk-warmup-${{RUNTIME.name}}-${{ITERATION}}.log=/home/zakkak/spring-quarkus-perf-comparison/logs/wrk-warmup-quarkus3-native-7.log ../../20260311/all/target-host/
22:24:26,801 [ test-runner:run-tests-983 @ target-host ] queue-download: ${{LOG_FILE}}=/home/zakkak/spring-quarkus-perf-comparison/logs/load-test-quarkus3-native-7.log ../../20260311/all/target-host/
22:24:26,801 [ test-runner:run-tests-983 @ target-host ] queue-download: ${{REPO_DIR}}/logs/wrk-${{RUNTIME.name}}-${{ITERATION}}.log=/home/zakkak/spring-quarkus-perf-comparison/logs/wrk-quarkus3-native-7.log ../../20260311/all/target-host/
22:24:26,801 [ test-runner:run-tests-983 @ target-host ] script-cmd: start-test-services
22:24:26,801 [ test-runner:run-tests-983 @ target-host ] start-test-services
22:24:37,930 [ test-runner:run-tests-983 @ target-host ] /home/zakkak/spring-quarkus-perf-comparison/spring-quarkus-perf-comparison/scripts/infra.sh -c 3 -p '4-6' -s
Using podman to start containers
-----------------------------------------
[03/11/2026 22:24:26]: Starting services
-----------------------------------------
Starting PostgreSQL database 'fruits_db'
PostgreSQL DB process: 577168e732d66aae078c4d9258408466bd071e3b2adce3205fbdd5157ce843ac
Waiting for PostgreSQL to be ready...
localhost:5432 - no response
localhost:5432 - no response
localhost:5432 - accepting connections
22:24:37,930 [ test-runner:run-tests-983 @ target-host ] script-cmd: sync-drop-fs-cache
22:24:37,930 [ test-runner:run-tests-983 @ target-host ] sync-drop-fs-cache
22:24:37,930 [ test-runner:run-tests-983 @ target-host ] read-state: true
22:24:37,930 [ test-runner:run-tests-983 @ target-host ] regex: true
22:24:38,515 [ test-runner:run-tests-983 @ target-host ] sync
22:24:38,515 [ test-runner:run-tests-983 @ target-host ] script-cmd: sync-drop-fs-cache-${{os}}
22:24:38,515 [ test-runner:run-tests-983 @ target-host ] sync-drop-fs-cache-linux
22:24:38,515 [ test-runner:run-tests-983 @ target-host ] script-cmd: sudo
22:24:38,515 [ test-runner:run-tests-983 @ target-host ] sudo
22:24:38,515 [ test-runner:run-tests-983 @ target-host ] script-cmd: sudo-${{os}}
22:24:38,516 [ test-runner:run-tests-983 @ target-host ] sudo-linux
22:24:39,539 [ test-runner:run-tests-983 @ target-host ] sudo sh -c "echo 3 > /proc/sys/vm/drop_caches"
]3008;start=a76738d141344ba8bbb6ad943ff658a5;user=zakkak;hostname=blanc;machineid=f469a615e9ef4e81b7d5be080a5de373;bootid=0e917e08584a49cb891ef04366e00ace;pid=434116;pidfdid=434117;comm=sudo;targetuser=root;sessionid=c422;type=session\]3008;end=a76738d141344ba8bbb6ad943ff658a5\
22:24:39,540 [ test-runner:run-tests-983 @ target-host ] set-signal: LOAD_STEADY_STATE_START 1
22:24:39,540 [ test-runner:run-tests-983 @ target-host ] set-signal: LOG_REGEX_REACHED 1
22:24:39,942 [ test-runner:run-tests-983 @ target-host ] taskset --cpu-list 0-3 /home/zakkak/spring-quarkus-perf-comparison/spring-quarkus-perf-comparison/quarkus3/target/quarkus3-runner  &>/home/zakkak/spring-quarkus-perf-comparison/logs/load-test-quarkus3-native-7.log &
[1] 434146
22:24:40,343 [ test-runner:run-tests-983 @ target-host ] PID=$!
22:24:40,745 [ test-runner:run-tests-983 @ target-host ] echo $PID
434146
22:24:40,745 [ test-runner:run-tests-983 @ target-host ] set-state: JVM_PID 434146
22:24:40,745 [ test-runner:run-tests-983 @ target-host ] script-cmd: monitor-processes
22:24:40,745 [ test-runner:run-tests-983 @ target-host ] monitor-processes
22:24:40,745 [ test-runner:run-tests-983 @ target-host ] set-signal: LOAD_TEST_COMPLETE 1
22:24:41,178 [ test-runner:run-tests-983 @ target-host ] script-cmd: monitor-process
22:24:41,179 [ :monitor-process-2557 @ target-host ] monitor-process
22:24:41,181 [ :monitor-process-2557 @ target-host ] queue-download: ${{log_file}}=/home/zakkak/spring-quarkus-perf-comparison/logs/pidstat-quarkus3-native-7.log ../../20260311/all/target-host/
22:24:41,553 [ test-runner:run-tests-983 @ target-host ] script-cmd: monitor-process
22:24:41,553 [ :monitor-process-2565 @ target-host ] monitor-process
22:24:41,553 [ :monitor-process-2565 @ target-host ] queue-download: ${{log_file}}=/home/zakkak/spring-quarkus-perf-comparison/logs/mpstat-quarkus3-native-7.log ../../20260311/all/target-host/
22:24:41,683 [ :monitor-process-2557 @ target-host ] taskset --cpu-list 11 pidstat -u -p 434146 1 &>/home/zakkak/spring-quarkus-perf-comparison/logs/pidstat-quarkus3-native-7.log &
[1] 434269
22:24:41,927 [ test-runner:run-tests-983 @ target-host ] script-cmd: monitor-process
22:24:41,927 [ test-runner:run-tests-983 @ target-host ] script-cmd: monitor-postgres
22:24:41,927 [ test-runner:run-tests-983 @ target-host ] monitor-postgres
22:24:41,927 [ :monitor-process-2574 @ target-host ] monitor-process
22:24:41,927 [ :monitor-process-2574 @ target-host ] queue-download: ${{log_file}}=/home/zakkak/spring-quarkus-perf-comparison/logs/vmstat-quarkus3-native-7.log ../../20260311/all/target-host/
22:24:42,055 [ :monitor-process-2565 @ target-host ] taskset --cpu-list 11 mpstat -P ALL 1 &>/home/zakkak/spring-quarkus-perf-comparison/logs/mpstat-quarkus3-native-7.log &
[1] 434348
22:24:42,085 [ :monitor-process-2557 @ target-host ] PROCESS_PID=$!
22:24:42,329 [ :monitor-process-2574 @ target-host ] taskset --cpu-list 11 vmstat 1 &>/home/zakkak/spring-quarkus-perf-comparison/logs/vmstat-quarkus3-native-7.log &
[1] 434433
22:24:42,369 [ test-runner:run-tests-983 @ target-host ] POSTGRES_PID=$(/home/zakkak/spring-quarkus-perf-comparison/spring-quarkus-perf-comparison/scripts/infra.sh -r)
22:24:42,457 [ :monitor-process-2565 @ target-host ] PROCESS_PID=$!
22:24:42,486 [ :monitor-process-2557 @ target-host ] echo $PROCESS_PID
434269
22:24:42,486 [ :monitor-process-2557 @ target-host ] set-state: PROCESS_PID 434269
22:24:42,731 [ :monitor-process-2574 @ target-host ] PROCESS_PID=$!
22:24:42,770 [ test-runner:run-tests-983 @ target-host ] echo $POSTGRES_PID
433837
22:24:42,770 [ test-runner:run-tests-983 @ target-host ] set-state: POSTGRES_PID 433837
22:24:42,858 [ :monitor-process-2565 @ target-host ] echo $PROCESS_PID
434348
22:24:42,858 [ :monitor-process-2565 @ target-host ] set-state: PROCESS_PID 434348
22:24:43,132 [ :monitor-process-2574 @ target-host ] echo $PROCESS_PID
434433
22:24:43,132 [ :monitor-process-2574 @ target-host ] set-state: PROCESS_PID 434433
22:24:43,145 [ test-runner:run-tests-983 @ target-host ] script-cmd: monitor-process
22:24:43,145 [ test-runner:run-tests-983 @ target-host ] JVM_PID = 434146
22:24:43,146 [ :monitor-process-2590 @ target-host ] monitor-process
22:24:43,146 [ test-runner:run-tests-983 @ target-host ] read-state: none
22:24:43,146 [ :monitor-process-2590 @ target-host ] queue-download: ${{log_file}}=/home/zakkak/spring-quarkus-perf-comparison/logs/postgres-pidstat-quarkus3-native-7.log ../../20260311/all/target-host/
22:24:43,517 [ test-runner:run-tests-983 @ target-host ] script-cmd: watch-log
22:24:43,517 [ :watch-log-2599 @ target-host ] watch-log
22:24:43,527 [ :watch-log-2599 @ target-host ] regex: ${{log_regex}}
22:24:43,527 [ :watch-log-2599 @ target-host ] ctrlC
22:24:43,527 [ :watch-log-2599 @ target-host ] reached LOG_REGEX_REACHED
22:24:43,527 [ test-runner:run-tests-983 @ target-host ] wait-for: LOG_REGEX_REACHED
22:24:43,527 [ :watch-log-2599 @ target-host ] signal: LOG_REGEX_REACHED
22:24:43,648 [ :monitor-process-2590 @ target-host ] taskset --cpu-list 11 pidstat -u -p $(pgrep -d , -P 433837) 1 &>/home/zakkak/spring-quarkus-perf-comparison/logs/postgres-pidstat-quarkus3-native-7.log &
[1] 434547
22:24:43,929 [ :watch-log-2599 @ target-host ] tail -f /home/zakkak/spring-quarkus-perf-comparison/logs/load-test-quarkus3-native-7.log
__  ____  __  _____   ___  __ ____  ______ 
 --/ __ \/ / / / _ | / _ \/ //_/ / / / __/ 
 -/ /_/ / /_/ / __ |/ , _/ ,< / /_/ /\ \   
--\___\_\____/_/ |_/_/|_/_/|_|\____/___/   
2026-03-11 22:24:39,694 INFO  [io.quarkus] (main) quarkus3 1.0 native (powered by Quarkus 999-SNAPSHOT) started in 0.077s. Listening on: http://0.0.0.0:8080
2026-03-11 22:24:39,695 INFO  [io.quarkus] (main) Profile prod activated. 
2026-03-11 22:24:39,695 INFO  [io.quarkus] (main) Installed features: [agroal, cdi, config-yaml, hibernate-orm, hibernate-orm-panache, hibernate-validator, jdbc-postgresql, narayana-jta, rest, rest-jackson, smallrye-context-propagation, smallrye-health, vertx]
22:24:44,049 [ :monitor-process-2590 @ target-host ] PROCESS_PID=$!
22:24:44,451 [ :monitor-process-2590 @ target-host ] echo $PROCESS_PID
434547
22:24:44,451 [ :monitor-process-2590 @ target-host ] set-state: PROCESS_PID 434547
22:26:53,502 [ test-runner:run-tests-983 @ target-host ] taskset --cpu-list 7-9 jbang -R -XX:+UseNUMA wrk@hyperfoil -t 2 -c 100 -d 2m --timeout 2m http://localhost:8080/fruits 2>&1 >/home/zakkak/spring-quarkus-perf-comparison/logs/wrk-warmup-quarkus3-native-7.log
22:27:23,503 [ test-runner:run-tests-983 @ target-host ] sleep: 30s
22:27:23,503 [ :monitor-process-2565 @ target-host ] reached LOAD_STEADY_STATE_START
22:27:23,503 [ test-runner:run-tests-983 @ target-host ] signal: LOAD_STEADY_STATE_START
22:28:04,180 [ test-runner:run-tests-983 @ target-host ] taskset --cpu-list 7-9 jbang -R -XX:+UseNUMA wrk@hyperfoil -t 2 -c 100 -d 30s --timeout 30s http://localhost:8080/fruits 2>&1 >/home/zakkak/spring-quarkus-perf-comparison/logs/wrk-quarkus3-native-7.log
22:28:04,596 [ test-runner:run-tests-983 @ target-host ] cat /home/zakkak/spring-quarkus-perf-comparison/logs/wrk-quarkus3-native-7.log | grep "Requests/sec" | awk '{print $2}'
15976.82
22:28:04,596 [ test-runner:run-tests-983 @ target-host ] set-state: THROUGHPUT 15976.82
22:28:04,596 [ test-runner:run-tests-983 @ target-host ] script-cmd: state-array-push
22:28:04,596 [ test-runner:run-tests-983 @ target-host ] state-array-push
22:28:04,642 [ test-runner:run-tests-983 @ target-host ] set-state: RUN.output.results.quarkus3-native.load.throughput [16369.16,15984.01,15907.25,15939.55,16284.13,16009.8,16047.28,15976.82]
22:28:05,046 [ test-runner:run-tests-983 @ target-host ] cat /home/zakkak/spring-quarkus-perf-comparison/logs/wrk-quarkus3-native-7.log | grep "Socket errors:" | sed -E 's/.*connectionErrors ([0-9]+).*/\1/'
22:28:05,046 [ test-runner:run-tests-983 @ target-host ] regex: ^$
22:28:05,046 [ test-runner:run-tests-983 @ target-host ] set-state: CONNECTION_ERRORS 0
22:28:05,046 [ test-runner:run-tests-983 @ target-host ] script-cmd: state-array-push
22:28:05,047 [ test-runner:run-tests-983 @ target-host ] state-array-push
22:28:05,083 [ test-runner:run-tests-983 @ target-host ] set-state: RUN.output.results.quarkus3-native.load.connectionErrors [0,0,0,0,0,0,0,0]
22:28:05,486 [ test-runner:run-tests-983 @ target-host ] cat /home/zakkak/spring-quarkus-perf-comparison/logs/wrk-quarkus3-native-7.log | grep "Socket errors:" | sed -E 's/.*requestTimeouts ([0-9]+)/\1/'
22:28:05,486 [ test-runner:run-tests-983 @ target-host ] regex: ^$
22:28:05,486 [ test-runner:run-tests-983 @ target-host ] set-state: REQUEST_TIMEOUTS 0
22:28:05,486 [ test-runner:run-tests-983 @ target-host ] script-cmd: state-array-push
22:28:05,486 [ test-runner:run-tests-983 @ target-host ] state-array-push
22:28:05,528 [ test-runner:run-tests-983 @ target-host ] set-state: RUN.output.results.quarkus3-native.load.requestTimeouts [0,0,0,0,0,0,0,0]
22:28:05,946 [ test-runner:run-tests-983 @ target-host ] pmap -x $PID | grep total | awk '{print $4}'
164480
22:28:05,946 [ test-runner:run-tests-983 @ target-host ] set-state: RSS 164480
22:28:05,967 [ test-runner:run-tests-983 @ target-host ] script-cmd: state-array-push
22:28:05,967 [ test-runner:run-tests-983 @ target-host ] state-array-push
22:28:06,003 [ test-runner:run-tests-983 @ target-host ] set-state: RUN.output.results.quarkus3-native.load.rss [160.2578125,156.25390625,159.5078125,157.9140625,157.7890625,161.55078125,160.58203125,160.625]
22:28:06,020 [ test-runner:run-tests-983 @ target-host ] script-cmd: state-array-push
22:28:06,020 [ test-runner:run-tests-983 @ target-host ] state-array-push
22:28:06,069 [ test-runner:run-tests-983 @ target-host ] set-state: RUN.output.results.quarkus3-native.load.throughputDensity [102.1426646516843,102.29510662233444,99.72709016995641,100.93812892692821,103.2018933504976,99.10072780907706,99.9319779123793,99.46658365758755]
22:28:06,069 [ test-runner:run-tests-983 @ target-host ] reached LOAD_TEST_COMPLETE
22:28:06,069 [ :monitor-process-2557 @ target-host ] wait-for: LOAD_TEST_COMPLETE
22:28:06,069 [ :monitor-process-2565 @ target-host ] wait-for: LOAD_TEST_COMPLETE
22:28:06,069 [ :monitor-process-2574 @ target-host ] wait-for: LOAD_TEST_COMPLETE
22:28:06,069 [ :monitor-process-2590 @ target-host ] wait-for: LOAD_TEST_COMPLETE
22:28:06,069 [ test-runner:run-tests-983 @ target-host ] signal: LOAD_TEST_COMPLETE
22:28:06,471 [ :monitor-process-2590 @ target-host ] kill -15 $PROCESS_PID
bash: kill: (434547) - No such process
22:28:06,471 [ :monitor-process-2557 @ target-host ] kill -15 $PROCESS_PID
bash: kill: (434269) - No such process
22:28:06,471 [ :monitor-process-2565 @ target-host ] kill -15 $PROCESS_PID
bash: kill: (434348) - No such process
22:28:06,571 [ test-runner:run-tests-983 @ target-host ] kill -15 $PID
22:28:06,572 [ :monitor-process-2574 @ target-host ] kill -15 $PROCESS_PID
22:28:08,983 [ test-runner:run-tests-983 @ target-host ] sleep 2
22:28:08,983 [ test-runner:run-tests-983 @ target-host ] script-cmd: stop-test-services
22:28:08,983 [ test-runner:run-tests-983 @ target-host ] stop-test-services
22:28:09,634 [ test-runner:run-tests-983 @ target-host ] /home/zakkak/spring-quarkus-perf-comparison/spring-quarkus-perf-comparison/scripts/infra.sh -d
Using podman to stop containers
-----------------------------------------
[03/11/2026 22:28:08]: Stopping services
-----------------------------------------
Stopping PostgreSQL database 'fruits_db'
fruits_db
22:28:09,715 [ test-runner:run-tests-983 @ target-host ] for-each: ITERATION = 8
22:28:09,715 [ test-runner:run-tests-983 @ target-host ] set-state: LOG_FILE /home/zakkak/spring-quarkus-perf-comparison/logs/load-test-quarkus3-native-8.log
22:28:10,127 [ test-runner:run-tests-983 @ target-host ] touch /home/zakkak/spring-quarkus-perf-comparison/logs/load-test-quarkus3-native-8.log
22:28:10,127 [ test-runner:run-tests-983 @ target-host ] queue-download: ${{REPO_DIR}}/logs/wrk-warmup-${{RUNTIME.name}}-${{ITERATION}}.log=/home/zakkak/spring-quarkus-perf-comparison/logs/wrk-warmup-quarkus3-native-8.log ../../20260311/all/target-host/
22:28:10,128 [ test-runner:run-tests-983 @ target-host ] queue-download: ${{LOG_FILE}}=/home/zakkak/spring-quarkus-perf-comparison/logs/load-test-quarkus3-native-8.log ../../20260311/all/target-host/
22:28:10,128 [ test-runner:run-tests-983 @ target-host ] queue-download: ${{REPO_DIR}}/logs/wrk-${{RUNTIME.name}}-${{ITERATION}}.log=/home/zakkak/spring-quarkus-perf-comparison/logs/wrk-quarkus3-native-8.log ../../20260311/all/target-host/
22:28:10,129 [ test-runner:run-tests-983 @ target-host ] script-cmd: start-test-services
22:28:10,129 [ test-runner:run-tests-983 @ target-host ] start-test-services
22:28:21,203 [ test-runner:run-tests-983 @ target-host ] /home/zakkak/spring-quarkus-perf-comparison/spring-quarkus-perf-comparison/scripts/infra.sh -c 3 -p '4-6' -s
Using podman to start containers
-----------------------------------------
[03/11/2026 22:28:10]: Starting services
-----------------------------------------
Starting PostgreSQL database 'fruits_db'
PostgreSQL DB process: 0ac3debc54ac8ab1b06afc38e95bae067e136b959b8fb3c1252f0ea703b5bfa5
Waiting for PostgreSQL to be ready...
localhost:5432 - no response
localhost:5432 - no response
localhost:5432 - accepting connections
22:28:21,203 [ test-runner:run-tests-983 @ target-host ] script-cmd: sync-drop-fs-cache
22:28:21,203 [ test-runner:run-tests-983 @ target-host ] sync-drop-fs-cache
22:28:21,203 [ test-runner:run-tests-983 @ target-host ] read-state: true
22:28:21,203 [ test-runner:run-tests-983 @ target-host ] regex: true
22:28:21,754 [ test-runner:run-tests-983 @ target-host ] sync
22:28:21,754 [ test-runner:run-tests-983 @ target-host ] script-cmd: sync-drop-fs-cache-${{os}}
22:28:21,754 [ test-runner:run-tests-983 @ target-host ] sync-drop-fs-cache-linux
22:28:21,754 [ test-runner:run-tests-983 @ target-host ] script-cmd: sudo
22:28:21,754 [ test-runner:run-tests-983 @ target-host ] sudo
22:28:21,755 [ test-runner:run-tests-983 @ target-host ] script-cmd: sudo-${{os}}
22:28:21,755 [ test-runner:run-tests-983 @ target-host ] sudo-linux
22:28:22,746 [ test-runner:run-tests-983 @ target-host ] sudo sh -c "echo 3 > /proc/sys/vm/drop_caches"
]3008;start=2d7ffe10114149f19a1b8405ff5fbfad;user=zakkak;hostname=blanc;machineid=f469a615e9ef4e81b7d5be080a5de373;bootid=0e917e08584a49cb891ef04366e00ace;pid=435954;pidfdid=435955;comm=sudo;targetuser=root;sessionid=c423;type=session\]3008;end=2d7ffe10114149f19a1b8405ff5fbfad\
22:28:22,747 [ test-runner:run-tests-983 @ target-host ] set-signal: LOAD_STEADY_STATE_START 1
22:28:22,747 [ test-runner:run-tests-983 @ target-host ] set-signal: LOG_REGEX_REACHED 1
22:28:23,150 [ test-runner:run-tests-983 @ target-host ] taskset --cpu-list 0-3 /home/zakkak/spring-quarkus-perf-comparison/spring-quarkus-perf-comparison/quarkus3/target/quarkus3-runner  &>/home/zakkak/spring-quarkus-perf-comparison/logs/load-test-quarkus3-native-8.log &
[1] 435984
22:28:23,551 [ test-runner:run-tests-983 @ target-host ] PID=$!
22:28:23,953 [ test-runner:run-tests-983 @ target-host ] echo $PID
435984
22:28:23,953 [ test-runner:run-tests-983 @ target-host ] set-state: JVM_PID 435984
22:28:23,954 [ test-runner:run-tests-983 @ target-host ] script-cmd: monitor-processes
22:28:23,954 [ test-runner:run-tests-983 @ target-host ] monitor-processes
22:28:23,954 [ test-runner:run-tests-983 @ target-host ] set-signal: LOAD_TEST_COMPLETE 1
22:28:24,401 [ test-runner:run-tests-983 @ target-host ] script-cmd: monitor-process
22:28:24,401 [ :monitor-process-2650 @ target-host ] monitor-process
22:28:24,409 [ :monitor-process-2650 @ target-host ] queue-download: ${{log_file}}=/home/zakkak/spring-quarkus-perf-comparison/logs/pidstat-quarkus3-native-8.log ../../20260311/all/target-host/
22:28:24,775 [ test-runner:run-tests-983 @ target-host ] script-cmd: monitor-process
22:28:24,775 [ :monitor-process-2658 @ target-host ] monitor-process
22:28:24,775 [ :monitor-process-2658 @ target-host ] queue-download: ${{log_file}}=/home/zakkak/spring-quarkus-perf-comparison/logs/mpstat-quarkus3-native-8.log ../../20260311/all/target-host/
22:28:24,912 [ :monitor-process-2650 @ target-host ] taskset --cpu-list 11 pidstat -u -p 435984 1 &>/home/zakkak/spring-quarkus-perf-comparison/logs/pidstat-quarkus3-native-8.log &
[1] 436108
22:28:25,149 [ test-runner:run-tests-983 @ target-host ] script-cmd: monitor-process
22:28:25,149 [ test-runner:run-tests-983 @ target-host ] script-cmd: monitor-postgres
22:28:25,149 [ test-runner:run-tests-983 @ target-host ] monitor-postgres
22:28:25,149 [ :monitor-process-2667 @ target-host ] monitor-process
22:28:25,149 [ :monitor-process-2667 @ target-host ] queue-download: ${{log_file}}=/home/zakkak/spring-quarkus-perf-comparison/logs/vmstat-quarkus3-native-8.log ../../20260311/all/target-host/
22:28:25,278 [ :monitor-process-2658 @ target-host ] taskset --cpu-list 11 mpstat -P ALL 1 &>/home/zakkak/spring-quarkus-perf-comparison/logs/mpstat-quarkus3-native-8.log &
[1] 436185
22:28:25,314 [ :monitor-process-2650 @ target-host ] PROCESS_PID=$!
22:28:25,551 [ :monitor-process-2667 @ target-host ] taskset --cpu-list 11 vmstat 1 &>/home/zakkak/spring-quarkus-perf-comparison/logs/vmstat-quarkus3-native-8.log &
[1] 436270
22:28:25,590 [ test-runner:run-tests-983 @ target-host ] POSTGRES_PID=$(/home/zakkak/spring-quarkus-perf-comparison/spring-quarkus-perf-comparison/scripts/infra.sh -r)
22:28:25,680 [ :monitor-process-2658 @ target-host ] PROCESS_PID=$!
22:28:25,715 [ :monitor-process-2650 @ target-host ] echo $PROCESS_PID
436108
22:28:25,715 [ :monitor-process-2650 @ target-host ] set-state: PROCESS_PID 436108
22:28:25,953 [ :monitor-process-2667 @ target-host ] PROCESS_PID=$!
22:28:25,991 [ test-runner:run-tests-983 @ target-host ] echo $POSTGRES_PID
435687
22:28:25,991 [ test-runner:run-tests-983 @ target-host ] set-state: POSTGRES_PID 435687
22:28:26,081 [ :monitor-process-2658 @ target-host ] echo $PROCESS_PID
436185
22:28:26,081 [ :monitor-process-2658 @ target-host ] set-state: PROCESS_PID 436185
22:28:26,354 [ :monitor-process-2667 @ target-host ] echo $PROCESS_PID
436270
22:28:26,354 [ :monitor-process-2667 @ target-host ] set-state: PROCESS_PID 436270
22:28:26,367 [ test-runner:run-tests-983 @ target-host ] script-cmd: monitor-process
22:28:26,367 [ :monitor-process-2683 @ target-host ] monitor-process
22:28:26,367 [ test-runner:run-tests-983 @ target-host ] JVM_PID = 435984
22:28:26,367 [ :monitor-process-2683 @ target-host ] queue-download: ${{log_file}}=/home/zakkak/spring-quarkus-perf-comparison/logs/postgres-pidstat-quarkus3-native-8.log ../../20260311/all/target-host/
22:28:26,368 [ test-runner:run-tests-983 @ target-host ] read-state: none
22:28:26,740 [ test-runner:run-tests-983 @ target-host ] script-cmd: watch-log
22:28:26,740 [ :watch-log-2692 @ target-host ] watch-log
22:28:26,750 [ :watch-log-2692 @ target-host ] regex: ${{log_regex}}
22:28:26,750 [ :watch-log-2692 @ target-host ] ctrlC
22:28:26,750 [ :watch-log-2692 @ target-host ] reached LOG_REGEX_REACHED
22:28:26,750 [ test-runner:run-tests-983 @ target-host ] wait-for: LOG_REGEX_REACHED
22:28:26,750 [ :watch-log-2692 @ target-host ] signal: LOG_REGEX_REACHED
22:28:26,870 [ :monitor-process-2683 @ target-host ] taskset --cpu-list 11 pidstat -u -p $(pgrep -d , -P 435687) 1 &>/home/zakkak/spring-quarkus-perf-comparison/logs/postgres-pidstat-quarkus3-native-8.log &
[1] 436386
22:28:27,152 [ :watch-log-2692 @ target-host ] tail -f /home/zakkak/spring-quarkus-perf-comparison/logs/load-test-quarkus3-native-8.log
__  ____  __  _____   ___  __ ____  ______ 
 --/ __ \/ / / / _ | / _ \/ //_/ / / / __/ 
 -/ /_/ / /_/ / __ |/ , _/ ,< / /_/ /\ \   
--\___\_\____/_/ |_/_/|_/_/|_|\____/___/   
2026-03-11 22:28:22,900 INFO  [io.quarkus] (main) quarkus3 1.0 native (powered by Quarkus 999-SNAPSHOT) started in 0.074s. Listening on: http://0.0.0.0:8080
2026-03-11 22:28:22,900 INFO  [io.quarkus] (main) Profile prod activated. 
2026-03-11 22:28:22,900 INFO  [io.quarkus] (main) Installed features: [agroal, cdi, config-yaml, hibernate-orm, hibernate-orm-panache, hibernate-validator, jdbc-postgresql, narayana-jta, rest, rest-jackson, smallrye-context-propagation, smallrye-health, vertx]
22:28:27,272 [ :monitor-process-2683 @ target-host ] PROCESS_PID=$!
22:28:27,674 [ :monitor-process-2683 @ target-host ] echo $PROCESS_PID
436386
22:28:27,674 [ :monitor-process-2683 @ target-host ] set-state: PROCESS_PID 436386
22:30:36,665 [ test-runner:run-tests-983 @ target-host ] taskset --cpu-list 7-9 jbang -R -XX:+UseNUMA wrk@hyperfoil -t 2 -c 100 -d 2m --timeout 2m http://localhost:8080/fruits 2>&1 >/home/zakkak/spring-quarkus-perf-comparison/logs/wrk-warmup-quarkus3-native-8.log
22:31:06,665 [ test-runner:run-tests-983 @ target-host ] sleep: 30s
22:31:06,665 [ :monitor-process-2658 @ target-host ] reached LOAD_STEADY_STATE_START
22:31:06,665 [ test-runner:run-tests-983 @ target-host ] signal: LOAD_STEADY_STATE_START
22:31:46,312 [ test-runner:run-tests-983 @ target-host ] taskset --cpu-list 7-9 jbang -R -XX:+UseNUMA wrk@hyperfoil -t 2 -c 100 -d 30s --timeout 30s http://localhost:8080/fruits 2>&1 >/home/zakkak/spring-quarkus-perf-comparison/logs/wrk-quarkus3-native-8.log
22:31:46,728 [ test-runner:run-tests-983 @ target-host ] cat /home/zakkak/spring-quarkus-perf-comparison/logs/wrk-quarkus3-native-8.log | grep "Requests/sec" | awk '{print $2}'
15978.01
22:31:46,729 [ test-runner:run-tests-983 @ target-host ] set-state: THROUGHPUT 15978.01
22:31:46,729 [ test-runner:run-tests-983 @ target-host ] script-cmd: state-array-push
22:31:46,729 [ test-runner:run-tests-983 @ target-host ] state-array-push
22:31:46,792 [ test-runner:run-tests-983 @ target-host ] set-state: RUN.output.results.quarkus3-native.load.throughput [16369.16,15984.01,15907.25,15939.55,16284.13,16009.8,16047.28,15976.82,15978.01]
22:31:47,196 [ test-runner:run-tests-983 @ target-host ] cat /home/zakkak/spring-quarkus-perf-comparison/logs/wrk-quarkus3-native-8.log | grep "Socket errors:" | sed -E 's/.*connectionErrors ([0-9]+).*/\1/'
22:31:47,196 [ test-runner:run-tests-983 @ target-host ] regex: ^$
22:31:47,196 [ test-runner:run-tests-983 @ target-host ] set-state: CONNECTION_ERRORS 0
22:31:47,196 [ test-runner:run-tests-983 @ target-host ] script-cmd: state-array-push
22:31:47,196 [ test-runner:run-tests-983 @ target-host ] state-array-push
22:31:47,250 [ test-runner:run-tests-983 @ target-host ] set-state: RUN.output.results.quarkus3-native.load.connectionErrors [0,0,0,0,0,0,0,0,0]
22:31:47,654 [ test-runner:run-tests-983 @ target-host ] cat /home/zakkak/spring-quarkus-perf-comparison/logs/wrk-quarkus3-native-8.log | grep "Socket errors:" | sed -E 's/.*requestTimeouts ([0-9]+)/\1/'
22:31:47,654 [ test-runner:run-tests-983 @ target-host ] regex: ^$
22:31:47,654 [ test-runner:run-tests-983 @ target-host ] set-state: REQUEST_TIMEOUTS 0
22:31:47,655 [ test-runner:run-tests-983 @ target-host ] script-cmd: state-array-push
22:31:47,655 [ test-runner:run-tests-983 @ target-host ] state-array-push
22:31:47,707 [ test-runner:run-tests-983 @ target-host ] set-state: RUN.output.results.quarkus3-native.load.requestTimeouts [0,0,0,0,0,0,0,0,0]
22:31:48,124 [ test-runner:run-tests-983 @ target-host ] pmap -x $PID | grep total | awk '{print $4}'
164856
22:31:48,125 [ test-runner:run-tests-983 @ target-host ] set-state: RSS 164856
22:31:48,151 [ test-runner:run-tests-983 @ target-host ] script-cmd: state-array-push
22:31:48,151 [ test-runner:run-tests-983 @ target-host ] state-array-push
22:31:48,207 [ test-runner:run-tests-983 @ target-host ] set-state: RUN.output.results.quarkus3-native.load.rss [160.2578125,156.25390625,159.5078125,157.9140625,157.7890625,161.55078125,160.58203125,160.625,160.9921875]
22:31:48,234 [ test-runner:run-tests-983 @ target-host ] script-cmd: state-array-push
22:31:48,234 [ test-runner:run-tests-983 @ target-host ] state-array-push
22:31:48,269 [ test-runner:run-tests-983 @ target-host ] set-state: RUN.output.results.quarkus3-native.load.throughputDensity [102.1426646516843,102.29510662233444,99.72709016995641,100.93812892692821,103.2018933504976,99.10072780907706,99.9319779123793,99.46658365758755,99.24711408744602]
22:31:48,269 [ test-runner:run-tests-983 @ target-host ] reached LOAD_TEST_COMPLETE
22:31:48,269 [ :monitor-process-2650 @ target-host ] wait-for: LOAD_TEST_COMPLETE
22:31:48,269 [ :monitor-process-2658 @ target-host ] wait-for: LOAD_TEST_COMPLETE
22:31:48,269 [ :monitor-process-2667 @ target-host ] wait-for: LOAD_TEST_COMPLETE
22:31:48,269 [ :monitor-process-2683 @ target-host ] wait-for: LOAD_TEST_COMPLETE
22:31:48,269 [ test-runner:run-tests-983 @ target-host ] signal: LOAD_TEST_COMPLETE
22:31:48,671 [ :monitor-process-2683 @ target-host ] kill -15 $PROCESS_PID
bash: kill: (436386) - No such process
22:31:48,671 [ :monitor-process-2650 @ target-host ] kill -15 $PROCESS_PID
bash: kill: (436108) - No such process
22:31:48,671 [ :monitor-process-2658 @ target-host ] kill -15 $PROCESS_PID
bash: kill: (436185) - No such process
22:31:48,771 [ test-runner:run-tests-983 @ target-host ] kill -15 $PID
22:31:48,771 [ :monitor-process-2667 @ target-host ] kill -15 $PROCESS_PID
22:31:51,182 [ test-runner:run-tests-983 @ target-host ] sleep 2
22:31:51,182 [ test-runner:run-tests-983 @ target-host ] script-cmd: stop-test-services
22:31:51,182 [ test-runner:run-tests-983 @ target-host ] stop-test-services
22:31:51,879 [ test-runner:run-tests-983 @ target-host ] /home/zakkak/spring-quarkus-perf-comparison/spring-quarkus-perf-comparison/scripts/infra.sh -d
Using podman to stop containers
-----------------------------------------
[03/11/2026 22:31:51]: Stopping services
-----------------------------------------
Stopping PostgreSQL database 'fruits_db'
fruits_db
22:31:51,929 [ test-runner:run-tests-983 @ target-host ] for-each: ITERATION = 9
22:31:51,929 [ test-runner:run-tests-983 @ target-host ] set-state: LOG_FILE /home/zakkak/spring-quarkus-perf-comparison/logs/load-test-quarkus3-native-9.log
22:31:52,335 [ test-runner:run-tests-983 @ target-host ] touch /home/zakkak/spring-quarkus-perf-comparison/logs/load-test-quarkus3-native-9.log
22:31:52,335 [ test-runner:run-tests-983 @ target-host ] queue-download: ${{REPO_DIR}}/logs/wrk-warmup-${{RUNTIME.name}}-${{ITERATION}}.log=/home/zakkak/spring-quarkus-perf-comparison/logs/wrk-warmup-quarkus3-native-9.log ../../20260311/all/target-host/
22:31:52,335 [ test-runner:run-tests-983 @ target-host ] queue-download: ${{LOG_FILE}}=/home/zakkak/spring-quarkus-perf-comparison/logs/load-test-quarkus3-native-9.log ../../20260311/all/target-host/
22:31:52,335 [ test-runner:run-tests-983 @ target-host ] queue-download: ${{REPO_DIR}}/logs/wrk-${{RUNTIME.name}}-${{ITERATION}}.log=/home/zakkak/spring-quarkus-perf-comparison/logs/wrk-quarkus3-native-9.log ../../20260311/all/target-host/
22:31:52,335 [ test-runner:run-tests-983 @ target-host ] script-cmd: start-test-services
22:31:52,335 [ test-runner:run-tests-983 @ target-host ] start-test-services
22:32:03,418 [ test-runner:run-tests-983 @ target-host ] /home/zakkak/spring-quarkus-perf-comparison/spring-quarkus-perf-comparison/scripts/infra.sh -c 3 -p '4-6' -s
Using podman to start containers
-----------------------------------------
[03/11/2026 22:31:52]: Starting services
-----------------------------------------
Starting PostgreSQL database 'fruits_db'
PostgreSQL DB process: 18ae471963d639a871cf2f20bd7b104c6a30f45fe0177d346aab7ea21d10f620
Waiting for PostgreSQL to be ready...
localhost:5432 - no response
localhost:5432 - no response
localhost:5432 - accepting connections
22:32:03,418 [ test-runner:run-tests-983 @ target-host ] script-cmd: sync-drop-fs-cache
22:32:03,418 [ test-runner:run-tests-983 @ target-host ] sync-drop-fs-cache
22:32:03,418 [ test-runner:run-tests-983 @ target-host ] read-state: true
22:32:03,418 [ test-runner:run-tests-983 @ target-host ] regex: true
22:32:03,957 [ test-runner:run-tests-983 @ target-host ] sync
22:32:03,957 [ test-runner:run-tests-983 @ target-host ] script-cmd: sync-drop-fs-cache-${{os}}
22:32:03,957 [ test-runner:run-tests-983 @ target-host ] sync-drop-fs-cache-linux
22:32:03,957 [ test-runner:run-tests-983 @ target-host ] script-cmd: sudo
22:32:03,957 [ test-runner:run-tests-983 @ target-host ] sudo
22:32:03,957 [ test-runner:run-tests-983 @ target-host ] script-cmd: sudo-${{os}}
22:32:03,957 [ test-runner:run-tests-983 @ target-host ] sudo-linux
22:32:04,763 [ test-runner:run-tests-983 @ target-host ] sudo sh -c "echo 3 > /proc/sys/vm/drop_caches"
]3008;start=e4dd27657d8145a48f8f715202dea20f;user=zakkak;hostname=blanc;machineid=f469a615e9ef4e81b7d5be080a5de373;bootid=0e917e08584a49cb891ef04366e00ace;pid=437782;pidfdid=437783;comm=sudo;targetuser=root;sessionid=c424;type=session\]3008;end=e4dd27657d8145a48f8f715202dea20f\
22:32:04,772 [ test-runner:run-tests-983 @ target-host ] set-signal: LOAD_STEADY_STATE_START 1
22:32:04,772 [ test-runner:run-tests-983 @ target-host ] set-signal: LOG_REGEX_REACHED 1
22:32:05,174 [ test-runner:run-tests-983 @ target-host ] taskset --cpu-list 0-3 /home/zakkak/spring-quarkus-perf-comparison/spring-quarkus-perf-comparison/quarkus3/target/quarkus3-runner  &>/home/zakkak/spring-quarkus-perf-comparison/logs/load-test-quarkus3-native-9.log &
[1] 437809
22:32:05,576 [ test-runner:run-tests-983 @ target-host ] PID=$!
22:32:05,977 [ test-runner:run-tests-983 @ target-host ] echo $PID
437809
22:32:05,977 [ test-runner:run-tests-983 @ target-host ] set-state: JVM_PID 437809
22:32:05,977 [ test-runner:run-tests-983 @ target-host ] script-cmd: monitor-processes
22:32:05,977 [ test-runner:run-tests-983 @ target-host ] monitor-processes
22:32:05,977 [ test-runner:run-tests-983 @ target-host ] set-signal: LOAD_TEST_COMPLETE 1
22:32:06,441 [ test-runner:run-tests-983 @ target-host ] script-cmd: monitor-process
22:32:06,441 [ :monitor-process-2743 @ target-host ] monitor-process
22:32:06,449 [ :monitor-process-2743 @ target-host ] queue-download: ${{log_file}}=/home/zakkak/spring-quarkus-perf-comparison/logs/pidstat-quarkus3-native-9.log ../../20260311/all/target-host/
22:32:06,816 [ test-runner:run-tests-983 @ target-host ] script-cmd: monitor-process
22:32:06,816 [ :monitor-process-2751 @ target-host ] monitor-process
22:32:06,816 [ :monitor-process-2751 @ target-host ] queue-download: ${{log_file}}=/home/zakkak/spring-quarkus-perf-comparison/logs/mpstat-quarkus3-native-9.log ../../20260311/all/target-host/
22:32:06,952 [ :monitor-process-2743 @ target-host ] taskset --cpu-list 11 pidstat -u -p 437809 1 &>/home/zakkak/spring-quarkus-perf-comparison/logs/pidstat-quarkus3-native-9.log &
[1] 437918
22:32:07,191 [ test-runner:run-tests-983 @ target-host ] script-cmd: monitor-process
22:32:07,191 [ test-runner:run-tests-983 @ target-host ] script-cmd: monitor-postgres
22:32:07,191 [ test-runner:run-tests-983 @ target-host ] monitor-postgres
22:32:07,191 [ :monitor-process-2760 @ target-host ] monitor-process
22:32:07,191 [ :monitor-process-2760 @ target-host ] queue-download: ${{log_file}}=/home/zakkak/spring-quarkus-perf-comparison/logs/vmstat-quarkus3-native-9.log ../../20260311/all/target-host/
22:32:07,319 [ :monitor-process-2751 @ target-host ] taskset --cpu-list 11 mpstat -P ALL 1 &>/home/zakkak/spring-quarkus-perf-comparison/logs/mpstat-quarkus3-native-9.log &
[1] 438013
22:32:07,354 [ :monitor-process-2743 @ target-host ] PROCESS_PID=$!
22:32:07,593 [ :monitor-process-2760 @ target-host ] taskset --cpu-list 11 vmstat 1 &>/home/zakkak/spring-quarkus-perf-comparison/logs/vmstat-quarkus3-native-9.log &
[1] 438098
22:32:07,632 [ test-runner:run-tests-983 @ target-host ] POSTGRES_PID=$(/home/zakkak/spring-quarkus-perf-comparison/spring-quarkus-perf-comparison/scripts/infra.sh -r)
22:32:07,720 [ :monitor-process-2751 @ target-host ] PROCESS_PID=$!
22:32:07,755 [ :monitor-process-2743 @ target-host ] echo $PROCESS_PID
437918
22:32:07,755 [ :monitor-process-2743 @ target-host ] set-state: PROCESS_PID 437918
22:32:07,995 [ :monitor-process-2760 @ target-host ] PROCESS_PID=$!
22:32:08,033 [ test-runner:run-tests-983 @ target-host ] echo $POSTGRES_PID
437522
22:32:08,033 [ test-runner:run-tests-983 @ target-host ] set-state: POSTGRES_PID 437522
22:32:08,122 [ :monitor-process-2751 @ target-host ] echo $PROCESS_PID
438013
22:32:08,122 [ :monitor-process-2751 @ target-host ] set-state: PROCESS_PID 438013
22:32:08,396 [ :monitor-process-2760 @ target-host ] echo $PROCESS_PID
438098
22:32:08,396 [ :monitor-process-2760 @ target-host ] set-state: PROCESS_PID 438098
22:32:08,409 [ test-runner:run-tests-983 @ target-host ] script-cmd: monitor-process
22:32:08,409 [ :monitor-process-2776 @ target-host ] monitor-process
22:32:08,409 [ test-runner:run-tests-983 @ target-host ] JVM_PID = 437809
22:32:08,409 [ :monitor-process-2776 @ target-host ] queue-download: ${{log_file}}=/home/zakkak/spring-quarkus-perf-comparison/logs/postgres-pidstat-quarkus3-native-9.log ../../20260311/all/target-host/
22:32:08,409 [ test-runner:run-tests-983 @ target-host ] read-state: none
22:32:08,781 [ test-runner:run-tests-983 @ target-host ] script-cmd: watch-log
22:32:08,781 [ :watch-log-2785 @ target-host ] watch-log
22:32:08,791 [ :watch-log-2785 @ target-host ] regex: ${{log_regex}}
22:32:08,791 [ :watch-log-2785 @ target-host ] ctrlC
22:32:08,791 [ :watch-log-2785 @ target-host ] reached LOG_REGEX_REACHED
22:32:08,791 [ test-runner:run-tests-983 @ target-host ] wait-for: LOG_REGEX_REACHED
22:32:08,791 [ :watch-log-2785 @ target-host ] signal: LOG_REGEX_REACHED
22:32:08,912 [ :monitor-process-2776 @ target-host ] taskset --cpu-list 11 pidstat -u -p $(pgrep -d , -P 437522) 1 &>/home/zakkak/spring-quarkus-perf-comparison/logs/postgres-pidstat-quarkus3-native-9.log &
[1] 438215
22:32:09,194 [ :watch-log-2785 @ target-host ] tail -f /home/zakkak/spring-quarkus-perf-comparison/logs/load-test-quarkus3-native-9.log
__  ____  __  _____   ___  __ ____  ______ 
 --/ __ \/ / / / _ | / _ \/ //_/ / / / __/ 
 -/ /_/ / /_/ / __ |/ , _/ ,< / /_/ /\ \   
--\___\_\____/_/ |_/_/|_/_/|_|\____/___/   
2026-03-11 22:32:04,950 INFO  [io.quarkus] (main) quarkus3 1.0 native (powered by Quarkus 999-SNAPSHOT) started in 0.086s. Listening on: http://0.0.0.0:8080
2026-03-11 22:32:04,950 INFO  [io.quarkus] (main) Profile prod activated. 
2026-03-11 22:32:04,950 INFO  [io.quarkus] (main) Installed features: [agroal, cdi, config-yaml, hibernate-orm, hibernate-orm-panache, hibernate-validator, jdbc-postgresql, narayana-jta, rest, rest-jackson, smallrye-context-propagation, smallrye-health, vertx]
22:32:09,313 [ :monitor-process-2776 @ target-host ] PROCESS_PID=$!
22:32:09,715 [ :monitor-process-2776 @ target-host ] echo $PROCESS_PID
438215
22:32:09,715 [ :monitor-process-2776 @ target-host ] set-state: PROCESS_PID 438215
22:34:18,755 [ test-runner:run-tests-983 @ target-host ] taskset --cpu-list 7-9 jbang -R -XX:+UseNUMA wrk@hyperfoil -t 2 -c 100 -d 2m --timeout 2m http://localhost:8080/fruits 2>&1 >/home/zakkak/spring-quarkus-perf-comparison/logs/wrk-warmup-quarkus3-native-9.log
22:34:48,755 [ test-runner:run-tests-983 @ target-host ] sleep: 30s
22:34:48,755 [ :monitor-process-2751 @ target-host ] reached LOAD_STEADY_STATE_START
22:34:48,755 [ test-runner:run-tests-983 @ target-host ] signal: LOAD_STEADY_STATE_START
22:35:28,449 [ test-runner:run-tests-983 @ target-host ] taskset --cpu-list 7-9 jbang -R -XX:+UseNUMA wrk@hyperfoil -t 2 -c 100 -d 30s --timeout 30s http://localhost:8080/fruits 2>&1 >/home/zakkak/spring-quarkus-perf-comparison/logs/wrk-quarkus3-native-9.log
22:35:28,866 [ test-runner:run-tests-983 @ target-host ] cat /home/zakkak/spring-quarkus-perf-comparison/logs/wrk-quarkus3-native-9.log | grep "Requests/sec" | awk '{print $2}'
15992.10
22:35:28,866 [ test-runner:run-tests-983 @ target-host ] set-state: THROUGHPUT 15992.10
22:35:28,866 [ test-runner:run-tests-983 @ target-host ] script-cmd: state-array-push
22:35:28,866 [ test-runner:run-tests-983 @ target-host ] state-array-push
22:35:28,914 [ test-runner:run-tests-983 @ target-host ] set-state: RUN.output.results.quarkus3-native.load.throughput [16369.16,15984.01,15907.25,15939.55,16284.13,16009.8,16047.28,15976.82,15978.01,15992.1]
22:35:29,318 [ test-runner:run-tests-983 @ target-host ] cat /home/zakkak/spring-quarkus-perf-comparison/logs/wrk-quarkus3-native-9.log | grep "Socket errors:" | sed -E 's/.*connectionErrors ([0-9]+).*/\1/'
22:35:29,318 [ test-runner:run-tests-983 @ target-host ] regex: ^$
22:35:29,318 [ test-runner:run-tests-983 @ target-host ] set-state: CONNECTION_ERRORS 0
22:35:29,318 [ test-runner:run-tests-983 @ target-host ] script-cmd: state-array-push
22:35:29,318 [ test-runner:run-tests-983 @ target-host ] state-array-push
22:35:29,353 [ test-runner:run-tests-983 @ target-host ] set-state: RUN.output.results.quarkus3-native.load.connectionErrors [0,0,0,0,0,0,0,0,0,0]
22:35:29,757 [ test-runner:run-tests-983 @ target-host ] cat /home/zakkak/spring-quarkus-perf-comparison/logs/wrk-quarkus3-native-9.log | grep "Socket errors:" | sed -E 's/.*requestTimeouts ([0-9]+)/\1/'
22:35:29,757 [ test-runner:run-tests-983 @ target-host ] regex: ^$
22:35:29,757 [ test-runner:run-tests-983 @ target-host ] set-state: REQUEST_TIMEOUTS 0
22:35:29,757 [ test-runner:run-tests-983 @ target-host ] script-cmd: state-array-push
22:35:29,757 [ test-runner:run-tests-983 @ target-host ] state-array-push
22:35:29,791 [ test-runner:run-tests-983 @ target-host ] set-state: RUN.output.results.quarkus3-native.load.requestTimeouts [0,0,0,0,0,0,0,0,0,0]
22:35:30,209 [ test-runner:run-tests-983 @ target-host ] pmap -x $PID | grep total | awk '{print $4}'
165168
22:35:30,209 [ test-runner:run-tests-983 @ target-host ] set-state: RSS 165168
22:35:30,225 [ test-runner:run-tests-983 @ target-host ] script-cmd: state-array-push
22:35:30,225 [ test-runner:run-tests-983 @ target-host ] state-array-push
22:35:30,257 [ test-runner:run-tests-983 @ target-host ] set-state: RUN.output.results.quarkus3-native.load.rss [160.2578125,156.25390625,159.5078125,157.9140625,157.7890625,161.55078125,160.58203125,160.625,160.9921875,161.296875]
22:35:30,288 [ test-runner:run-tests-983 @ target-host ] script-cmd: state-array-push
22:35:30,288 [ test-runner:run-tests-983 @ target-host ] state-array-push
22:35:30,323 [ test-runner:run-tests-983 @ target-host ] set-state: RUN.output.results.quarkus3-native.load.throughputDensity [102.1426646516843,102.29510662233444,99.72709016995641,100.93812892692821,103.2018933504976,99.10072780907706,99.9319779123793,99.46658365758755,99.24711408744602,99.14699215344376]
22:35:30,323 [ test-runner:run-tests-983 @ target-host ] reached LOAD_TEST_COMPLETE
22:35:30,323 [ :monitor-process-2743 @ target-host ] wait-for: LOAD_TEST_COMPLETE
22:35:30,323 [ :monitor-process-2751 @ target-host ] wait-for: LOAD_TEST_COMPLETE
22:35:30,323 [ :monitor-process-2760 @ target-host ] wait-for: LOAD_TEST_COMPLETE
22:35:30,323 [ :monitor-process-2776 @ target-host ] wait-for: LOAD_TEST_COMPLETE
22:35:30,323 [ test-runner:run-tests-983 @ target-host ] signal: LOAD_TEST_COMPLETE
22:35:30,725 [ :monitor-process-2743 @ target-host ] kill -15 $PROCESS_PID
bash: kill: (437918) - No such process
22:35:30,725 [ :monitor-process-2751 @ target-host ] kill -15 $PROCESS_PID
bash: kill: (438013) - No such process
22:35:30,725 [ :monitor-process-2776 @ target-host ] kill -15 $PROCESS_PID
bash: kill: (438215) - No such process
22:35:30,826 [ :monitor-process-2760 @ target-host ] kill -15 $PROCESS_PID
22:35:30,826 [ test-runner:run-tests-983 @ target-host ] kill -15 $PID
22:35:33,237 [ test-runner:run-tests-983 @ target-host ] sleep 2
22:35:33,237 [ test-runner:run-tests-983 @ target-host ] script-cmd: stop-test-services
22:35:33,237 [ test-runner:run-tests-983 @ target-host ] stop-test-services
22:35:33,898 [ test-runner:run-tests-983 @ target-host ] /home/zakkak/spring-quarkus-perf-comparison/spring-quarkus-perf-comparison/scripts/infra.sh -d
Using podman to stop containers
-----------------------------------------
[03/11/2026 22:35:33]: Stopping services
-----------------------------------------
Stopping PostgreSQL database 'fruits_db'
fruits_db
22:35:33,953 [ test-runner:run-tests-983 @ target-host ] for-each: ITERATION
22:35:33,953 [ test-runner:run-tests-983 @ target-host ] script-cmd: state-array-calc-avg
22:35:33,953 [ test-runner:run-tests-983 @ target-host ] state-array-calc-avg
22:35:33,988 [ test-runner:run-tests-983 @ target-host ] set-state: RUN.output.results.quarkus3-native.load.avThroughput 16048.811000000002
22:35:33,988 [ test-runner:run-tests-983 @ target-host ] script-cmd: state-array-calc-avg
22:35:33,988 [ test-runner:run-tests-983 @ target-host ] state-array-calc-avg
22:35:34,025 [ test-runner:run-tests-983 @ target-host ] set-state: RUN.output.results.quarkus3-native.load.avMaxRss 159.676953125
22:35:34,025 [ test-runner:run-tests-983 @ target-host ] script-cmd: state-array-calc-max
22:35:34,025 [ test-runner:run-tests-983 @ target-host ] state-array-calc-max
22:35:34,074 [ test-runner:run-tests-983 @ target-host ] set-state: RUN.output.results.quarkus3-native.load.maxThroughputDensity 103.2018933504976
22:35:34,074 [ test-runner:run-tests-983 @ target-host ] script-cmd: state-array-calc-avg
22:35:34,074 [ test-runner:run-tests-983 @ target-host ] state-array-calc-avg
22:35:34,114 [ test-runner:run-tests-983 @ target-host ] set-state: RUN.output.results.quarkus3-native.load.avConnectionErrors 0
22:35:34,114 [ test-runner:run-tests-983 @ target-host ] script-cmd: state-array-calc-avg
22:35:34,114 [ test-runner:run-tests-983 @ target-host ] state-array-calc-avg
22:35:34,158 [ test-runner:run-tests-983 @ target-host ] set-state: RUN.output.results.quarkus3-native.load.avRequestTimeouts 0
22:35:34,158 [ test-runner:run-tests-983 @ target-host ] for-each: TEST
22:35:34,158 [ test-runner:run-tests-983 @ target-host ] for-each: RUNTIME
22:35:34,592 [ test-runner:cleanup-2817 @ target-host ] cleanup
22:35:34,592 [ test-runner:cleanup-2817 @ target-host ] script-cmd: stop-timestamp
22:35:34,592 [ test-runner:cleanup-2817 @ target-host ] stop-timestamp
22:35:34,995 [ test-runner:cleanup-2817 @ target-host ] date -u +%FT%TZ
2026-03-11T20:35:34Z
22:35:34,995 [ test-runner:cleanup-2817 @ target-host ] set-state: RUN.output.timing.stop 2026-03-11T20:35:34Z
22:35:34,995 [ test-runner:cleanup-2817 @ target-host ] script-cmd: download-metrics
22:35:34,995 [ test-runner:cleanup-2817 @ target-host ] download-metrics
22:35:35,406 [ test-runner:cleanup-2817 @ target-host ] mkdir -p /tmp
22:35:35,406 [ test-runner:cleanup-2817 @ target-host ] script-cmd: sudo
22:35:35,406 [ test-runner:cleanup-2817 @ target-host ] sudo
22:35:35,406 [ test-runner:cleanup-2817 @ target-host ] script-cmd: sudo-${{os}}
22:35:35,406 [ test-runner:cleanup-2817 @ target-host ] sudo-linux
22:35:36,061 [ test-runner:cleanup-2817 @ target-host ] sudo rm -Rf /tmp/metrics.json
]3008;start=23eecc2c9f864b6d84ca21d26a4cf105;user=zakkak;hostname=blanc;machineid=f469a615e9ef4e81b7d5be080a5de373;bootid=0e917e08584a49cb891ef04366e00ace;pid=439867;pidfdid=439868;comm=sudo;targetuser=root;sessionid=c425;type=session\]3008;end=23eecc2c9f864b6d84ca21d26a4cf105\
22:35:36,062 [ test-runner:cleanup-2817 @ target-host ] set-state: RUN.output.config {"jvm":{"home":"/home/zakkak/jvms/jdk-21.0.9+10","version":"25.0.2-tem","graalvm":{"home":"/home/zakkak/code/graal-oracle/sdk/latest_graalvm_home","version":"25.0.2-graalce"},"memory":"","args":""},"quarkus":{"version":"999-SNAPSHOT","build_config_args":"","native_build_options":"-Dquarkus.native.additional-build-args-append=--future-defaults=all"},"springboot3":{"version":"","native_build_options":""},"springboot4":{"version":"","native_build_options":""},"resources":{"cpu":{"app":"0-3","db":"4-6","load_generator":"7-9","1st_request":10,"monitor":11},"app_cpus":4},"profiler":{"name":"none","events":"cpu"},"repo":{"branch":"main","url":"https://github.com/quarkusio/spring-quarkus-perf-comparison.git","scenario":"tuned","commit":"14e9ae9b8bc5ec009f5c1108ca2171ce3867ffb2","short_commit":"14e9ae9","scenarioName":"Tuned"},"num_iterations":10}
22:35:36,062 [ test-runner:cleanup-2817 @ target-host ] set-state: RUN.output.env {"run":{"host":{"user":"zakkak","name":"LOCAL","target":"LOCAL"}},"host":{"os":"Fedora Linux 43 (Workstation Edition)","type":"ASUS System Product Name","kernel":"6.18.16-200.fc43.x86_64","cpu":"AMD Ryzen 9 7950X 16-Core Processor (32 cpus)","gpu":"Advanced Micro Devices, Inc. [AMD/ATI] Raphael","memory":"61Gi"}}
22:35:36,470 [ test-runner:cleanup-2817 @ target-host ] echo '{"timing":{"start":"2026-03-11T19:41:47Z","stop":"2026-03-11T20:35:34Z"},"results":{"quarkus3-native":{"build":{"timings":[44.99,44.46,45.47,45.8,44.84,45.73,45.88,44.72,44.74,46.08],"native":{"rss":[4.7,4.82,4.66,4.72,4.81,4.83,4.63,4.87,4.77,4.58],"binarySize":88.86},"avBuildTime":45.271,"avNativeRSS":4.739,"classCount":"22,778","fieldCount":"29,536","methodCount":"107,365","reflectionClassCount":"7,998","reflectionFieldCount":169,"reflectionMethodCount":"5,262"},"startup":{"timings":[40,42,42,32,41,33,33,34,43,33],"avStartTime":37.3},"rss":{"startup":[69.4609375,69.49609375,69.37109375,69.484375,69.3984375,69.46875,69.5,69.5,69.3984375,69.4921875],"firstRequest":[76.3203125,76.359375,76.23046875,76.34375,76.2578125,76.32421875,76.359375,76.359375,76.2578125,76.3515625],"avStartupRss":69.45703125,"avFirstRequestRss":76.31640625},"load":{"throughput":[16369.16,15984.01,15907.25,15939.55,16284.13,16009.8,16047.28,15976.82,15978.01,15992.1],"connectionErrors":[0,0,0,0,0,0,0,0,0,0],"requestTimeouts":[0,0,0,0,0,0,0,0,0,0],"rss":[160.2578125,156.25390625,159.5078125,157.9140625,157.7890625,161.55078125,160.58203125,160.625,160.9921875,161.296875],"throughputDensity":[102.1426646516843,102.29510662233444,99.72709016995641,100.93812892692821,103.2018933504976,99.10072780907706,99.9319779123793,99.46658365758755,99.24711408744602,99.14699215344376],"avThroughput":16048.811000000002,"avMaxRss":159.676953125,"maxThroughputDensity":103.2018933504976,"avConnectionErrors":0,"avRequestTimeouts":0}}},"config":{"jvm":{"args":"","memory":"","graalvm":{"version":"25.0.2-graalce","home":"/home/zakkak/code/graal-oracle/sdk/latest_graalvm_home"},"version":"25.0.2-tem","home":"/home/zakkak/jvms/jdk-21.0.9+10"},"num_iterations":10,"quarkus":{"build_config_args":"","native_build_options":"-Dquarkus.native.additional-build-args-append=--future-defaults=all","version":"999-SNAPSHOT"},"repo":{"short_commit":"14e9ae9","scenario":"tuned","commit":"14e9ae9b8bc5ec009f5c1108ca2171ce3867ffb2","branch":"main","scenarioName":"Tuned","url":"https://github.com/quarkusio/spring-quarkus-perf-comparison.git"},"springboot3":{"native_build_options":"","version":""},"springboot4":{"native_build_options":"","version":""},"resources":{"cpu":{"app":"0-3","1st_request":10,"monitor":11,"load_generator":"7-9","db":"4-6"},"app_cpus":4},"profiler":{"name":"none","events":"cpu"}},"env":{"host":{"memory":"61Gi","os":"Fedora Linux 43 (Workstation Edition)","kernel":"6.18.16-200.fc43.x86_64","cpu":"AMD Ryzen 9 7950X 16-Core Processor (32 cpus)","type":"ASUS System Product Name","gpu":"Advanced Micro Devices, Inc. [AMD/ATI] Raphael"},"run":{"host":{"name":"LOCAL","user":"zakkak","target":"LOCAL"}}}}' > /tmp/metrics.json
22:35:36,471 [ test-runner:cleanup-2817 @ target-host ] queue-download: ${{METRICS_DIR}}/metrics.json=/tmp/metrics.json ../../20260311/all/target-host/
22:35:36,471 [ test-runner:cleanup-2817 @ target-host ] script-cmd: stop-test-services
22:35:36,471 [ test-runner:cleanup-2817 @ target-host ] stop-test-services
22:35:36,898 [ test-runner:cleanup-2817 @ target-host ] /home/zakkak/spring-quarkus-perf-comparison/spring-quarkus-perf-comparison/scripts/infra.sh -d
Using podman to stop containers
-----------------------------------------
[03/11/2026 22:35:36]: Stopping services
-----------------------------------------
Stopping PostgreSQL database 'fruits_db'
Error: no container with name or ID "fruits_db" found: no such container
22:35:36,906 [ test-runner:run-tests-983 @ target-host ] run-1773258093367 closing state:
 env = {"run":{"host":{"user":"zakkak","name":"LOCAL","target":"LOCAL"}},"host":{"os":"Fedora Linux 43 (Workstation Edition)","type":"ASUS System Product Name","kernel":"6.18.16-200.fc43.x86_64","cpu":"AMD Ryzen 9 7950X 16-Core Processor (32 cpus)","gpu":"Advanced Micro Devices, Inc. [AMD/ATI] Raphael","memory":"61Gi"}}
 config = {"jvm":{"home":"/home/zakkak/jvms/jdk-21.0.9+10","version":"25.0.2-tem","graalvm":{"home":"/home/zakkak/code/graal-oracle/sdk/latest_graalvm_home","version":"25.0.2-graalce"},"memory":"","args":""},"quarkus":{"version":"999-SNAPSHOT","build_config_args":"","native_build_options":"-Dquarkus.native.additional-build-args-append=--future-defaults=all"},"springboot3":{"version":"","native_build_options":""},"springboot4":{"version":"","native_build_options":""},"resources":{"cpu":{"app":"0-3","db":"4-6","load_generator":"7-9","1st_request":"10","monitor":"11"},"app_cpus":"4"},"profiler":{"name":"none","events":"cpu"},"repo":{"branch":"main","url":"https://github.com/quarkusio/spring-quarkus-perf-comparison.git","scenario":"tuned","commit":"14e9ae9b8bc5ec009f5c1108ca2171ce3867ffb2","short_commit":"14e9ae9","scenarioName":"Tuned"},"num_iterations":"10"}
 APP_CMD_PREFIX = taskset --cpu-list ${{config.resources.cpu.app}}
 LOAD_GEN_CMD_PREFIX = taskset --cpu-list ${{config.resources.cpu.load_generator}}
 MONITOR_CMD_PREFIX = taskset --cpu-list ${{config.resources.cpu.monitor}}
 WRK_BIN = ${{LOAD_GEN_CMD_PREFIX}} jbang -R -XX:+UseNUMA wrk@hyperfoil
 DROP_OS_FILESYSTEM_CACHES = true
 PAUSE_TIME = 2
 PROFILER_JVM_ARGS = 
 BASE_JAVA_CMD = ${{APP_CMD_PREFIX}} java ${{config.jvm.memory}} ${{config.jvm.args}} ${{PROFILER_JVM_ARGS}}
 TESTS = ["measure-build-times","measure-time-to-first-request","measure-rss","run-load-test"]
 RUNTIMES = ["quarkus3-native"]
 TARGET_URL = http://localhost:8080/fruits
 QUARKUS-PLATFORM-ARTIFACT-ID = quarkus-bom
 PROJ_REPO_NAME = spring-quarkus-perf-comparison
 METRICS_DIR = /tmp
 ASYNC_PROFILER = async-profiler
 RUNTIMECMDS = [{"updateScript":"update-quarkus-version","runCmd":"${{BASE_JAVA_CMD}} -jar ${{QUARKUS3_DIR}}/target/quarkus-app/quarkus-run.jar","updateVersion":"${{config.quarkus.version}}","buildCmd":"./mvnw ${{config.quarkus.build_config_args}} clean package -DskipTests","name":"quarkus3-jvm","type":"jvm","dir":"${{QUARKUS3_DIR}}","logFileStartedRegex":".*quarkus3.+started in.*"},{"updateScript":"update-quarkus-version","runCmd":"${{BASE_JAVA_CMD}} -jar ${{QUARKUS3_VIRTUAL_DIR}}/target/quarkus-app/quarkus-run.jar","updateVersion":"${{config.quarkus.version}}","buildCmd":"./mvnw ${{config.quarkus.build_config_args}} clean package -DskipTests","name":"quarkus3-virtual","type":"jvm","dir":"${{QUARKUS3_VIRTUAL_DIR}}","logFileStartedRegex":".*quarkus3.+started in.*"},{"updateScript":"update-quarkus-version","runCmd":"${{APP_CMD_PREFIX}} ${{QUARKUS3_DIR}}/target/quarkus3-runner ${{config.jvm.memory}}","updateVersion":"${{config.quarkus.version}}","buildCmd":"./mvnw ${{config.quarkus.build_config_args}} clean package -DskipTests -Pnative ${{config.quarkus.native_build_options}}","name":"quarkus3-native","type":"native","dir":"${{QUARKUS3_DIR}}","logFileStartedRegex":".*quarkus3.+started in.*"},{"updateScript":"update-spring-boot-version","runCmd":"${{BASE_JAVA_CMD}} -jar ${{SPRING3_BOOT_DIR}}/target/springboot3.jar","updateVersion":"${{config.springboot3.version}}","buildCmd":"./mvnw clean package -DskipTests","name":"spring3-jvm","type":"jvm","dir":"${{SPRING3_BOOT_DIR}}","logFileStartedRegex":".*Started SpringBoot3Application in.+seconds.*"},{"updateScript":"update-spring-boot-version","runCmd":"${{BASE_JAVA_CMD}} -Dspring.threads.virtual.enabled=true -jar ${{SPRING3_BOOT_DIR}}/target/springboot3.jar","updateVersion":"${{config.springboot3.version}}","buildCmd":"./mvnw clean package -DskipTests -Dspring.threads.virtual.enabled=true","name":"spring3-virtual","type":"jvm","dir":"${{SPRING3_BOOT_DIR}}","logFileStartedRegex":".*Started SpringBoot3Application in.+seconds.*"},{"updateScript":"update-spring-boot-version","runCmd":"${{BASE_JAVA_CMD}} -Dspring.aot.enabled=true -jar ${{SPRING3_BOOT_DIR}}/target/springboot3.jar","updateVersion":"${{config.springboot3.version}}","buildCmd":"./mvnw clean compile spring-boot:process-aot package -DskipTests","name":"spring3-jvm-aot","type":"jvm","dir":"${{SPRING3_BOOT_DIR}}","logFileStartedRegex":".*Started SpringBoot3Application in.+seconds.*"},{"updateScript":"update-spring-boot-version","runCmd":"${{APP_CMD_PREFIX}} ${{SPRING3_BOOT_DIR}}/target/springboot3 ${{config.jvm.memory}}","updateVersion":"${{config.springboot3.version}}","buildCmd":"./mvnw clean -Pnative -DskipTests native:compile package ${{config.springboot3.native_build_options}}","name":"spring3-native","type":"native","dir":"${{SPRING3_BOOT_DIR}}","logFileStartedRegex":".*Started SpringBoot3Application in.+seconds.*"},{"updateScript":"update-spring-boot-version","runCmd":"${{BASE_JAVA_CMD}} -jar ${{SPRING4_BOOT_DIR}}/target/springboot4.jar","updateVersion":"${{config.springboot4.version}}","buildCmd":"./mvnw clean package -DskipTests","name":"spring4-jvm","type":"jvm","dir":"${{SPRING4_BOOT_DIR}}","logFileStartedRegex":".*Started SpringBoot4Application in.+seconds.*"},{"updateScript":"update-spring-boot-version","runCmd":"${{BASE_JAVA_CMD}} -Dspring.threads.virtual.enabled=true -jar ${{SPRING4_BOOT_DIR}}/target/springboot4.jar","updateVersion":"${{config.springboot4.version}}","buildCmd":"./mvnw clean package -DskipTests -Dspring.threads.virtual.enabled=true","name":"spring4-virtual","type":"jvm","dir":"${{SPRING4_BOOT_DIR}}","logFileStartedRegex":".*Started SpringBoot4Application in.+seconds.*"},{"updateScript":"update-spring-boot-version","runCmd":"${{BASE_JAVA_CMD}} -Dspring.aot.enabled=true -jar ${{SPRING4_BOOT_DIR}}/target/springboot4.jar","updateVersion":"${{config.springboot4.version}}","buildCmd":"./mvnw clean compile spring-boot:process-aot package -DskipTests","name":"spring4-jvm-aot","type":"jvm","dir":"${{SPRING4_BOOT_DIR}}","logFileStartedRegex":".*Started SpringBoot4Application in.+seconds.*"},{"updateScript":"update-spring-boot-version","runCmd":"${{APP_CMD_PREFIX}} ${{SPRING4_BOOT_DIR}}/target/springboot4 ${{config.jvm.memory}}","updateVersion":"${{config.springboot4.version}}","buildCmd":"./mvnw clean -Pnative -DskipTests native:compile package ${{config.springboot4.native_build_options}}","name":"spring4-native","type":"native","dir":"${{SPRING4_BOOT_DIR}}","logFileStartedRegex":".*Started SpringBoot4Application in.+seconds.*"}]
 BASE_DIR = /home/zakkak
 REPO_DIR = /home/zakkak/spring-quarkus-perf-comparison
 PROJ_REPO_DIR = /home/zakkak/spring-quarkus-perf-comparison/spring-quarkus-perf-comparison
 SCRIPTS_DIR = /home/zakkak/spring-quarkus-perf-comparison/spring-quarkus-perf-comparison/scripts/perf-lab
 HELPER_SCRIPTS_DIR = /home/zakkak/spring-quarkus-perf-comparison/spring-quarkus-perf-comparison/scripts/perf-lab/scripts
 SPRING3_BOOT_DIR = /home/zakkak/spring-quarkus-perf-comparison/spring-quarkus-perf-comparison/springboot3
 SPRING4_BOOT_DIR = /home/zakkak/spring-quarkus-perf-comparison/spring-quarkus-perf-comparison/springboot4
 QUARKUS3_DIR = /home/zakkak/spring-quarkus-perf-comparison/spring-quarkus-perf-comparison/quarkus3
 QUARKUS3_VIRTUAL_DIR = /home/zakkak/spring-quarkus-perf-comparison/spring-quarkus-perf-comparison/quarkus3-virtual
 ASYNC_PROFILER_DIR = /home/zakkak/async-profiler
 os = linux
 output = {"timing":{"start":"2026-03-11T19:41:47Z","stop":"2026-03-11T20:35:34Z"},"results":{"quarkus3-native":{"build":{"timings":["44.99","44.46","45.47","45.8","44.84","45.73","45.88","44.72","44.74","46.08"],"native":{"rss":["4.7","4.82","4.66","4.72","4.81","4.83","4.63","4.87","4.77","4.58"],"binarySize":"88.86"},"avBuildTime":"45.271","avNativeRSS":"4.739","classCount":"22,778","fieldCount":"29,536","methodCount":"107,365","reflectionClassCount":"7,998","reflectionFieldCount":"169","reflectionMethodCount":"5,262"},"startup":{"timings":["40","42","42","32","41","33","33","34","43","33"],"avStartTime":"37.3"},"rss":{"startup":["69.4609375","69.49609375","69.37109375","69.484375","69.3984375","69.46875","69.5","69.5","69.3984375","69.4921875"],"firstRequest":["76.3203125","76.359375","76.23046875","76.34375","76.2578125","76.32421875","76.359375","76.359375","76.2578125","76.3515625"],"avStartupRss":"69.45703125","avFirstRequestRss":"76.31640625"},"load":{"throughput":["16369.16","15984.01","15907.25","15939.55","16284.13","16009.8","16047.28","15976.82","15978.01","15992.1"],"connectionErrors":["0","0","0","0","0","0","0","0","0","0"],"requestTimeouts":["0","0","0","0","0","0","0","0","0","0"],"rss":["160.2578125","156.25390625","159.5078125","157.9140625","157.7890625","161.55078125","160.58203125","160.625","160.9921875","161.296875"],"throughputDensity":["102.1426646516843","102.29510662233444","99.72709016995641","100.93812892692821","103.2018933504976","99.10072780907706","99.9319779123793","99.46658365758755","99.24711408744602","99.14699215344376"],"avThroughput":"16048.811000000002","avMaxRss":"159.676953125","maxThroughputDensity":"103.2018933504976","avConnectionErrors":"0","avRequestTimeouts":"0"}}},"config":{"jvm":{"args":"","memory":"","graalvm":{"version":"25.0.2-graalce","home":"/home/zakkak/code/graal-oracle/sdk/latest_graalvm_home"},"version":"25.0.2-tem","home":"/home/zakkak/jvms/jdk-21.0.9+10"},"num_iterations":"10","quarkus":{"build_config_args":"","native_build_options":"-Dquarkus.native.additional-build-args-append=--future-defaults=all","version":"999-SNAPSHOT"},"repo":{"short_commit":"14e9ae9","scenario":"tuned","commit":"14e9ae9b8bc5ec009f5c1108ca2171ce3867ffb2","branch":"main","scenarioName":"Tuned","url":"https://github.com/quarkusio/spring-quarkus-perf-comparison.git"},"springboot3":{"native_build_options":"","version":""},"springboot4":{"native_build_options":"","version":""},"resources":{"cpu":{"app":"0-3","1st_request":"10","monitor":"11","load_generator":"7-9","db":"4-6"},"app_cpus":"4"},"profiler":{"name":"none","events":"cpu"}},"env":{"host":{"memory":"61Gi","os":"Fedora Linux 43 (Workstation Edition)","kernel":"6.18.16-200.fc43.x86_64","cpu":"AMD Ryzen 9 7950X 16-Core Processor (32 cpus)","type":"ASUS System Product Name","gpu":"Advanced Micro Devices, Inc. [AMD/ATI] Raphael"},"run":{"host":{"name":"LOCAL","user":"zakkak","target":"LOCAL"}}}}
 SHELL_PID = 403144
 LOCAL : 
   run-tests : 
     id=983 : 
       RUNTIMECMD = {"updateScript":"update-quarkus-version","runCmd":"taskset --cpu-list 0-3 /home/zakkak/spring-quarkus-perf-comparison/spring-quarkus-perf-comparison/quarkus3/target/quarkus3-runner ","updateVersion":"999-SNAPSHOT","buildCmd":"./mvnw  clean package -DskipTests -Pnative -Dquarkus.native.additional-build-args-append=--future-defaults=all","name":"quarkus3-native","type":"native","dir":"/home/zakkak/spring-quarkus-perf-comparison/spring-quarkus-perf-comparison/quarkus3","logFileStartedRegex":".*quarkus3.+started in.*"}
       TYPE = native
       BUILD_TIME = 46.08
       NATIVE_BUILD_RSS = 4.58
       START_TIME = 33
       RSS_STARTUP = 71160
       FIRST_REQUEST = 78184
       APP_LOG_REGEX = .*quarkus3.+started in.*
       LOG_FILE = /home/zakkak/spring-quarkus-perf-comparison/logs/load-test-quarkus3-native-9.log
       JVM_PID = 437809
       POSTGRES_PID = 437522
       THROUGHPUT = 15992.1
       CONNECTION_ERRORS = 0
       REQUEST_TIMEOUTS = 0
       RSS = 165168
   cleanup : 
     id=2817 : 
   setup : 
     id=807 : 

