18:05:57,617 [ :- @  ] run-1773245157409 starting state:
 env = {"run":{"host":{"user":"zakkak","name":"LOCAL","target":"LOCAL"}}}
 config = {"jvm":{"home":"/home/zakkak/jvms/jdk-21.0.9+10","version":"25.0.2-tem","graalvm":{"home":"/home/zakkak/code/graal-oracle/sdk/latest_graalvm_home","version":"25.0.2-graalce"},"memory":"","args":""},"quarkus":{"version":"999-SNAPSHOT","build_config_args":"","native_build_options":"-Dquarkus.native.additional-build-args-append=--future-defaults=class-for-name-respects-class-loader"},"springboot3":{"version":"","native_build_options":""},"springboot4":{"version":"","native_build_options":""},"resources":{"cpu":{"app":"0-3","db":"4-6","load_generator":"7-9","1st_request":"10","monitor":"11"},"app_cpus":"4"},"profiler":{"name":"none","events":"cpu"},"repo":{"branch":"main","url":"https://github.com/quarkusio/spring-quarkus-perf-comparison.git","scenario":"tuned"},"num_iterations":"10"}
 APP_CMD_PREFIX = taskset --cpu-list ${{config.resources.cpu.app}}
 LOAD_GEN_CMD_PREFIX = taskset --cpu-list ${{config.resources.cpu.load_generator}}
 MONITOR_CMD_PREFIX = taskset --cpu-list ${{config.resources.cpu.monitor}}
 WRK_BIN = ${{LOAD_GEN_CMD_PREFIX}} jbang -R -XX:+UseNUMA wrk@hyperfoil
 DROP_OS_FILESYSTEM_CACHES = true
 PAUSE_TIME = 2
 PROFILER_JVM_ARGS = 
 BASE_JAVA_CMD = ${{APP_CMD_PREFIX}} java ${{config.jvm.memory}} ${{config.jvm.args}} ${{PROFILER_JVM_ARGS}}
 TESTS = ["measure-build-times","measure-time-to-first-request","measure-rss","run-load-test"]
 RUNTIMES = ["quarkus3-native"]
 TARGET_URL = http://localhost:8080/fruits
 QUARKUS-PLATFORM-ARTIFACT-ID = quarkus-bom
 PROJ_REPO_NAME = spring-quarkus-perf-comparison
 METRICS_DIR = /tmp
 ASYNC_PROFILER = async-profiler
 RUNTIMECMDS = [{"updateScript":"update-quarkus-version","runCmd":"${{BASE_JAVA_CMD}} -jar ${{QUARKUS3_DIR}}/target/quarkus-app/quarkus-run.jar","updateVersion":"${{config.quarkus.version}}","buildCmd":"./mvnw ${{config.quarkus.build_config_args}} clean package -DskipTests","name":"quarkus3-jvm","type":"jvm","dir":"${{QUARKUS3_DIR}}","logFileStartedRegex":".*quarkus3.+started in.*"},{"updateScript":"update-quarkus-version","runCmd":"${{BASE_JAVA_CMD}} -jar ${{QUARKUS3_VIRTUAL_DIR}}/target/quarkus-app/quarkus-run.jar","updateVersion":"${{config.quarkus.version}}","buildCmd":"./mvnw ${{config.quarkus.build_config_args}} clean package -DskipTests","name":"quarkus3-virtual","type":"jvm","dir":"${{QUARKUS3_VIRTUAL_DIR}}","logFileStartedRegex":".*quarkus3.+started in.*"},{"updateScript":"update-quarkus-version","runCmd":"${{APP_CMD_PREFIX}} ${{QUARKUS3_DIR}}/target/quarkus3-runner ${{config.jvm.memory}}","updateVersion":"${{config.quarkus.version}}","buildCmd":"./mvnw ${{config.quarkus.build_config_args}} clean package -DskipTests -Pnative ${{config.quarkus.native_build_options}}","name":"quarkus3-native","type":"native","dir":"${{QUARKUS3_DIR}}","logFileStartedRegex":".*quarkus3.+started in.*"},{"updateScript":"update-spring-boot-version","runCmd":"${{BASE_JAVA_CMD}} -jar ${{SPRING3_BOOT_DIR}}/target/springboot3.jar","updateVersion":"${{config.springboot3.version}}","buildCmd":"./mvnw clean package -DskipTests","name":"spring3-jvm","type":"jvm","dir":"${{SPRING3_BOOT_DIR}}","logFileStartedRegex":".*Started SpringBoot3Application in.+seconds.*"},{"updateScript":"update-spring-boot-version","runCmd":"${{BASE_JAVA_CMD}} -Dspring.threads.virtual.enabled=true -jar ${{SPRING3_BOOT_DIR}}/target/springboot3.jar","updateVersion":"${{config.springboot3.version}}","buildCmd":"./mvnw clean package -DskipTests -Dspring.threads.virtual.enabled=true","name":"spring3-virtual","type":"jvm","dir":"${{SPRING3_BOOT_DIR}}","logFileStartedRegex":".*Started SpringBoot3Application in.+seconds.*"},{"updateScript":"update-spring-boot-version","runCmd":"${{BASE_JAVA_CMD}} -Dspring.aot.enabled=true -jar ${{SPRING3_BOOT_DIR}}/target/springboot3.jar","updateVersion":"${{config.springboot3.version}}","buildCmd":"./mvnw clean compile spring-boot:process-aot package -DskipTests","name":"spring3-jvm-aot","type":"jvm","dir":"${{SPRING3_BOOT_DIR}}","logFileStartedRegex":".*Started SpringBoot3Application in.+seconds.*"},{"updateScript":"update-spring-boot-version","runCmd":"${{APP_CMD_PREFIX}} ${{SPRING3_BOOT_DIR}}/target/springboot3 ${{config.jvm.memory}}","updateVersion":"${{config.springboot3.version}}","buildCmd":"./mvnw clean -Pnative -DskipTests native:compile package ${{config.springboot3.native_build_options}}","name":"spring3-native","type":"native","dir":"${{SPRING3_BOOT_DIR}}","logFileStartedRegex":".*Started SpringBoot3Application in.+seconds.*"},{"updateScript":"update-spring-boot-version","runCmd":"${{BASE_JAVA_CMD}} -jar ${{SPRING4_BOOT_DIR}}/target/springboot4.jar","updateVersion":"${{config.springboot4.version}}","buildCmd":"./mvnw clean package -DskipTests","name":"spring4-jvm","type":"jvm","dir":"${{SPRING4_BOOT_DIR}}","logFileStartedRegex":".*Started SpringBoot4Application in.+seconds.*"},{"updateScript":"update-spring-boot-version","runCmd":"${{BASE_JAVA_CMD}} -Dspring.threads.virtual.enabled=true -jar ${{SPRING4_BOOT_DIR}}/target/springboot4.jar","updateVersion":"${{config.springboot4.version}}","buildCmd":"./mvnw clean package -DskipTests -Dspring.threads.virtual.enabled=true","name":"spring4-virtual","type":"jvm","dir":"${{SPRING4_BOOT_DIR}}","logFileStartedRegex":".*Started SpringBoot4Application in.+seconds.*"},{"updateScript":"update-spring-boot-version","runCmd":"${{BASE_JAVA_CMD}} -Dspring.aot.enabled=true -jar ${{SPRING4_BOOT_DIR}}/target/springboot4.jar","updateVersion":"${{config.springboot4.version}}","buildCmd":"./mvnw clean compile spring-boot:process-aot package -DskipTests","name":"spring4-jvm-aot","type":"jvm","dir":"${{SPRING4_BOOT_DIR}}","logFileStartedRegex":".*Started SpringBoot4Application in.+seconds.*"},{"updateScript":"update-spring-boot-version","runCmd":"${{APP_CMD_PREFIX}} ${{SPRING4_BOOT_DIR}}/target/springboot4 ${{config.jvm.memory}}","updateVersion":"${{config.springboot4.version}}","buildCmd":"./mvnw clean -Pnative -DskipTests native:compile package ${{config.springboot4.native_build_options}}","name":"spring4-native","type":"native","dir":"${{SPRING4_BOOT_DIR}}","logFileStartedRegex":".*Started SpringBoot4Application in.+seconds.*"}]

18:05:57,910 [ test-runner:setup-807 @ target-host ] setup
18:05:58,025 [ test-runner:setup-807 @ target-host ] start-env:
18:05:58,025 [ test-runner:setup-807 @ target-host ] script-cmd: update-state
18:05:58,026 [ test-runner:setup-807 @ target-host ] update-state
18:05:58,429 [ test-runner:setup-807 @ target-host ] echo $(realpath ~)
/home/zakkak
18:05:58,430 [ test-runner:setup-807 @ target-host ] set-state: RUN.BASE_DIR /home/zakkak
18:05:58,431 [ test-runner:setup-807 @ target-host ] set-state: RUN.REPO_DIR /home/zakkak/spring-quarkus-perf-comparison
18:05:58,432 [ test-runner:setup-807 @ target-host ] set-state: RUN.PROJ_REPO_DIR /home/zakkak/spring-quarkus-perf-comparison/spring-quarkus-perf-comparison
18:05:58,433 [ test-runner:setup-807 @ target-host ] set-state: RUN.SCRIPTS_DIR /home/zakkak/spring-quarkus-perf-comparison/spring-quarkus-perf-comparison/scripts/perf-lab
18:05:58,433 [ test-runner:setup-807 @ target-host ] set-state: RUN.HELPER_SCRIPTS_DIR /home/zakkak/spring-quarkus-perf-comparison/spring-quarkus-perf-comparison/scripts/perf-lab/scripts
18:05:58,434 [ test-runner:setup-807 @ target-host ] set-state: RUN.SPRING3_BOOT_DIR /home/zakkak/spring-quarkus-perf-comparison/spring-quarkus-perf-comparison/springboot3
18:05:58,435 [ test-runner:setup-807 @ target-host ] set-state: RUN.SPRING4_BOOT_DIR /home/zakkak/spring-quarkus-perf-comparison/spring-quarkus-perf-comparison/springboot4
18:05:58,435 [ test-runner:setup-807 @ target-host ] set-state: RUN.QUARKUS3_DIR /home/zakkak/spring-quarkus-perf-comparison/spring-quarkus-perf-comparison/quarkus3
18:05:58,436 [ test-runner:setup-807 @ target-host ] set-state: RUN.QUARKUS3_VIRTUAL_DIR /home/zakkak/spring-quarkus-perf-comparison/spring-quarkus-perf-comparison/quarkus3-virtual
18:05:58,437 [ test-runner:setup-807 @ target-host ] set-state: RUN.ASYNC_PROFILER_DIR /home/zakkak/async-profiler
18:05:58,437 [ test-runner:setup-807 @ target-host ] script-cmd: detect-os
18:05:58,437 [ test-runner:setup-807 @ target-host ] detect-os
18:05:58,841 [ test-runner:setup-807 @ target-host ] uname -a
Linux blanc 6.18.16-200.fc43.x86_64 #1 SMP PREEMPT_DYNAMIC Wed Mar  4 19:13:32 UTC 2026 x86_64 GNU/Linux
18:05:58,842 [ test-runner:setup-807 @ target-host ] regex: .*Linux.*
18:05:58,842 [ test-runner:setup-807 @ target-host ] set-state: RUN.os linux
18:05:58,842 [ test-runner:setup-807 @ target-host ] script-cmd: capture-system-info
18:05:58,842 [ test-runner:setup-807 @ target-host ] capture-system-info
18:05:58,843 [ test-runner:setup-807 @ target-host ] script-cmd: capture-system-info-${{os}}
18:05:58,843 [ test-runner:setup-807 @ target-host ] capture-system-info-linux
18:05:59,247 [ test-runner:setup-807 @ target-host ] grep '^PRETTY_NAME=' /etc/os-release | cut -d= -f2 | tr -d '"'
Fedora Linux 43 (Workstation Edition)
18:05:59,247 [ test-runner:setup-807 @ target-host ] set-state: RUN.env.host.os Fedora Linux 43 (Workstation Edition)
18:05:59,659 [ test-runner:setup-807 @ target-host ] cat /sys/class/dmi/id/sys_vendor /sys/class/dmi/id/product_name 2>/dev/null | paste -sd ' ' || echo 'Unknown'
ASUS System Product Name
18:05:59,659 [ test-runner:setup-807 @ target-host ] set-state: RUN.env.host.type ASUS System Product Name
18:06:00,062 [ test-runner:setup-807 @ target-host ] uname -r
6.18.16-200.fc43.x86_64
18:06:00,062 [ test-runner:setup-807 @ target-host ] set-state: RUN.env.host.kernel 6.18.16-200.fc43.x86_64
18:06:00,487 [ test-runner:setup-807 @ target-host ] lscpu | awk -F: '/^Model name:/ {model=$2} /^CPU\(s):/ {cpus=$2} END {gsub(/^[ \t]+|[ \t]+$/, "", model); gsub(/^[ \t]+|[ \t]+$/, "", cpus); print model " (" cpus " cpus)"}'

AMD Ryzen 9 7950X 16-Core Processor (32 cpus)
18:06:00,487 [ test-runner:setup-807 @ target-host ] set-state: RUN.env.host.cpu AMD Ryzen 9 7950X 16-Core Processor (32 cpus)
18:06:00,916 [ test-runner:setup-807 @ target-host ] lspci | grep -iE 'vga|3d|display' | sed 's/.*: //; s/ (rev.*)$//' | head -n1
Advanced Micro Devices, Inc. [AMD/ATI] Raphael
18:06:00,916 [ test-runner:setup-807 @ target-host ] set-state: RUN.env.host.gpu Advanced Micro Devices, Inc. [AMD/ATI] Raphael
18:06:01,322 [ test-runner:setup-807 @ target-host ] free -h | grep '^Mem:' | awk '{print $2}'
61Gi
18:06:01,322 [ test-runner:setup-807 @ target-host ] set-state: RUN.env.host.memory 61Gi
18:06:01,322 [ test-runner:setup-807 @ target-host ] script-cmd: config-env
18:06:01,323 [ test-runner:setup-807 @ target-host ] config-env
18:06:01,323 [ test-runner:setup-807 @ target-host ] script-cmd: sudo
18:06:01,323 [ test-runner:setup-807 @ target-host ] sudo
18:06:01,324 [ test-runner:setup-807 @ target-host ] script-cmd: sudo-${{os}}
18:06:01,324 [ test-runner:setup-807 @ target-host ] sudo-linux
18:06:01,765 [ test-runner:setup-807 @ target-host ] sudo rm -Rf /home/zakkak/spring-quarkus-perf-comparison/logs
]3008;start=d2f282d2d4a1463e9df12e7ff8cad33b;user=zakkak;hostname=blanc;machineid=f469a615e9ef4e81b7d5be080a5de373;bootid=0e917e08584a49cb891ef04366e00ace;pid=253925;pidfdid=253926;comm=sudo;targetuser=root;sessionid=c211;type=session\]3008;end=d2f282d2d4a1463e9df12e7ff8cad33b\
18:06:02,168 [ test-runner:setup-807 @ target-host ] mkdir -p /home/zakkak/spring-quarkus-perf-comparison/logs
18:06:02,168 [ test-runner:setup-807 @ target-host ] script-cmd: ensure-requirements
18:06:02,169 [ test-runner:setup-807 @ target-host ] ensure-requirements
18:06:02,169 [ test-runner:setup-807 @ target-host ] script-cmd: ensure-graalvm
18:06:02,169 [ test-runner:setup-807 @ target-host ] ensure-graalvm
18:06:02,170 [ test-runner:setup-807 @ target-host ] read-state: /home/zakkak/code/graal-oracle/sdk/latest_graalvm_home
18:06:02,170 [ test-runner:setup-807 @ target-host ] 
18:06:02,171 [ test-runner:setup-807 @ target-host ] Using locally installed GraalVM from /home/zakkak/code/graal-oracle/sdk/latest_graalvm_home
18:06:02,573 [ test-runner:setup-807 @ target-host ] export GRAALVM_HOME=/home/zakkak/code/graal-oracle/sdk/latest_graalvm_home
18:06:02,986 [ test-runner:setup-807 @ target-host ] test -d "$GRAALVM_HOME"
18:06:02,986 [ test-runner:setup-807 @ target-host ] regex: .*
18:06:03,397 [ test-runner:setup-807 @ target-host ] test -x "$GRAALVM_HOME/bin/native-image"
18:06:03,397 [ test-runner:setup-807 @ target-host ] regex: .*
18:06:03,397 [ test-runner:setup-807 @ target-host ] Showing GraalVM version
18:06:03,912 [ test-runner:setup-807 @ target-host ] $GRAALVM_HOME/bin/java -version
openjdk version "25.0.1" 2025-10-21
OpenJDK Runtime Environment GraalVM CE 25.1.0-dev+8.1 (build 25.0.1+8-jvmci-25.1-b14)
OpenJDK 64-Bit Server VM GraalVM CE 25.1.0-dev+8.1 (build 25.0.1+8-jvmci-25.1-b14, mixed mode, sharing)
18:06:03,912 [ test-runner:setup-807 @ target-host ] script-cmd: ensure-java
18:06:03,912 [ test-runner:setup-807 @ target-host ] ensure-java
18:06:03,913 [ test-runner:setup-807 @ target-host ] read-state: /home/zakkak/jvms/jdk-21.0.9+10
18:06:03,913 [ test-runner:setup-807 @ target-host ] 
18:06:03,914 [ test-runner:setup-807 @ target-host ] Using locally installed Java from /home/zakkak/jvms/jdk-21.0.9+10
18:06:04,316 [ test-runner:setup-807 @ target-host ] export JAVA_HOME=/home/zakkak/jvms/jdk-21.0.9+10
18:06:04,718 [ test-runner:setup-807 @ target-host ] export PATH=$JAVA_HOME/bin:$PATH
18:06:05,120 [ test-runner:setup-807 @ target-host ] test -d "$JAVA_HOME"
18:06:05,120 [ test-runner:setup-807 @ target-host ] regex: .*
18:06:05,523 [ test-runner:setup-807 @ target-host ] test -x "$JAVA_HOME/bin/java"
18:06:05,523 [ test-runner:setup-807 @ target-host ] regex: .*
18:06:05,523 [ test-runner:setup-807 @ target-host ] Showing Java version
18:06:05,945 [ test-runner:setup-807 @ target-host ] java -version
openjdk version "21.0.9" 2025-10-21 LTS
OpenJDK Runtime Environment Temurin-21.0.9+10 (build 21.0.9+10-LTS)
OpenJDK 64-Bit Server VM Temurin-21.0.9+10 (build 21.0.9+10-LTS, mixed mode, sharing)
18:06:05,946 [ test-runner:setup-807 @ target-host ] script-cmd: ensure-git
18:06:05,946 [ test-runner:setup-807 @ target-host ] ensure-git
18:06:05,946 [ test-runner:setup-807 @ target-host ] script-cmd: ensure-git-${{os}}
18:06:05,947 [ test-runner:setup-807 @ target-host ] ensure-git-linux
18:06:05,947 [ test-runner:setup-807 @ target-host ] script-cmd: check-and-install-package
18:06:05,947 [ test-runner:setup-807 @ target-host ] check-and-install-package
18:06:06,360 [ test-runner:setup-807 @ target-host ] which git
/usr/bin/git
18:06:06,360 [ test-runner:setup-807 @ target-host ] script-cmd: ensure-gcc
18:06:06,361 [ test-runner:setup-807 @ target-host ] ensure-gcc
18:06:06,361 [ test-runner:setup-807 @ target-host ] script-cmd: ensure-gcc-${{os}}
18:06:06,361 [ test-runner:setup-807 @ target-host ] ensure-gcc-linux
18:06:06,361 [ test-runner:setup-807 @ target-host ] script-cmd: check-and-install-package
18:06:06,362 [ test-runner:setup-807 @ target-host ] check-and-install-package
18:06:06,774 [ test-runner:setup-807 @ target-host ] which gcc
/usr/bin/gcc
18:06:06,775 [ test-runner:setup-807 @ target-host ] script-cmd: ensure-jbang
18:06:06,775 [ test-runner:setup-807 @ target-host ] ensure-jbang
18:06:06,775 [ test-runner:setup-807 @ target-host ] script-cmd: ensure-jbang-${{os}}
18:06:06,775 [ test-runner:setup-807 @ target-host ] ensure-jbang-linux
18:06:07,179 [ test-runner:setup-807 @ target-host ] which jbang
~/.sdkman/candidates/jbang/current/bin/jbang
18:06:07,180 [ test-runner:setup-807 @ target-host ] script-cmd: ensure-jvm-opts
18:06:07,180 [ test-runner:setup-807 @ target-host ] ensure-jvm-opts
18:06:07,180 [ test-runner:setup-807 @ target-host ] read-state: config.profiler.name
18:06:07,180 [ test-runner:setup-807 @ target-host ] script-cmd: clone-repo
18:06:07,180 [ test-runner:setup-807 @ target-host ] clone-repo
18:06:07,181 [ test-runner:setup-807 @ target-host ] script-cmd: sudo
18:06:07,181 [ test-runner:setup-807 @ target-host ] sudo
18:06:07,181 [ test-runner:setup-807 @ target-host ] script-cmd: sudo-${{os}}
18:06:07,181 [ test-runner:setup-807 @ target-host ] sudo-linux
18:06:07,635 [ test-runner:setup-807 @ target-host ] sudo rm -Rf /home/zakkak/spring-quarkus-perf-comparison/logs
]3008;start=9392dcff9fd54322905024b47de558f6;user=zakkak;hostname=blanc;machineid=f469a615e9ef4e81b7d5be080a5de373;bootid=0e917e08584a49cb891ef04366e00ace;pid=254012;pidfdid=254013;comm=sudo;targetuser=root;sessionid=c212;type=session\]3008;end=9392dcff9fd54322905024b47de558f6\
18:06:08,039 [ test-runner:setup-807 @ target-host ] mkdir -p /home/zakkak/spring-quarkus-perf-comparison/logs
18:06:08,441 [ test-runner:setup-807 @ target-host ] cd /home/zakkak/spring-quarkus-perf-comparison
18:06:08,441 [ test-runner:setup-807 @ target-host ] Cloning project repo main@https://github.com/quarkusio/spring-quarkus-perf-comparison.git
18:06:08,851 [ test-runner:setup-807 @ target-host ] git clone -b main https://github.com/quarkusio/spring-quarkus-perf-comparison.git
fatal: destination path 'spring-quarkus-perf-comparison' already exists and is not an empty directory.
18:06:09,253 [ test-runner:setup-807 @ target-host ] cd spring-quarkus-perf-comparison
18:06:09,253 [ test-runner:setup-807 @ target-host ] Checked out repo
18:06:09,665 [ test-runner:setup-807 @ target-host ] git remote get-url origin
https://github.com/quarkusio/spring-quarkus-perf-comparison.git
18:06:10,069 [ test-runner:setup-807 @ target-host ] git branch --show-current
main
18:06:10,070 [ test-runner:setup-807 @ target-host ] script-cmd: capture-repo-info
18:06:10,070 [ test-runner:setup-807 @ target-host ] capture-repo-info
18:06:10,472 [ test-runner:setup-807 @ target-host ] cd /home/zakkak/spring-quarkus-perf-comparison/spring-quarkus-perf-comparison
18:06:10,876 [ test-runner:setup-807 @ target-host ] git rev-parse HEAD
14e9ae9b8bc5ec009f5c1108ca2171ce3867ffb2
18:06:10,876 [ test-runner:setup-807 @ target-host ] set-state: RUN.config.repo.commit 14e9ae9b8bc5ec009f5c1108ca2171ce3867ffb2
18:06:11,289 [ test-runner:setup-807 @ target-host ] git rev-parse --short HEAD
14e9ae9
18:06:11,289 [ test-runner:setup-807 @ target-host ] set-state: RUN.config.repo.short_commit 14e9ae9
18:06:11,289 [ test-runner:setup-807 @ target-host ] read-state: tuned
18:06:11,290 [ test-runner:setup-807 @ target-host ] 
18:06:11,290 [ test-runner:setup-807 @ target-host ] regex: tuned
18:06:11,290 [ test-runner:setup-807 @ target-host ] set-state: RUN.config.repo.scenarioName Tuned
18:06:11,290 [ test-runner:setup-807 @ target-host ] script-cmd: stop-test-services
18:06:11,290 [ test-runner:setup-807 @ target-host ] stop-test-services
18:06:11,718 [ test-runner:setup-807 @ target-host ] /home/zakkak/spring-quarkus-perf-comparison/spring-quarkus-perf-comparison/scripts/infra.sh -d
Using podman to stop containers
-----------------------------------------
[03/11/2026 18:06:11]: Stopping services
-----------------------------------------
Stopping PostgreSQL database 'fruits_db'
Error: no container with name or ID "fruits_db" found: no such container
18:06:11,718 [ test-runner:setup-807 @ target-host ] script-cmd: start-timestamp
18:06:11,718 [ test-runner:setup-807 @ target-host ] start-timestamp
18:06:12,121 [ test-runner:setup-807 @ target-host ] date -u +%FT%TZ
2026-03-11T16:06:11Z
18:06:12,122 [ test-runner:setup-807 @ target-host ] set-state: RUN.output.timing.start 2026-03-11T16:06:11Z
18:06:12,228 [ test-runner:setup-807 @ target-host ] stop-env: export PATH="/home/zakkak/jvms/jdk-21.0.9+10/bin:/home/zakkak/.jbang/bin:/home/zakkak/.local/bin:/home/zakkak/bin:/home/zakkak/.npm-global/bin:/home/zakkak/.jbang/bin:/home/zakkak/.sdkman/candidates/quarkus/current/bin:/home/zakkak/.sdkman/candidates/maven/current/bin:/home/zakkak/.sdkman/candidates/jreleaser/current/bin:/home/zakkak/.sdkman/candidates/jbang/current/bin:/home/zakkak/.sdkman/candidates/java/current/bin:/home/zakkak/.sdkman/candidates/gradle/current/bin:/home/zakkak/.local/share/JetBrains/Toolbox/apps/intellij-idea-ultimate/bin:/home/zakkak/bin:/home/zakkak/.local/bin:/home/zakkak/.cargo/bin:/usr/local/bin:/usr/bin"  JAVA_HOME="/home/zakkak/jvms/jdk-21.0.9+10"  GRAALVM_HOME="/home/zakkak/code/graal-oracle/sdk/latest_graalvm_home"
18:06:12,610 [ test-runner:run-tests-983 @ target-host ] script-cmd: run-tests
18:06:12,610 [ test-runner:run-tests-983 @ target-host ] run-tests
18:06:13,032 [ test-runner:run-tests-983 @ target-host ] java -version
openjdk version "21.0.9" 2025-10-21 LTS
OpenJDK Runtime Environment Temurin-21.0.9+10 (build 21.0.9+10-LTS)
OpenJDK 64-Bit Server VM Temurin-21.0.9+10 (build 21.0.9+10-LTS, mixed mode, sharing)
18:06:13,434 [ test-runner:run-tests-983 @ target-host ] echo $$
254098
18:06:13,434 [ test-runner:run-tests-983 @ target-host ] set-state: RUN.SHELL_PID 254098
18:06:13,913 [ test-runner:run-tests-983 @ target-host ] for-each: RUNTIME = quarkus3-native
18:06:13,919 [ test-runner:run-tests-983 @ target-host ] set-state: RUNTIMECMD {"updateScript":"update-quarkus-version","runCmd":"taskset --cpu-list 0-3 /home/zakkak/spring-quarkus-perf-comparison/spring-quarkus-perf-comparison/quarkus3/target/quarkus3-runner ","updateVersion":"999-SNAPSHOT","buildCmd":"./mvnw  clean package -DskipTests -Pnative -Dquarkus.native.additional-build-args-append=--future-defaults=class-for-name-respects-class-loader","name":"quarkus3-native","type":"native","dir":"/home/zakkak/spring-quarkus-perf-comparison/spring-quarkus-perf-comparison/quarkus3","logFileStartedRegex":".*quarkus3.+started in.*"}
18:06:13,919 [ test-runner:run-tests-983 @ target-host ] Updating version: 999-SNAPSHOT
18:06:13,920 [ test-runner:run-tests-983 @ target-host ] script-cmd: ${{RUNTIMECMD.updateScript:abort-script-not-found}}
18:06:13,920 [ test-runner:run-tests-983 @ target-host ] update-quarkus-version
18:06:13,920 [ test-runner:run-tests-983 @ target-host ] script-cmd: check-dependency-exists
18:06:13,920 [ test-runner:run-tests-983 @ target-host ] check-dependency-exists
18:06:14,322 [ test-runner:run-tests-983 @ target-host ] cd /home/zakkak/spring-quarkus-perf-comparison/spring-quarkus-perf-comparison/quarkus3
18:06:16,611 [ test-runner:run-tests-983 @ target-host ] ./mvnw dependency:get -Dartifact=io.quarkus:quarkus-bom:999-SNAPSHOT -Dpackaging=pom
[INFO] Scanning for projects...
[WARNING] Quarkus Maven extension: an explicit 'argLine' is defined in maven-surefire-plugin config, but does not contain '@{argLine}': we will not be able to inject JVM parameters automatically. Please add '@{argLine}' to the argLine configuration you have defined.
[INFO] 
[INFO] -------------------------< org.acme:quarkus3 >--------------------------
[INFO] Building quarkus3 1.0
[INFO]   from pom.xml
[INFO] ------------------------------[ quarkus ]-------------------------------
[INFO] 
[INFO] --- dependency:3.7.0:get (default-cli) @ quarkus3 ---
[INFO] Resolving io.quarkus:quarkus-bom:pom:999-SNAPSHOT with transitive dependencies
[INFO] ------------------------------------------------------------------------
[INFO] BUILD SUCCESS
[INFO] ------------------------------------------------------------------------
[INFO] Total time:  1.126 s
[INFO] Finished at: 2026-03-11T18:06:16+02:00
[INFO] ------------------------------------------------------------------------
18:06:16,612 [ test-runner:run-tests-983 @ target-host ] 
18:06:16,612 [ test-runner:run-tests-983 @ target-host ] Artifact io.quarkus:quarkus-bom:999-SNAPSHOT is available in maven central
18:06:18,640 [ test-runner:run-tests-983 @ target-host ] ./mvnw versions:set-property -Dproperty=quarkus.platform.version -DnewVersion=999-SNAPSHOT
[INFO] Scanning for projects...
[WARNING] Quarkus Maven extension: an explicit 'argLine' is defined in maven-surefire-plugin config, but does not contain '@{argLine}': we will not be able to inject JVM parameters automatically. Please add '@{argLine}' to the argLine configuration you have defined.
[INFO] 
[INFO] -------------------------< org.acme:quarkus3 >--------------------------
[INFO] Building quarkus3 1.0
[INFO]   from pom.xml
[INFO] ------------------------------[ quarkus ]-------------------------------
[INFO] 
[INFO] --- versions:2.21.0:set-property (default-cli) @ quarkus3 ---
[INFO] ------------------------------------------------------------------------
[INFO] BUILD SUCCESS
[INFO] ------------------------------------------------------------------------
[INFO] Total time:  0.952 s
[INFO] Finished at: 2026-03-11T18:06:18+02:00
[INFO] ------------------------------------------------------------------------
18:06:18,640 [ test-runner:run-tests-983 @ target-host ] Testing: quarkus3-native
18:06:18,649 [ test-runner:run-tests-983 @ target-host ] for-each: TEST = measure-build-times
18:06:18,650 [ test-runner:run-tests-983 @ target-host ] script-cmd: ${{TEST}}
18:06:18,650 [ test-runner:run-tests-983 @ target-host ] measure-build-times
18:06:18,650 [ test-runner:run-tests-983 @ target-host ] Build times
18:06:19,052 [ test-runner:run-tests-983 @ target-host ] cd /home/zakkak/spring-quarkus-perf-comparison/spring-quarkus-perf-comparison/quarkus3
18:06:19,052 [ test-runner:run-tests-983 @ target-host ] JVM version
18:06:19,475 [ test-runner:run-tests-983 @ target-host ] java -version
openjdk version "21.0.9" 2025-10-21 LTS
OpenJDK Runtime Environment Temurin-21.0.9+10 (build 21.0.9+10-LTS)
OpenJDK 64-Bit Server VM Temurin-21.0.9+10 (build 21.0.9+10-LTS, mixed mode, sharing)
18:06:19,475 [ test-runner:run-tests-983 @ target-host ] Graal VM Version
18:06:19,912 [ test-runner:run-tests-983 @ target-host ] $GRAALVM_HOME/bin/java -version
openjdk version "25.0.1" 2025-10-21
OpenJDK Runtime Environment GraalVM CE 25.1.0-dev+8.1 (build 25.0.1+8-jvmci-25.1-b14)
OpenJDK 64-Bit Server VM GraalVM CE 25.1.0-dev+8.1 (build 25.0.1+8-jvmci-25.1-b14, mixed mode, sharing)
18:06:19,912 [ test-runner:run-tests-983 @ target-host ] set-state: TYPE native
18:06:20,373 [ test-runner:run-tests-983 @ target-host ] for-each: ITERATION = 0
18:06:20,375 [ test-runner:run-tests-983 @ target-host ] queue-download: ${{REPO_DIR}}/logs/build-times-${{RUNTIME.name}}-${{ITERATION}}.log=/home/zakkak/spring-quarkus-perf-comparison/logs/build-times-quarkus3-native-0.log ../../20260311/class-for-name-respects-class-loader/target-host/
18:06:20,375 [ test-runner:run-tests-983 @ target-host ] script-cmd: sync-drop-fs-cache
18:06:20,375 [ test-runner:run-tests-983 @ target-host ] sync-drop-fs-cache
18:06:20,375 [ test-runner:run-tests-983 @ target-host ] read-state: true
18:06:20,375 [ test-runner:run-tests-983 @ target-host ] regex: true
18:06:20,814 [ test-runner:run-tests-983 @ target-host ] sync
18:06:20,814 [ test-runner:run-tests-983 @ target-host ] script-cmd: sync-drop-fs-cache-${{os}}
18:06:20,814 [ test-runner:run-tests-983 @ target-host ] sync-drop-fs-cache-linux
18:06:20,814 [ test-runner:run-tests-983 @ target-host ] script-cmd: sudo
18:06:20,814 [ test-runner:run-tests-983 @ target-host ] sudo
18:06:20,815 [ test-runner:run-tests-983 @ target-host ] script-cmd: sudo-${{os}}
18:06:20,815 [ test-runner:run-tests-983 @ target-host ] sudo-linux
18:06:21,587 [ test-runner:run-tests-983 @ target-host ] sudo sh -c "echo 3 > /proc/sys/vm/drop_caches"
]3008;start=1537d4275648407b80ce0f5926a1260f;user=zakkak;hostname=blanc;machineid=f469a615e9ef4e81b7d5be080a5de373;bootid=0e917e08584a49cb891ef04366e00ace;pid=254694;pidfdid=254695;comm=sudo;targetuser=root;sessionid=c213;type=session\]3008;end=1537d4275648407b80ce0f5926a1260f\
18:07:07,009 [ test-runner:run-tests-983 @ target-host ] /usr/bin/time -p ./mvnw  clean package -DskipTests -Pnative -Dquarkus.native.additional-build-args-append=--future-defaults=class-for-name-respects-class-loader 2>&1 >/home/zakkak/spring-quarkus-perf-comparison/logs/build-times-quarkus3-native-0.log | grep real | awk '{print $2}'
45.01
18:07:07,009 [ test-runner:run-tests-983 @ target-host ] set-state: BUILD_TIME 45.01
18:07:07,009 [ test-runner:run-tests-983 @ target-host ] script-cmd: state-array-push
18:07:07,009 [ test-runner:run-tests-983 @ target-host ] state-array-push
18:07:07,263 [ test-runner:run-tests-983 @ target-host ] set-state: RUN.output.results.quarkus3-native.build.timings [45.01]
18:07:07,263 [ test-runner:run-tests-983 @ target-host ] read-state: native
18:07:07,263 [ test-runner:run-tests-983 @ target-host ] regex: native
18:07:07,669 [ test-runner:run-tests-983 @ target-host ] sed -n 's/.*Peak RSS: \([0-9.]*\)\(GB\|GiB\).*/\1/p' /home/zakkak/spring-quarkus-perf-comparison/logs/build-times-quarkus3-native-0.log
4.84
18:07:07,669 [ test-runner:run-tests-983 @ target-host ] set-state: NATIVE_BUILD_RSS 4.84
18:07:07,670 [ test-runner:run-tests-983 @ target-host ] script-cmd: state-array-push
18:07:07,670 [ test-runner:run-tests-983 @ target-host ] state-array-push
18:07:07,847 [ test-runner:run-tests-983 @ target-host ] set-state: RUN.output.results.quarkus3-native.build.native.rss [4.84]
18:07:07,951 [ test-runner:run-tests-983 @ target-host ] for-each: ITERATION = 1
18:07:07,951 [ test-runner:run-tests-983 @ target-host ] queue-download: ${{REPO_DIR}}/logs/build-times-${{RUNTIME.name}}-${{ITERATION}}.log=/home/zakkak/spring-quarkus-perf-comparison/logs/build-times-quarkus3-native-1.log ../../20260311/class-for-name-respects-class-loader/target-host/
18:07:07,951 [ test-runner:run-tests-983 @ target-host ] script-cmd: sync-drop-fs-cache
18:07:07,951 [ test-runner:run-tests-983 @ target-host ] sync-drop-fs-cache
18:07:07,952 [ test-runner:run-tests-983 @ target-host ] read-state: true
18:07:07,952 [ test-runner:run-tests-983 @ target-host ] regex: true
18:07:08,533 [ test-runner:run-tests-983 @ target-host ] sync
18:07:08,534 [ test-runner:run-tests-983 @ target-host ] script-cmd: sync-drop-fs-cache-${{os}}
18:07:08,534 [ test-runner:run-tests-983 @ target-host ] sync-drop-fs-cache-linux
18:07:08,534 [ test-runner:run-tests-983 @ target-host ] script-cmd: sudo
18:07:08,534 [ test-runner:run-tests-983 @ target-host ] sudo
18:07:08,535 [ test-runner:run-tests-983 @ target-host ] script-cmd: sudo-${{os}}
18:07:08,535 [ test-runner:run-tests-983 @ target-host ] sudo-linux
18:07:09,351 [ test-runner:run-tests-983 @ target-host ] sudo sh -c "echo 3 > /proc/sys/vm/drop_caches"
]3008;start=53d8464ee80b4df88811db81647e4702;user=zakkak;hostname=blanc;machineid=f469a615e9ef4e81b7d5be080a5de373;bootid=0e917e08584a49cb891ef04366e00ace;pid=255358;pidfdid=255359;comm=sudo;targetuser=root;sessionid=c214;type=session\]3008;end=53d8464ee80b4df88811db81647e4702\
18:07:54,799 [ test-runner:run-tests-983 @ target-host ] /usr/bin/time -p ./mvnw  clean package -DskipTests -Pnative -Dquarkus.native.additional-build-args-append=--future-defaults=class-for-name-respects-class-loader 2>&1 >/home/zakkak/spring-quarkus-perf-comparison/logs/build-times-quarkus3-native-1.log | grep real | awk '{print $2}'
45.03
18:07:54,800 [ test-runner:run-tests-983 @ target-host ] set-state: BUILD_TIME 45.03
18:07:54,800 [ test-runner:run-tests-983 @ target-host ] script-cmd: state-array-push
18:07:54,800 [ test-runner:run-tests-983 @ target-host ] state-array-push
18:07:54,865 [ test-runner:run-tests-983 @ target-host ] set-state: RUN.output.results.quarkus3-native.build.timings [45.01,45.03]
18:07:54,865 [ test-runner:run-tests-983 @ target-host ] read-state: native
18:07:54,865 [ test-runner:run-tests-983 @ target-host ] regex: native
18:07:55,269 [ test-runner:run-tests-983 @ target-host ] sed -n 's/.*Peak RSS: \([0-9.]*\)\(GB\|GiB\).*/\1/p' /home/zakkak/spring-quarkus-perf-comparison/logs/build-times-quarkus3-native-1.log
4.71
18:07:55,270 [ test-runner:run-tests-983 @ target-host ] set-state: NATIVE_BUILD_RSS 4.71
18:07:55,270 [ test-runner:run-tests-983 @ target-host ] script-cmd: state-array-push
18:07:55,270 [ test-runner:run-tests-983 @ target-host ] state-array-push
18:07:55,324 [ test-runner:run-tests-983 @ target-host ] set-state: RUN.output.results.quarkus3-native.build.native.rss [4.84,4.71]
18:07:55,412 [ test-runner:run-tests-983 @ target-host ] for-each: ITERATION = 2
18:07:55,413 [ test-runner:run-tests-983 @ target-host ] queue-download: ${{REPO_DIR}}/logs/build-times-${{RUNTIME.name}}-${{ITERATION}}.log=/home/zakkak/spring-quarkus-perf-comparison/logs/build-times-quarkus3-native-2.log ../../20260311/class-for-name-respects-class-loader/target-host/
18:07:55,413 [ test-runner:run-tests-983 @ target-host ] script-cmd: sync-drop-fs-cache
18:07:55,413 [ test-runner:run-tests-983 @ target-host ] sync-drop-fs-cache
18:07:55,413 [ test-runner:run-tests-983 @ target-host ] read-state: true
18:07:55,413 [ test-runner:run-tests-983 @ target-host ] regex: true
18:07:55,980 [ test-runner:run-tests-983 @ target-host ] sync
18:07:55,980 [ test-runner:run-tests-983 @ target-host ] script-cmd: sync-drop-fs-cache-${{os}}
18:07:55,980 [ test-runner:run-tests-983 @ target-host ] sync-drop-fs-cache-linux
18:07:55,981 [ test-runner:run-tests-983 @ target-host ] script-cmd: sudo
18:07:55,981 [ test-runner:run-tests-983 @ target-host ] sudo
18:07:55,981 [ test-runner:run-tests-983 @ target-host ] script-cmd: sudo-${{os}}
18:07:55,981 [ test-runner:run-tests-983 @ target-host ] sudo-linux
18:07:56,867 [ test-runner:run-tests-983 @ target-host ] sudo sh -c "echo 3 > /proc/sys/vm/drop_caches"
]3008;start=2fe536bde61c409d945ed662d712f280;user=zakkak;hostname=blanc;machineid=f469a615e9ef4e81b7d5be080a5de373;bootid=0e917e08584a49cb891ef04366e00ace;pid=256049;pidfdid=256050;comm=sudo;targetuser=root;sessionid=c215;type=session\]3008;end=2fe536bde61c409d945ed662d712f280\
18:08:42,063 [ test-runner:run-tests-983 @ target-host ] /usr/bin/time -p ./mvnw  clean package -DskipTests -Pnative -Dquarkus.native.additional-build-args-append=--future-defaults=class-for-name-respects-class-loader 2>&1 >/home/zakkak/spring-quarkus-perf-comparison/logs/build-times-quarkus3-native-2.log | grep real | awk '{print $2}'
44.78
18:08:42,063 [ test-runner:run-tests-983 @ target-host ] set-state: BUILD_TIME 44.78
18:08:42,063 [ test-runner:run-tests-983 @ target-host ] script-cmd: state-array-push
18:08:42,063 [ test-runner:run-tests-983 @ target-host ] state-array-push
18:08:42,121 [ test-runner:run-tests-983 @ target-host ] set-state: RUN.output.results.quarkus3-native.build.timings [45.01,45.03,44.78]
18:08:42,121 [ test-runner:run-tests-983 @ target-host ] read-state: native
18:08:42,122 [ test-runner:run-tests-983 @ target-host ] regex: native
18:08:42,526 [ test-runner:run-tests-983 @ target-host ] sed -n 's/.*Peak RSS: \([0-9.]*\)\(GB\|GiB\).*/\1/p' /home/zakkak/spring-quarkus-perf-comparison/logs/build-times-quarkus3-native-2.log
4.84
18:08:42,526 [ test-runner:run-tests-983 @ target-host ] set-state: NATIVE_BUILD_RSS 4.84
18:08:42,527 [ test-runner:run-tests-983 @ target-host ] script-cmd: state-array-push
18:08:42,527 [ test-runner:run-tests-983 @ target-host ] state-array-push
18:08:42,578 [ test-runner:run-tests-983 @ target-host ] set-state: RUN.output.results.quarkus3-native.build.native.rss [4.84,4.71,4.84]
18:08:42,659 [ test-runner:run-tests-983 @ target-host ] for-each: ITERATION = 3
18:08:42,659 [ test-runner:run-tests-983 @ target-host ] queue-download: ${{REPO_DIR}}/logs/build-times-${{RUNTIME.name}}-${{ITERATION}}.log=/home/zakkak/spring-quarkus-perf-comparison/logs/build-times-quarkus3-native-3.log ../../20260311/class-for-name-respects-class-loader/target-host/
18:08:42,659 [ test-runner:run-tests-983 @ target-host ] script-cmd: sync-drop-fs-cache
18:08:42,659 [ test-runner:run-tests-983 @ target-host ] sync-drop-fs-cache
18:08:42,659 [ test-runner:run-tests-983 @ target-host ] read-state: true
18:08:42,660 [ test-runner:run-tests-983 @ target-host ] regex: true
18:08:43,228 [ test-runner:run-tests-983 @ target-host ] sync
18:08:43,228 [ test-runner:run-tests-983 @ target-host ] script-cmd: sync-drop-fs-cache-${{os}}
18:08:43,228 [ test-runner:run-tests-983 @ target-host ] sync-drop-fs-cache-linux
18:08:43,229 [ test-runner:run-tests-983 @ target-host ] script-cmd: sudo
18:08:43,229 [ test-runner:run-tests-983 @ target-host ] sudo
18:08:43,229 [ test-runner:run-tests-983 @ target-host ] script-cmd: sudo-${{os}}
18:08:43,229 [ test-runner:run-tests-983 @ target-host ] sudo-linux
18:08:44,077 [ test-runner:run-tests-983 @ target-host ] sudo sh -c "echo 3 > /proc/sys/vm/drop_caches"
]3008;start=9f7fcefaf5a548d19b75f1f8d341f6c1;user=zakkak;hostname=blanc;machineid=f469a615e9ef4e81b7d5be080a5de373;bootid=0e917e08584a49cb891ef04366e00ace;pid=256665;pidfdid=256666;comm=sudo;targetuser=root;sessionid=c216;type=session\]3008;end=9f7fcefaf5a548d19b75f1f8d341f6c1\
18:09:29,059 [ test-runner:run-tests-983 @ target-host ] /usr/bin/time -p ./mvnw  clean package -DskipTests -Pnative -Dquarkus.native.additional-build-args-append=--future-defaults=class-for-name-respects-class-loader 2>&1 >/home/zakkak/spring-quarkus-perf-comparison/logs/build-times-quarkus3-native-3.log | grep real | awk '{print $2}'
44.56
18:09:29,059 [ test-runner:run-tests-983 @ target-host ] set-state: BUILD_TIME 44.56
18:09:29,060 [ test-runner:run-tests-983 @ target-host ] script-cmd: state-array-push
18:09:29,060 [ test-runner:run-tests-983 @ target-host ] state-array-push
18:09:29,113 [ test-runner:run-tests-983 @ target-host ] set-state: RUN.output.results.quarkus3-native.build.timings [45.01,45.03,44.78,44.56]
18:09:29,114 [ test-runner:run-tests-983 @ target-host ] read-state: native
18:09:29,114 [ test-runner:run-tests-983 @ target-host ] regex: native
18:09:29,518 [ test-runner:run-tests-983 @ target-host ] sed -n 's/.*Peak RSS: \([0-9.]*\)\(GB\|GiB\).*/\1/p' /home/zakkak/spring-quarkus-perf-comparison/logs/build-times-quarkus3-native-3.log
4.75
18:09:29,519 [ test-runner:run-tests-983 @ target-host ] set-state: NATIVE_BUILD_RSS 4.75
18:09:29,519 [ test-runner:run-tests-983 @ target-host ] script-cmd: state-array-push
18:09:29,519 [ test-runner:run-tests-983 @ target-host ] state-array-push
18:09:29,572 [ test-runner:run-tests-983 @ target-host ] set-state: RUN.output.results.quarkus3-native.build.native.rss [4.84,4.71,4.84,4.75]
18:09:29,649 [ test-runner:run-tests-983 @ target-host ] for-each: ITERATION = 4
18:09:29,650 [ test-runner:run-tests-983 @ target-host ] queue-download: ${{REPO_DIR}}/logs/build-times-${{RUNTIME.name}}-${{ITERATION}}.log=/home/zakkak/spring-quarkus-perf-comparison/logs/build-times-quarkus3-native-4.log ../../20260311/class-for-name-respects-class-loader/target-host/
18:09:29,650 [ test-runner:run-tests-983 @ target-host ] script-cmd: sync-drop-fs-cache
18:09:29,650 [ test-runner:run-tests-983 @ target-host ] sync-drop-fs-cache
18:09:29,650 [ test-runner:run-tests-983 @ target-host ] read-state: true
18:09:29,650 [ test-runner:run-tests-983 @ target-host ] regex: true
18:09:30,206 [ test-runner:run-tests-983 @ target-host ] sync
18:09:30,206 [ test-runner:run-tests-983 @ target-host ] script-cmd: sync-drop-fs-cache-${{os}}
18:09:30,206 [ test-runner:run-tests-983 @ target-host ] sync-drop-fs-cache-linux
18:09:30,207 [ test-runner:run-tests-983 @ target-host ] script-cmd: sudo
18:09:30,207 [ test-runner:run-tests-983 @ target-host ] sudo
18:09:30,207 [ test-runner:run-tests-983 @ target-host ] script-cmd: sudo-${{os}}
18:09:30,207 [ test-runner:run-tests-983 @ target-host ] sudo-linux
18:09:31,025 [ test-runner:run-tests-983 @ target-host ] sudo sh -c "echo 3 > /proc/sys/vm/drop_caches"
]3008;start=7d0ffdae3c3a44d99f12e8d8558d44da;user=zakkak;hostname=blanc;machineid=f469a615e9ef4e81b7d5be080a5de373;bootid=0e917e08584a49cb891ef04366e00ace;pid=257270;pidfdid=257271;comm=sudo;targetuser=root;sessionid=c217;type=session\]3008;end=7d0ffdae3c3a44d99f12e8d8558d44da\
18:10:15,565 [ test-runner:run-tests-983 @ target-host ] /usr/bin/time -p ./mvnw  clean package -DskipTests -Pnative -Dquarkus.native.additional-build-args-append=--future-defaults=class-for-name-respects-class-loader 2>&1 >/home/zakkak/spring-quarkus-perf-comparison/logs/build-times-quarkus3-native-4.log | grep real | awk '{print $2}'
44.12
18:10:15,565 [ test-runner:run-tests-983 @ target-host ] set-state: BUILD_TIME 44.12
18:10:15,566 [ test-runner:run-tests-983 @ target-host ] script-cmd: state-array-push
18:10:15,566 [ test-runner:run-tests-983 @ target-host ] state-array-push
18:10:15,619 [ test-runner:run-tests-983 @ target-host ] set-state: RUN.output.results.quarkus3-native.build.timings [45.01,45.03,44.78,44.56,44.12]
18:10:15,619 [ test-runner:run-tests-983 @ target-host ] read-state: native
18:10:15,619 [ test-runner:run-tests-983 @ target-host ] regex: native
18:10:16,023 [ test-runner:run-tests-983 @ target-host ] sed -n 's/.*Peak RSS: \([0-9.]*\)\(GB\|GiB\).*/\1/p' /home/zakkak/spring-quarkus-perf-comparison/logs/build-times-quarkus3-native-4.log
5.03
18:10:16,024 [ test-runner:run-tests-983 @ target-host ] set-state: NATIVE_BUILD_RSS 5.03
18:10:16,024 [ test-runner:run-tests-983 @ target-host ] script-cmd: state-array-push
18:10:16,024 [ test-runner:run-tests-983 @ target-host ] state-array-push
18:10:16,072 [ test-runner:run-tests-983 @ target-host ] set-state: RUN.output.results.quarkus3-native.build.native.rss [4.84,4.71,4.84,4.75,5.03]
18:10:16,142 [ test-runner:run-tests-983 @ target-host ] for-each: ITERATION = 5
18:10:16,142 [ test-runner:run-tests-983 @ target-host ] queue-download: ${{REPO_DIR}}/logs/build-times-${{RUNTIME.name}}-${{ITERATION}}.log=/home/zakkak/spring-quarkus-perf-comparison/logs/build-times-quarkus3-native-5.log ../../20260311/class-for-name-respects-class-loader/target-host/
18:10:16,143 [ test-runner:run-tests-983 @ target-host ] script-cmd: sync-drop-fs-cache
18:10:16,143 [ test-runner:run-tests-983 @ target-host ] sync-drop-fs-cache
18:10:16,143 [ test-runner:run-tests-983 @ target-host ] read-state: true
18:10:16,143 [ test-runner:run-tests-983 @ target-host ] regex: true
18:10:16,684 [ test-runner:run-tests-983 @ target-host ] sync
18:10:16,684 [ test-runner:run-tests-983 @ target-host ] script-cmd: sync-drop-fs-cache-${{os}}
18:10:16,684 [ test-runner:run-tests-983 @ target-host ] sync-drop-fs-cache-linux
18:10:16,684 [ test-runner:run-tests-983 @ target-host ] script-cmd: sudo
18:10:16,684 [ test-runner:run-tests-983 @ target-host ] sudo
18:10:16,684 [ test-runner:run-tests-983 @ target-host ] script-cmd: sudo-${{os}}
18:10:16,684 [ test-runner:run-tests-983 @ target-host ] sudo-linux
18:10:17,501 [ test-runner:run-tests-983 @ target-host ] sudo sh -c "echo 3 > /proc/sys/vm/drop_caches"
]3008;start=f0510c2a98fb4c179d3185a969d3f68d;user=zakkak;hostname=blanc;machineid=f469a615e9ef4e81b7d5be080a5de373;bootid=0e917e08584a49cb891ef04366e00ace;pid=257882;pidfdid=257883;comm=sudo;targetuser=root;sessionid=c218;type=session\]3008;end=f0510c2a98fb4c179d3185a969d3f68d\
18:11:02,674 [ test-runner:run-tests-983 @ target-host ] /usr/bin/time -p ./mvnw  clean package -DskipTests -Pnative -Dquarkus.native.additional-build-args-append=--future-defaults=class-for-name-respects-class-loader 2>&1 >/home/zakkak/spring-quarkus-perf-comparison/logs/build-times-quarkus3-native-5.log | grep real | awk '{print $2}'
44.76
18:11:02,674 [ test-runner:run-tests-983 @ target-host ] set-state: BUILD_TIME 44.76
18:11:02,674 [ test-runner:run-tests-983 @ target-host ] script-cmd: state-array-push
18:11:02,674 [ test-runner:run-tests-983 @ target-host ] state-array-push
18:11:02,725 [ test-runner:run-tests-983 @ target-host ] set-state: RUN.output.results.quarkus3-native.build.timings [45.01,45.03,44.78,44.56,44.12,44.76]
18:11:02,726 [ test-runner:run-tests-983 @ target-host ] read-state: native
18:11:02,726 [ test-runner:run-tests-983 @ target-host ] regex: native
18:11:03,130 [ test-runner:run-tests-983 @ target-host ] sed -n 's/.*Peak RSS: \([0-9.]*\)\(GB\|GiB\).*/\1/p' /home/zakkak/spring-quarkus-perf-comparison/logs/build-times-quarkus3-native-5.log
4.73
18:11:03,130 [ test-runner:run-tests-983 @ target-host ] set-state: NATIVE_BUILD_RSS 4.73
18:11:03,130 [ test-runner:run-tests-983 @ target-host ] script-cmd: state-array-push
18:11:03,130 [ test-runner:run-tests-983 @ target-host ] state-array-push
18:11:03,182 [ test-runner:run-tests-983 @ target-host ] set-state: RUN.output.results.quarkus3-native.build.native.rss [4.84,4.71,4.84,4.75,5.03,4.73]
18:11:03,252 [ test-runner:run-tests-983 @ target-host ] for-each: ITERATION = 6
18:11:03,253 [ test-runner:run-tests-983 @ target-host ] queue-download: ${{REPO_DIR}}/logs/build-times-${{RUNTIME.name}}-${{ITERATION}}.log=/home/zakkak/spring-quarkus-perf-comparison/logs/build-times-quarkus3-native-6.log ../../20260311/class-for-name-respects-class-loader/target-host/
18:11:03,253 [ test-runner:run-tests-983 @ target-host ] script-cmd: sync-drop-fs-cache
18:11:03,253 [ test-runner:run-tests-983 @ target-host ] sync-drop-fs-cache
18:11:03,253 [ test-runner:run-tests-983 @ target-host ] read-state: true
18:11:03,253 [ test-runner:run-tests-983 @ target-host ] regex: true
18:11:03,795 [ test-runner:run-tests-983 @ target-host ] sync
18:11:03,796 [ test-runner:run-tests-983 @ target-host ] script-cmd: sync-drop-fs-cache-${{os}}
18:11:03,796 [ test-runner:run-tests-983 @ target-host ] sync-drop-fs-cache-linux
18:11:03,796 [ test-runner:run-tests-983 @ target-host ] script-cmd: sudo
18:11:03,796 [ test-runner:run-tests-983 @ target-host ] sudo
18:11:03,796 [ test-runner:run-tests-983 @ target-host ] script-cmd: sudo-${{os}}
18:11:03,796 [ test-runner:run-tests-983 @ target-host ] sudo-linux
18:11:04,625 [ test-runner:run-tests-983 @ target-host ] sudo sh -c "echo 3 > /proc/sys/vm/drop_caches"
]3008;start=11059006eea54c9493e00f7a183738b5;user=zakkak;hostname=blanc;machineid=f469a615e9ef4e81b7d5be080a5de373;bootid=0e917e08584a49cb891ef04366e00ace;pid=258487;pidfdid=258488;comm=sudo;targetuser=root;sessionid=c219;type=session\]3008;end=11059006eea54c9493e00f7a183738b5\
18:11:50,010 [ test-runner:run-tests-983 @ target-host ] /usr/bin/time -p ./mvnw  clean package -DskipTests -Pnative -Dquarkus.native.additional-build-args-append=--future-defaults=class-for-name-respects-class-loader 2>&1 >/home/zakkak/spring-quarkus-perf-comparison/logs/build-times-quarkus3-native-6.log | grep real | awk '{print $2}'
44.97
18:11:50,010 [ test-runner:run-tests-983 @ target-host ] set-state: BUILD_TIME 44.97
18:11:50,010 [ test-runner:run-tests-983 @ target-host ] script-cmd: state-array-push
18:11:50,010 [ test-runner:run-tests-983 @ target-host ] state-array-push
18:11:50,068 [ test-runner:run-tests-983 @ target-host ] set-state: RUN.output.results.quarkus3-native.build.timings [45.01,45.03,44.78,44.56,44.12,44.76,44.97]
18:11:50,068 [ test-runner:run-tests-983 @ target-host ] read-state: native
18:11:50,068 [ test-runner:run-tests-983 @ target-host ] regex: native
18:11:50,473 [ test-runner:run-tests-983 @ target-host ] sed -n 's/.*Peak RSS: \([0-9.]*\)\(GB\|GiB\).*/\1/p' /home/zakkak/spring-quarkus-perf-comparison/logs/build-times-quarkus3-native-6.log
4.83
18:11:50,473 [ test-runner:run-tests-983 @ target-host ] set-state: NATIVE_BUILD_RSS 4.83
18:11:50,474 [ test-runner:run-tests-983 @ target-host ] script-cmd: state-array-push
18:11:50,474 [ test-runner:run-tests-983 @ target-host ] state-array-push
18:11:50,526 [ test-runner:run-tests-983 @ target-host ] set-state: RUN.output.results.quarkus3-native.build.native.rss [4.84,4.71,4.84,4.75,5.03,4.73,4.83]
18:11:50,595 [ test-runner:run-tests-983 @ target-host ] for-each: ITERATION = 7
18:11:50,596 [ test-runner:run-tests-983 @ target-host ] queue-download: ${{REPO_DIR}}/logs/build-times-${{RUNTIME.name}}-${{ITERATION}}.log=/home/zakkak/spring-quarkus-perf-comparison/logs/build-times-quarkus3-native-7.log ../../20260311/class-for-name-respects-class-loader/target-host/
18:11:50,596 [ test-runner:run-tests-983 @ target-host ] script-cmd: sync-drop-fs-cache
18:11:50,596 [ test-runner:run-tests-983 @ target-host ] sync-drop-fs-cache
18:11:50,596 [ test-runner:run-tests-983 @ target-host ] read-state: true
18:11:50,596 [ test-runner:run-tests-983 @ target-host ] regex: true
18:11:51,153 [ test-runner:run-tests-983 @ target-host ] sync
18:11:51,153 [ test-runner:run-tests-983 @ target-host ] script-cmd: sync-drop-fs-cache-${{os}}
18:11:51,153 [ test-runner:run-tests-983 @ target-host ] sync-drop-fs-cache-linux
18:11:51,153 [ test-runner:run-tests-983 @ target-host ] script-cmd: sudo
18:11:51,153 [ test-runner:run-tests-983 @ target-host ] sudo
18:11:51,154 [ test-runner:run-tests-983 @ target-host ] script-cmd: sudo-${{os}}
18:11:51,154 [ test-runner:run-tests-983 @ target-host ] sudo-linux
18:11:51,989 [ test-runner:run-tests-983 @ target-host ] sudo sh -c "echo 3 > /proc/sys/vm/drop_caches"
]3008;start=0b078b8404014a9aa04fb8d6cdf903dd;user=zakkak;hostname=blanc;machineid=f469a615e9ef4e81b7d5be080a5de373;bootid=0e917e08584a49cb891ef04366e00ace;pid=259083;pidfdid=259084;comm=sudo;targetuser=root;sessionid=c220;type=session\]3008;end=0b078b8404014a9aa04fb8d6cdf903dd\
18:12:37,431 [ test-runner:run-tests-983 @ target-host ] /usr/bin/time -p ./mvnw  clean package -DskipTests -Pnative -Dquarkus.native.additional-build-args-append=--future-defaults=class-for-name-respects-class-loader 2>&1 >/home/zakkak/spring-quarkus-perf-comparison/logs/build-times-quarkus3-native-7.log | grep real | awk '{print $2}'
45.03
18:12:37,431 [ test-runner:run-tests-983 @ target-host ] set-state: BUILD_TIME 45.03
18:12:37,431 [ test-runner:run-tests-983 @ target-host ] script-cmd: state-array-push
18:12:37,431 [ test-runner:run-tests-983 @ target-host ] state-array-push
18:12:37,481 [ test-runner:run-tests-983 @ target-host ] set-state: RUN.output.results.quarkus3-native.build.timings [45.01,45.03,44.78,44.56,44.12,44.76,44.97,45.03]
18:12:37,481 [ test-runner:run-tests-983 @ target-host ] read-state: native
18:12:37,481 [ test-runner:run-tests-983 @ target-host ] regex: native
18:12:37,886 [ test-runner:run-tests-983 @ target-host ] sed -n 's/.*Peak RSS: \([0-9.]*\)\(GB\|GiB\).*/\1/p' /home/zakkak/spring-quarkus-perf-comparison/logs/build-times-quarkus3-native-7.log
4.78
18:12:37,886 [ test-runner:run-tests-983 @ target-host ] set-state: NATIVE_BUILD_RSS 4.78
18:12:37,886 [ test-runner:run-tests-983 @ target-host ] script-cmd: state-array-push
18:12:37,887 [ test-runner:run-tests-983 @ target-host ] state-array-push
18:12:37,929 [ test-runner:run-tests-983 @ target-host ] set-state: RUN.output.results.quarkus3-native.build.native.rss [4.84,4.71,4.84,4.75,5.03,4.73,4.83,4.78]
18:12:37,996 [ test-runner:run-tests-983 @ target-host ] for-each: ITERATION = 8
18:12:37,997 [ test-runner:run-tests-983 @ target-host ] queue-download: ${{REPO_DIR}}/logs/build-times-${{RUNTIME.name}}-${{ITERATION}}.log=/home/zakkak/spring-quarkus-perf-comparison/logs/build-times-quarkus3-native-8.log ../../20260311/class-for-name-respects-class-loader/target-host/
18:12:37,997 [ test-runner:run-tests-983 @ target-host ] script-cmd: sync-drop-fs-cache
18:12:37,997 [ test-runner:run-tests-983 @ target-host ] sync-drop-fs-cache
18:12:37,997 [ test-runner:run-tests-983 @ target-host ] read-state: true
18:12:37,997 [ test-runner:run-tests-983 @ target-host ] regex: true
18:12:38,553 [ test-runner:run-tests-983 @ target-host ] sync
18:12:38,553 [ test-runner:run-tests-983 @ target-host ] script-cmd: sync-drop-fs-cache-${{os}}
18:12:38,553 [ test-runner:run-tests-983 @ target-host ] sync-drop-fs-cache-linux
18:12:38,553 [ test-runner:run-tests-983 @ target-host ] script-cmd: sudo
18:12:38,553 [ test-runner:run-tests-983 @ target-host ] sudo
18:12:38,554 [ test-runner:run-tests-983 @ target-host ] script-cmd: sudo-${{os}}
18:12:38,554 [ test-runner:run-tests-983 @ target-host ] sudo-linux
18:12:39,400 [ test-runner:run-tests-983 @ target-host ] sudo sh -c "echo 3 > /proc/sys/vm/drop_caches"
]3008;start=ff3815f0fd71461b8c7d43f4431182c9;user=zakkak;hostname=blanc;machineid=f469a615e9ef4e81b7d5be080a5de373;bootid=0e917e08584a49cb891ef04366e00ace;pid=259686;pidfdid=259687;comm=sudo;targetuser=root;sessionid=c221;type=session\]3008;end=ff3815f0fd71461b8c7d43f4431182c9\
18:13:24,535 [ test-runner:run-tests-983 @ target-host ] /usr/bin/time -p ./mvnw  clean package -DskipTests -Pnative -Dquarkus.native.additional-build-args-append=--future-defaults=class-for-name-respects-class-loader 2>&1 >/home/zakkak/spring-quarkus-perf-comparison/logs/build-times-quarkus3-native-8.log | grep real | awk '{print $2}'
44.72
18:13:24,535 [ test-runner:run-tests-983 @ target-host ] set-state: BUILD_TIME 44.72
18:13:24,535 [ test-runner:run-tests-983 @ target-host ] script-cmd: state-array-push
18:13:24,535 [ test-runner:run-tests-983 @ target-host ] state-array-push
18:13:24,590 [ test-runner:run-tests-983 @ target-host ] set-state: RUN.output.results.quarkus3-native.build.timings [45.01,45.03,44.78,44.56,44.12,44.76,44.97,45.03,44.72]
18:13:24,590 [ test-runner:run-tests-983 @ target-host ] read-state: native
18:13:24,590 [ test-runner:run-tests-983 @ target-host ] regex: native
18:13:24,995 [ test-runner:run-tests-983 @ target-host ] sed -n 's/.*Peak RSS: \([0-9.]*\)\(GB\|GiB\).*/\1/p' /home/zakkak/spring-quarkus-perf-comparison/logs/build-times-quarkus3-native-8.log
4.74
18:13:24,995 [ test-runner:run-tests-983 @ target-host ] set-state: NATIVE_BUILD_RSS 4.74
18:13:24,995 [ test-runner:run-tests-983 @ target-host ] script-cmd: state-array-push
18:13:24,995 [ test-runner:run-tests-983 @ target-host ] state-array-push
18:13:25,039 [ test-runner:run-tests-983 @ target-host ] set-state: RUN.output.results.quarkus3-native.build.native.rss [4.84,4.71,4.84,4.75,5.03,4.73,4.83,4.78,4.74]
18:13:25,104 [ test-runner:run-tests-983 @ target-host ] for-each: ITERATION = 9
18:13:25,104 [ test-runner:run-tests-983 @ target-host ] queue-download: ${{REPO_DIR}}/logs/build-times-${{RUNTIME.name}}-${{ITERATION}}.log=/home/zakkak/spring-quarkus-perf-comparison/logs/build-times-quarkus3-native-9.log ../../20260311/class-for-name-respects-class-loader/target-host/
18:13:25,104 [ test-runner:run-tests-983 @ target-host ] script-cmd: sync-drop-fs-cache
18:13:25,104 [ test-runner:run-tests-983 @ target-host ] sync-drop-fs-cache
18:13:25,104 [ test-runner:run-tests-983 @ target-host ] read-state: true
18:13:25,104 [ test-runner:run-tests-983 @ target-host ] regex: true
18:13:25,655 [ test-runner:run-tests-983 @ target-host ] sync
18:13:25,656 [ test-runner:run-tests-983 @ target-host ] script-cmd: sync-drop-fs-cache-${{os}}
18:13:25,656 [ test-runner:run-tests-983 @ target-host ] sync-drop-fs-cache-linux
18:13:25,656 [ test-runner:run-tests-983 @ target-host ] script-cmd: sudo
18:13:25,656 [ test-runner:run-tests-983 @ target-host ] sudo
18:13:25,656 [ test-runner:run-tests-983 @ target-host ] script-cmd: sudo-${{os}}
18:13:25,656 [ test-runner:run-tests-983 @ target-host ] sudo-linux
18:13:26,490 [ test-runner:run-tests-983 @ target-host ] sudo sh -c "echo 3 > /proc/sys/vm/drop_caches"
]3008;start=8d6be080e30647a29af5c8b6b908a97a;user=zakkak;hostname=blanc;machineid=f469a615e9ef4e81b7d5be080a5de373;bootid=0e917e08584a49cb891ef04366e00ace;pid=260309;pidfdid=260310;comm=sudo;targetuser=root;sessionid=c222;type=session\]3008;end=8d6be080e30647a29af5c8b6b908a97a\
18:14:11,733 [ test-runner:run-tests-983 @ target-host ] /usr/bin/time -p ./mvnw  clean package -DskipTests -Pnative -Dquarkus.native.additional-build-args-append=--future-defaults=class-for-name-respects-class-loader 2>&1 >/home/zakkak/spring-quarkus-perf-comparison/logs/build-times-quarkus3-native-9.log | grep real | awk '{print $2}'
44.83
18:14:11,733 [ test-runner:run-tests-983 @ target-host ] set-state: BUILD_TIME 44.83
18:14:11,733 [ test-runner:run-tests-983 @ target-host ] script-cmd: state-array-push
18:14:11,733 [ test-runner:run-tests-983 @ target-host ] state-array-push
18:14:11,780 [ test-runner:run-tests-983 @ target-host ] set-state: RUN.output.results.quarkus3-native.build.timings [45.01,45.03,44.78,44.56,44.12,44.76,44.97,45.03,44.72,44.83]
18:14:11,780 [ test-runner:run-tests-983 @ target-host ] read-state: native
18:14:11,780 [ test-runner:run-tests-983 @ target-host ] regex: native
18:14:12,185 [ test-runner:run-tests-983 @ target-host ] sed -n 's/.*Peak RSS: \([0-9.]*\)\(GB\|GiB\).*/\1/p' /home/zakkak/spring-quarkus-perf-comparison/logs/build-times-quarkus3-native-9.log
4.99
18:14:12,185 [ test-runner:run-tests-983 @ target-host ] set-state: NATIVE_BUILD_RSS 4.99
18:14:12,185 [ test-runner:run-tests-983 @ target-host ] script-cmd: state-array-push
18:14:12,185 [ test-runner:run-tests-983 @ target-host ] state-array-push
18:14:12,229 [ test-runner:run-tests-983 @ target-host ] set-state: RUN.output.results.quarkus3-native.build.native.rss [4.84,4.71,4.84,4.75,5.03,4.73,4.83,4.78,4.74,4.99]
18:14:12,295 [ test-runner:run-tests-983 @ target-host ] for-each: ITERATION
18:14:12,295 [ test-runner:run-tests-983 @ target-host ] script-cmd: state-array-calc-avg
18:14:12,295 [ test-runner:run-tests-983 @ target-host ] state-array-calc-avg
18:14:12,351 [ test-runner:run-tests-983 @ target-host ] set-state: RUN.output.results.quarkus3-native.build.avBuildTime 44.781
18:14:12,351 [ test-runner:run-tests-983 @ target-host ] read-state: native
18:14:12,351 [ test-runner:run-tests-983 @ target-host ] regex: native
18:14:12,351 [ test-runner:run-tests-983 @ target-host ] script-cmd: state-array-calc-avg
18:14:12,352 [ test-runner:run-tests-983 @ target-host ] state-array-calc-avg
18:14:12,396 [ test-runner:run-tests-983 @ target-host ] set-state: RUN.output.results.quarkus3-native.build.avNativeRSS 4.824000000000001
18:14:12,800 [ test-runner:run-tests-983 @ target-host ] sed -n 's/^[[:space:]]*\([0-9.]*\)\(MB\|MiB\) in total image size.*/\1/p' /home/zakkak/spring-quarkus-perf-comparison/logs/build-times-quarkus3-native-0.log
88.59
18:14:12,800 [ test-runner:run-tests-983 @ target-host ] set-state: RUN.output.results.quarkus3-native.build.native.binarySize 88.59
18:14:13,213 [ test-runner:run-tests-983 @ target-host ] cat /home/zakkak/spring-quarkus-perf-comparison/logs/build-times-quarkus3-native-0.log | grep "types.*fields.*methods found reachable" | awk '{print $1}'
22,741
18:14:13,213 [ test-runner:run-tests-983 @ target-host ] set-state: RUN.output.results.quarkus3-native.build.classCount 22,741
18:14:13,618 [ test-runner:run-tests-983 @ target-host ] cat /home/zakkak/spring-quarkus-perf-comparison/logs/build-times-quarkus3-native-0.log | grep "types.*fields.*methods found reachable" | awk '{print $3}'
29,392
18:14:13,618 [ test-runner:run-tests-983 @ target-host ] set-state: RUN.output.results.quarkus3-native.build.fieldCount 29,392
18:14:14,022 [ test-runner:run-tests-983 @ target-host ] cat /home/zakkak/spring-quarkus-perf-comparison/logs/build-times-quarkus3-native-0.log | grep "types.*fields.*methods found reachable" | awk '{print $6}'
107,027
18:14:14,022 [ test-runner:run-tests-983 @ target-host ] set-state: RUN.output.results.quarkus3-native.build.methodCount 107,027
18:14:14,426 [ test-runner:run-tests-983 @ target-host ] cat /home/zakkak/spring-quarkus-perf-comparison/logs/build-times-quarkus3-native-0.log | grep "types.*fields.*methods registered for reflection" | awk '{print $1}'
7,984
18:14:14,426 [ test-runner:run-tests-983 @ target-host ] set-state: RUN.output.results.quarkus3-native.build.reflectionClassCount 7,984
18:14:14,830 [ test-runner:run-tests-983 @ target-host ] cat /home/zakkak/spring-quarkus-perf-comparison/logs/build-times-quarkus3-native-0.log | grep "types.*fields.*methods registered for reflection" | awk '{print $3}'
169
18:14:14,830 [ test-runner:run-tests-983 @ target-host ] set-state: RUN.output.results.quarkus3-native.build.reflectionFieldCount 169
18:14:15,234 [ test-runner:run-tests-983 @ target-host ] cat /home/zakkak/spring-quarkus-perf-comparison/logs/build-times-quarkus3-native-0.log | grep "types.*fields.*methods registered for reflection" | awk '{print $6}'
5,249
18:14:15,234 [ test-runner:run-tests-983 @ target-host ] set-state: RUN.output.results.quarkus3-native.build.reflectionMethodCount 5,249
18:14:15,234 [ test-runner:run-tests-983 @ target-host ] for-each: TEST = measure-time-to-first-request
18:14:15,235 [ test-runner:run-tests-983 @ target-host ] script-cmd: ${{TEST}}
18:14:15,235 [ test-runner:run-tests-983 @ target-host ] measure-time-to-first-request
18:14:15,235 [ test-runner:run-tests-983 @ target-host ] Measuring Time to first request
18:14:15,657 [ test-runner:run-tests-983 @ target-host ] java -version
openjdk version "21.0.9" 2025-10-21 LTS
OpenJDK Runtime Environment Temurin-21.0.9+10 (build 21.0.9+10-LTS)
OpenJDK 64-Bit Server VM Temurin-21.0.9+10 (build 21.0.9+10-LTS, mixed mode, sharing)
18:14:16,059 [ test-runner:run-tests-983 @ target-host ] cd /home/zakkak/spring-quarkus-perf-comparison/spring-quarkus-perf-comparison/quarkus3
18:15:00,002 [ test-runner:run-tests-983 @ target-host ] ./mvnw  clean package -DskipTests -Pnative -Dquarkus.native.additional-build-args-append=--future-defaults=class-for-name-respects-class-loader
[INFO] Scanning for projects...
[WARNING] Quarkus Maven extension: an explicit 'argLine' is defined in maven-surefire-plugin config, but does not contain '@{argLine}': we will not be able to inject JVM parameters automatically. Please add '@{argLine}' to the argLine configuration you have defined.
[INFO] 
[INFO] -------------------------< org.acme:quarkus3 >--------------------------
[INFO] Building quarkus3 1.0
[INFO]   from pom.xml
[INFO] ------------------------------[ quarkus ]-------------------------------
[INFO] 
[INFO] --- clean:3.2.0:clean (default-clean) @ quarkus3 ---
[INFO] Deleting /home/zakkak/spring-quarkus-perf-comparison/spring-quarkus-perf-comparison/quarkus3/target
[INFO] 
[INFO] --- resources:3.3.1:resources (default-resources) @ quarkus3 ---
[WARNING] Using platform encoding (UTF-8 actually) to copy filtered resources, i.e. build is platform dependent!
[INFO] Copying 2 resources from src/main/resources to target/classes
[INFO] 
[INFO] --- quarkus:3.32.2:generate-code (default-generate-code) @ quarkus3 ---
[INFO] 
[INFO] --- compiler:3.15.0:compile (default-compile) @ quarkus3 ---
[INFO] Recompiling the module because of changed source code.
[WARNING] File encoding has not been set, using platform encoding UTF-8, i.e. build is platform dependent!
[INFO] Compiling 16 source files with javac [debug release 21] to target/classes
[INFO] 
[INFO] --- resources:3.3.1:testResources (default-testResources) @ quarkus3 ---
[WARNING] Using platform encoding (UTF-8 actually) to copy filtered resources, i.e. build is platform dependent!
[INFO] skip non existing resourceDirectory /home/zakkak/spring-quarkus-perf-comparison/spring-quarkus-perf-comparison/quarkus3/src/test/resources
[INFO] 
[INFO] --- quarkus:3.32.2:generate-code-tests (default-generate-code-tests) @ quarkus3 ---
[INFO] 
[INFO] --- compiler:3.15.0:testCompile (default-testCompile) @ quarkus3 ---
[INFO] Recompiling the module because of changed dependency.
[WARNING] File encoding has not been set, using platform encoding UTF-8, i.e. build is platform dependent!
[INFO] Compiling 4 source files with javac [debug release 21] to target/test-classes
[INFO] 
[INFO] --- surefire:3.5.5:test (default-test) @ quarkus3 ---
[INFO] Tests are skipped.
[INFO] 
[INFO] --- quarkus:3.32.2:build (default-build) @ quarkus3 ---
[INFO] [io.quarkus.deployment.pkg.jar.NativeImageSourceJarBuilder] Building native image source jar: /home/zakkak/spring-quarkus-perf-comparison/spring-quarkus-perf-comparison/quarkus3/target/quarkus3-native-image-source-jar/quarkus3-runner.jar
[INFO] [io.quarkus.deployment.pkg.steps.NativeImageBuildStep] Building native image from /home/zakkak/spring-quarkus-perf-comparison/spring-quarkus-perf-comparison/quarkus3/target/quarkus3-native-image-source-jar/quarkus3-runner.jar
[INFO] [io.quarkus.deployment.pkg.steps.NativeImageBuildStep] Running Quarkus native-image plugin on GRAALVM 25.1.0-dev JDK 25.0.1+8-jvmci-25.1-b14
[INFO] [io.quarkus.deployment.pkg.steps.NativeImageBuildRunner] /home/zakkak/code/graal-oracle/sdk/latest_graalvm_home/bin/native-image -J-DCoordinatorEnvironmentBean.transactionStatusManagerEnable=false -J-Dsun.nio.ch.maxUpdateArraySize=100 -J-Djava.util.logging.manager=org.jboss.logmanager.LogManager -J-Dvertx.logger-delegate-factory-class-name=io.quarkus.vertx.core.runtime.VertxLogDelegateFactory -J-Dvertx.disableDnsResolver=true -J-Dio.netty.leakDetection.level=DISABLED -J-Dio.netty.allocator.maxOrder=3 -J-Duser.language=en -J-Duser.country=IE -J-Dlogging.initial-configurator.min-level=500 -H:+UnlockExperimentalVMOptions -H:IncludeLocales=en-IE -H:-UnlockExperimentalVMOptions --enable-native-access=ALL-UNNAMED -J-Dfile.encoding=UTF-8 -J--add-exports=org.graalvm.nativeimage.builder/com.oracle.svm.core.jdk=ALL-UNNAMED --features=io.quarkus.jdbc.postgresql.runtime.graal.SQLXMLFeature,io.quarkus.hibernate.validator.runtime.DisableLoggingFeature,io.quarkus.runner.Feature,io.quarkus.runtime.graal.DisableLoggingFeature,io.quarkus.runtime.graal.JVMChecksFeature,io.quarkus.hibernate.orm.runtime.graal.RegisterServicesForReflectionFeature,io.quarkus.hibernate.orm.runtime.graal.DisableLoggingFeature,org.hibernate.graalvm.internal.GraalVMStaticFeature,io.quarkus.caffeine.runtime.graal.CacheConstructorsFeature,io.quarkus.runtime.graal.SkipConsoleServiceProvidersFeature -J--add-exports=java.security.jgss/sun.security.krb5=ALL-UNNAMED -J--add-exports=java.security.jgss/sun.security.jgss=ALL-UNNAMED -J--add-opens=java.base/java.text=ALL-UNNAMED -J--add-opens=java.base/java.io=ALL-UNNAMED -J--add-opens=java.base/java.lang.invoke=ALL-UNNAMED -J--add-opens=java.base/java.util=ALL-UNNAMED -H:+UnlockExperimentalVMOptions -H:BuildOutputJSONFile=quarkus3-runner-build-output-stats.json -H:-UnlockExperimentalVMOptions -H:+UnlockExperimentalVMOptions -H:+GenerateBuildArtifactsFile -H:-UnlockExperimentalVMOptions --future-defaults=class-for-name-respects-class-loader -H:+UnlockExperimentalVMOptions -H:+AllowFoldMethods -H:-UnlockExperimentalVMOptions -J-Djava.awt.headless=true --no-fallback --link-at-build-time -H:+UnlockExperimentalVMOptions -H:+ReportExceptionStackTraces -H:-UnlockExperimentalVMOptions -H:-AddAllCharsets --enable-url-protocols=http,https -H:NativeLinkerOption=-no-pie --enable-monitoring=heapdump,threaddump -H:+UnlockExperimentalVMOptions -H:-UseServiceLoaderFeature -H:-UnlockExperimentalVMOptions -J--add-exports=org.graalvm.nativeimage/org.graalvm.nativeimage.impl=ALL-UNNAMED --exclude-config io\.netty\.netty-codec /META-INF/native-image/io\.netty/netty-codec/generated/handlers/reflect-config\.json --exclude-config io\.netty\.netty-handler /META-INF/native-image/io\.netty/netty-handler/generated/handlers/reflect-config\.json quarkus3-runner -jar quarkus3-runner.jar
Warning: Using a deprecated option --no-fallback from command line. No effect, no replacement available
Warning: Option 'FallbackThreshold' is deprecated and might be removed in a future release: It no longer has any effect, and no replacement is available. Please refer to the GraalVM release notes.
Warning: Option 'DynamicProxyConfigurationResources' is deprecated and might be removed in a future release: This can be caused by a proxy-config.json file in your META-INF directory. Consider including proxy configuration in the reflection section of reachability-metadata.json instead.. Please refer to the GraalVM release notes.
========================================================================================================================
GraalVM Native Image: Generating 'quarkus3-runner' (executable)...
========================================================================================================================
For detailed information and explanations on the build output, visit:
https://github.com/oracle/graal/blob/master/docs/reference-manual/native-image/BuildOutput.md
------------------------------------------------------------------------------------------------------------------------
[1/8] Initializing...                                                                                   (4.0s @ 0.45GiB)
 Builder configuration:
 - Java version: 25.0.1+8, vendor version: GraalVM CE 25.1.0-dev+8.1
 - Graal compiler: optimization level: 2, target machine: x86-64-v3
 - C compiler: gcc (redhat, x86_64, 15.2.1)
 - Assertions: disabled, system assertions: disabled
 - 11 user-specific feature(s):
   - io.quarkus.caffeine.runtime.graal.CacheConstructorsFeature
   - io.quarkus.hibernate.orm.runtime.graal.DisableLoggingFeature: Disables INFO logging during the analysis phase
   - io.quarkus.hibernate.orm.runtime.graal.RegisterServicesForReflectionFeature: Makes methods of reachable Hibernate services accessible through Class#getMethods()
   - io.quarkus.hibernate.validator.runtime.DisableLoggingFeature: Disables INFO logging during the analysis phase for the [org.hibernate.validator.internal.util.Version] categories
   - io.quarkus.jdbc.postgresql.runtime.graal.SQLXMLFeature
   - io.quarkus.runner.Feature: Auto-generated class by Quarkus from the existing extensions
   - io.quarkus.runtime.graal.DisableLoggingFeature: Adapts logging during the analysis phase
   - io.quarkus.runtime.graal.JVMChecksFeature
   - io.quarkus.runtime.graal.SkipConsoleServiceProvidersFeature: Skip unsupported console service providers when quarkus.native.auto-service-loader-registration is false
   - org.eclipse.angus.activation.nativeimage.AngusActivationFeature
   - org.hibernate.graalvm.internal.GraalVMStaticFeature: Hibernate ORM's static reflection registrations for GraalVM
 Image configuration:
 - Garbage collector: Serial GC (max heap size: 80% of RAM)
 - Assertions: disabled (class-specific config may apply), system assertions: disabled
------------------------------------------------------------------------------------------------------------------------
 5 experimental option(s) unlocked:
 - '-H:+AllowFoldMethods' (origin(s): command line)
 - '-H:BuildOutputJSONFile' (origin(s): command line)
 - '-H:-UseServiceLoaderFeature' (origin(s): command line)
 - '-H:+GenerateBuildArtifactsFile' (origin(s): command line)
 - '-H:AddOpens' (alternative API option(s): --add-opens java.base/java.lang=ALL-UNNAMED; origin(s): command line)
------------------------------------------------------------------------------------------------------------------------
Build resources:
 - 30.00GiB of memory (48.4% of system memory, capped at 30GiB)
 - 32 thread(s) (100.0% of 32 available processor(s), determined at start)
[2/8] Performing analysis...  [********]                                                                (8.5s @ 2.86GiB)
   22,748 types,  29,392 fields, and 107,027 methods found reachable
    7,984 types,     169 fields, and   5,238 methods registered for reflection
       63 types,      69 fields, and      55 methods registered for JNI access
      105 resource accesses registered with 188.29KiB total size
        4 native libraries: dl, pthread, rt, z
[3/8] Building universe...                                                                              (2.8s @ 3.32GiB)
[4/8] Parsing methods...      [*]                                                                       (1.3s @ 2.51GiB)
[5/8] Inlining methods...     [****]                                                                    (0.7s @ 3.05GiB)
[6/8] Compiling methods...    [***]                                                                     (8.1s @ 2.57GiB)
[7/8] Laying out methods...   [***]                                                                     (5.9s @ 3.03GiB)
[8/8] Creating image...       [**]                                                                      (3.8s @ 3.28GiB)
  36.27MiB (40.94%) for code area:    71,598 compilation units
  45.94MiB (51.85%) for image heap:  531,041 objects and 16 resources
   6.38MiB ( 7.21%) for other data
  88.59MiB in total image size, 82.82MiB in total file size
------------------------------------------------------------------------------------------------------------------------
Top 10 origins of code area:                                Top 10 object types in image heap:
   1.52MiB java.base/sun.security.ssl                         11.60MiB byte[] for code metadata
   1.05MiB java.base/java.util                                 6.58MiB byte[] for string data
 851.83KiB o.g.n.runtime/com.oracle.svm.core.code              4.34MiB o.g.n.runtime/c.o.s.core.hub.DynamicHubCompanion
 697.23KiB java.base/com.sun.crypto.provider                   4.18MiB java.base/java.lang.String
 637.13KiB jdk.proxy4/jdk.proxy4                               3.38MiB java.base/java.lang.Class
 540.90KiB java.base/java.lang                                 1.84MiB byte[] for general heap data
 532.04KiB io.netty.buffer                                     1.44MiB byte[] for reflection metadata
 506.28KiB java.base/java.lang.invoke                          1.18MiB java.base/java.lang.Object[]
 468.03KiB org.postgresql.jdbc                               962.25KiB java.base/j.u.concurrent.ConcurrentHashMap$Node
 460.62KiB org.hibernate.query.hql.internal                  831.38KiB java.base/java.lang.reflect.Method
  28.06MiB for 989 more packages                               9.66MiB for 5227 more object types
------------------------------------------------------------------------------------------------------------------------
Recommendations:
 FUTR: Use '--future-defaults=all' to prepare for future releases.
 HEAP: Set max heap for improved and more predictable memory usage.
 CPU:  Enable more CPU features with '-march=native' for improved performance.
------------------------------------------------------------------------------------------------------------------------
                       2.8s (7.6% of total time) in 268 GCs | Peak RSS: 4.82GiB | CPU load: 15.50
------------------------------------------------------------------------------------------------------------------------
Build artifacts:
 /home/zakkak/spring-quarkus-perf-comparison/spring-quarkus-perf-comparison/quarkus3/target/quarkus3-native-image-source-jar/build-artifacts.json (build_info, 92B)
 /home/zakkak/spring-quarkus-perf-comparison/spring-quarkus-perf-comparison/quarkus3/target/quarkus3-native-image-source-jar/quarkus3-runner (executable, 82.82MiB)
 /home/zakkak/spring-quarkus-perf-comparison/spring-quarkus-perf-comparison/quarkus3/target/quarkus3-native-image-source-jar/quarkus3-runner-build-output-stats.json (build_info, 1.00KiB)
========================================================================================================================
Finished generating 'quarkus3-runner' in 36.4s.

The build process encountered 3 warnings.

[INFO] [io.quarkus.deployment.pkg.steps.NativeImageBuildRunner] objcopy --strip-debug quarkus3-runner
[INFO] [io.quarkus.deployment.QuarkusAugmentor] Quarkus augmentation completed in 39930ms
[INFO] ------------------------------------------------------------------------
[INFO] BUILD SUCCESS
[INFO] ------------------------------------------------------------------------
[INFO] Total time:  42.830 s
[INFO] Finished at: 2026-03-11T18:14:59+02:00
[INFO] ------------------------------------------------------------------------
18:15:00,049 [ test-runner:run-tests-983 @ target-host ] for-each: ITERATION = 0
18:15:00,049 [ test-runner:run-tests-983 @ target-host ] queue-download: ${{REPO_DIR}}/logs/measure-time-to-first-request-${{RUNTIME.name}}-${{ITERATION}}.log=/home/zakkak/spring-quarkus-perf-comparison/logs/measure-time-to-first-request-quarkus3-native-0.log ../../20260311/class-for-name-respects-class-loader/target-host/
18:15:00,050 [ test-runner:run-tests-983 @ target-host ] script-cmd: start-test-services
18:15:00,050 [ test-runner:run-tests-983 @ target-host ] start-test-services
18:15:11,203 [ test-runner:run-tests-983 @ target-host ] /home/zakkak/spring-quarkus-perf-comparison/spring-quarkus-perf-comparison/scripts/infra.sh -c 3 -p '4-6' -s
Using podman to start containers
-----------------------------------------
[03/11/2026 18:15:00]: Starting services
-----------------------------------------
Starting PostgreSQL database 'fruits_db'
PostgreSQL DB process: 2a6b709199ff943ed13976420fac670ebca8d085fa544196d5e5d34a1dbd434b
Waiting for PostgreSQL to be ready...
localhost:5432 - no response
localhost:5432 - no response
localhost:5432 - accepting connections
18:15:11,203 [ test-runner:run-tests-983 @ target-host ] script-cmd: sync-drop-fs-cache
18:15:11,203 [ test-runner:run-tests-983 @ target-host ] sync-drop-fs-cache
18:15:11,204 [ test-runner:run-tests-983 @ target-host ] read-state: true
18:15:11,204 [ test-runner:run-tests-983 @ target-host ] regex: true
18:15:11,697 [ test-runner:run-tests-983 @ target-host ] sync
18:15:11,697 [ test-runner:run-tests-983 @ target-host ] script-cmd: sync-drop-fs-cache-${{os}}
18:15:11,697 [ test-runner:run-tests-983 @ target-host ] sync-drop-fs-cache-linux
18:15:11,698 [ test-runner:run-tests-983 @ target-host ] script-cmd: sudo
18:15:11,698 [ test-runner:run-tests-983 @ target-host ] sudo
18:15:11,698 [ test-runner:run-tests-983 @ target-host ] script-cmd: sudo-${{os}}
18:15:11,698 [ test-runner:run-tests-983 @ target-host ] sudo-linux
18:15:12,583 [ test-runner:run-tests-983 @ target-host ] sudo sh -c "echo 3 > /proc/sys/vm/drop_caches"
]3008;start=3255d83b996747b4ac143581748f347a;user=zakkak;hostname=blanc;machineid=f469a615e9ef4e81b7d5be080a5de373;bootid=0e917e08584a49cb891ef04366e00ace;pid=261824;pidfdid=261825;comm=sudo;targetuser=root;sessionid=c223;type=session\]3008;end=3255d83b996747b4ac143581748f347a\
18:15:12,988 [ test-runner:run-tests-983 @ target-host ] taskset --cpu-list 0-3 /home/zakkak/spring-quarkus-perf-comparison/spring-quarkus-perf-comparison/quarkus3/target/quarkus3-runner  &>/home/zakkak/spring-quarkus-perf-comparison/logs/measure-time-to-first-request-quarkus3-native-0.log &
[1] 261853
18:15:13,390 [ test-runner:run-tests-983 @ target-host ] APP_PID=$!
18:15:13,852 [ test-runner:run-tests-983 @ target-host ] timeout 60s bash -c "taskset --cpu-list 10 /home/zakkak/spring-quarkus-perf-comparison/spring-quarkus-perf-comparison/scripts/perf-lab/scripts/time-to-1st-request.sh http://localhost:8080/fruits"
39
18:15:13,852 [ test-runner:run-tests-983 @ target-host ] 
18:15:13,852 [ test-runner:run-tests-983 @ target-host ] set-state: START_TIME 39
18:15:14,354 [ test-runner:run-tests-983 @ target-host ] kill -15 $APP_PID
18:15:14,354 [ test-runner:run-tests-983 @ target-host ] script-cmd: state-array-push
18:15:14,354 [ test-runner:run-tests-983 @ target-host ] state-array-push
18:15:14,445 [ test-runner:run-tests-983 @ target-host ] set-state: RUN.output.results.quarkus3-native.startup.timings [39]
18:15:16,848 [ test-runner:run-tests-983 @ target-host ] sleep 2
18:15:16,849 [ test-runner:run-tests-983 @ target-host ] script-cmd: stop-test-services
18:15:16,849 [ test-runner:run-tests-983 @ target-host ] stop-test-services
18:15:17,499 [ test-runner:run-tests-983 @ target-host ] /home/zakkak/spring-quarkus-perf-comparison/spring-quarkus-perf-comparison/scripts/infra.sh -d
Using podman to stop containers
-----------------------------------------
[03/11/2026 18:15:16]: Stopping services
-----------------------------------------
Stopping PostgreSQL database 'fruits_db'
fruits_db
18:15:17,559 [ test-runner:run-tests-983 @ target-host ] for-each: ITERATION = 1
18:15:17,559 [ test-runner:run-tests-983 @ target-host ] queue-download: ${{REPO_DIR}}/logs/measure-time-to-first-request-${{RUNTIME.name}}-${{ITERATION}}.log=/home/zakkak/spring-quarkus-perf-comparison/logs/measure-time-to-first-request-quarkus3-native-1.log ../../20260311/class-for-name-respects-class-loader/target-host/
18:15:17,559 [ test-runner:run-tests-983 @ target-host ] script-cmd: start-test-services
18:15:17,560 [ test-runner:run-tests-983 @ target-host ] start-test-services
18:15:28,642 [ test-runner:run-tests-983 @ target-host ] /home/zakkak/spring-quarkus-perf-comparison/spring-quarkus-perf-comparison/scripts/infra.sh -c 3 -p '4-6' -s
Using podman to start containers
-----------------------------------------
[03/11/2026 18:15:17]: Starting services
-----------------------------------------
Starting PostgreSQL database 'fruits_db'
PostgreSQL DB process: 50a968276921415c1923006acbc0f64bbd24c155175c88b145b26d8cfc2c97b4
Waiting for PostgreSQL to be ready...
localhost:5432 - no response
localhost:5432 - no response
localhost:5432 - accepting connections
18:15:28,643 [ test-runner:run-tests-983 @ target-host ] script-cmd: sync-drop-fs-cache
18:15:28,643 [ test-runner:run-tests-983 @ target-host ] sync-drop-fs-cache
18:15:28,643 [ test-runner:run-tests-983 @ target-host ] read-state: true
18:15:28,643 [ test-runner:run-tests-983 @ target-host ] regex: true
18:15:29,213 [ test-runner:run-tests-983 @ target-host ] sync
18:15:29,213 [ test-runner:run-tests-983 @ target-host ] script-cmd: sync-drop-fs-cache-${{os}}
18:15:29,213 [ test-runner:run-tests-983 @ target-host ] sync-drop-fs-cache-linux
18:15:29,214 [ test-runner:run-tests-983 @ target-host ] script-cmd: sudo
18:15:29,214 [ test-runner:run-tests-983 @ target-host ] sudo
18:15:29,214 [ test-runner:run-tests-983 @ target-host ] script-cmd: sudo-${{os}}
18:15:29,214 [ test-runner:run-tests-983 @ target-host ] sudo-linux
18:15:29,985 [ test-runner:run-tests-983 @ target-host ] sudo sh -c "echo 3 > /proc/sys/vm/drop_caches"
]3008;start=ecd2b84227aa499ea05149b5a5247bbf;user=zakkak;hostname=blanc;machineid=f469a615e9ef4e81b7d5be080a5de373;bootid=0e917e08584a49cb891ef04366e00ace;pid=262284;pidfdid=262285;comm=sudo;targetuser=root;sessionid=c224;type=session\]3008;end=ecd2b84227aa499ea05149b5a5247bbf\
18:15:30,388 [ test-runner:run-tests-983 @ target-host ] taskset --cpu-list 0-3 /home/zakkak/spring-quarkus-perf-comparison/spring-quarkus-perf-comparison/quarkus3/target/quarkus3-runner  &>/home/zakkak/spring-quarkus-perf-comparison/logs/measure-time-to-first-request-quarkus3-native-1.log &
[1] 262314
18:15:30,790 [ test-runner:run-tests-983 @ target-host ] APP_PID=$!
18:15:31,254 [ test-runner:run-tests-983 @ target-host ] timeout 60s bash -c "taskset --cpu-list 10 /home/zakkak/spring-quarkus-perf-comparison/spring-quarkus-perf-comparison/scripts/perf-lab/scripts/time-to-1st-request.sh http://localhost:8080/fruits"
41
18:15:31,254 [ test-runner:run-tests-983 @ target-host ] 
18:15:31,254 [ test-runner:run-tests-983 @ target-host ] set-state: START_TIME 41
18:15:31,756 [ test-runner:run-tests-983 @ target-host ] kill -15 $APP_PID
18:15:31,756 [ test-runner:run-tests-983 @ target-host ] script-cmd: state-array-push
18:15:31,756 [ test-runner:run-tests-983 @ target-host ] state-array-push
18:15:31,796 [ test-runner:run-tests-983 @ target-host ] set-state: RUN.output.results.quarkus3-native.startup.timings [39,41]
18:15:34,199 [ test-runner:run-tests-983 @ target-host ] sleep 2
18:15:34,199 [ test-runner:run-tests-983 @ target-host ] script-cmd: stop-test-services
18:15:34,199 [ test-runner:run-tests-983 @ target-host ] stop-test-services
18:15:34,836 [ test-runner:run-tests-983 @ target-host ] /home/zakkak/spring-quarkus-perf-comparison/spring-quarkus-perf-comparison/scripts/infra.sh -d
Using podman to stop containers
-----------------------------------------
[03/11/2026 18:15:34]: Stopping services
-----------------------------------------
Stopping PostgreSQL database 'fruits_db'
fruits_db
18:15:34,896 [ test-runner:run-tests-983 @ target-host ] for-each: ITERATION = 2
18:15:34,897 [ test-runner:run-tests-983 @ target-host ] queue-download: ${{REPO_DIR}}/logs/measure-time-to-first-request-${{RUNTIME.name}}-${{ITERATION}}.log=/home/zakkak/spring-quarkus-perf-comparison/logs/measure-time-to-first-request-quarkus3-native-2.log ../../20260311/class-for-name-respects-class-loader/target-host/
18:15:34,897 [ test-runner:run-tests-983 @ target-host ] script-cmd: start-test-services
18:15:34,897 [ test-runner:run-tests-983 @ target-host ] start-test-services
18:15:45,978 [ test-runner:run-tests-983 @ target-host ] /home/zakkak/spring-quarkus-perf-comparison/spring-quarkus-perf-comparison/scripts/infra.sh -c 3 -p '4-6' -s
Using podman to start containers
-----------------------------------------
[03/11/2026 18:15:34]: Starting services
-----------------------------------------
Starting PostgreSQL database 'fruits_db'
PostgreSQL DB process: cd1ee2361becba2ae722e446278b872f0877c902f37858259a464f14362b590c
Waiting for PostgreSQL to be ready...
localhost:5432 - no response
localhost:5432 - no response
localhost:5432 - accepting connections
18:15:45,978 [ test-runner:run-tests-983 @ target-host ] script-cmd: sync-drop-fs-cache
18:15:45,978 [ test-runner:run-tests-983 @ target-host ] sync-drop-fs-cache
18:15:45,979 [ test-runner:run-tests-983 @ target-host ] read-state: true
18:15:45,979 [ test-runner:run-tests-983 @ target-host ] regex: true
18:15:46,611 [ test-runner:run-tests-983 @ target-host ] sync
18:15:46,612 [ test-runner:run-tests-983 @ target-host ] script-cmd: sync-drop-fs-cache-${{os}}
18:15:46,612 [ test-runner:run-tests-983 @ target-host ] sync-drop-fs-cache-linux
18:15:46,612 [ test-runner:run-tests-983 @ target-host ] script-cmd: sudo
18:15:46,612 [ test-runner:run-tests-983 @ target-host ] sudo
18:15:46,612 [ test-runner:run-tests-983 @ target-host ] script-cmd: sudo-${{os}}
18:15:46,612 [ test-runner:run-tests-983 @ target-host ] sudo-linux
18:15:47,385 [ test-runner:run-tests-983 @ target-host ] sudo sh -c "echo 3 > /proc/sys/vm/drop_caches"
]3008;start=5c9c2e6c8bd24a569a2aff16916bff9c;user=zakkak;hostname=blanc;machineid=f469a615e9ef4e81b7d5be080a5de373;bootid=0e917e08584a49cb891ef04366e00ace;pid=262735;pidfdid=262736;comm=sudo;targetuser=root;sessionid=c225;type=session\]3008;end=5c9c2e6c8bd24a569a2aff16916bff9c\
18:15:47,789 [ test-runner:run-tests-983 @ target-host ] taskset --cpu-list 0-3 /home/zakkak/spring-quarkus-perf-comparison/spring-quarkus-perf-comparison/quarkus3/target/quarkus3-runner  &>/home/zakkak/spring-quarkus-perf-comparison/logs/measure-time-to-first-request-quarkus3-native-2.log &
[1] 262765
18:15:48,190 [ test-runner:run-tests-983 @ target-host ] APP_PID=$!
18:15:48,653 [ test-runner:run-tests-983 @ target-host ] timeout 60s bash -c "taskset --cpu-list 10 /home/zakkak/spring-quarkus-perf-comparison/spring-quarkus-perf-comparison/scripts/perf-lab/scripts/time-to-1st-request.sh http://localhost:8080/fruits"
40
18:15:48,653 [ test-runner:run-tests-983 @ target-host ] 
18:15:48,654 [ test-runner:run-tests-983 @ target-host ] set-state: START_TIME 40
18:15:49,156 [ test-runner:run-tests-983 @ target-host ] kill -15 $APP_PID
18:15:49,156 [ test-runner:run-tests-983 @ target-host ] script-cmd: state-array-push
18:15:49,156 [ test-runner:run-tests-983 @ target-host ] state-array-push
18:15:49,204 [ test-runner:run-tests-983 @ target-host ] set-state: RUN.output.results.quarkus3-native.startup.timings [39,41,40]
18:15:51,608 [ test-runner:run-tests-983 @ target-host ] sleep 2
18:15:51,608 [ test-runner:run-tests-983 @ target-host ] script-cmd: stop-test-services
18:15:51,608 [ test-runner:run-tests-983 @ target-host ] stop-test-services
18:15:52,236 [ test-runner:run-tests-983 @ target-host ] /home/zakkak/spring-quarkus-perf-comparison/spring-quarkus-perf-comparison/scripts/infra.sh -d
Using podman to stop containers
-----------------------------------------
[03/11/2026 18:15:51]: Stopping services
-----------------------------------------
Stopping PostgreSQL database 'fruits_db'
fruits_db
18:15:52,295 [ test-runner:run-tests-983 @ target-host ] for-each: ITERATION = 3
18:15:52,295 [ test-runner:run-tests-983 @ target-host ] queue-download: ${{REPO_DIR}}/logs/measure-time-to-first-request-${{RUNTIME.name}}-${{ITERATION}}.log=/home/zakkak/spring-quarkus-perf-comparison/logs/measure-time-to-first-request-quarkus3-native-3.log ../../20260311/class-for-name-respects-class-loader/target-host/
18:15:52,295 [ test-runner:run-tests-983 @ target-host ] script-cmd: start-test-services
18:15:52,295 [ test-runner:run-tests-983 @ target-host ] start-test-services
18:16:03,442 [ test-runner:run-tests-983 @ target-host ] /home/zakkak/spring-quarkus-perf-comparison/spring-quarkus-perf-comparison/scripts/infra.sh -c 3 -p '4-6' -s
Using podman to start containers
-----------------------------------------
[03/11/2026 18:15:52]: Starting services
-----------------------------------------
Starting PostgreSQL database 'fruits_db'
PostgreSQL DB process: ddc76aad4f9139cb9e67b98860c8a28d9bcdaf52aa21d2afe67b30f3e40f3da1
Waiting for PostgreSQL to be ready...
localhost:5432 - no response
localhost:5432 - no response
localhost:5432 - accepting connections
18:16:03,442 [ test-runner:run-tests-983 @ target-host ] script-cmd: sync-drop-fs-cache
18:16:03,442 [ test-runner:run-tests-983 @ target-host ] sync-drop-fs-cache
18:16:03,443 [ test-runner:run-tests-983 @ target-host ] read-state: true
18:16:03,443 [ test-runner:run-tests-983 @ target-host ] regex: true
18:16:04,008 [ test-runner:run-tests-983 @ target-host ] sync
18:16:04,009 [ test-runner:run-tests-983 @ target-host ] script-cmd: sync-drop-fs-cache-${{os}}
18:16:04,009 [ test-runner:run-tests-983 @ target-host ] sync-drop-fs-cache-linux
18:16:04,009 [ test-runner:run-tests-983 @ target-host ] script-cmd: sudo
18:16:04,009 [ test-runner:run-tests-983 @ target-host ] sudo
18:16:04,009 [ test-runner:run-tests-983 @ target-host ] script-cmd: sudo-${{os}}
18:16:04,009 [ test-runner:run-tests-983 @ target-host ] sudo-linux
18:16:04,796 [ test-runner:run-tests-983 @ target-host ] sudo sh -c "echo 3 > /proc/sys/vm/drop_caches"
]3008;start=bb1fcfe06e1047588456b6869d04f7a1;user=zakkak;hostname=blanc;machineid=f469a615e9ef4e81b7d5be080a5de373;bootid=0e917e08584a49cb891ef04366e00ace;pid=263188;pidfdid=263189;comm=sudo;targetuser=root;sessionid=c226;type=session\]3008;end=bb1fcfe06e1047588456b6869d04f7a1\
18:16:05,200 [ test-runner:run-tests-983 @ target-host ] taskset --cpu-list 0-3 /home/zakkak/spring-quarkus-perf-comparison/spring-quarkus-perf-comparison/quarkus3/target/quarkus3-runner  &>/home/zakkak/spring-quarkus-perf-comparison/logs/measure-time-to-first-request-quarkus3-native-3.log &
[1] 263215
18:16:05,601 [ test-runner:run-tests-983 @ target-host ] APP_PID=$!
18:16:06,047 [ test-runner:run-tests-983 @ target-host ] timeout 60s bash -c "taskset --cpu-list 10 /home/zakkak/spring-quarkus-perf-comparison/spring-quarkus-perf-comparison/scripts/perf-lab/scripts/time-to-1st-request.sh http://localhost:8080/fruits"
33
18:16:06,047 [ test-runner:run-tests-983 @ target-host ] 
18:16:06,047 [ test-runner:run-tests-983 @ target-host ] set-state: START_TIME 33
18:16:06,549 [ test-runner:run-tests-983 @ target-host ] kill -15 $APP_PID
18:16:06,549 [ test-runner:run-tests-983 @ target-host ] script-cmd: state-array-push
18:16:06,549 [ test-runner:run-tests-983 @ target-host ] state-array-push
18:16:06,600 [ test-runner:run-tests-983 @ target-host ] set-state: RUN.output.results.quarkus3-native.startup.timings [39,41,40,33]
18:16:09,004 [ test-runner:run-tests-983 @ target-host ] sleep 2
18:16:09,004 [ test-runner:run-tests-983 @ target-host ] script-cmd: stop-test-services
18:16:09,004 [ test-runner:run-tests-983 @ target-host ] stop-test-services
18:16:09,645 [ test-runner:run-tests-983 @ target-host ] /home/zakkak/spring-quarkus-perf-comparison/spring-quarkus-perf-comparison/scripts/infra.sh -d
Using podman to stop containers
-----------------------------------------
[03/11/2026 18:16:09]: Stopping services
-----------------------------------------
Stopping PostgreSQL database 'fruits_db'
fruits_db
18:16:09,714 [ test-runner:run-tests-983 @ target-host ] for-each: ITERATION = 4
18:16:09,715 [ test-runner:run-tests-983 @ target-host ] queue-download: ${{REPO_DIR}}/logs/measure-time-to-first-request-${{RUNTIME.name}}-${{ITERATION}}.log=/home/zakkak/spring-quarkus-perf-comparison/logs/measure-time-to-first-request-quarkus3-native-4.log ../../20260311/class-for-name-respects-class-loader/target-host/
18:16:09,715 [ test-runner:run-tests-983 @ target-host ] script-cmd: start-test-services
18:16:09,715 [ test-runner:run-tests-983 @ target-host ] start-test-services
18:16:20,819 [ test-runner:run-tests-983 @ target-host ] /home/zakkak/spring-quarkus-perf-comparison/spring-quarkus-perf-comparison/scripts/infra.sh -c 3 -p '4-6' -s
Using podman to start containers
-----------------------------------------
[03/11/2026 18:16:09]: Starting services
-----------------------------------------
Starting PostgreSQL database 'fruits_db'
PostgreSQL DB process: 1932d5e041a7d31f8a5eb085d5ac07683f7525bc4e8ad13011badb226f3a3787
Waiting for PostgreSQL to be ready...
localhost:5432 - no response
localhost:5432 - no response
localhost:5432 - accepting connections
18:16:20,819 [ test-runner:run-tests-983 @ target-host ] script-cmd: sync-drop-fs-cache
18:16:20,819 [ test-runner:run-tests-983 @ target-host ] sync-drop-fs-cache
18:16:20,820 [ test-runner:run-tests-983 @ target-host ] read-state: true
18:16:20,820 [ test-runner:run-tests-983 @ target-host ] regex: true
18:16:21,423 [ test-runner:run-tests-983 @ target-host ] sync
18:16:21,423 [ test-runner:run-tests-983 @ target-host ] script-cmd: sync-drop-fs-cache-${{os}}
18:16:21,423 [ test-runner:run-tests-983 @ target-host ] sync-drop-fs-cache-linux
18:16:21,423 [ test-runner:run-tests-983 @ target-host ] script-cmd: sudo
18:16:21,423 [ test-runner:run-tests-983 @ target-host ] sudo
18:16:21,424 [ test-runner:run-tests-983 @ target-host ] script-cmd: sudo-${{os}}
18:16:21,424 [ test-runner:run-tests-983 @ target-host ] sudo-linux
18:16:22,191 [ test-runner:run-tests-983 @ target-host ] sudo sh -c "echo 3 > /proc/sys/vm/drop_caches"
]3008;start=e283052ec42944ceab4cc5d897d25271;user=zakkak;hostname=blanc;machineid=f469a615e9ef4e81b7d5be080a5de373;bootid=0e917e08584a49cb891ef04366e00ace;pid=263634;pidfdid=263635;comm=sudo;targetuser=root;sessionid=c227;type=session\]3008;end=e283052ec42944ceab4cc5d897d25271\
18:16:22,595 [ test-runner:run-tests-983 @ target-host ] taskset --cpu-list 0-3 /home/zakkak/spring-quarkus-perf-comparison/spring-quarkus-perf-comparison/quarkus3/target/quarkus3-runner  &>/home/zakkak/spring-quarkus-perf-comparison/logs/measure-time-to-first-request-quarkus3-native-4.log &
[1] 263666
18:16:22,997 [ test-runner:run-tests-983 @ target-host ] APP_PID=$!
18:16:23,444 [ test-runner:run-tests-983 @ target-host ] timeout 60s bash -c "taskset --cpu-list 10 /home/zakkak/spring-quarkus-perf-comparison/spring-quarkus-perf-comparison/scripts/perf-lab/scripts/time-to-1st-request.sh http://localhost:8080/fruits"
32
18:16:23,444 [ test-runner:run-tests-983 @ target-host ] 
18:16:23,444 [ test-runner:run-tests-983 @ target-host ] set-state: START_TIME 32
18:16:23,946 [ test-runner:run-tests-983 @ target-host ] kill -15 $APP_PID
18:16:23,947 [ test-runner:run-tests-983 @ target-host ] script-cmd: state-array-push
18:16:23,947 [ test-runner:run-tests-983 @ target-host ] state-array-push
18:16:23,990 [ test-runner:run-tests-983 @ target-host ] set-state: RUN.output.results.quarkus3-native.startup.timings [39,41,40,33,32]
18:16:26,393 [ test-runner:run-tests-983 @ target-host ] sleep 2
18:16:26,394 [ test-runner:run-tests-983 @ target-host ] script-cmd: stop-test-services
18:16:26,394 [ test-runner:run-tests-983 @ target-host ] stop-test-services
18:16:27,034 [ test-runner:run-tests-983 @ target-host ] /home/zakkak/spring-quarkus-perf-comparison/spring-quarkus-perf-comparison/scripts/infra.sh -d
Using podman to stop containers
-----------------------------------------
[03/11/2026 18:16:26]: Stopping services
-----------------------------------------
Stopping PostgreSQL database 'fruits_db'
fruits_db
18:16:27,090 [ test-runner:run-tests-983 @ target-host ] for-each: ITERATION = 5
18:16:27,090 [ test-runner:run-tests-983 @ target-host ] queue-download: ${{REPO_DIR}}/logs/measure-time-to-first-request-${{RUNTIME.name}}-${{ITERATION}}.log=/home/zakkak/spring-quarkus-perf-comparison/logs/measure-time-to-first-request-quarkus3-native-5.log ../../20260311/class-for-name-respects-class-loader/target-host/
18:16:27,090 [ test-runner:run-tests-983 @ target-host ] script-cmd: start-test-services
18:16:27,090 [ test-runner:run-tests-983 @ target-host ] start-test-services
18:16:38,179 [ test-runner:run-tests-983 @ target-host ] /home/zakkak/spring-quarkus-perf-comparison/spring-quarkus-perf-comparison/scripts/infra.sh -c 3 -p '4-6' -s
Using podman to start containers
-----------------------------------------
[03/11/2026 18:16:27]: Starting services
-----------------------------------------
Starting PostgreSQL database 'fruits_db'
PostgreSQL DB process: 50bfd1621c6cd8e4634e56da17826b43c773c02374ea56d9750bb4543ec2fcb6
Waiting for PostgreSQL to be ready...
localhost:5432 - no response
localhost:5432 - no response
localhost:5432 - accepting connections
18:16:38,179 [ test-runner:run-tests-983 @ target-host ] script-cmd: sync-drop-fs-cache
18:16:38,179 [ test-runner:run-tests-983 @ target-host ] sync-drop-fs-cache
18:16:38,179 [ test-runner:run-tests-983 @ target-host ] read-state: true
18:16:38,179 [ test-runner:run-tests-983 @ target-host ] regex: true
18:16:38,726 [ test-runner:run-tests-983 @ target-host ] sync
18:16:38,726 [ test-runner:run-tests-983 @ target-host ] script-cmd: sync-drop-fs-cache-${{os}}
18:16:38,726 [ test-runner:run-tests-983 @ target-host ] sync-drop-fs-cache-linux
18:16:38,726 [ test-runner:run-tests-983 @ target-host ] script-cmd: sudo
18:16:38,726 [ test-runner:run-tests-983 @ target-host ] sudo
18:16:38,727 [ test-runner:run-tests-983 @ target-host ] script-cmd: sudo-${{os}}
18:16:38,727 [ test-runner:run-tests-983 @ target-host ] sudo-linux
18:16:39,547 [ test-runner:run-tests-983 @ target-host ] sudo sh -c "echo 3 > /proc/sys/vm/drop_caches"
]3008;start=1956f8118e9d44308ed0316b2f238494;user=zakkak;hostname=blanc;machineid=f469a615e9ef4e81b7d5be080a5de373;bootid=0e917e08584a49cb891ef04366e00ace;pid=264092;pidfdid=264093;comm=sudo;targetuser=root;sessionid=c228;type=session\]3008;end=1956f8118e9d44308ed0316b2f238494\
18:16:39,951 [ test-runner:run-tests-983 @ target-host ] taskset --cpu-list 0-3 /home/zakkak/spring-quarkus-perf-comparison/spring-quarkus-perf-comparison/quarkus3/target/quarkus3-runner  &>/home/zakkak/spring-quarkus-perf-comparison/logs/measure-time-to-first-request-quarkus3-native-5.log &
[1] 264121
18:16:40,352 [ test-runner:run-tests-983 @ target-host ] APP_PID=$!
18:16:40,806 [ test-runner:run-tests-983 @ target-host ] timeout 60s bash -c "taskset --cpu-list 10 /home/zakkak/spring-quarkus-perf-comparison/spring-quarkus-perf-comparison/scripts/perf-lab/scripts/time-to-1st-request.sh http://localhost:8080/fruits"
33
18:16:40,806 [ test-runner:run-tests-983 @ target-host ] 
18:16:40,806 [ test-runner:run-tests-983 @ target-host ] set-state: START_TIME 33
18:16:41,308 [ test-runner:run-tests-983 @ target-host ] kill -15 $APP_PID
18:16:41,308 [ test-runner:run-tests-983 @ target-host ] script-cmd: state-array-push
18:16:41,308 [ test-runner:run-tests-983 @ target-host ] state-array-push
18:16:41,357 [ test-runner:run-tests-983 @ target-host ] set-state: RUN.output.results.quarkus3-native.startup.timings [39,41,40,33,32,33]
18:16:43,760 [ test-runner:run-tests-983 @ target-host ] sleep 2
18:16:43,760 [ test-runner:run-tests-983 @ target-host ] script-cmd: stop-test-services
18:16:43,760 [ test-runner:run-tests-983 @ target-host ] stop-test-services
18:16:44,397 [ test-runner:run-tests-983 @ target-host ] /home/zakkak/spring-quarkus-perf-comparison/spring-quarkus-perf-comparison/scripts/infra.sh -d
Using podman to stop containers
-----------------------------------------
[03/11/2026 18:16:43]: Stopping services
-----------------------------------------
Stopping PostgreSQL database 'fruits_db'
fruits_db
18:16:44,461 [ test-runner:run-tests-983 @ target-host ] for-each: ITERATION = 6
18:16:44,461 [ test-runner:run-tests-983 @ target-host ] queue-download: ${{REPO_DIR}}/logs/measure-time-to-first-request-${{RUNTIME.name}}-${{ITERATION}}.log=/home/zakkak/spring-quarkus-perf-comparison/logs/measure-time-to-first-request-quarkus3-native-6.log ../../20260311/class-for-name-respects-class-loader/target-host/
18:16:44,461 [ test-runner:run-tests-983 @ target-host ] script-cmd: start-test-services
18:16:44,461 [ test-runner:run-tests-983 @ target-host ] start-test-services
18:16:55,649 [ test-runner:run-tests-983 @ target-host ] /home/zakkak/spring-quarkus-perf-comparison/spring-quarkus-perf-comparison/scripts/infra.sh -c 3 -p '4-6' -s
Using podman to start containers
-----------------------------------------
[03/11/2026 18:16:44]: Starting services
-----------------------------------------
Starting PostgreSQL database 'fruits_db'
PostgreSQL DB process: f0d1937747914da12f090fad1f7705d20556ac2511cc62d8d54f71ea73b7bddf
Waiting for PostgreSQL to be ready...
localhost:5432 - no response
localhost:5432 - no response
localhost:5432 - accepting connections
18:16:55,650 [ test-runner:run-tests-983 @ target-host ] script-cmd: sync-drop-fs-cache
18:16:55,650 [ test-runner:run-tests-983 @ target-host ] sync-drop-fs-cache
18:16:55,650 [ test-runner:run-tests-983 @ target-host ] read-state: true
18:16:55,650 [ test-runner:run-tests-983 @ target-host ] regex: true
18:16:56,278 [ test-runner:run-tests-983 @ target-host ] sync
18:16:56,278 [ test-runner:run-tests-983 @ target-host ] script-cmd: sync-drop-fs-cache-${{os}}
18:16:56,278 [ test-runner:run-tests-983 @ target-host ] sync-drop-fs-cache-linux
18:16:56,278 [ test-runner:run-tests-983 @ target-host ] script-cmd: sudo
18:16:56,278 [ test-runner:run-tests-983 @ target-host ] sudo
18:16:56,279 [ test-runner:run-tests-983 @ target-host ] script-cmd: sudo-${{os}}
18:16:56,279 [ test-runner:run-tests-983 @ target-host ] sudo-linux
18:16:57,047 [ test-runner:run-tests-983 @ target-host ] sudo sh -c "echo 3 > /proc/sys/vm/drop_caches"
]3008;start=8a0c76052fb04c70b00f7686af42dfcd;user=zakkak;hostname=blanc;machineid=f469a615e9ef4e81b7d5be080a5de373;bootid=0e917e08584a49cb891ef04366e00ace;pid=264545;pidfdid=264546;comm=sudo;targetuser=root;sessionid=c229;type=session\]3008;end=8a0c76052fb04c70b00f7686af42dfcd\
18:16:57,450 [ test-runner:run-tests-983 @ target-host ] taskset --cpu-list 0-3 /home/zakkak/spring-quarkus-perf-comparison/spring-quarkus-perf-comparison/quarkus3/target/quarkus3-runner  &>/home/zakkak/spring-quarkus-perf-comparison/logs/measure-time-to-first-request-quarkus3-native-6.log &
[1] 264572
18:16:57,852 [ test-runner:run-tests-983 @ target-host ] APP_PID=$!
18:16:58,316 [ test-runner:run-tests-983 @ target-host ] timeout 60s bash -c "taskset --cpu-list 10 /home/zakkak/spring-quarkus-perf-comparison/spring-quarkus-perf-comparison/scripts/perf-lab/scripts/time-to-1st-request.sh http://localhost:8080/fruits"
41
18:16:58,316 [ test-runner:run-tests-983 @ target-host ] 
18:16:58,316 [ test-runner:run-tests-983 @ target-host ] set-state: START_TIME 41
18:16:58,818 [ test-runner:run-tests-983 @ target-host ] kill -15 $APP_PID
18:16:58,818 [ test-runner:run-tests-983 @ target-host ] script-cmd: state-array-push
18:16:58,819 [ test-runner:run-tests-983 @ target-host ] state-array-push
18:16:58,862 [ test-runner:run-tests-983 @ target-host ] set-state: RUN.output.results.quarkus3-native.startup.timings [39,41,40,33,32,33,41]
18:17:01,265 [ test-runner:run-tests-983 @ target-host ] sleep 2
18:17:01,265 [ test-runner:run-tests-983 @ target-host ] script-cmd: stop-test-services
18:17:01,265 [ test-runner:run-tests-983 @ target-host ] stop-test-services
18:17:01,897 [ test-runner:run-tests-983 @ target-host ] /home/zakkak/spring-quarkus-perf-comparison/spring-quarkus-perf-comparison/scripts/infra.sh -d
Using podman to stop containers
-----------------------------------------
[03/11/2026 18:17:01]: Stopping services
-----------------------------------------
Stopping PostgreSQL database 'fruits_db'
fruits_db
18:17:01,967 [ test-runner:run-tests-983 @ target-host ] for-each: ITERATION = 7
18:17:01,968 [ test-runner:run-tests-983 @ target-host ] queue-download: ${{REPO_DIR}}/logs/measure-time-to-first-request-${{RUNTIME.name}}-${{ITERATION}}.log=/home/zakkak/spring-quarkus-perf-comparison/logs/measure-time-to-first-request-quarkus3-native-7.log ../../20260311/class-for-name-respects-class-loader/target-host/
18:17:01,968 [ test-runner:run-tests-983 @ target-host ] script-cmd: start-test-services
18:17:01,968 [ test-runner:run-tests-983 @ target-host ] start-test-services
18:17:13,057 [ test-runner:run-tests-983 @ target-host ] /home/zakkak/spring-quarkus-perf-comparison/spring-quarkus-perf-comparison/scripts/infra.sh -c 3 -p '4-6' -s
Using podman to start containers
-----------------------------------------
[03/11/2026 18:17:01]: Starting services
-----------------------------------------
Starting PostgreSQL database 'fruits_db'
PostgreSQL DB process: d2476fec2da3915cbc68c71246d2fae6c5f056dc67fb866c577e86c4c08091dd
Waiting for PostgreSQL to be ready...
localhost:5432 - no response
localhost:5432 - no response
localhost:5432 - accepting connections
18:17:13,057 [ test-runner:run-tests-983 @ target-host ] script-cmd: sync-drop-fs-cache
18:17:13,057 [ test-runner:run-tests-983 @ target-host ] sync-drop-fs-cache
18:17:13,057 [ test-runner:run-tests-983 @ target-host ] read-state: true
18:17:13,057 [ test-runner:run-tests-983 @ target-host ] regex: true
18:17:13,610 [ test-runner:run-tests-983 @ target-host ] sync
18:17:13,610 [ test-runner:run-tests-983 @ target-host ] script-cmd: sync-drop-fs-cache-${{os}}
18:17:13,610 [ test-runner:run-tests-983 @ target-host ] sync-drop-fs-cache-linux
18:17:13,610 [ test-runner:run-tests-983 @ target-host ] script-cmd: sudo
18:17:13,611 [ test-runner:run-tests-983 @ target-host ] sudo
18:17:13,611 [ test-runner:run-tests-983 @ target-host ] script-cmd: sudo-${{os}}
18:17:13,611 [ test-runner:run-tests-983 @ target-host ] sudo-linux
18:17:14,375 [ test-runner:run-tests-983 @ target-host ] sudo sh -c "echo 3 > /proc/sys/vm/drop_caches"
]3008;start=f5a8d6ee43a04032bc08e0804010ed7d;user=zakkak;hostname=blanc;machineid=f469a615e9ef4e81b7d5be080a5de373;bootid=0e917e08584a49cb891ef04366e00ace;pid=264997;pidfdid=264998;comm=sudo;targetuser=root;sessionid=c230;type=session\]3008;end=f5a8d6ee43a04032bc08e0804010ed7d\
18:17:14,779 [ test-runner:run-tests-983 @ target-host ] taskset --cpu-list 0-3 /home/zakkak/spring-quarkus-perf-comparison/spring-quarkus-perf-comparison/quarkus3/target/quarkus3-runner  &>/home/zakkak/spring-quarkus-perf-comparison/logs/measure-time-to-first-request-quarkus3-native-7.log &
[1] 265026
18:17:15,181 [ test-runner:run-tests-983 @ target-host ] APP_PID=$!
18:17:15,644 [ test-runner:run-tests-983 @ target-host ] timeout 60s bash -c "taskset --cpu-list 10 /home/zakkak/spring-quarkus-perf-comparison/spring-quarkus-perf-comparison/scripts/perf-lab/scripts/time-to-1st-request.sh http://localhost:8080/fruits"
41
18:17:15,645 [ test-runner:run-tests-983 @ target-host ] 
18:17:15,645 [ test-runner:run-tests-983 @ target-host ] set-state: START_TIME 41
18:17:16,147 [ test-runner:run-tests-983 @ target-host ] kill -15 $APP_PID
18:17:16,147 [ test-runner:run-tests-983 @ target-host ] script-cmd: state-array-push
18:17:16,147 [ test-runner:run-tests-983 @ target-host ] state-array-push
18:17:16,198 [ test-runner:run-tests-983 @ target-host ] set-state: RUN.output.results.quarkus3-native.startup.timings [39,41,40,33,32,33,41,41]
18:17:18,602 [ test-runner:run-tests-983 @ target-host ] sleep 2
18:17:18,602 [ test-runner:run-tests-983 @ target-host ] script-cmd: stop-test-services
18:17:18,602 [ test-runner:run-tests-983 @ target-host ] stop-test-services
18:17:19,241 [ test-runner:run-tests-983 @ target-host ] /home/zakkak/spring-quarkus-perf-comparison/spring-quarkus-perf-comparison/scripts/infra.sh -d
Using podman to stop containers
-----------------------------------------
[03/11/2026 18:17:18]: Stopping services
-----------------------------------------
Stopping PostgreSQL database 'fruits_db'
fruits_db
18:17:19,302 [ test-runner:run-tests-983 @ target-host ] for-each: ITERATION = 8
18:17:19,302 [ test-runner:run-tests-983 @ target-host ] queue-download: ${{REPO_DIR}}/logs/measure-time-to-first-request-${{RUNTIME.name}}-${{ITERATION}}.log=/home/zakkak/spring-quarkus-perf-comparison/logs/measure-time-to-first-request-quarkus3-native-8.log ../../20260311/class-for-name-respects-class-loader/target-host/
18:17:19,302 [ test-runner:run-tests-983 @ target-host ] script-cmd: start-test-services
18:17:19,302 [ test-runner:run-tests-983 @ target-host ] start-test-services
18:17:30,402 [ test-runner:run-tests-983 @ target-host ] /home/zakkak/spring-quarkus-perf-comparison/spring-quarkus-perf-comparison/scripts/infra.sh -c 3 -p '4-6' -s
Using podman to start containers
-----------------------------------------
[03/11/2026 18:17:19]: Starting services
-----------------------------------------
Starting PostgreSQL database 'fruits_db'
PostgreSQL DB process: 19b63fd0db218df9b753b2260deed40549ed1fcaabb501d0c111c6c525b7fa9b
Waiting for PostgreSQL to be ready...
localhost:5432 - no response
localhost:5432 - no response
localhost:5432 - accepting connections
18:17:30,402 [ test-runner:run-tests-983 @ target-host ] script-cmd: sync-drop-fs-cache
18:17:30,402 [ test-runner:run-tests-983 @ target-host ] sync-drop-fs-cache
18:17:30,402 [ test-runner:run-tests-983 @ target-host ] read-state: true
18:17:30,402 [ test-runner:run-tests-983 @ target-host ] regex: true
18:17:30,995 [ test-runner:run-tests-983 @ target-host ] sync
18:17:30,995 [ test-runner:run-tests-983 @ target-host ] script-cmd: sync-drop-fs-cache-${{os}}
18:17:30,996 [ test-runner:run-tests-983 @ target-host ] sync-drop-fs-cache-linux
18:17:30,996 [ test-runner:run-tests-983 @ target-host ] script-cmd: sudo
18:17:30,996 [ test-runner:run-tests-983 @ target-host ] sudo
18:17:30,996 [ test-runner:run-tests-983 @ target-host ] script-cmd: sudo-${{os}}
18:17:30,996 [ test-runner:run-tests-983 @ target-host ] sudo-linux
18:17:31,782 [ test-runner:run-tests-983 @ target-host ] sudo sh -c "echo 3 > /proc/sys/vm/drop_caches"
]3008;start=06e2cfe972b14464bdcb2c8364c086d6;user=zakkak;hostname=blanc;machineid=f469a615e9ef4e81b7d5be080a5de373;bootid=0e917e08584a49cb891ef04366e00ace;pid=265451;pidfdid=265452;comm=sudo;targetuser=root;sessionid=c231;type=session\]3008;end=06e2cfe972b14464bdcb2c8364c086d6\
18:17:32,186 [ test-runner:run-tests-983 @ target-host ] taskset --cpu-list 0-3 /home/zakkak/spring-quarkus-perf-comparison/spring-quarkus-perf-comparison/quarkus3/target/quarkus3-runner  &>/home/zakkak/spring-quarkus-perf-comparison/logs/measure-time-to-first-request-quarkus3-native-8.log &
[1] 265478
18:17:32,587 [ test-runner:run-tests-983 @ target-host ] APP_PID=$!
18:17:33,051 [ test-runner:run-tests-983 @ target-host ] timeout 60s bash -c "taskset --cpu-list 10 /home/zakkak/spring-quarkus-perf-comparison/spring-quarkus-perf-comparison/scripts/perf-lab/scripts/time-to-1st-request.sh http://localhost:8080/fruits"
41
18:17:33,051 [ test-runner:run-tests-983 @ target-host ] 
18:17:33,051 [ test-runner:run-tests-983 @ target-host ] set-state: START_TIME 41
18:17:33,554 [ test-runner:run-tests-983 @ target-host ] kill -15 $APP_PID
18:17:33,554 [ test-runner:run-tests-983 @ target-host ] script-cmd: state-array-push
18:17:33,554 [ test-runner:run-tests-983 @ target-host ] state-array-push
18:17:33,607 [ test-runner:run-tests-983 @ target-host ] set-state: RUN.output.results.quarkus3-native.startup.timings [39,41,40,33,32,33,41,41,41]
18:17:36,011 [ test-runner:run-tests-983 @ target-host ] sleep 2
18:17:36,011 [ test-runner:run-tests-983 @ target-host ] script-cmd: stop-test-services
18:17:36,011 [ test-runner:run-tests-983 @ target-host ] stop-test-services
18:17:36,643 [ test-runner:run-tests-983 @ target-host ] /home/zakkak/spring-quarkus-perf-comparison/spring-quarkus-perf-comparison/scripts/infra.sh -d
Using podman to stop containers
-----------------------------------------
[03/11/2026 18:17:36]: Stopping services
-----------------------------------------
Stopping PostgreSQL database 'fruits_db'
fruits_db
18:17:36,713 [ test-runner:run-tests-983 @ target-host ] for-each: ITERATION = 9
18:17:36,714 [ test-runner:run-tests-983 @ target-host ] queue-download: ${{REPO_DIR}}/logs/measure-time-to-first-request-${{RUNTIME.name}}-${{ITERATION}}.log=/home/zakkak/spring-quarkus-perf-comparison/logs/measure-time-to-first-request-quarkus3-native-9.log ../../20260311/class-for-name-respects-class-loader/target-host/
18:17:36,714 [ test-runner:run-tests-983 @ target-host ] script-cmd: start-test-services
18:17:36,714 [ test-runner:run-tests-983 @ target-host ] start-test-services
18:17:47,840 [ test-runner:run-tests-983 @ target-host ] /home/zakkak/spring-quarkus-perf-comparison/spring-quarkus-perf-comparison/scripts/infra.sh -c 3 -p '4-6' -s
Using podman to start containers
-----------------------------------------
[03/11/2026 18:17:36]: Starting services
-----------------------------------------
Starting PostgreSQL database 'fruits_db'
PostgreSQL DB process: 67de82f71c8960cac0d871bf6fd51f43c7ffa797407e132873505b792589cdb5
Waiting for PostgreSQL to be ready...
localhost:5432 - no response
localhost:5432 - no response
localhost:5432 - accepting connections
18:17:47,840 [ test-runner:run-tests-983 @ target-host ] script-cmd: sync-drop-fs-cache
18:17:47,840 [ test-runner:run-tests-983 @ target-host ] sync-drop-fs-cache
18:17:47,841 [ test-runner:run-tests-983 @ target-host ] read-state: true
18:17:47,841 [ test-runner:run-tests-983 @ target-host ] regex: true
18:17:48,386 [ test-runner:run-tests-983 @ target-host ] sync
18:17:48,386 [ test-runner:run-tests-983 @ target-host ] script-cmd: sync-drop-fs-cache-${{os}}
18:17:48,386 [ test-runner:run-tests-983 @ target-host ] sync-drop-fs-cache-linux
18:17:48,386 [ test-runner:run-tests-983 @ target-host ] script-cmd: sudo
18:17:48,386 [ test-runner:run-tests-983 @ target-host ] sudo
18:17:48,387 [ test-runner:run-tests-983 @ target-host ] script-cmd: sudo-${{os}}
18:17:48,387 [ test-runner:run-tests-983 @ target-host ] sudo-linux
18:17:49,164 [ test-runner:run-tests-983 @ target-host ] sudo sh -c "echo 3 > /proc/sys/vm/drop_caches"
]3008;start=d8279a2cbf2c4a78961939337a311d3b;user=zakkak;hostname=blanc;machineid=f469a615e9ef4e81b7d5be080a5de373;bootid=0e917e08584a49cb891ef04366e00ace;pid=265927;pidfdid=265928;comm=sudo;targetuser=root;sessionid=c232;type=session\]3008;end=d8279a2cbf2c4a78961939337a311d3b\
18:17:49,569 [ test-runner:run-tests-983 @ target-host ] taskset --cpu-list 0-3 /home/zakkak/spring-quarkus-perf-comparison/spring-quarkus-perf-comparison/quarkus3/target/quarkus3-runner  &>/home/zakkak/spring-quarkus-perf-comparison/logs/measure-time-to-first-request-quarkus3-native-9.log &
[1] 265956
18:17:49,970 [ test-runner:run-tests-983 @ target-host ] APP_PID=$!
18:17:50,432 [ test-runner:run-tests-983 @ target-host ] timeout 60s bash -c "taskset --cpu-list 10 /home/zakkak/spring-quarkus-perf-comparison/spring-quarkus-perf-comparison/scripts/perf-lab/scripts/time-to-1st-request.sh http://localhost:8080/fruits"
39
18:17:50,433 [ test-runner:run-tests-983 @ target-host ] 
18:17:50,433 [ test-runner:run-tests-983 @ target-host ] set-state: START_TIME 39
18:17:50,935 [ test-runner:run-tests-983 @ target-host ] kill -15 $APP_PID
18:17:50,935 [ test-runner:run-tests-983 @ target-host ] script-cmd: state-array-push
18:17:50,935 [ test-runner:run-tests-983 @ target-host ] state-array-push
18:17:50,975 [ test-runner:run-tests-983 @ target-host ] set-state: RUN.output.results.quarkus3-native.startup.timings [39,41,40,33,32,33,41,41,41,39]
18:17:53,378 [ test-runner:run-tests-983 @ target-host ] sleep 2
18:17:53,378 [ test-runner:run-tests-983 @ target-host ] script-cmd: stop-test-services
18:17:53,379 [ test-runner:run-tests-983 @ target-host ] stop-test-services
18:17:54,026 [ test-runner:run-tests-983 @ target-host ] /home/zakkak/spring-quarkus-perf-comparison/spring-quarkus-perf-comparison/scripts/infra.sh -d
Using podman to stop containers
-----------------------------------------
[03/11/2026 18:17:53]: Stopping services
-----------------------------------------
Stopping PostgreSQL database 'fruits_db'
fruits_db
18:17:54,086 [ test-runner:run-tests-983 @ target-host ] for-each: ITERATION
18:17:54,086 [ test-runner:run-tests-983 @ target-host ] script-cmd: state-array-calc-avg
18:17:54,087 [ test-runner:run-tests-983 @ target-host ] state-array-calc-avg
18:17:54,128 [ test-runner:run-tests-983 @ target-host ] set-state: RUN.output.results.quarkus3-native.startup.avStartTime 38
18:17:54,128 [ test-runner:run-tests-983 @ target-host ] for-each: TEST = measure-rss
18:17:54,128 [ test-runner:run-tests-983 @ target-host ] script-cmd: ${{TEST}}
18:17:54,128 [ test-runner:run-tests-983 @ target-host ] measure-rss
18:17:54,128 [ test-runner:run-tests-983 @ target-host ] Measuring RSS
18:17:54,574 [ test-runner:run-tests-983 @ target-host ] java -version
openjdk version "21.0.9" 2025-10-21 LTS
OpenJDK Runtime Environment Temurin-21.0.9+10 (build 21.0.9+10-LTS)
OpenJDK 64-Bit Server VM Temurin-21.0.9+10 (build 21.0.9+10-LTS, mixed mode, sharing)
18:17:54,976 [ test-runner:run-tests-983 @ target-host ] cd /home/zakkak/spring-quarkus-perf-comparison/spring-quarkus-perf-comparison/quarkus3
18:18:40,306 [ test-runner:run-tests-983 @ target-host ] ./mvnw  clean package -DskipTests -Pnative -Dquarkus.native.additional-build-args-append=--future-defaults=class-for-name-respects-class-loader
[INFO] Scanning for projects...
[WARNING] Quarkus Maven extension: an explicit 'argLine' is defined in maven-surefire-plugin config, but does not contain '@{argLine}': we will not be able to inject JVM parameters automatically. Please add '@{argLine}' to the argLine configuration you have defined.
[INFO] 
[INFO] -------------------------< org.acme:quarkus3 >--------------------------
[INFO] Building quarkus3 1.0
[INFO]   from pom.xml
[INFO] ------------------------------[ quarkus ]-------------------------------
[INFO] 
[INFO] --- clean:3.2.0:clean (default-clean) @ quarkus3 ---
[INFO] Deleting /home/zakkak/spring-quarkus-perf-comparison/spring-quarkus-perf-comparison/quarkus3/target
[INFO] 
[INFO] --- resources:3.3.1:resources (default-resources) @ quarkus3 ---
[WARNING] Using platform encoding (UTF-8 actually) to copy filtered resources, i.e. build is platform dependent!
[INFO] Copying 2 resources from src/main/resources to target/classes
[INFO] 
[INFO] --- quarkus:3.32.2:generate-code (default-generate-code) @ quarkus3 ---
[INFO] 
[INFO] --- compiler:3.15.0:compile (default-compile) @ quarkus3 ---
[INFO] Recompiling the module because of changed source code.
[WARNING] File encoding has not been set, using platform encoding UTF-8, i.e. build is platform dependent!
[INFO] Compiling 16 source files with javac [debug release 21] to target/classes
[INFO] 
[INFO] --- resources:3.3.1:testResources (default-testResources) @ quarkus3 ---
[WARNING] Using platform encoding (UTF-8 actually) to copy filtered resources, i.e. build is platform dependent!
[INFO] skip non existing resourceDirectory /home/zakkak/spring-quarkus-perf-comparison/spring-quarkus-perf-comparison/quarkus3/src/test/resources
[INFO] 
[INFO] --- quarkus:3.32.2:generate-code-tests (default-generate-code-tests) @ quarkus3 ---
[INFO] 
[INFO] --- compiler:3.15.0:testCompile (default-testCompile) @ quarkus3 ---
[INFO] Recompiling the module because of changed dependency.
[WARNING] File encoding has not been set, using platform encoding UTF-8, i.e. build is platform dependent!
[INFO] Compiling 4 source files with javac [debug release 21] to target/test-classes
[INFO] 
[INFO] --- surefire:3.5.5:test (default-test) @ quarkus3 ---
[INFO] Tests are skipped.
[INFO] 
[INFO] --- quarkus:3.32.2:build (default-build) @ quarkus3 ---
[INFO] [io.quarkus.deployment.pkg.jar.NativeImageSourceJarBuilder] Building native image source jar: /home/zakkak/spring-quarkus-perf-comparison/spring-quarkus-perf-comparison/quarkus3/target/quarkus3-native-image-source-jar/quarkus3-runner.jar
[INFO] [io.quarkus.deployment.pkg.steps.NativeImageBuildStep] Building native image from /home/zakkak/spring-quarkus-perf-comparison/spring-quarkus-perf-comparison/quarkus3/target/quarkus3-native-image-source-jar/quarkus3-runner.jar
[INFO] [io.quarkus.deployment.pkg.steps.NativeImageBuildStep] Running Quarkus native-image plugin on GRAALVM 25.1.0-dev JDK 25.0.1+8-jvmci-25.1-b14
[INFO] [io.quarkus.deployment.pkg.steps.NativeImageBuildRunner] /home/zakkak/code/graal-oracle/sdk/latest_graalvm_home/bin/native-image -J-DCoordinatorEnvironmentBean.transactionStatusManagerEnable=false -J-Dsun.nio.ch.maxUpdateArraySize=100 -J-Djava.util.logging.manager=org.jboss.logmanager.LogManager -J-Dvertx.logger-delegate-factory-class-name=io.quarkus.vertx.core.runtime.VertxLogDelegateFactory -J-Dvertx.disableDnsResolver=true -J-Dio.netty.leakDetection.level=DISABLED -J-Dio.netty.allocator.maxOrder=3 -J-Duser.language=en -J-Duser.country=IE -J-Dlogging.initial-configurator.min-level=500 -H:+UnlockExperimentalVMOptions -H:IncludeLocales=en-IE -H:-UnlockExperimentalVMOptions --enable-native-access=ALL-UNNAMED -J-Dfile.encoding=UTF-8 -J--add-exports=org.graalvm.nativeimage.builder/com.oracle.svm.core.jdk=ALL-UNNAMED --features=io.quarkus.jdbc.postgresql.runtime.graal.SQLXMLFeature,io.quarkus.hibernate.validator.runtime.DisableLoggingFeature,io.quarkus.runner.Feature,io.quarkus.runtime.graal.DisableLoggingFeature,io.quarkus.runtime.graal.JVMChecksFeature,io.quarkus.hibernate.orm.runtime.graal.RegisterServicesForReflectionFeature,io.quarkus.hibernate.orm.runtime.graal.DisableLoggingFeature,org.hibernate.graalvm.internal.GraalVMStaticFeature,io.quarkus.caffeine.runtime.graal.CacheConstructorsFeature,io.quarkus.runtime.graal.SkipConsoleServiceProvidersFeature -J--add-exports=java.security.jgss/sun.security.krb5=ALL-UNNAMED -J--add-exports=java.security.jgss/sun.security.jgss=ALL-UNNAMED -J--add-opens=java.base/java.text=ALL-UNNAMED -J--add-opens=java.base/java.io=ALL-UNNAMED -J--add-opens=java.base/java.lang.invoke=ALL-UNNAMED -J--add-opens=java.base/java.util=ALL-UNNAMED -H:+UnlockExperimentalVMOptions -H:BuildOutputJSONFile=quarkus3-runner-build-output-stats.json -H:-UnlockExperimentalVMOptions -H:+UnlockExperimentalVMOptions -H:+GenerateBuildArtifactsFile -H:-UnlockExperimentalVMOptions --future-defaults=class-for-name-respects-class-loader -H:+UnlockExperimentalVMOptions -H:+AllowFoldMethods -H:-UnlockExperimentalVMOptions -J-Djava.awt.headless=true --no-fallback --link-at-build-time -H:+UnlockExperimentalVMOptions -H:+ReportExceptionStackTraces -H:-UnlockExperimentalVMOptions -H:-AddAllCharsets --enable-url-protocols=http,https -H:NativeLinkerOption=-no-pie --enable-monitoring=heapdump,threaddump -H:+UnlockExperimentalVMOptions -H:-UseServiceLoaderFeature -H:-UnlockExperimentalVMOptions -J--add-exports=org.graalvm.nativeimage/org.graalvm.nativeimage.impl=ALL-UNNAMED --exclude-config io\.netty\.netty-codec /META-INF/native-image/io\.netty/netty-codec/generated/handlers/reflect-config\.json --exclude-config io\.netty\.netty-handler /META-INF/native-image/io\.netty/netty-handler/generated/handlers/reflect-config\.json quarkus3-runner -jar quarkus3-runner.jar
Warning: Using a deprecated option --no-fallback from command line. No effect, no replacement available
Warning: Option 'FallbackThreshold' is deprecated and might be removed in a future release: It no longer has any effect, and no replacement is available. Please refer to the GraalVM release notes.
Warning: Option 'DynamicProxyConfigurationResources' is deprecated and might be removed in a future release: This can be caused by a proxy-config.json file in your META-INF directory. Consider including proxy configuration in the reflection section of reachability-metadata.json instead.. Please refer to the GraalVM release notes.
========================================================================================================================
GraalVM Native Image: Generating 'quarkus3-runner' (executable)...
========================================================================================================================
For detailed information and explanations on the build output, visit:
https://github.com/oracle/graal/blob/master/docs/reference-manual/native-image/BuildOutput.md
------------------------------------------------------------------------------------------------------------------------
[1/8] Initializing...                                                                                   (4.0s @ 0.45GiB)
 Builder configuration:
 - Java version: 25.0.1+8, vendor version: GraalVM CE 25.1.0-dev+8.1
 - Graal compiler: optimization level: 2, target machine: x86-64-v3
 - C compiler: gcc (redhat, x86_64, 15.2.1)
 - Assertions: disabled, system assertions: disabled
 - 11 user-specific feature(s):
   - io.quarkus.caffeine.runtime.graal.CacheConstructorsFeature
   - io.quarkus.hibernate.orm.runtime.graal.DisableLoggingFeature: Disables INFO logging during the analysis phase
   - io.quarkus.hibernate.orm.runtime.graal.RegisterServicesForReflectionFeature: Makes methods of reachable Hibernate services accessible through Class#getMethods()
   - io.quarkus.hibernate.validator.runtime.DisableLoggingFeature: Disables INFO logging during the analysis phase for the [org.hibernate.validator.internal.util.Version] categories
   - io.quarkus.jdbc.postgresql.runtime.graal.SQLXMLFeature
   - io.quarkus.runner.Feature: Auto-generated class by Quarkus from the existing extensions
   - io.quarkus.runtime.graal.DisableLoggingFeature: Adapts logging during the analysis phase
   - io.quarkus.runtime.graal.JVMChecksFeature
   - io.quarkus.runtime.graal.SkipConsoleServiceProvidersFeature: Skip unsupported console service providers when quarkus.native.auto-service-loader-registration is false
   - org.eclipse.angus.activation.nativeimage.AngusActivationFeature
   - org.hibernate.graalvm.internal.GraalVMStaticFeature: Hibernate ORM's static reflection registrations for GraalVM
 Image configuration:
 - Garbage collector: Serial GC (max heap size: 80% of RAM)
 - Assertions: disabled (class-specific config may apply), system assertions: disabled
------------------------------------------------------------------------------------------------------------------------
 5 experimental option(s) unlocked:
 - '-H:+AllowFoldMethods' (origin(s): command line)
 - '-H:BuildOutputJSONFile' (origin(s): command line)
 - '-H:-UseServiceLoaderFeature' (origin(s): command line)
 - '-H:+GenerateBuildArtifactsFile' (origin(s): command line)
 - '-H:AddOpens' (alternative API option(s): --add-opens java.base/java.lang=ALL-UNNAMED; origin(s): command line)
------------------------------------------------------------------------------------------------------------------------
Build resources:
 - 30.00GiB of memory (48.4% of system memory, capped at 30GiB)
 - 32 thread(s) (100.0% of 32 available processor(s), determined at start)
[2/8] Performing analysis...  [********]                                                                (8.6s @ 2.84GiB)
   22,745 types,  29,392 fields, and 107,027 methods found reachable
    7,984 types,     169 fields, and   5,219 methods registered for reflection
       63 types,      69 fields, and      55 methods registered for JNI access
      105 resource accesses registered with 188.29KiB total size
        4 native libraries: dl, pthread, rt, z
[3/8] Building universe...                                                                              (2.9s @ 2.35GiB)
[4/8] Parsing methods...      [*]                                                                       (1.3s @ 2.86GiB)
[5/8] Inlining methods...     [****]                                                                    (0.8s @ 2.71GiB)
[6/8] Compiling methods...    [***]                                                                     (8.0s @ 2.37GiB)
[7/8] Laying out methods...   [***]                                                                     (6.0s @ 2.89GiB)
[8/8] Creating image...       [**]                                                                      (3.9s @ 3.34GiB)
  36.27MiB (40.94%) for code area:    71,598 compilation units
  45.94MiB (51.85%) for image heap:  531,008 objects and 16 resources
   6.38MiB ( 7.21%) for other data
  88.59MiB in total image size, 82.82MiB in total file size
------------------------------------------------------------------------------------------------------------------------
Top 10 origins of code area:                                Top 10 object types in image heap:
   1.52MiB java.base/sun.security.ssl                         11.60MiB byte[] for code metadata
   1.05MiB java.base/java.util                                 6.58MiB byte[] for string data
 851.83KiB o.g.n.runtime/com.oracle.svm.core.code              4.34MiB o.g.n.runtime/c.o.s.core.hub.DynamicHubCompanion
 697.23KiB java.base/com.sun.crypto.provider                   4.18MiB java.base/java.lang.String
 637.13KiB jdk.proxy4/jdk.proxy4                               3.38MiB java.base/java.lang.Class
 540.90KiB java.base/java.lang                                 1.84MiB byte[] for general heap data
 532.07KiB io.netty.buffer                                     1.44MiB byte[] for reflection metadata
 506.28KiB java.base/java.lang.invoke                          1.18MiB java.base/java.lang.Object[]
 468.03KiB org.postgresql.jdbc                               962.25KiB java.base/j.u.concurrent.ConcurrentHashMap$Node
 460.62KiB org.hibernate.query.hql.internal                  831.38KiB java.base/java.lang.reflect.Method
  28.06MiB for 989 more packages                               9.66MiB for 5227 more object types
------------------------------------------------------------------------------------------------------------------------
Recommendations:
 FUTR: Use '--future-defaults=all' to prepare for future releases.
 HEAP: Set max heap for improved and more predictable memory usage.
 CPU:  Enable more CPU features with '-march=native' for improved performance.
------------------------------------------------------------------------------------------------------------------------
                       2.9s (7.8% of total time) in 294 GCs | Peak RSS: 4.74GiB | CPU load: 15.26
------------------------------------------------------------------------------------------------------------------------
Build artifacts:
 /home/zakkak/spring-quarkus-perf-comparison/spring-quarkus-perf-comparison/quarkus3/target/quarkus3-native-image-source-jar/build-artifacts.json (build_info, 92B)
 /home/zakkak/spring-quarkus-perf-comparison/spring-quarkus-perf-comparison/quarkus3/target/quarkus3-native-image-source-jar/quarkus3-runner (executable, 82.82MiB)
 /home/zakkak/spring-quarkus-perf-comparison/spring-quarkus-perf-comparison/quarkus3/target/quarkus3-native-image-source-jar/quarkus3-runner-build-output-stats.json (build_info, 1.00KiB)
========================================================================================================================
Finished generating 'quarkus3-runner' in 36.8s.

The build process encountered 3 warnings.

[INFO] [io.quarkus.deployment.pkg.steps.NativeImageBuildRunner] objcopy --strip-debug quarkus3-runner
[INFO] [io.quarkus.deployment.QuarkusAugmentor] Quarkus augmentation completed in 40617ms
[INFO] ------------------------------------------------------------------------
[INFO] BUILD SUCCESS
[INFO] ------------------------------------------------------------------------
[INFO] Total time:  44.094 s
[INFO] Finished at: 2026-03-11T18:18:39+02:00
[INFO] ------------------------------------------------------------------------
18:18:40,349 [ test-runner:run-tests-983 @ target-host ] for-each: ITERATION = 0
18:18:40,350 [ test-runner:run-tests-983 @ target-host ] queue-download: ${{REPO_DIR}}/logs/measure-rss-${{RUNTIME.name}}-${{ITERATION}}.log=/home/zakkak/spring-quarkus-perf-comparison/logs/measure-rss-quarkus3-native-0.log ../../20260311/class-for-name-respects-class-loader/target-host/
18:18:40,350 [ test-runner:run-tests-983 @ target-host ] script-cmd: start-test-services
18:18:40,350 [ test-runner:run-tests-983 @ target-host ] start-test-services
18:18:51,427 [ test-runner:run-tests-983 @ target-host ] /home/zakkak/spring-quarkus-perf-comparison/spring-quarkus-perf-comparison/scripts/infra.sh -c 3 -p '4-6' -s
Using podman to start containers
-----------------------------------------
[03/11/2026 18:18:40]: Starting services
-----------------------------------------
Starting PostgreSQL database 'fruits_db'
PostgreSQL DB process: 08d0b1a9f241c13b2a278a9b6509ad79c4b3b49689c868ae94d6cb8a72da8c80
Waiting for PostgreSQL to be ready...
localhost:5432 - no response
localhost:5432 - no response
localhost:5432 - accepting connections
18:18:51,427 [ test-runner:run-tests-983 @ target-host ] script-cmd: sync-drop-fs-cache
18:18:51,427 [ test-runner:run-tests-983 @ target-host ] sync-drop-fs-cache
18:18:51,427 [ test-runner:run-tests-983 @ target-host ] read-state: true
18:18:51,427 [ test-runner:run-tests-983 @ target-host ] regex: true
18:18:51,903 [ test-runner:run-tests-983 @ target-host ] sync
18:18:51,903 [ test-runner:run-tests-983 @ target-host ] script-cmd: sync-drop-fs-cache-${{os}}
18:18:51,903 [ test-runner:run-tests-983 @ target-host ] sync-drop-fs-cache-linux
18:18:51,903 [ test-runner:run-tests-983 @ target-host ] script-cmd: sudo
18:18:51,903 [ test-runner:run-tests-983 @ target-host ] sudo
18:18:51,903 [ test-runner:run-tests-983 @ target-host ] script-cmd: sudo-${{os}}
18:18:51,904 [ test-runner:run-tests-983 @ target-host ] sudo-linux
18:18:52,773 [ test-runner:run-tests-983 @ target-host ] sudo sh -c "echo 3 > /proc/sys/vm/drop_caches"
]3008;start=7de5bf3e26094835b418adc5cdb56830;user=zakkak;hostname=blanc;machineid=f469a615e9ef4e81b7d5be080a5de373;bootid=0e917e08584a49cb891ef04366e00ace;pid=266976;pidfdid=266977;comm=sudo;targetuser=root;sessionid=c233;type=session\]3008;end=7de5bf3e26094835b418adc5cdb56830\
18:18:53,178 [ test-runner:run-tests-983 @ target-host ] taskset --cpu-list 0-3 /home/zakkak/spring-quarkus-perf-comparison/spring-quarkus-perf-comparison/quarkus3/target/quarkus3-runner  &>/home/zakkak/spring-quarkus-perf-comparison/logs/measure-rss-quarkus3-native-0.log &
[1] 267008
18:18:53,580 [ test-runner:run-tests-983 @ target-host ] APP_PID=$!
18:18:55,984 [ test-runner:run-tests-983 @ target-host ] sleep 2
18:18:56,403 [ test-runner:run-tests-983 @ target-host ] pmap -x $APP_PID | grep total | awk '{print $4}'
70228
18:18:56,403 [ test-runner:run-tests-983 @ target-host ] set-state: RSS_STARTUP 70228
18:18:56,443 [ test-runner:run-tests-983 @ target-host ] script-cmd: state-array-push
18:18:56,444 [ test-runner:run-tests-983 @ target-host ] state-array-push
18:18:56,521 [ test-runner:run-tests-983 @ target-host ] set-state: RUN.output.results.quarkus3-native.rss.startup [68.58203125]
18:18:56,958 [ test-runner:run-tests-983 @ target-host ] curl -s  http://localhost:8080/fruits > /dev/null
18:18:57,364 [ test-runner:run-tests-983 @ target-host ] pmap -x $APP_PID | grep total | awk '{print $4}'
77160
18:18:57,364 [ test-runner:run-tests-983 @ target-host ] set-state: FIRST_REQUEST 77160
18:18:57,388 [ test-runner:run-tests-983 @ target-host ] script-cmd: state-array-push
18:18:57,388 [ test-runner:run-tests-983 @ target-host ] state-array-push
18:18:57,499 [ test-runner:run-tests-983 @ target-host ] set-state: RUN.output.results.quarkus3-native.rss.firstRequest [75.3515625]
18:18:58,001 [ test-runner:run-tests-983 @ target-host ] kill -15 $APP_PID
18:19:00,404 [ test-runner:run-tests-983 @ target-host ] sleep 2
18:19:00,404 [ test-runner:run-tests-983 @ target-host ] script-cmd: stop-test-services
18:19:00,404 [ test-runner:run-tests-983 @ target-host ] stop-test-services
18:19:01,039 [ test-runner:run-tests-983 @ target-host ] /home/zakkak/spring-quarkus-perf-comparison/spring-quarkus-perf-comparison/scripts/infra.sh -d
Using podman to stop containers
-----------------------------------------
[03/11/2026 18:19:00]: Stopping services
-----------------------------------------
Stopping PostgreSQL database 'fruits_db'
fruits_db
18:19:01,127 [ test-runner:run-tests-983 @ target-host ] for-each: ITERATION = 1
18:19:01,127 [ test-runner:run-tests-983 @ target-host ] queue-download: ${{REPO_DIR}}/logs/measure-rss-${{RUNTIME.name}}-${{ITERATION}}.log=/home/zakkak/spring-quarkus-perf-comparison/logs/measure-rss-quarkus3-native-1.log ../../20260311/class-for-name-respects-class-loader/target-host/
18:19:01,127 [ test-runner:run-tests-983 @ target-host ] script-cmd: start-test-services
18:19:01,127 [ test-runner:run-tests-983 @ target-host ] start-test-services
18:19:12,215 [ test-runner:run-tests-983 @ target-host ] /home/zakkak/spring-quarkus-perf-comparison/spring-quarkus-perf-comparison/scripts/infra.sh -c 3 -p '4-6' -s
Using podman to start containers
-----------------------------------------
[03/11/2026 18:19:01]: Starting services
-----------------------------------------
Starting PostgreSQL database 'fruits_db'
PostgreSQL DB process: 90c2ddc4cd6097b8d19a5cad759c34bfae3c554bce3739f59ee4ce4cccd772c3
Waiting for PostgreSQL to be ready...
localhost:5432 - no response
localhost:5432 - no response
localhost:5432 - accepting connections
18:19:12,215 [ test-runner:run-tests-983 @ target-host ] script-cmd: sync-drop-fs-cache
18:19:12,215 [ test-runner:run-tests-983 @ target-host ] sync-drop-fs-cache
18:19:12,216 [ test-runner:run-tests-983 @ target-host ] read-state: true
18:19:12,216 [ test-runner:run-tests-983 @ target-host ] regex: true
18:19:12,765 [ test-runner:run-tests-983 @ target-host ] sync
18:19:12,766 [ test-runner:run-tests-983 @ target-host ] script-cmd: sync-drop-fs-cache-${{os}}
18:19:12,766 [ test-runner:run-tests-983 @ target-host ] sync-drop-fs-cache-linux
18:19:12,766 [ test-runner:run-tests-983 @ target-host ] script-cmd: sudo
18:19:12,766 [ test-runner:run-tests-983 @ target-host ] sudo
18:19:12,767 [ test-runner:run-tests-983 @ target-host ] script-cmd: sudo-${{os}}
18:19:12,767 [ test-runner:run-tests-983 @ target-host ] sudo-linux
18:19:13,537 [ test-runner:run-tests-983 @ target-host ] sudo sh -c "echo 3 > /proc/sys/vm/drop_caches"
]3008;start=74dcfbf2ed6b43558ca03555e5639d8f;user=zakkak;hostname=blanc;machineid=f469a615e9ef4e81b7d5be080a5de373;bootid=0e917e08584a49cb891ef04366e00ace;pid=267450;pidfdid=267451;comm=sudo;targetuser=root;sessionid=c234;type=session\]3008;end=74dcfbf2ed6b43558ca03555e5639d8f\
18:19:13,940 [ test-runner:run-tests-983 @ target-host ] taskset --cpu-list 0-3 /home/zakkak/spring-quarkus-perf-comparison/spring-quarkus-perf-comparison/quarkus3/target/quarkus3-runner  &>/home/zakkak/spring-quarkus-perf-comparison/logs/measure-rss-quarkus3-native-1.log &
[1] 267477
18:19:14,342 [ test-runner:run-tests-983 @ target-host ] APP_PID=$!
18:19:16,756 [ test-runner:run-tests-983 @ target-host ] sleep 2
18:19:17,173 [ test-runner:run-tests-983 @ target-host ] pmap -x $APP_PID | grep total | awk '{print $4}'
70244
18:19:17,173 [ test-runner:run-tests-983 @ target-host ] set-state: RSS_STARTUP 70244
18:19:17,211 [ test-runner:run-tests-983 @ target-host ] script-cmd: state-array-push
18:19:17,211 [ test-runner:run-tests-983 @ target-host ] state-array-push
18:19:17,268 [ test-runner:run-tests-983 @ target-host ] set-state: RUN.output.results.quarkus3-native.rss.startup [68.58203125,68.59765625]
18:19:17,697 [ test-runner:run-tests-983 @ target-host ] curl -s  http://localhost:8080/fruits > /dev/null
18:19:18,103 [ test-runner:run-tests-983 @ target-host ] pmap -x $APP_PID | grep total | awk '{print $4}'
77176
18:19:18,103 [ test-runner:run-tests-983 @ target-host ] set-state: FIRST_REQUEST 77176
18:19:18,131 [ test-runner:run-tests-983 @ target-host ] script-cmd: state-array-push
18:19:18,131 [ test-runner:run-tests-983 @ target-host ] state-array-push
18:19:18,185 [ test-runner:run-tests-983 @ target-host ] set-state: RUN.output.results.quarkus3-native.rss.firstRequest [75.3515625,75.3671875]
18:19:18,688 [ test-runner:run-tests-983 @ target-host ] kill -15 $APP_PID
18:19:21,090 [ test-runner:run-tests-983 @ target-host ] sleep 2
18:19:21,090 [ test-runner:run-tests-983 @ target-host ] script-cmd: stop-test-services
18:19:21,090 [ test-runner:run-tests-983 @ target-host ] stop-test-services
18:19:21,726 [ test-runner:run-tests-983 @ target-host ] /home/zakkak/spring-quarkus-perf-comparison/spring-quarkus-perf-comparison/scripts/infra.sh -d
Using podman to stop containers
-----------------------------------------
[03/11/2026 18:19:21]: Stopping services
-----------------------------------------
Stopping PostgreSQL database 'fruits_db'
fruits_db
18:19:21,794 [ test-runner:run-tests-983 @ target-host ] for-each: ITERATION = 2
18:19:21,795 [ test-runner:run-tests-983 @ target-host ] queue-download: ${{REPO_DIR}}/logs/measure-rss-${{RUNTIME.name}}-${{ITERATION}}.log=/home/zakkak/spring-quarkus-perf-comparison/logs/measure-rss-quarkus3-native-2.log ../../20260311/class-for-name-respects-class-loader/target-host/
18:19:21,795 [ test-runner:run-tests-983 @ target-host ] script-cmd: start-test-services
18:19:21,795 [ test-runner:run-tests-983 @ target-host ] start-test-services
18:19:32,877 [ test-runner:run-tests-983 @ target-host ] /home/zakkak/spring-quarkus-perf-comparison/spring-quarkus-perf-comparison/scripts/infra.sh -c 3 -p '4-6' -s
Using podman to start containers
-----------------------------------------
[03/11/2026 18:19:21]: Starting services
-----------------------------------------
Starting PostgreSQL database 'fruits_db'
PostgreSQL DB process: e7529182a085bb1a75d58cdd294ca0f716d9c1858d5264d195f8f3cb8c9ae42b
Waiting for PostgreSQL to be ready...
localhost:5432 - no response
localhost:5432 - no response
localhost:5432 - accepting connections
18:19:32,878 [ test-runner:run-tests-983 @ target-host ] script-cmd: sync-drop-fs-cache
18:19:32,878 [ test-runner:run-tests-983 @ target-host ] sync-drop-fs-cache
18:19:32,878 [ test-runner:run-tests-983 @ target-host ] read-state: true
18:19:32,878 [ test-runner:run-tests-983 @ target-host ] regex: true
18:19:33,498 [ test-runner:run-tests-983 @ target-host ] sync
18:19:33,499 [ test-runner:run-tests-983 @ target-host ] script-cmd: sync-drop-fs-cache-${{os}}
18:19:33,499 [ test-runner:run-tests-983 @ target-host ] sync-drop-fs-cache-linux
18:19:33,499 [ test-runner:run-tests-983 @ target-host ] script-cmd: sudo
18:19:33,499 [ test-runner:run-tests-983 @ target-host ] sudo
18:19:33,499 [ test-runner:run-tests-983 @ target-host ] script-cmd: sudo-${{os}}
18:19:33,499 [ test-runner:run-tests-983 @ target-host ] sudo-linux
18:19:34,254 [ test-runner:run-tests-983 @ target-host ] sudo sh -c "echo 3 > /proc/sys/vm/drop_caches"
]3008;start=b5511a27b2f1473ab6c72d3bdf2d65b6;user=zakkak;hostname=blanc;machineid=f469a615e9ef4e81b7d5be080a5de373;bootid=0e917e08584a49cb891ef04366e00ace;pid=267907;pidfdid=267908;comm=sudo;targetuser=root;sessionid=c235;type=session\]3008;end=b5511a27b2f1473ab6c72d3bdf2d65b6\
18:19:34,659 [ test-runner:run-tests-983 @ target-host ] taskset --cpu-list 0-3 /home/zakkak/spring-quarkus-perf-comparison/spring-quarkus-perf-comparison/quarkus3/target/quarkus3-runner  &>/home/zakkak/spring-quarkus-perf-comparison/logs/measure-rss-quarkus3-native-2.log &
[1] 267936
18:19:35,060 [ test-runner:run-tests-983 @ target-host ] APP_PID=$!
18:19:37,473 [ test-runner:run-tests-983 @ target-host ] sleep 2
18:19:37,890 [ test-runner:run-tests-983 @ target-host ] pmap -x $APP_PID | grep total | awk '{print $4}'
70120
18:19:37,891 [ test-runner:run-tests-983 @ target-host ] set-state: RSS_STARTUP 70120
18:19:37,919 [ test-runner:run-tests-983 @ target-host ] script-cmd: state-array-push
18:19:37,919 [ test-runner:run-tests-983 @ target-host ] state-array-push
18:19:37,956 [ test-runner:run-tests-983 @ target-host ] set-state: RUN.output.results.quarkus3-native.rss.startup [68.58203125,68.59765625,68.4765625]
18:19:38,387 [ test-runner:run-tests-983 @ target-host ] curl -s  http://localhost:8080/fruits > /dev/null
18:19:38,793 [ test-runner:run-tests-983 @ target-host ] pmap -x $APP_PID | grep total | awk '{print $4}'
77052
18:19:38,793 [ test-runner:run-tests-983 @ target-host ] set-state: FIRST_REQUEST 77052
18:19:38,813 [ test-runner:run-tests-983 @ target-host ] script-cmd: state-array-push
18:19:38,813 [ test-runner:run-tests-983 @ target-host ] state-array-push
18:19:38,852 [ test-runner:run-tests-983 @ target-host ] set-state: RUN.output.results.quarkus3-native.rss.firstRequest [75.3515625,75.3671875,75.24609375]
18:19:39,362 [ test-runner:run-tests-983 @ target-host ] kill -15 $APP_PID
18:19:41,765 [ test-runner:run-tests-983 @ target-host ] sleep 2
18:19:41,765 [ test-runner:run-tests-983 @ target-host ] script-cmd: stop-test-services
18:19:41,765 [ test-runner:run-tests-983 @ target-host ] stop-test-services
18:19:42,403 [ test-runner:run-tests-983 @ target-host ] /home/zakkak/spring-quarkus-perf-comparison/spring-quarkus-perf-comparison/scripts/infra.sh -d
Using podman to stop containers
-----------------------------------------
[03/11/2026 18:19:41]: Stopping services
-----------------------------------------
Stopping PostgreSQL database 'fruits_db'
fruits_db
18:19:42,457 [ test-runner:run-tests-983 @ target-host ] for-each: ITERATION = 3
18:19:42,457 [ test-runner:run-tests-983 @ target-host ] queue-download: ${{REPO_DIR}}/logs/measure-rss-${{RUNTIME.name}}-${{ITERATION}}.log=/home/zakkak/spring-quarkus-perf-comparison/logs/measure-rss-quarkus3-native-3.log ../../20260311/class-for-name-respects-class-loader/target-host/
18:19:42,457 [ test-runner:run-tests-983 @ target-host ] script-cmd: start-test-services
18:19:42,457 [ test-runner:run-tests-983 @ target-host ] start-test-services
18:19:53,566 [ test-runner:run-tests-983 @ target-host ] /home/zakkak/spring-quarkus-perf-comparison/spring-quarkus-perf-comparison/scripts/infra.sh -c 3 -p '4-6' -s
Using podman to start containers
-----------------------------------------
[03/11/2026 18:19:42]: Starting services
-----------------------------------------
Starting PostgreSQL database 'fruits_db'
PostgreSQL DB process: e1fe8b63891e3cf5a002d90e1d70822b5f3fc1196957b569f2b91e1d2bab0971
Waiting for PostgreSQL to be ready...
localhost:5432 - no response
localhost:5432 - no response
localhost:5432 - accepting connections
18:19:53,566 [ test-runner:run-tests-983 @ target-host ] script-cmd: sync-drop-fs-cache
18:19:53,566 [ test-runner:run-tests-983 @ target-host ] sync-drop-fs-cache
18:19:53,566 [ test-runner:run-tests-983 @ target-host ] read-state: true
18:19:53,566 [ test-runner:run-tests-983 @ target-host ] regex: true
18:19:54,117 [ test-runner:run-tests-983 @ target-host ] sync
18:19:54,118 [ test-runner:run-tests-983 @ target-host ] script-cmd: sync-drop-fs-cache-${{os}}
18:19:54,118 [ test-runner:run-tests-983 @ target-host ] sync-drop-fs-cache-linux
18:19:54,118 [ test-runner:run-tests-983 @ target-host ] script-cmd: sudo
18:19:54,118 [ test-runner:run-tests-983 @ target-host ] sudo
18:19:54,118 [ test-runner:run-tests-983 @ target-host ] script-cmd: sudo-${{os}}
18:19:54,118 [ test-runner:run-tests-983 @ target-host ] sudo-linux
18:19:54,877 [ test-runner:run-tests-983 @ target-host ] sudo sh -c "echo 3 > /proc/sys/vm/drop_caches"
]3008;start=2e5aa91e01d34fb48f6f9951643f651f;user=zakkak;hostname=blanc;machineid=f469a615e9ef4e81b7d5be080a5de373;bootid=0e917e08584a49cb891ef04366e00ace;pid=268356;pidfdid=268357;comm=sudo;targetuser=root;sessionid=c236;type=session\]3008;end=2e5aa91e01d34fb48f6f9951643f651f\
18:19:55,282 [ test-runner:run-tests-983 @ target-host ] taskset --cpu-list 0-3 /home/zakkak/spring-quarkus-perf-comparison/spring-quarkus-perf-comparison/quarkus3/target/quarkus3-runner  &>/home/zakkak/spring-quarkus-perf-comparison/logs/measure-rss-quarkus3-native-3.log &
[1] 268383
18:19:55,684 [ test-runner:run-tests-983 @ target-host ] APP_PID=$!
18:19:58,088 [ test-runner:run-tests-983 @ target-host ] sleep 2
18:19:58,507 [ test-runner:run-tests-983 @ target-host ] pmap -x $APP_PID | grep total | awk '{print $4}'
70208
18:19:58,507 [ test-runner:run-tests-983 @ target-host ] set-state: RSS_STARTUP 70208
18:19:58,535 [ test-runner:run-tests-983 @ target-host ] script-cmd: state-array-push
18:19:58,535 [ test-runner:run-tests-983 @ target-host ] state-array-push
18:19:58,572 [ test-runner:run-tests-983 @ target-host ] set-state: RUN.output.results.quarkus3-native.rss.startup [68.58203125,68.59765625,68.4765625,68.5625]
18:19:59,003 [ test-runner:run-tests-983 @ target-host ] curl -s  http://localhost:8080/fruits > /dev/null
18:19:59,409 [ test-runner:run-tests-983 @ target-host ] pmap -x $APP_PID | grep total | awk '{print $4}'
77136
18:19:59,409 [ test-runner:run-tests-983 @ target-host ] set-state: FIRST_REQUEST 77136
18:19:59,430 [ test-runner:run-tests-983 @ target-host ] script-cmd: state-array-push
18:19:59,430 [ test-runner:run-tests-983 @ target-host ] state-array-push
18:19:59,477 [ test-runner:run-tests-983 @ target-host ] set-state: RUN.output.results.quarkus3-native.rss.firstRequest [75.3515625,75.3671875,75.24609375,75.328125]
18:19:59,979 [ test-runner:run-tests-983 @ target-host ] kill -15 $APP_PID
18:20:02,382 [ test-runner:run-tests-983 @ target-host ] sleep 2
18:20:02,382 [ test-runner:run-tests-983 @ target-host ] script-cmd: stop-test-services
18:20:02,382 [ test-runner:run-tests-983 @ target-host ] stop-test-services
18:20:03,022 [ test-runner:run-tests-983 @ target-host ] /home/zakkak/spring-quarkus-perf-comparison/spring-quarkus-perf-comparison/scripts/infra.sh -d
Using podman to stop containers
-----------------------------------------
[03/11/2026 18:20:02]: Stopping services
-----------------------------------------
Stopping PostgreSQL database 'fruits_db'
fruits_db
18:20:03,084 [ test-runner:run-tests-983 @ target-host ] for-each: ITERATION = 4
18:20:03,084 [ test-runner:run-tests-983 @ target-host ] queue-download: ${{REPO_DIR}}/logs/measure-rss-${{RUNTIME.name}}-${{ITERATION}}.log=/home/zakkak/spring-quarkus-perf-comparison/logs/measure-rss-quarkus3-native-4.log ../../20260311/class-for-name-respects-class-loader/target-host/
18:20:03,084 [ test-runner:run-tests-983 @ target-host ] script-cmd: start-test-services
18:20:03,084 [ test-runner:run-tests-983 @ target-host ] start-test-services
18:20:14,183 [ test-runner:run-tests-983 @ target-host ] /home/zakkak/spring-quarkus-perf-comparison/spring-quarkus-perf-comparison/scripts/infra.sh -c 3 -p '4-6' -s
Using podman to start containers
-----------------------------------------
[03/11/2026 18:20:03]: Starting services
-----------------------------------------
Starting PostgreSQL database 'fruits_db'
PostgreSQL DB process: a681e67c635b4f67ff5874008f05625a02c387d1bfc00260bea7bd84c75b83d7
Waiting for PostgreSQL to be ready...
localhost:5432 - no response
localhost:5432 - no response
localhost:5432 - accepting connections
18:20:14,183 [ test-runner:run-tests-983 @ target-host ] script-cmd: sync-drop-fs-cache
18:20:14,184 [ test-runner:run-tests-983 @ target-host ] sync-drop-fs-cache
18:20:14,184 [ test-runner:run-tests-983 @ target-host ] read-state: true
18:20:14,184 [ test-runner:run-tests-983 @ target-host ] regex: true
18:20:14,780 [ test-runner:run-tests-983 @ target-host ] sync
18:20:14,780 [ test-runner:run-tests-983 @ target-host ] script-cmd: sync-drop-fs-cache-${{os}}
18:20:14,781 [ test-runner:run-tests-983 @ target-host ] sync-drop-fs-cache-linux
18:20:14,781 [ test-runner:run-tests-983 @ target-host ] script-cmd: sudo
18:20:14,781 [ test-runner:run-tests-983 @ target-host ] sudo
18:20:14,781 [ test-runner:run-tests-983 @ target-host ] script-cmd: sudo-${{os}}
18:20:14,781 [ test-runner:run-tests-983 @ target-host ] sudo-linux
18:20:15,575 [ test-runner:run-tests-983 @ target-host ] sudo sh -c "echo 3 > /proc/sys/vm/drop_caches"
]3008;start=1a195d18c5644136b45b30212694d8d2;user=zakkak;hostname=blanc;machineid=f469a615e9ef4e81b7d5be080a5de373;bootid=0e917e08584a49cb891ef04366e00ace;pid=268821;pidfdid=268822;comm=sudo;targetuser=root;sessionid=c237;type=session\]3008;end=1a195d18c5644136b45b30212694d8d2\
18:20:15,979 [ test-runner:run-tests-983 @ target-host ] taskset --cpu-list 0-3 /home/zakkak/spring-quarkus-perf-comparison/spring-quarkus-perf-comparison/quarkus3/target/quarkus3-runner  &>/home/zakkak/spring-quarkus-perf-comparison/logs/measure-rss-quarkus3-native-4.log &
[1] 268848
18:20:16,380 [ test-runner:run-tests-983 @ target-host ] APP_PID=$!
18:20:18,789 [ test-runner:run-tests-983 @ target-host ] sleep 2
18:20:19,207 [ test-runner:run-tests-983 @ target-host ] pmap -x $APP_PID | grep total | awk '{print $4}'
70224
18:20:19,208 [ test-runner:run-tests-983 @ target-host ] set-state: RSS_STARTUP 70224
18:20:19,236 [ test-runner:run-tests-983 @ target-host ] script-cmd: state-array-push
18:20:19,237 [ test-runner:run-tests-983 @ target-host ] state-array-push
18:20:19,276 [ test-runner:run-tests-983 @ target-host ] set-state: RUN.output.results.quarkus3-native.rss.startup [68.58203125,68.59765625,68.4765625,68.5625,68.578125]
18:20:19,707 [ test-runner:run-tests-983 @ target-host ] curl -s  http://localhost:8080/fruits > /dev/null
18:20:20,113 [ test-runner:run-tests-983 @ target-host ] pmap -x $APP_PID | grep total | awk '{print $4}'
77156
18:20:20,113 [ test-runner:run-tests-983 @ target-host ] set-state: FIRST_REQUEST 77156
18:20:20,133 [ test-runner:run-tests-983 @ target-host ] script-cmd: state-array-push
18:20:20,133 [ test-runner:run-tests-983 @ target-host ] state-array-push
18:20:20,171 [ test-runner:run-tests-983 @ target-host ] set-state: RUN.output.results.quarkus3-native.rss.firstRequest [75.3515625,75.3671875,75.24609375,75.328125,75.34765625]
18:20:20,673 [ test-runner:run-tests-983 @ target-host ] kill -15 $APP_PID
18:20:23,076 [ test-runner:run-tests-983 @ target-host ] sleep 2
18:20:23,076 [ test-runner:run-tests-983 @ target-host ] script-cmd: stop-test-services
18:20:23,076 [ test-runner:run-tests-983 @ target-host ] stop-test-services
18:20:23,744 [ test-runner:run-tests-983 @ target-host ] /home/zakkak/spring-quarkus-perf-comparison/spring-quarkus-perf-comparison/scripts/infra.sh -d
Using podman to stop containers
-----------------------------------------
[03/11/2026 18:20:23]: Stopping services
-----------------------------------------
Stopping PostgreSQL database 'fruits_db'
fruits_db
18:20:23,807 [ test-runner:run-tests-983 @ target-host ] for-each: ITERATION = 5
18:20:23,807 [ test-runner:run-tests-983 @ target-host ] queue-download: ${{REPO_DIR}}/logs/measure-rss-${{RUNTIME.name}}-${{ITERATION}}.log=/home/zakkak/spring-quarkus-perf-comparison/logs/measure-rss-quarkus3-native-5.log ../../20260311/class-for-name-respects-class-loader/target-host/
18:20:23,807 [ test-runner:run-tests-983 @ target-host ] script-cmd: start-test-services
18:20:23,807 [ test-runner:run-tests-983 @ target-host ] start-test-services
18:20:34,904 [ test-runner:run-tests-983 @ target-host ] /home/zakkak/spring-quarkus-perf-comparison/spring-quarkus-perf-comparison/scripts/infra.sh -c 3 -p '4-6' -s
Using podman to start containers
-----------------------------------------
[03/11/2026 18:20:23]: Starting services
-----------------------------------------
Starting PostgreSQL database 'fruits_db'
PostgreSQL DB process: baad8e3b0c4abf8184ef7116c8a1f87cfd09674bbf1f42080e0898296a8d9bb8
Waiting for PostgreSQL to be ready...
localhost:5432 - no response
localhost:5432 - no response
localhost:5432 - accepting connections
18:20:34,904 [ test-runner:run-tests-983 @ target-host ] script-cmd: sync-drop-fs-cache
18:20:34,904 [ test-runner:run-tests-983 @ target-host ] sync-drop-fs-cache
18:20:34,904 [ test-runner:run-tests-983 @ target-host ] read-state: true
18:20:34,905 [ test-runner:run-tests-983 @ target-host ] regex: true
18:20:35,437 [ test-runner:run-tests-983 @ target-host ] sync
18:20:35,438 [ test-runner:run-tests-983 @ target-host ] script-cmd: sync-drop-fs-cache-${{os}}
18:20:35,438 [ test-runner:run-tests-983 @ target-host ] sync-drop-fs-cache-linux
18:20:35,438 [ test-runner:run-tests-983 @ target-host ] script-cmd: sudo
18:20:35,438 [ test-runner:run-tests-983 @ target-host ] sudo
18:20:35,438 [ test-runner:run-tests-983 @ target-host ] script-cmd: sudo-${{os}}
18:20:35,438 [ test-runner:run-tests-983 @ target-host ] sudo-linux
18:20:36,222 [ test-runner:run-tests-983 @ target-host ] sudo sh -c "echo 3 > /proc/sys/vm/drop_caches"
]3008;start=e0a257c5a6e845c1ade8838998624b33;user=zakkak;hostname=blanc;machineid=f469a615e9ef4e81b7d5be080a5de373;bootid=0e917e08584a49cb891ef04366e00ace;pid=269283;pidfdid=269284;comm=sudo;targetuser=root;sessionid=c238;type=session\]3008;end=e0a257c5a6e845c1ade8838998624b33\
18:20:36,625 [ test-runner:run-tests-983 @ target-host ] taskset --cpu-list 0-3 /home/zakkak/spring-quarkus-perf-comparison/spring-quarkus-perf-comparison/quarkus3/target/quarkus3-runner  &>/home/zakkak/spring-quarkus-perf-comparison/logs/measure-rss-quarkus3-native-5.log &
[1] 269313
18:20:37,027 [ test-runner:run-tests-983 @ target-host ] APP_PID=$!
18:20:39,441 [ test-runner:run-tests-983 @ target-host ] sleep 2
18:20:39,860 [ test-runner:run-tests-983 @ target-host ] pmap -x $APP_PID | grep total | awk '{print $4}'
70228
18:20:39,860 [ test-runner:run-tests-983 @ target-host ] set-state: RSS_STARTUP 70228
18:20:39,890 [ test-runner:run-tests-983 @ target-host ] script-cmd: state-array-push
18:20:39,890 [ test-runner:run-tests-983 @ target-host ] state-array-push
18:20:39,925 [ test-runner:run-tests-983 @ target-host ] set-state: RUN.output.results.quarkus3-native.rss.startup [68.58203125,68.59765625,68.4765625,68.5625,68.578125,68.58203125]
18:20:40,361 [ test-runner:run-tests-983 @ target-host ] curl -s  http://localhost:8080/fruits > /dev/null
18:20:40,766 [ test-runner:run-tests-983 @ target-host ] pmap -x $APP_PID | grep total | awk '{print $4}'
77160
18:20:40,767 [ test-runner:run-tests-983 @ target-host ] set-state: FIRST_REQUEST 77160
18:20:40,784 [ test-runner:run-tests-983 @ target-host ] script-cmd: state-array-push
18:20:40,784 [ test-runner:run-tests-983 @ target-host ] state-array-push
18:20:40,822 [ test-runner:run-tests-983 @ target-host ] set-state: RUN.output.results.quarkus3-native.rss.firstRequest [75.3515625,75.3671875,75.24609375,75.328125,75.34765625,75.3515625]
18:20:41,324 [ test-runner:run-tests-983 @ target-host ] kill -15 $APP_PID
18:20:43,727 [ test-runner:run-tests-983 @ target-host ] sleep 2
18:20:43,727 [ test-runner:run-tests-983 @ target-host ] script-cmd: stop-test-services
18:20:43,727 [ test-runner:run-tests-983 @ target-host ] stop-test-services
18:20:44,382 [ test-runner:run-tests-983 @ target-host ] /home/zakkak/spring-quarkus-perf-comparison/spring-quarkus-perf-comparison/scripts/infra.sh -d
Using podman to stop containers
-----------------------------------------
[03/11/2026 18:20:43]: Stopping services
-----------------------------------------
Stopping PostgreSQL database 'fruits_db'
fruits_db
18:20:44,435 [ test-runner:run-tests-983 @ target-host ] for-each: ITERATION = 6
18:20:44,436 [ test-runner:run-tests-983 @ target-host ] queue-download: ${{REPO_DIR}}/logs/measure-rss-${{RUNTIME.name}}-${{ITERATION}}.log=/home/zakkak/spring-quarkus-perf-comparison/logs/measure-rss-quarkus3-native-6.log ../../20260311/class-for-name-respects-class-loader/target-host/
18:20:44,436 [ test-runner:run-tests-983 @ target-host ] script-cmd: start-test-services
18:20:44,436 [ test-runner:run-tests-983 @ target-host ] start-test-services
18:20:55,548 [ test-runner:run-tests-983 @ target-host ] /home/zakkak/spring-quarkus-perf-comparison/spring-quarkus-perf-comparison/scripts/infra.sh -c 3 -p '4-6' -s
Using podman to start containers
-----------------------------------------
[03/11/2026 18:20:44]: Starting services
-----------------------------------------
Starting PostgreSQL database 'fruits_db'
PostgreSQL DB process: 4de608932e48ae2ea12a848a0f2a46f156cfbf88400e91bb7673031cf8990c8a
Waiting for PostgreSQL to be ready...
localhost:5432 - no response
localhost:5432 - no response
localhost:5432 - accepting connections
18:20:55,548 [ test-runner:run-tests-983 @ target-host ] script-cmd: sync-drop-fs-cache
18:20:55,548 [ test-runner:run-tests-983 @ target-host ] sync-drop-fs-cache
18:20:55,548 [ test-runner:run-tests-983 @ target-host ] read-state: true
18:20:55,548 [ test-runner:run-tests-983 @ target-host ] regex: true
18:20:56,176 [ test-runner:run-tests-983 @ target-host ] sync
18:20:56,176 [ test-runner:run-tests-983 @ target-host ] script-cmd: sync-drop-fs-cache-${{os}}
18:20:56,176 [ test-runner:run-tests-983 @ target-host ] sync-drop-fs-cache-linux
18:20:56,176 [ test-runner:run-tests-983 @ target-host ] script-cmd: sudo
18:20:56,176 [ test-runner:run-tests-983 @ target-host ] sudo
18:20:56,177 [ test-runner:run-tests-983 @ target-host ] script-cmd: sudo-${{os}}
18:20:56,177 [ test-runner:run-tests-983 @ target-host ] sudo-linux
18:20:57,124 [ test-runner:run-tests-983 @ target-host ] sudo sh -c "echo 3 > /proc/sys/vm/drop_caches"
]3008;start=887f3ee189fe4ea2ba7e8fe666af0972;user=zakkak;hostname=blanc;machineid=f469a615e9ef4e81b7d5be080a5de373;bootid=0e917e08584a49cb891ef04366e00ace;pid=269745;pidfdid=269746;comm=sudo;targetuser=root;sessionid=c239;type=session\]3008;end=887f3ee189fe4ea2ba7e8fe666af0972\
18:20:57,529 [ test-runner:run-tests-983 @ target-host ] taskset --cpu-list 0-3 /home/zakkak/spring-quarkus-perf-comparison/spring-quarkus-perf-comparison/quarkus3/target/quarkus3-runner  &>/home/zakkak/spring-quarkus-perf-comparison/logs/measure-rss-quarkus3-native-6.log &
[1] 269777
18:20:57,930 [ test-runner:run-tests-983 @ target-host ] APP_PID=$!
18:21:00,342 [ test-runner:run-tests-983 @ target-host ] sleep 2
18:21:00,762 [ test-runner:run-tests-983 @ target-host ] pmap -x $APP_PID | grep total | awk '{print $4}'
70292
18:21:00,763 [ test-runner:run-tests-983 @ target-host ] set-state: RSS_STARTUP 70292
18:21:00,788 [ test-runner:run-tests-983 @ target-host ] script-cmd: state-array-push
18:21:00,788 [ test-runner:run-tests-983 @ target-host ] state-array-push
18:21:00,822 [ test-runner:run-tests-983 @ target-host ] set-state: RUN.output.results.quarkus3-native.rss.startup [68.58203125,68.59765625,68.4765625,68.5625,68.578125,68.58203125,68.64453125]
18:21:01,301 [ test-runner:run-tests-983 @ target-host ] curl -s  http://localhost:8080/fruits > /dev/null
18:21:01,707 [ test-runner:run-tests-983 @ target-host ] pmap -x $APP_PID | grep total | awk '{print $4}'
77224
18:21:01,707 [ test-runner:run-tests-983 @ target-host ] set-state: FIRST_REQUEST 77224
18:21:01,726 [ test-runner:run-tests-983 @ target-host ] script-cmd: state-array-push
18:21:01,726 [ test-runner:run-tests-983 @ target-host ] state-array-push
18:21:01,780 [ test-runner:run-tests-983 @ target-host ] set-state: RUN.output.results.quarkus3-native.rss.firstRequest [75.3515625,75.3671875,75.24609375,75.328125,75.34765625,75.3515625,75.4140625]
18:21:02,282 [ test-runner:run-tests-983 @ target-host ] kill -15 $APP_PID
18:21:04,685 [ test-runner:run-tests-983 @ target-host ] sleep 2
18:21:04,685 [ test-runner:run-tests-983 @ target-host ] script-cmd: stop-test-services
18:21:04,685 [ test-runner:run-tests-983 @ target-host ] stop-test-services
18:21:05,465 [ test-runner:run-tests-983 @ target-host ] /home/zakkak/spring-quarkus-perf-comparison/spring-quarkus-perf-comparison/scripts/infra.sh -d
Using podman to stop containers
-----------------------------------------
[03/11/2026 18:21:04]: Stopping services
-----------------------------------------
Stopping PostgreSQL database 'fruits_db'
fruits_db
18:21:05,547 [ test-runner:run-tests-983 @ target-host ] for-each: ITERATION = 7
18:21:05,547 [ test-runner:run-tests-983 @ target-host ] queue-download: ${{REPO_DIR}}/logs/measure-rss-${{RUNTIME.name}}-${{ITERATION}}.log=/home/zakkak/spring-quarkus-perf-comparison/logs/measure-rss-quarkus3-native-7.log ../../20260311/class-for-name-respects-class-loader/target-host/
18:21:05,548 [ test-runner:run-tests-983 @ target-host ] script-cmd: start-test-services
18:21:05,548 [ test-runner:run-tests-983 @ target-host ] start-test-services
18:21:16,826 [ test-runner:run-tests-983 @ target-host ] /home/zakkak/spring-quarkus-perf-comparison/spring-quarkus-perf-comparison/scripts/infra.sh -c 3 -p '4-6' -s
Using podman to start containers
-----------------------------------------
[03/11/2026 18:21:05]: Starting services
-----------------------------------------
Starting PostgreSQL database 'fruits_db'
PostgreSQL DB process: c1e0446bba057ca7e353e5673f41fcc485c39aad2c54470243829b70b56bafe6
Waiting for PostgreSQL to be ready...
localhost:5432 - no response
localhost:5432 - no response
localhost:5432 - accepting connections
18:21:16,826 [ test-runner:run-tests-983 @ target-host ] script-cmd: sync-drop-fs-cache
18:21:16,826 [ test-runner:run-tests-983 @ target-host ] sync-drop-fs-cache
18:21:16,827 [ test-runner:run-tests-983 @ target-host ] read-state: true
18:21:16,827 [ test-runner:run-tests-983 @ target-host ] regex: true
18:21:17,385 [ test-runner:run-tests-983 @ target-host ] sync
18:21:17,386 [ test-runner:run-tests-983 @ target-host ] script-cmd: sync-drop-fs-cache-${{os}}
18:21:17,386 [ test-runner:run-tests-983 @ target-host ] sync-drop-fs-cache-linux
18:21:17,386 [ test-runner:run-tests-983 @ target-host ] script-cmd: sudo
18:21:17,386 [ test-runner:run-tests-983 @ target-host ] sudo
18:21:17,386 [ test-runner:run-tests-983 @ target-host ] script-cmd: sudo-${{os}}
18:21:17,387 [ test-runner:run-tests-983 @ target-host ] sudo-linux
18:21:18,165 [ test-runner:run-tests-983 @ target-host ] sudo sh -c "echo 3 > /proc/sys/vm/drop_caches"
]3008;start=49918190ecb742a28f26913b46cf78bd;user=zakkak;hostname=blanc;machineid=f469a615e9ef4e81b7d5be080a5de373;bootid=0e917e08584a49cb891ef04366e00ace;pid=270204;pidfdid=270205;comm=sudo;targetuser=root;sessionid=c240;type=session\]3008;end=49918190ecb742a28f26913b46cf78bd\
18:21:18,571 [ test-runner:run-tests-983 @ target-host ] taskset --cpu-list 0-3 /home/zakkak/spring-quarkus-perf-comparison/spring-quarkus-perf-comparison/quarkus3/target/quarkus3-runner  &>/home/zakkak/spring-quarkus-perf-comparison/logs/measure-rss-quarkus3-native-7.log &
[1] 270234
18:21:18,972 [ test-runner:run-tests-983 @ target-host ] APP_PID=$!
18:21:21,381 [ test-runner:run-tests-983 @ target-host ] sleep 2
18:21:21,801 [ test-runner:run-tests-983 @ target-host ] pmap -x $APP_PID | grep total | awk '{print $4}'
70176
18:21:21,801 [ test-runner:run-tests-983 @ target-host ] set-state: RSS_STARTUP 70176
18:21:21,844 [ test-runner:run-tests-983 @ target-host ] script-cmd: state-array-push
18:21:21,844 [ test-runner:run-tests-983 @ target-host ] state-array-push
18:21:21,909 [ test-runner:run-tests-983 @ target-host ] set-state: RUN.output.results.quarkus3-native.rss.startup [68.58203125,68.59765625,68.4765625,68.5625,68.578125,68.58203125,68.64453125,68.53125]
18:21:22,347 [ test-runner:run-tests-983 @ target-host ] curl -s  http://localhost:8080/fruits > /dev/null
18:21:22,753 [ test-runner:run-tests-983 @ target-host ] pmap -x $APP_PID | grep total | awk '{print $4}'
77108
18:21:22,753 [ test-runner:run-tests-983 @ target-host ] set-state: FIRST_REQUEST 77108
18:21:22,780 [ test-runner:run-tests-983 @ target-host ] script-cmd: state-array-push
18:21:22,780 [ test-runner:run-tests-983 @ target-host ] state-array-push
18:21:22,834 [ test-runner:run-tests-983 @ target-host ] set-state: RUN.output.results.quarkus3-native.rss.firstRequest [75.3515625,75.3671875,75.24609375,75.328125,75.34765625,75.3515625,75.4140625,75.30078125]
18:21:23,336 [ test-runner:run-tests-983 @ target-host ] kill -15 $APP_PID
18:21:25,739 [ test-runner:run-tests-983 @ target-host ] sleep 2
18:21:25,739 [ test-runner:run-tests-983 @ target-host ] script-cmd: stop-test-services
18:21:25,739 [ test-runner:run-tests-983 @ target-host ] stop-test-services
18:21:26,393 [ test-runner:run-tests-983 @ target-host ] /home/zakkak/spring-quarkus-perf-comparison/spring-quarkus-perf-comparison/scripts/infra.sh -d
Using podman to stop containers
-----------------------------------------
[03/11/2026 18:21:25]: Stopping services
-----------------------------------------
Stopping PostgreSQL database 'fruits_db'
fruits_db
18:21:26,476 [ test-runner:run-tests-983 @ target-host ] for-each: ITERATION = 8
18:21:26,476 [ test-runner:run-tests-983 @ target-host ] queue-download: ${{REPO_DIR}}/logs/measure-rss-${{RUNTIME.name}}-${{ITERATION}}.log=/home/zakkak/spring-quarkus-perf-comparison/logs/measure-rss-quarkus3-native-8.log ../../20260311/class-for-name-respects-class-loader/target-host/
18:21:26,476 [ test-runner:run-tests-983 @ target-host ] script-cmd: start-test-services
18:21:26,476 [ test-runner:run-tests-983 @ target-host ] start-test-services
18:21:37,557 [ test-runner:run-tests-983 @ target-host ] /home/zakkak/spring-quarkus-perf-comparison/spring-quarkus-perf-comparison/scripts/infra.sh -c 3 -p '4-6' -s
Using podman to start containers
-----------------------------------------
[03/11/2026 18:21:26]: Starting services
-----------------------------------------
Starting PostgreSQL database 'fruits_db'
PostgreSQL DB process: 3831071c39904098c3e63270af0af39b5185bae5a609763ee6fb161e37db97d7
Waiting for PostgreSQL to be ready...
localhost:5432 - no response
localhost:5432 - no response
localhost:5432 - accepting connections
18:21:37,557 [ test-runner:run-tests-983 @ target-host ] script-cmd: sync-drop-fs-cache
18:21:37,557 [ test-runner:run-tests-983 @ target-host ] sync-drop-fs-cache
18:21:37,558 [ test-runner:run-tests-983 @ target-host ] read-state: true
18:21:37,558 [ test-runner:run-tests-983 @ target-host ] regex: true
18:21:38,168 [ test-runner:run-tests-983 @ target-host ] sync
18:21:38,169 [ test-runner:run-tests-983 @ target-host ] script-cmd: sync-drop-fs-cache-${{os}}
18:21:38,169 [ test-runner:run-tests-983 @ target-host ] sync-drop-fs-cache-linux
18:21:38,169 [ test-runner:run-tests-983 @ target-host ] script-cmd: sudo
18:21:38,169 [ test-runner:run-tests-983 @ target-host ] sudo
18:21:38,169 [ test-runner:run-tests-983 @ target-host ] script-cmd: sudo-${{os}}
18:21:38,169 [ test-runner:run-tests-983 @ target-host ] sudo-linux
18:21:38,969 [ test-runner:run-tests-983 @ target-host ] sudo sh -c "echo 3 > /proc/sys/vm/drop_caches"
]3008;start=cacf5b0e7f804c819596bf8a2de728c3;user=zakkak;hostname=blanc;machineid=f469a615e9ef4e81b7d5be080a5de373;bootid=0e917e08584a49cb891ef04366e00ace;pid=270670;pidfdid=270671;comm=sudo;targetuser=root;sessionid=c241;type=session\]3008;end=cacf5b0e7f804c819596bf8a2de728c3\
18:21:39,373 [ test-runner:run-tests-983 @ target-host ] taskset --cpu-list 0-3 /home/zakkak/spring-quarkus-perf-comparison/spring-quarkus-perf-comparison/quarkus3/target/quarkus3-runner  &>/home/zakkak/spring-quarkus-perf-comparison/logs/measure-rss-quarkus3-native-8.log &
[1] 270699
18:21:39,774 [ test-runner:run-tests-983 @ target-host ] APP_PID=$!
18:21:42,188 [ test-runner:run-tests-983 @ target-host ] sleep 2
18:21:42,606 [ test-runner:run-tests-983 @ target-host ] pmap -x $APP_PID | grep total | awk '{print $4}'
70156
18:21:42,606 [ test-runner:run-tests-983 @ target-host ] set-state: RSS_STARTUP 70156
18:21:42,634 [ test-runner:run-tests-983 @ target-host ] script-cmd: state-array-push
18:21:42,634 [ test-runner:run-tests-983 @ target-host ] state-array-push
18:21:42,670 [ test-runner:run-tests-983 @ target-host ] set-state: RUN.output.results.quarkus3-native.rss.startup [68.58203125,68.59765625,68.4765625,68.5625,68.578125,68.58203125,68.64453125,68.53125,68.51171875]
18:21:43,101 [ test-runner:run-tests-983 @ target-host ] curl -s  http://localhost:8080/fruits > /dev/null
18:21:43,507 [ test-runner:run-tests-983 @ target-host ] pmap -x $APP_PID | grep total | awk '{print $4}'
77092
18:21:43,507 [ test-runner:run-tests-983 @ target-host ] set-state: FIRST_REQUEST 77092
18:21:43,526 [ test-runner:run-tests-983 @ target-host ] script-cmd: state-array-push
18:21:43,526 [ test-runner:run-tests-983 @ target-host ] state-array-push
18:21:43,560 [ test-runner:run-tests-983 @ target-host ] set-state: RUN.output.results.quarkus3-native.rss.firstRequest [75.3515625,75.3671875,75.24609375,75.328125,75.34765625,75.3515625,75.4140625,75.30078125,75.28515625]
18:21:44,062 [ test-runner:run-tests-983 @ target-host ] kill -15 $APP_PID
18:21:46,464 [ test-runner:run-tests-983 @ target-host ] sleep 2
18:21:46,465 [ test-runner:run-tests-983 @ target-host ] script-cmd: stop-test-services
18:21:46,465 [ test-runner:run-tests-983 @ target-host ] stop-test-services
18:21:47,118 [ test-runner:run-tests-983 @ target-host ] /home/zakkak/spring-quarkus-perf-comparison/spring-quarkus-perf-comparison/scripts/infra.sh -d
Using podman to stop containers
-----------------------------------------
[03/11/2026 18:21:46]: Stopping services
-----------------------------------------
Stopping PostgreSQL database 'fruits_db'
fruits_db
18:21:47,173 [ test-runner:run-tests-983 @ target-host ] for-each: ITERATION = 9
18:21:47,173 [ test-runner:run-tests-983 @ target-host ] queue-download: ${{REPO_DIR}}/logs/measure-rss-${{RUNTIME.name}}-${{ITERATION}}.log=/home/zakkak/spring-quarkus-perf-comparison/logs/measure-rss-quarkus3-native-9.log ../../20260311/class-for-name-respects-class-loader/target-host/
18:21:47,173 [ test-runner:run-tests-983 @ target-host ] script-cmd: start-test-services
18:21:47,173 [ test-runner:run-tests-983 @ target-host ] start-test-services
18:21:58,274 [ test-runner:run-tests-983 @ target-host ] /home/zakkak/spring-quarkus-perf-comparison/spring-quarkus-perf-comparison/scripts/infra.sh -c 3 -p '4-6' -s
Using podman to start containers
-----------------------------------------
[03/11/2026 18:21:47]: Starting services
-----------------------------------------
Starting PostgreSQL database 'fruits_db'
PostgreSQL DB process: d61d4f44cee2a9b821e29ce93cb3f43bcfdca7226063c9b750fdadf31e013838
Waiting for PostgreSQL to be ready...
localhost:5432 - no response
localhost:5432 - no response
localhost:5432 - accepting connections
18:21:58,274 [ test-runner:run-tests-983 @ target-host ] script-cmd: sync-drop-fs-cache
18:21:58,274 [ test-runner:run-tests-983 @ target-host ] sync-drop-fs-cache
18:21:58,274 [ test-runner:run-tests-983 @ target-host ] read-state: true
18:21:58,274 [ test-runner:run-tests-983 @ target-host ] regex: true
18:21:58,823 [ test-runner:run-tests-983 @ target-host ] sync
18:21:58,824 [ test-runner:run-tests-983 @ target-host ] script-cmd: sync-drop-fs-cache-${{os}}
18:21:58,824 [ test-runner:run-tests-983 @ target-host ] sync-drop-fs-cache-linux
18:21:58,824 [ test-runner:run-tests-983 @ target-host ] script-cmd: sudo
18:21:58,824 [ test-runner:run-tests-983 @ target-host ] sudo
18:21:58,824 [ test-runner:run-tests-983 @ target-host ] script-cmd: sudo-${{os}}
18:21:58,824 [ test-runner:run-tests-983 @ target-host ] sudo-linux
18:21:59,576 [ test-runner:run-tests-983 @ target-host ] sudo sh -c "echo 3 > /proc/sys/vm/drop_caches"
]3008;start=6b4e35fa7e574910800d25b04781bc9d;user=zakkak;hostname=blanc;machineid=f469a615e9ef4e81b7d5be080a5de373;bootid=0e917e08584a49cb891ef04366e00ace;pid=271136;pidfdid=271137;comm=sudo;targetuser=root;sessionid=c242;type=session\]3008;end=6b4e35fa7e574910800d25b04781bc9d\
18:21:59,980 [ test-runner:run-tests-983 @ target-host ] taskset --cpu-list 0-3 /home/zakkak/spring-quarkus-perf-comparison/spring-quarkus-perf-comparison/quarkus3/target/quarkus3-runner  &>/home/zakkak/spring-quarkus-perf-comparison/logs/measure-rss-quarkus3-native-9.log &
[1] 271165
18:22:00,382 [ test-runner:run-tests-983 @ target-host ] APP_PID=$!
18:22:02,786 [ test-runner:run-tests-983 @ target-host ] sleep 2
18:22:03,206 [ test-runner:run-tests-983 @ target-host ] pmap -x $APP_PID | grep total | awk '{print $4}'
70236
18:22:03,206 [ test-runner:run-tests-983 @ target-host ] set-state: RSS_STARTUP 70236
18:22:03,233 [ test-runner:run-tests-983 @ target-host ] script-cmd: state-array-push
18:22:03,233 [ test-runner:run-tests-983 @ target-host ] state-array-push
18:22:03,268 [ test-runner:run-tests-983 @ target-host ] set-state: RUN.output.results.quarkus3-native.rss.startup [68.58203125,68.59765625,68.4765625,68.5625,68.578125,68.58203125,68.64453125,68.53125,68.51171875,68.58984375]
18:22:03,698 [ test-runner:run-tests-983 @ target-host ] curl -s  http://localhost:8080/fruits > /dev/null
18:22:04,103 [ test-runner:run-tests-983 @ target-host ] pmap -x $APP_PID | grep total | awk '{print $4}'
77168
18:22:04,103 [ test-runner:run-tests-983 @ target-host ] set-state: FIRST_REQUEST 77168
18:22:04,121 [ test-runner:run-tests-983 @ target-host ] script-cmd: state-array-push
18:22:04,121 [ test-runner:run-tests-983 @ target-host ] state-array-push
18:22:04,155 [ test-runner:run-tests-983 @ target-host ] set-state: RUN.output.results.quarkus3-native.rss.firstRequest [75.3515625,75.3671875,75.24609375,75.328125,75.34765625,75.3515625,75.4140625,75.30078125,75.28515625,75.359375]
18:22:04,658 [ test-runner:run-tests-983 @ target-host ] kill -15 $APP_PID
18:22:07,060 [ test-runner:run-tests-983 @ target-host ] sleep 2
18:22:07,060 [ test-runner:run-tests-983 @ target-host ] script-cmd: stop-test-services
18:22:07,060 [ test-runner:run-tests-983 @ target-host ] stop-test-services
18:22:07,716 [ test-runner:run-tests-983 @ target-host ] /home/zakkak/spring-quarkus-perf-comparison/spring-quarkus-perf-comparison/scripts/infra.sh -d
Using podman to stop containers
-----------------------------------------
[03/11/2026 18:22:07]: Stopping services
-----------------------------------------
Stopping PostgreSQL database 'fruits_db'
fruits_db
18:22:07,774 [ test-runner:run-tests-983 @ target-host ] for-each: ITERATION
18:22:07,775 [ test-runner:run-tests-983 @ target-host ] script-cmd: state-array-calc-avg
18:22:07,775 [ test-runner:run-tests-983 @ target-host ] state-array-calc-avg
18:22:07,812 [ test-runner:run-tests-983 @ target-host ] set-state: RUN.output.results.quarkus3-native.rss.avStartupRss 68.565625
18:22:07,812 [ test-runner:run-tests-983 @ target-host ] script-cmd: state-array-calc-avg
18:22:07,813 [ test-runner:run-tests-983 @ target-host ] state-array-calc-avg
18:22:07,851 [ test-runner:run-tests-983 @ target-host ] set-state: RUN.output.results.quarkus3-native.rss.avFirstRequestRss 75.33515625
18:22:07,851 [ test-runner:run-tests-983 @ target-host ] for-each: TEST = run-load-test
18:22:07,851 [ test-runner:run-tests-983 @ target-host ] script-cmd: ${{TEST}}
18:22:07,851 [ test-runner:run-tests-983 @ target-host ] run-load-test
18:22:07,851 [ test-runner:run-tests-983 @ target-host ] Running workload
18:22:08,253 [ test-runner:run-tests-983 @ target-host ] cd /home/zakkak/spring-quarkus-perf-comparison/spring-quarkus-perf-comparison/quarkus3
18:22:53,231 [ test-runner:run-tests-983 @ target-host ] ./mvnw  clean package -DskipTests -Pnative -Dquarkus.native.additional-build-args-append=--future-defaults=class-for-name-respects-class-loader
[INFO] Scanning for projects...
[WARNING] Quarkus Maven extension: an explicit 'argLine' is defined in maven-surefire-plugin config, but does not contain '@{argLine}': we will not be able to inject JVM parameters automatically. Please add '@{argLine}' to the argLine configuration you have defined.
[INFO] 
[INFO] -------------------------< org.acme:quarkus3 >--------------------------
[INFO] Building quarkus3 1.0
[INFO]   from pom.xml
[INFO] ------------------------------[ quarkus ]-------------------------------
[INFO] 
[INFO] --- clean:3.2.0:clean (default-clean) @ quarkus3 ---
[INFO] Deleting /home/zakkak/spring-quarkus-perf-comparison/spring-quarkus-perf-comparison/quarkus3/target
[INFO] 
[INFO] --- resources:3.3.1:resources (default-resources) @ quarkus3 ---
[WARNING] Using platform encoding (UTF-8 actually) to copy filtered resources, i.e. build is platform dependent!
[INFO] Copying 2 resources from src/main/resources to target/classes
[INFO] 
[INFO] --- quarkus:3.32.2:generate-code (default-generate-code) @ quarkus3 ---
[INFO] 
[INFO] --- compiler:3.15.0:compile (default-compile) @ quarkus3 ---
[INFO] Recompiling the module because of changed source code.
[WARNING] File encoding has not been set, using platform encoding UTF-8, i.e. build is platform dependent!
[INFO] Compiling 16 source files with javac [debug release 21] to target/classes
[INFO] 
[INFO] --- resources:3.3.1:testResources (default-testResources) @ quarkus3 ---
[WARNING] Using platform encoding (UTF-8 actually) to copy filtered resources, i.e. build is platform dependent!
[INFO] skip non existing resourceDirectory /home/zakkak/spring-quarkus-perf-comparison/spring-quarkus-perf-comparison/quarkus3/src/test/resources
[INFO] 
[INFO] --- quarkus:3.32.2:generate-code-tests (default-generate-code-tests) @ quarkus3 ---
[INFO] 
[INFO] --- compiler:3.15.0:testCompile (default-testCompile) @ quarkus3 ---
[INFO] Recompiling the module because of changed dependency.
[WARNING] File encoding has not been set, using platform encoding UTF-8, i.e. build is platform dependent!
[INFO] Compiling 4 source files with javac [debug release 21] to target/test-classes
[INFO] 
[INFO] --- surefire:3.5.5:test (default-test) @ quarkus3 ---
[INFO] Tests are skipped.
[INFO] 
[INFO] --- quarkus:3.32.2:build (default-build) @ quarkus3 ---
[INFO] [io.quarkus.deployment.pkg.jar.NativeImageSourceJarBuilder] Building native image source jar: /home/zakkak/spring-quarkus-perf-comparison/spring-quarkus-perf-comparison/quarkus3/target/quarkus3-native-image-source-jar/quarkus3-runner.jar
[INFO] [io.quarkus.deployment.pkg.steps.NativeImageBuildStep] Building native image from /home/zakkak/spring-quarkus-perf-comparison/spring-quarkus-perf-comparison/quarkus3/target/quarkus3-native-image-source-jar/quarkus3-runner.jar
[INFO] [io.quarkus.deployment.pkg.steps.NativeImageBuildStep] Running Quarkus native-image plugin on GRAALVM 25.1.0-dev JDK 25.0.1+8-jvmci-25.1-b14
[INFO] [io.quarkus.deployment.pkg.steps.NativeImageBuildRunner] /home/zakkak/code/graal-oracle/sdk/latest_graalvm_home/bin/native-image -J-DCoordinatorEnvironmentBean.transactionStatusManagerEnable=false -J-Dsun.nio.ch.maxUpdateArraySize=100 -J-Djava.util.logging.manager=org.jboss.logmanager.LogManager -J-Dvertx.logger-delegate-factory-class-name=io.quarkus.vertx.core.runtime.VertxLogDelegateFactory -J-Dvertx.disableDnsResolver=true -J-Dio.netty.leakDetection.level=DISABLED -J-Dio.netty.allocator.maxOrder=3 -J-Duser.language=en -J-Duser.country=IE -J-Dlogging.initial-configurator.min-level=500 -H:+UnlockExperimentalVMOptions -H:IncludeLocales=en-IE -H:-UnlockExperimentalVMOptions --enable-native-access=ALL-UNNAMED -J-Dfile.encoding=UTF-8 -J--add-exports=org.graalvm.nativeimage.builder/com.oracle.svm.core.jdk=ALL-UNNAMED --features=io.quarkus.jdbc.postgresql.runtime.graal.SQLXMLFeature,io.quarkus.hibernate.validator.runtime.DisableLoggingFeature,io.quarkus.runner.Feature,io.quarkus.runtime.graal.DisableLoggingFeature,io.quarkus.runtime.graal.JVMChecksFeature,io.quarkus.hibernate.orm.runtime.graal.RegisterServicesForReflectionFeature,io.quarkus.hibernate.orm.runtime.graal.DisableLoggingFeature,org.hibernate.graalvm.internal.GraalVMStaticFeature,io.quarkus.caffeine.runtime.graal.CacheConstructorsFeature,io.quarkus.runtime.graal.SkipConsoleServiceProvidersFeature -J--add-exports=java.security.jgss/sun.security.krb5=ALL-UNNAMED -J--add-exports=java.security.jgss/sun.security.jgss=ALL-UNNAMED -J--add-opens=java.base/java.text=ALL-UNNAMED -J--add-opens=java.base/java.io=ALL-UNNAMED -J--add-opens=java.base/java.lang.invoke=ALL-UNNAMED -J--add-opens=java.base/java.util=ALL-UNNAMED -H:+UnlockExperimentalVMOptions -H:BuildOutputJSONFile=quarkus3-runner-build-output-stats.json -H:-UnlockExperimentalVMOptions -H:+UnlockExperimentalVMOptions -H:+GenerateBuildArtifactsFile -H:-UnlockExperimentalVMOptions --future-defaults=class-for-name-respects-class-loader -H:+UnlockExperimentalVMOptions -H:+AllowFoldMethods -H:-UnlockExperimentalVMOptions -J-Djava.awt.headless=true --no-fallback --link-at-build-time -H:+UnlockExperimentalVMOptions -H:+ReportExceptionStackTraces -H:-UnlockExperimentalVMOptions -H:-AddAllCharsets --enable-url-protocols=http,https -H:NativeLinkerOption=-no-pie --enable-monitoring=heapdump,threaddump -H:+UnlockExperimentalVMOptions -H:-UseServiceLoaderFeature -H:-UnlockExperimentalVMOptions -J--add-exports=org.graalvm.nativeimage/org.graalvm.nativeimage.impl=ALL-UNNAMED --exclude-config io\.netty\.netty-codec /META-INF/native-image/io\.netty/netty-codec/generated/handlers/reflect-config\.json --exclude-config io\.netty\.netty-handler /META-INF/native-image/io\.netty/netty-handler/generated/handlers/reflect-config\.json quarkus3-runner -jar quarkus3-runner.jar
Warning: Using a deprecated option --no-fallback from command line. No effect, no replacement available
Warning: Option 'FallbackThreshold' is deprecated and might be removed in a future release: It no longer has any effect, and no replacement is available. Please refer to the GraalVM release notes.
Warning: Option 'DynamicProxyConfigurationResources' is deprecated and might be removed in a future release: This can be caused by a proxy-config.json file in your META-INF directory. Consider including proxy configuration in the reflection section of reachability-metadata.json instead.. Please refer to the GraalVM release notes.
========================================================================================================================
GraalVM Native Image: Generating 'quarkus3-runner' (executable)...
========================================================================================================================
For detailed information and explanations on the build output, visit:
https://github.com/oracle/graal/blob/master/docs/reference-manual/native-image/BuildOutput.md
------------------------------------------------------------------------------------------------------------------------
[1/8] Initializing...                                                                                   (4.1s @ 0.44GiB)
 Builder configuration:
 - Java version: 25.0.1+8, vendor version: GraalVM CE 25.1.0-dev+8.1
 - Graal compiler: optimization level: 2, target machine: x86-64-v3
 - C compiler: gcc (redhat, x86_64, 15.2.1)
 - Assertions: disabled, system assertions: disabled
 - 11 user-specific feature(s):
   - io.quarkus.caffeine.runtime.graal.CacheConstructorsFeature
   - io.quarkus.hibernate.orm.runtime.graal.DisableLoggingFeature: Disables INFO logging during the analysis phase
   - io.quarkus.hibernate.orm.runtime.graal.RegisterServicesForReflectionFeature: Makes methods of reachable Hibernate services accessible through Class#getMethods()
   - io.quarkus.hibernate.validator.runtime.DisableLoggingFeature: Disables INFO logging during the analysis phase for the [org.hibernate.validator.internal.util.Version] categories
   - io.quarkus.jdbc.postgresql.runtime.graal.SQLXMLFeature
   - io.quarkus.runner.Feature: Auto-generated class by Quarkus from the existing extensions
   - io.quarkus.runtime.graal.DisableLoggingFeature: Adapts logging during the analysis phase
   - io.quarkus.runtime.graal.JVMChecksFeature
   - io.quarkus.runtime.graal.SkipConsoleServiceProvidersFeature: Skip unsupported console service providers when quarkus.native.auto-service-loader-registration is false
   - org.eclipse.angus.activation.nativeimage.AngusActivationFeature
   - org.hibernate.graalvm.internal.GraalVMStaticFeature: Hibernate ORM's static reflection registrations for GraalVM
 Image configuration:
 - Garbage collector: Serial GC (max heap size: 80% of RAM)
 - Assertions: disabled (class-specific config may apply), system assertions: disabled
------------------------------------------------------------------------------------------------------------------------
 5 experimental option(s) unlocked:
 - '-H:+AllowFoldMethods' (origin(s): command line)
 - '-H:BuildOutputJSONFile' (origin(s): command line)
 - '-H:-UseServiceLoaderFeature' (origin(s): command line)
 - '-H:+GenerateBuildArtifactsFile' (origin(s): command line)
 - '-H:AddOpens' (alternative API option(s): --add-opens java.base/java.lang=ALL-UNNAMED; origin(s): command line)
------------------------------------------------------------------------------------------------------------------------
Build resources:
 - 30.00GiB of memory (48.4% of system memory, capped at 30GiB)
 - 32 thread(s) (100.0% of 32 available processor(s), determined at start)
[2/8] Performing analysis...  [******]                                                                  (8.7s @ 2.31GiB)
   22,743 types,  29,391 fields, and 107,013 methods found reachable
    7,984 types,     169 fields, and   5,251 methods registered for reflection
       63 types,      69 fields, and      55 methods registered for JNI access
      105 resource accesses registered with 188.29KiB total size
        4 native libraries: dl, pthread, rt, z
[3/8] Building universe...                                                                              (2.7s @ 2.54GiB)
[4/8] Parsing methods...      [*]                                                                       (1.2s @ 2.76GiB)
[5/8] Inlining methods...     [****]                                                                    (0.9s @ 3.19GiB)
[6/8] Compiling methods...    [***]                                                                     (8.1s @ 2.32GiB)
[7/8] Laying out methods...   [***]                                                                     (5.8s @ 2.90GiB)
[8/8] Creating image...       [**]                                                                      (3.8s @ 3.30GiB)
  36.27MiB (40.94%) for code area:    71,587 compilation units
  45.94MiB (51.85%) for image heap:  531,043 objects and 16 resources
   6.38MiB ( 7.21%) for other data
  88.59MiB in total image size, 82.82MiB in total file size
------------------------------------------------------------------------------------------------------------------------
Top 10 origins of code area:                                Top 10 object types in image heap:
   1.52MiB java.base/sun.security.ssl                         11.60MiB byte[] for code metadata
   1.05MiB java.base/java.util                                 6.58MiB byte[] for string data
 851.83KiB o.g.n.runtime/com.oracle.svm.core.code              4.34MiB o.g.n.runtime/c.o.s.core.hub.DynamicHubCompanion
 697.23KiB java.base/com.sun.crypto.provider                   4.18MiB java.base/java.lang.String
 637.13KiB jdk.proxy4/jdk.proxy4                               3.38MiB java.base/java.lang.Class
 540.90KiB java.base/java.lang                                 1.84MiB byte[] for general heap data
 532.11KiB io.netty.buffer                                     1.44MiB byte[] for reflection metadata
 506.28KiB java.base/java.lang.invoke                          1.18MiB java.base/java.lang.Object[]
 468.03KiB org.postgresql.jdbc                               962.25KiB java.base/j.u.concurrent.ConcurrentHashMap$Node
 460.62KiB org.hibernate.query.hql.internal                  831.38KiB java.base/java.lang.reflect.Method
  28.06MiB for 989 more packages                               9.66MiB for 5229 more object types
------------------------------------------------------------------------------------------------------------------------
Recommendations:
 FUTR: Use '--future-defaults=all' to prepare for future releases.
 HEAP: Set max heap for improved and more predictable memory usage.
 CPU:  Enable more CPU features with '-march=native' for improved performance.
------------------------------------------------------------------------------------------------------------------------
                       2.9s (7.8% of total time) in 273 GCs | Peak RSS: 4.78GiB | CPU load: 15.46
------------------------------------------------------------------------------------------------------------------------
Build artifacts:
 /home/zakkak/spring-quarkus-perf-comparison/spring-quarkus-perf-comparison/quarkus3/target/quarkus3-native-image-source-jar/build-artifacts.json (build_info, 92B)
 /home/zakkak/spring-quarkus-perf-comparison/spring-quarkus-perf-comparison/quarkus3/target/quarkus3-native-image-source-jar/quarkus3-runner (executable, 82.82MiB)
 /home/zakkak/spring-quarkus-perf-comparison/spring-quarkus-perf-comparison/quarkus3/target/quarkus3-native-image-source-jar/quarkus3-runner-build-output-stats.json (build_info, 1.00KiB)
========================================================================================================================
Finished generating 'quarkus3-runner' in 36.6s.

The build process encountered 3 warnings.

[INFO] [io.quarkus.deployment.pkg.steps.NativeImageBuildRunner] objcopy --strip-debug quarkus3-runner
[INFO] [io.quarkus.deployment.QuarkusAugmentor] Quarkus augmentation completed in 40362ms
[INFO] ------------------------------------------------------------------------
[INFO] BUILD SUCCESS
[INFO] ------------------------------------------------------------------------
[INFO] Total time:  43.746 s
[INFO] Finished at: 2026-03-11T18:22:52+02:00
[INFO] ------------------------------------------------------------------------
18:22:53,231 [ test-runner:run-tests-983 @ target-host ] set-state: APP_LOG_REGEX .*quarkus3.+started in.*
18:22:53,273 [ test-runner:run-tests-983 @ target-host ] for-each: ITERATION = 0
18:22:53,274 [ test-runner:run-tests-983 @ target-host ] set-state: LOG_FILE /home/zakkak/spring-quarkus-perf-comparison/logs/load-test-quarkus3-native-0.log
18:22:53,679 [ test-runner:run-tests-983 @ target-host ] touch /home/zakkak/spring-quarkus-perf-comparison/logs/load-test-quarkus3-native-0.log
18:22:53,679 [ test-runner:run-tests-983 @ target-host ] queue-download: ${{REPO_DIR}}/logs/wrk-warmup-${{RUNTIME.name}}-${{ITERATION}}.log=/home/zakkak/spring-quarkus-perf-comparison/logs/wrk-warmup-quarkus3-native-0.log ../../20260311/class-for-name-respects-class-loader/target-host/
18:22:53,679 [ test-runner:run-tests-983 @ target-host ] queue-download: ${{LOG_FILE}}=/home/zakkak/spring-quarkus-perf-comparison/logs/load-test-quarkus3-native-0.log ../../20260311/class-for-name-respects-class-loader/target-host/
18:22:53,679 [ test-runner:run-tests-983 @ target-host ] queue-download: ${{REPO_DIR}}/logs/wrk-${{RUNTIME.name}}-${{ITERATION}}.log=/home/zakkak/spring-quarkus-perf-comparison/logs/wrk-quarkus3-native-0.log ../../20260311/class-for-name-respects-class-loader/target-host/
18:22:53,679 [ test-runner:run-tests-983 @ target-host ] script-cmd: start-test-services
18:22:53,679 [ test-runner:run-tests-983 @ target-host ] start-test-services
18:23:04,751 [ test-runner:run-tests-983 @ target-host ] /home/zakkak/spring-quarkus-perf-comparison/spring-quarkus-perf-comparison/scripts/infra.sh -c 3 -p '4-6' -s
Using podman to start containers
-----------------------------------------
[03/11/2026 18:22:53]: Starting services
-----------------------------------------
Starting PostgreSQL database 'fruits_db'
PostgreSQL DB process: 7d57f68282c6175368ac2d71a17ce562caf46ad9845587245532d49a1e500009
Waiting for PostgreSQL to be ready...
localhost:5432 - no response
localhost:5432 - no response
localhost:5432 - accepting connections
18:23:04,751 [ test-runner:run-tests-983 @ target-host ] script-cmd: sync-drop-fs-cache
18:23:04,751 [ test-runner:run-tests-983 @ target-host ] sync-drop-fs-cache
18:23:04,751 [ test-runner:run-tests-983 @ target-host ] read-state: true
18:23:04,751 [ test-runner:run-tests-983 @ target-host ] regex: true
18:23:05,395 [ test-runner:run-tests-983 @ target-host ] sync
18:23:05,395 [ test-runner:run-tests-983 @ target-host ] script-cmd: sync-drop-fs-cache-${{os}}
18:23:05,395 [ test-runner:run-tests-983 @ target-host ] sync-drop-fs-cache-linux
18:23:05,396 [ test-runner:run-tests-983 @ target-host ] script-cmd: sudo
18:23:05,396 [ test-runner:run-tests-983 @ target-host ] sudo
18:23:05,396 [ test-runner:run-tests-983 @ target-host ] script-cmd: sudo-${{os}}
18:23:05,396 [ test-runner:run-tests-983 @ target-host ] sudo-linux
18:23:06,270 [ test-runner:run-tests-983 @ target-host ] sudo sh -c "echo 3 > /proc/sys/vm/drop_caches"
]3008;start=4f174e85c0ce42198851262db8159b15;user=zakkak;hostname=blanc;machineid=f469a615e9ef4e81b7d5be080a5de373;bootid=0e917e08584a49cb891ef04366e00ace;pid=272190;pidfdid=272191;comm=sudo;targetuser=root;sessionid=c243;type=session\]3008;end=4f174e85c0ce42198851262db8159b15\
18:23:06,279 [ test-runner:run-tests-983 @ target-host ] set-signal: LOAD_STEADY_STATE_START 1
18:23:06,279 [ test-runner:run-tests-983 @ target-host ] set-signal: LOG_REGEX_REACHED 1
18:23:06,682 [ test-runner:run-tests-983 @ target-host ] taskset --cpu-list 0-3 /home/zakkak/spring-quarkus-perf-comparison/spring-quarkus-perf-comparison/quarkus3/target/quarkus3-runner  &>/home/zakkak/spring-quarkus-perf-comparison/logs/load-test-quarkus3-native-0.log &
[1] 272220
18:23:07,084 [ test-runner:run-tests-983 @ target-host ] PID=$!
18:23:07,485 [ test-runner:run-tests-983 @ target-host ] echo $PID
272220
18:23:07,485 [ test-runner:run-tests-983 @ target-host ] set-state: JVM_PID 272220
18:23:07,486 [ test-runner:run-tests-983 @ target-host ] script-cmd: monitor-processes
18:23:07,486 [ test-runner:run-tests-983 @ target-host ] monitor-processes
18:23:07,486 [ test-runner:run-tests-983 @ target-host ] set-signal: LOAD_TEST_COMPLETE 1
18:23:07,932 [ test-runner:run-tests-983 @ target-host ] script-cmd: monitor-process
18:23:07,932 [ :monitor-process-1906 @ target-host ] monitor-process
18:23:07,932 [ :monitor-process-1906 @ target-host ] queue-download: ${{log_file}}=/home/zakkak/spring-quarkus-perf-comparison/logs/pidstat-quarkus3-native-0.log ../../20260311/class-for-name-respects-class-loader/target-host/
18:23:08,307 [ test-runner:run-tests-983 @ target-host ] script-cmd: monitor-process
18:23:08,307 [ :monitor-process-1914 @ target-host ] monitor-process
18:23:08,307 [ :monitor-process-1914 @ target-host ] queue-download: ${{log_file}}=/home/zakkak/spring-quarkus-perf-comparison/logs/mpstat-quarkus3-native-0.log ../../20260311/class-for-name-respects-class-loader/target-host/
18:23:08,435 [ :monitor-process-1906 @ target-host ] taskset --cpu-list 11 pidstat -u -p 272220 1 &>/home/zakkak/spring-quarkus-perf-comparison/logs/pidstat-quarkus3-native-0.log &
[1] 272339
18:23:08,682 [ test-runner:run-tests-983 @ target-host ] script-cmd: monitor-process
18:23:08,682 [ :monitor-process-1923 @ target-host ] monitor-process
18:23:08,682 [ test-runner:run-tests-983 @ target-host ] script-cmd: monitor-postgres
18:23:08,682 [ test-runner:run-tests-983 @ target-host ] monitor-postgres
18:23:08,682 [ :monitor-process-1923 @ target-host ] queue-download: ${{log_file}}=/home/zakkak/spring-quarkus-perf-comparison/logs/vmstat-quarkus3-native-0.log ../../20260311/class-for-name-respects-class-loader/target-host/
18:23:08,810 [ :monitor-process-1914 @ target-host ] taskset --cpu-list 11 mpstat -P ALL 1 &>/home/zakkak/spring-quarkus-perf-comparison/logs/mpstat-quarkus3-native-0.log &
[1] 272423
18:23:08,837 [ :monitor-process-1906 @ target-host ] PROCESS_PID=$!
18:23:09,084 [ :monitor-process-1923 @ target-host ] taskset --cpu-list 11 vmstat 1 &>/home/zakkak/spring-quarkus-perf-comparison/logs/vmstat-quarkus3-native-0.log &
[1] 272506
18:23:09,123 [ test-runner:run-tests-983 @ target-host ] POSTGRES_PID=$(/home/zakkak/spring-quarkus-perf-comparison/spring-quarkus-perf-comparison/scripts/infra.sh -r)
18:23:09,211 [ :monitor-process-1914 @ target-host ] PROCESS_PID=$!
18:23:09,239 [ :monitor-process-1906 @ target-host ] echo $PROCESS_PID
272339
18:23:09,239 [ :monitor-process-1906 @ target-host ] set-state: PROCESS_PID 272339
18:23:09,486 [ :monitor-process-1923 @ target-host ] PROCESS_PID=$!
18:23:09,525 [ test-runner:run-tests-983 @ target-host ] echo $POSTGRES_PID
271931
18:23:09,525 [ test-runner:run-tests-983 @ target-host ] set-state: POSTGRES_PID 271931
18:23:09,613 [ :monitor-process-1914 @ target-host ] echo $PROCESS_PID
272423
18:23:09,613 [ :monitor-process-1914 @ target-host ] set-state: PROCESS_PID 272423
18:23:09,888 [ :monitor-process-1923 @ target-host ] echo $PROCESS_PID
272506
18:23:09,888 [ :monitor-process-1923 @ target-host ] set-state: PROCESS_PID 272506
18:23:09,900 [ test-runner:run-tests-983 @ target-host ] script-cmd: monitor-process
18:23:09,901 [ :monitor-process-1939 @ target-host ] monitor-process
18:23:09,901 [ :monitor-process-1939 @ target-host ] queue-download: ${{log_file}}=/home/zakkak/spring-quarkus-perf-comparison/logs/postgres-pidstat-quarkus3-native-0.log ../../20260311/class-for-name-respects-class-loader/target-host/
18:23:09,901 [ test-runner:run-tests-983 @ target-host ] JVM_PID = 272220
18:23:09,901 [ test-runner:run-tests-983 @ target-host ] read-state: none
18:23:10,274 [ test-runner:run-tests-983 @ target-host ] script-cmd: watch-log
18:23:10,274 [ :watch-log-1948 @ target-host ] watch-log
18:23:10,286 [ :watch-log-1948 @ target-host ] regex: ${{log_regex}}
18:23:10,286 [ :watch-log-1948 @ target-host ] ctrlC
18:23:10,287 [ :watch-log-1948 @ target-host ] reached LOG_REGEX_REACHED
18:23:10,287 [ test-runner:run-tests-983 @ target-host ] wait-for: LOG_REGEX_REACHED
18:23:10,287 [ :watch-log-1948 @ target-host ] signal: LOG_REGEX_REACHED
18:23:10,404 [ :monitor-process-1939 @ target-host ] taskset --cpu-list 11 pidstat -u -p $(pgrep -d , -P 271931) 1 &>/home/zakkak/spring-quarkus-perf-comparison/logs/postgres-pidstat-quarkus3-native-0.log &
[1] 272623
18:23:10,688 [ :watch-log-1948 @ target-host ] tail -f /home/zakkak/spring-quarkus-perf-comparison/logs/load-test-quarkus3-native-0.log
__  ____  __  _____   ___  __ ____  ______ 
 --/ __ \/ / / / _ | / _ \/ //_/ / / / __/ 
 -/ /_/ / /_/ / __ |/ , _/ ,< / /_/ /\ \   
--\___\_\____/_/ |_/_/|_/_/|_|\____/___/   
2026-03-11 18:23:06,431 INFO  [io.quarkus] (main) quarkus3 1.0 native (powered by Quarkus 999-SNAPSHOT) started in 0.069s. Listening on: http://0.0.0.0:8080
2026-03-11 18:23:06,431 INFO  [io.quarkus] (main) Profile prod activated. 
2026-03-11 18:23:06,431 INFO  [io.quarkus] (main) Installed features: [agroal, cdi, config-yaml, hibernate-orm, hibernate-orm-panache, hibernate-validator, jdbc-postgresql, narayana-jta, rest, rest-jackson, smallrye-context-propagation, smallrye-health, vertx]
18:23:10,805 [ :monitor-process-1939 @ target-host ] PROCESS_PID=$!
18:23:11,207 [ :monitor-process-1939 @ target-host ] echo $PROCESS_PID
272623
18:23:11,207 [ :monitor-process-1939 @ target-host ] set-state: PROCESS_PID 272623
18:25:20,272 [ test-runner:run-tests-983 @ target-host ] taskset --cpu-list 7-9 jbang -R -XX:+UseNUMA wrk@hyperfoil -t 2 -c 100 -d 2m --timeout 2m http://localhost:8080/fruits 2>&1 >/home/zakkak/spring-quarkus-perf-comparison/logs/wrk-warmup-quarkus3-native-0.log
18:25:50,273 [ test-runner:run-tests-983 @ target-host ] sleep: 30s
18:25:50,273 [ :monitor-process-1914 @ target-host ] reached LOAD_STEADY_STATE_START
18:25:50,273 [ test-runner:run-tests-983 @ target-host ] signal: LOAD_STEADY_STATE_START
18:26:29,945 [ test-runner:run-tests-983 @ target-host ] taskset --cpu-list 7-9 jbang -R -XX:+UseNUMA wrk@hyperfoil -t 2 -c 100 -d 30s --timeout 30s http://localhost:8080/fruits 2>&1 >/home/zakkak/spring-quarkus-perf-comparison/logs/wrk-quarkus3-native-0.log
18:26:30,360 [ test-runner:run-tests-983 @ target-host ] cat /home/zakkak/spring-quarkus-perf-comparison/logs/wrk-quarkus3-native-0.log | grep "Requests/sec" | awk '{print $2}'
16229.87
18:26:30,360 [ test-runner:run-tests-983 @ target-host ] set-state: THROUGHPUT 16229.87
18:26:30,360 [ test-runner:run-tests-983 @ target-host ] script-cmd: state-array-push
18:26:30,360 [ test-runner:run-tests-983 @ target-host ] state-array-push
18:26:30,448 [ test-runner:run-tests-983 @ target-host ] set-state: RUN.output.results.quarkus3-native.load.throughput [16229.87]
18:26:30,852 [ test-runner:run-tests-983 @ target-host ] cat /home/zakkak/spring-quarkus-perf-comparison/logs/wrk-quarkus3-native-0.log | grep "Socket errors:" | sed -E 's/.*connectionErrors ([0-9]+).*/\1/'
18:26:30,852 [ test-runner:run-tests-983 @ target-host ] regex: ^$
18:26:30,853 [ test-runner:run-tests-983 @ target-host ] set-state: CONNECTION_ERRORS 0
18:26:30,853 [ test-runner:run-tests-983 @ target-host ] script-cmd: state-array-push
18:26:30,853 [ test-runner:run-tests-983 @ target-host ] state-array-push
18:26:30,927 [ test-runner:run-tests-983 @ target-host ] set-state: RUN.output.results.quarkus3-native.load.connectionErrors [0]
18:26:31,331 [ test-runner:run-tests-983 @ target-host ] cat /home/zakkak/spring-quarkus-perf-comparison/logs/wrk-quarkus3-native-0.log | grep "Socket errors:" | sed -E 's/.*requestTimeouts ([0-9]+)/\1/'
18:26:31,331 [ test-runner:run-tests-983 @ target-host ] regex: ^$
18:26:31,331 [ test-runner:run-tests-983 @ target-host ] set-state: REQUEST_TIMEOUTS 0
18:26:31,331 [ test-runner:run-tests-983 @ target-host ] script-cmd: state-array-push
18:26:31,331 [ test-runner:run-tests-983 @ target-host ] state-array-push
18:26:31,406 [ test-runner:run-tests-983 @ target-host ] set-state: RUN.output.results.quarkus3-native.load.requestTimeouts [0]
18:26:31,824 [ test-runner:run-tests-983 @ target-host ] pmap -x $PID | grep total | awk '{print $4}'
165528
18:26:31,824 [ test-runner:run-tests-983 @ target-host ] set-state: RSS 165528
18:26:31,845 [ test-runner:run-tests-983 @ target-host ] script-cmd: state-array-push
18:26:31,845 [ test-runner:run-tests-983 @ target-host ] state-array-push
18:26:31,930 [ test-runner:run-tests-983 @ target-host ] set-state: RUN.output.results.quarkus3-native.load.rss [161.6484375]
18:26:31,949 [ test-runner:run-tests-983 @ target-host ] script-cmd: state-array-push
18:26:31,949 [ test-runner:run-tests-983 @ target-host ] state-array-push
18:26:32,026 [ test-runner:run-tests-983 @ target-host ] set-state: RUN.output.results.quarkus3-native.load.throughputDensity [100.40226958581026]
18:26:32,026 [ test-runner:run-tests-983 @ target-host ] reached LOAD_TEST_COMPLETE
18:26:32,026 [ :monitor-process-1906 @ target-host ] wait-for: LOAD_TEST_COMPLETE
18:26:32,026 [ :monitor-process-1914 @ target-host ] wait-for: LOAD_TEST_COMPLETE
18:26:32,026 [ :monitor-process-1923 @ target-host ] wait-for: LOAD_TEST_COMPLETE
18:26:32,026 [ :monitor-process-1939 @ target-host ] wait-for: LOAD_TEST_COMPLETE
18:26:32,026 [ test-runner:run-tests-983 @ target-host ] signal: LOAD_TEST_COMPLETE
18:26:32,428 [ :monitor-process-1906 @ target-host ] kill -15 $PROCESS_PID
bash: kill: (272339) - No such process
18:26:32,428 [ :monitor-process-1939 @ target-host ] kill -15 $PROCESS_PID
bash: kill: (272623) - No such process
18:26:32,428 [ :monitor-process-1914 @ target-host ] kill -15 $PROCESS_PID
bash: kill: (272423) - No such process
18:26:32,528 [ test-runner:run-tests-983 @ target-host ] kill -15 $PID
18:26:32,528 [ :monitor-process-1923 @ target-host ] kill -15 $PROCESS_PID
18:26:34,940 [ test-runner:run-tests-983 @ target-host ] sleep 2
18:26:34,940 [ test-runner:run-tests-983 @ target-host ] script-cmd: stop-test-services
18:26:34,940 [ test-runner:run-tests-983 @ target-host ] stop-test-services
18:26:35,590 [ test-runner:run-tests-983 @ target-host ] /home/zakkak/spring-quarkus-perf-comparison/spring-quarkus-perf-comparison/scripts/infra.sh -d
Using podman to stop containers
-----------------------------------------
[03/11/2026 18:26:34]: Stopping services
-----------------------------------------
Stopping PostgreSQL database 'fruits_db'
fruits_db
18:26:35,662 [ test-runner:run-tests-983 @ target-host ] for-each: ITERATION = 1
18:26:35,663 [ test-runner:run-tests-983 @ target-host ] set-state: LOG_FILE /home/zakkak/spring-quarkus-perf-comparison/logs/load-test-quarkus3-native-1.log
18:26:36,067 [ test-runner:run-tests-983 @ target-host ] touch /home/zakkak/spring-quarkus-perf-comparison/logs/load-test-quarkus3-native-1.log
18:26:36,067 [ test-runner:run-tests-983 @ target-host ] queue-download: ${{REPO_DIR}}/logs/wrk-warmup-${{RUNTIME.name}}-${{ITERATION}}.log=/home/zakkak/spring-quarkus-perf-comparison/logs/wrk-warmup-quarkus3-native-1.log ../../20260311/class-for-name-respects-class-loader/target-host/
18:26:36,068 [ test-runner:run-tests-983 @ target-host ] queue-download: ${{LOG_FILE}}=/home/zakkak/spring-quarkus-perf-comparison/logs/load-test-quarkus3-native-1.log ../../20260311/class-for-name-respects-class-loader/target-host/
18:26:36,068 [ test-runner:run-tests-983 @ target-host ] queue-download: ${{REPO_DIR}}/logs/wrk-${{RUNTIME.name}}-${{ITERATION}}.log=/home/zakkak/spring-quarkus-perf-comparison/logs/wrk-quarkus3-native-1.log ../../20260311/class-for-name-respects-class-loader/target-host/
18:26:36,068 [ test-runner:run-tests-983 @ target-host ] script-cmd: start-test-services
18:26:36,068 [ test-runner:run-tests-983 @ target-host ] start-test-services
18:26:47,160 [ test-runner:run-tests-983 @ target-host ] /home/zakkak/spring-quarkus-perf-comparison/spring-quarkus-perf-comparison/scripts/infra.sh -c 3 -p '4-6' -s
Using podman to start containers
-----------------------------------------
[03/11/2026 18:26:36]: Starting services
-----------------------------------------
Starting PostgreSQL database 'fruits_db'
PostgreSQL DB process: d865f65268bc97f2a12bbffab2e25b3cb3a7fb0b6222a8d396502991c809089e
Waiting for PostgreSQL to be ready...
localhost:5432 - no response
localhost:5432 - no response
localhost:5432 - accepting connections
18:26:47,160 [ test-runner:run-tests-983 @ target-host ] script-cmd: sync-drop-fs-cache
18:26:47,160 [ test-runner:run-tests-983 @ target-host ] sync-drop-fs-cache
18:26:47,161 [ test-runner:run-tests-983 @ target-host ] read-state: true
18:26:47,161 [ test-runner:run-tests-983 @ target-host ] regex: true
18:26:47,732 [ test-runner:run-tests-983 @ target-host ] sync
18:26:47,733 [ test-runner:run-tests-983 @ target-host ] script-cmd: sync-drop-fs-cache-${{os}}
18:26:47,733 [ test-runner:run-tests-983 @ target-host ] sync-drop-fs-cache-linux
18:26:47,733 [ test-runner:run-tests-983 @ target-host ] script-cmd: sudo
18:26:47,733 [ test-runner:run-tests-983 @ target-host ] sudo
18:26:47,734 [ test-runner:run-tests-983 @ target-host ] script-cmd: sudo-${{os}}
18:26:47,734 [ test-runner:run-tests-983 @ target-host ] sudo-linux
18:26:48,926 [ test-runner:run-tests-983 @ target-host ] sudo sh -c "echo 3 > /proc/sys/vm/drop_caches"
]3008;start=421d97aa15c546caa8689c9412bd604c;user=zakkak;hostname=blanc;machineid=f469a615e9ef4e81b7d5be080a5de373;bootid=0e917e08584a49cb891ef04366e00ace;pid=274045;pidfdid=274046;comm=sudo;targetuser=root;sessionid=c244;type=session\]3008;end=421d97aa15c546caa8689c9412bd604c\
18:26:48,927 [ test-runner:run-tests-983 @ target-host ] set-signal: LOAD_STEADY_STATE_START 1
18:26:48,928 [ test-runner:run-tests-983 @ target-host ] set-signal: LOG_REGEX_REACHED 1
18:26:49,330 [ test-runner:run-tests-983 @ target-host ] taskset --cpu-list 0-3 /home/zakkak/spring-quarkus-perf-comparison/spring-quarkus-perf-comparison/quarkus3/target/quarkus3-runner  &>/home/zakkak/spring-quarkus-perf-comparison/logs/load-test-quarkus3-native-1.log &
[1] 274077
18:26:49,732 [ test-runner:run-tests-983 @ target-host ] PID=$!
18:26:50,134 [ test-runner:run-tests-983 @ target-host ] echo $PID
274077
18:26:50,134 [ test-runner:run-tests-983 @ target-host ] set-state: JVM_PID 274077
18:26:50,134 [ test-runner:run-tests-983 @ target-host ] script-cmd: monitor-processes
18:26:50,134 [ test-runner:run-tests-983 @ target-host ] monitor-processes
18:26:50,134 [ test-runner:run-tests-983 @ target-host ] set-signal: LOAD_TEST_COMPLETE 1
18:26:50,602 [ test-runner:run-tests-983 @ target-host ] script-cmd: monitor-process
18:26:50,603 [ :monitor-process-1999 @ target-host ] monitor-process
18:26:50,603 [ :monitor-process-1999 @ target-host ] queue-download: ${{log_file}}=/home/zakkak/spring-quarkus-perf-comparison/logs/pidstat-quarkus3-native-1.log ../../20260311/class-for-name-respects-class-loader/target-host/
18:26:50,977 [ test-runner:run-tests-983 @ target-host ] script-cmd: monitor-process
18:26:50,977 [ :monitor-process-2007 @ target-host ] monitor-process
18:26:50,977 [ :monitor-process-2007 @ target-host ] queue-download: ${{log_file}}=/home/zakkak/spring-quarkus-perf-comparison/logs/mpstat-quarkus3-native-1.log ../../20260311/class-for-name-respects-class-loader/target-host/
18:26:51,106 [ :monitor-process-1999 @ target-host ] taskset --cpu-list 11 pidstat -u -p 274077 1 &>/home/zakkak/spring-quarkus-perf-comparison/logs/pidstat-quarkus3-native-1.log &
[1] 274196
18:26:51,351 [ test-runner:run-tests-983 @ target-host ] script-cmd: monitor-process
18:26:51,351 [ test-runner:run-tests-983 @ target-host ] script-cmd: monitor-postgres
18:26:51,351 [ test-runner:run-tests-983 @ target-host ] monitor-postgres
18:26:51,351 [ :monitor-process-2016 @ target-host ] monitor-process
18:26:51,352 [ :monitor-process-2016 @ target-host ] queue-download: ${{log_file}}=/home/zakkak/spring-quarkus-perf-comparison/logs/vmstat-quarkus3-native-1.log ../../20260311/class-for-name-respects-class-loader/target-host/
18:26:51,480 [ :monitor-process-2007 @ target-host ] taskset --cpu-list 11 mpstat -P ALL 1 &>/home/zakkak/spring-quarkus-perf-comparison/logs/mpstat-quarkus3-native-1.log &
[1] 274278
18:26:51,507 [ :monitor-process-1999 @ target-host ] PROCESS_PID=$!
18:26:51,754 [ :monitor-process-2016 @ target-host ] taskset --cpu-list 11 vmstat 1 &>/home/zakkak/spring-quarkus-perf-comparison/logs/vmstat-quarkus3-native-1.log &
[1] 274362
18:26:51,788 [ test-runner:run-tests-983 @ target-host ] POSTGRES_PID=$(/home/zakkak/spring-quarkus-perf-comparison/spring-quarkus-perf-comparison/scripts/infra.sh -r)
18:26:51,882 [ :monitor-process-2007 @ target-host ] PROCESS_PID=$!
18:26:51,909 [ :monitor-process-1999 @ target-host ] echo $PROCESS_PID
274196
18:26:51,909 [ :monitor-process-1999 @ target-host ] set-state: PROCESS_PID 274196
18:26:52,155 [ :monitor-process-2016 @ target-host ] PROCESS_PID=$!
18:26:52,189 [ test-runner:run-tests-983 @ target-host ] echo $POSTGRES_PID
273787
18:26:52,189 [ test-runner:run-tests-983 @ target-host ] set-state: POSTGRES_PID 273787
18:26:52,283 [ :monitor-process-2007 @ target-host ] echo $PROCESS_PID
274278
18:26:52,283 [ :monitor-process-2007 @ target-host ] set-state: PROCESS_PID 274278
18:26:52,557 [ :monitor-process-2016 @ target-host ] echo $PROCESS_PID
274362
18:26:52,557 [ :monitor-process-2016 @ target-host ] set-state: PROCESS_PID 274362
18:26:52,565 [ test-runner:run-tests-983 @ target-host ] script-cmd: monitor-process
18:26:52,565 [ :monitor-process-2032 @ target-host ] monitor-process
18:26:52,565 [ test-runner:run-tests-983 @ target-host ] JVM_PID = 274077
18:26:52,566 [ :monitor-process-2032 @ target-host ] queue-download: ${{log_file}}=/home/zakkak/spring-quarkus-perf-comparison/logs/postgres-pidstat-quarkus3-native-1.log ../../20260311/class-for-name-respects-class-loader/target-host/
18:26:52,566 [ test-runner:run-tests-983 @ target-host ] read-state: none
18:26:52,938 [ test-runner:run-tests-983 @ target-host ] script-cmd: watch-log
18:26:52,938 [ :watch-log-2041 @ target-host ] watch-log
18:26:52,949 [ :watch-log-2041 @ target-host ] regex: ${{log_regex}}
18:26:52,949 [ :watch-log-2041 @ target-host ] ctrlC
18:26:52,949 [ :watch-log-2041 @ target-host ] reached LOG_REGEX_REACHED
18:26:52,949 [ test-runner:run-tests-983 @ target-host ] wait-for: LOG_REGEX_REACHED
18:26:52,949 [ :watch-log-2041 @ target-host ] signal: LOG_REGEX_REACHED
18:26:53,069 [ :monitor-process-2032 @ target-host ] taskset --cpu-list 11 pidstat -u -p $(pgrep -d , -P 273787) 1 &>/home/zakkak/spring-quarkus-perf-comparison/logs/postgres-pidstat-quarkus3-native-1.log &
[1] 274477
18:26:53,351 [ :watch-log-2041 @ target-host ] tail -f /home/zakkak/spring-quarkus-perf-comparison/logs/load-test-quarkus3-native-1.log
__  ____  __  _____   ___  __ ____  ______ 
 --/ __ \/ / / / _ | / _ \/ //_/ / / / __/ 
 -/ /_/ / /_/ / __ |/ , _/ ,< / /_/ /\ \   
--\___\_\____/_/ |_/_/|_/_/|_|\____/___/   
2026-03-11 18:26:49,070 INFO  [io.quarkus] (main) quarkus3 1.0 native (powered by Quarkus 999-SNAPSHOT) started in 0.067s. Listening on: http://0.0.0.0:8080
2026-03-11 18:26:49,070 INFO  [io.quarkus] (main) Profile prod activated. 
2026-03-11 18:26:49,070 INFO  [io.quarkus] (main) Installed features: [agroal, cdi, config-yaml, hibernate-orm, hibernate-orm-panache, hibernate-validator, jdbc-postgresql, narayana-jta, rest, rest-jackson, smallrye-context-propagation, smallrye-health, vertx]
18:26:53,470 [ :monitor-process-2032 @ target-host ] PROCESS_PID=$!
18:26:53,872 [ :monitor-process-2032 @ target-host ] echo $PROCESS_PID
274477
18:26:53,872 [ :monitor-process-2032 @ target-host ] set-state: PROCESS_PID 274477
18:29:02,914 [ test-runner:run-tests-983 @ target-host ] taskset --cpu-list 7-9 jbang -R -XX:+UseNUMA wrk@hyperfoil -t 2 -c 100 -d 2m --timeout 2m http://localhost:8080/fruits 2>&1 >/home/zakkak/spring-quarkus-perf-comparison/logs/wrk-warmup-quarkus3-native-1.log
18:29:32,914 [ test-runner:run-tests-983 @ target-host ] sleep: 30s
18:29:32,914 [ :monitor-process-2007 @ target-host ] reached LOAD_STEADY_STATE_START
18:29:32,914 [ test-runner:run-tests-983 @ target-host ] signal: LOAD_STEADY_STATE_START
18:30:12,565 [ test-runner:run-tests-983 @ target-host ] taskset --cpu-list 7-9 jbang -R -XX:+UseNUMA wrk@hyperfoil -t 2 -c 100 -d 30s --timeout 30s http://localhost:8080/fruits 2>&1 >/home/zakkak/spring-quarkus-perf-comparison/logs/wrk-quarkus3-native-1.log
18:30:12,981 [ test-runner:run-tests-983 @ target-host ] cat /home/zakkak/spring-quarkus-perf-comparison/logs/wrk-quarkus3-native-1.log | grep "Requests/sec" | awk '{print $2}'
16021.40
18:30:12,981 [ test-runner:run-tests-983 @ target-host ] set-state: THROUGHPUT 16021.40
18:30:12,981 [ test-runner:run-tests-983 @ target-host ] script-cmd: state-array-push
18:30:12,981 [ test-runner:run-tests-983 @ target-host ] state-array-push
18:30:13,045 [ test-runner:run-tests-983 @ target-host ] set-state: RUN.output.results.quarkus3-native.load.throughput [16229.87,16021.4]
18:30:13,449 [ test-runner:run-tests-983 @ target-host ] cat /home/zakkak/spring-quarkus-perf-comparison/logs/wrk-quarkus3-native-1.log | grep "Socket errors:" | sed -E 's/.*connectionErrors ([0-9]+).*/\1/'
18:30:13,449 [ test-runner:run-tests-983 @ target-host ] regex: ^$
18:30:13,449 [ test-runner:run-tests-983 @ target-host ] set-state: CONNECTION_ERRORS 0
18:30:13,449 [ test-runner:run-tests-983 @ target-host ] script-cmd: state-array-push
18:30:13,449 [ test-runner:run-tests-983 @ target-host ] state-array-push
18:30:13,506 [ test-runner:run-tests-983 @ target-host ] set-state: RUN.output.results.quarkus3-native.load.connectionErrors [0,0]
18:30:13,909 [ test-runner:run-tests-983 @ target-host ] cat /home/zakkak/spring-quarkus-perf-comparison/logs/wrk-quarkus3-native-1.log | grep "Socket errors:" | sed -E 's/.*requestTimeouts ([0-9]+)/\1/'
18:30:13,909 [ test-runner:run-tests-983 @ target-host ] regex: ^$
18:30:13,909 [ test-runner:run-tests-983 @ target-host ] set-state: REQUEST_TIMEOUTS 0
18:30:13,910 [ test-runner:run-tests-983 @ target-host ] script-cmd: state-array-push
18:30:13,910 [ test-runner:run-tests-983 @ target-host ] state-array-push
18:30:13,963 [ test-runner:run-tests-983 @ target-host ] set-state: RUN.output.results.quarkus3-native.load.requestTimeouts [0,0]
18:30:14,373 [ test-runner:run-tests-983 @ target-host ] pmap -x $PID | grep total | awk '{print $4}'
163764
18:30:14,373 [ test-runner:run-tests-983 @ target-host ] set-state: RSS 163764
18:30:14,400 [ test-runner:run-tests-983 @ target-host ] script-cmd: state-array-push
18:30:14,400 [ test-runner:run-tests-983 @ target-host ] state-array-push
18:30:14,454 [ test-runner:run-tests-983 @ target-host ] set-state: RUN.output.results.quarkus3-native.load.rss [161.6484375,159.92578125]
18:30:14,481 [ test-runner:run-tests-983 @ target-host ] script-cmd: state-array-push
18:30:14,481 [ test-runner:run-tests-983 @ target-host ] state-array-push
18:30:14,541 [ test-runner:run-tests-983 @ target-host ] set-state: RUN.output.results.quarkus3-native.load.throughputDensity [100.40226958581026,100.18022031704159]
18:30:14,541 [ test-runner:run-tests-983 @ target-host ] reached LOAD_TEST_COMPLETE
18:30:14,541 [ :monitor-process-1999 @ target-host ] wait-for: LOAD_TEST_COMPLETE
18:30:14,541 [ :monitor-process-2007 @ target-host ] wait-for: LOAD_TEST_COMPLETE
18:30:14,541 [ :monitor-process-2016 @ target-host ] wait-for: LOAD_TEST_COMPLETE
18:30:14,541 [ :monitor-process-2032 @ target-host ] wait-for: LOAD_TEST_COMPLETE
18:30:14,541 [ test-runner:run-tests-983 @ target-host ] signal: LOAD_TEST_COMPLETE
18:30:14,943 [ :monitor-process-1999 @ target-host ] kill -15 $PROCESS_PID
bash: kill: (274196) - No such process
18:30:14,943 [ :monitor-process-2032 @ target-host ] kill -15 $PROCESS_PID
bash: kill: (274477) - No such process
18:30:14,943 [ :monitor-process-2007 @ target-host ] kill -15 $PROCESS_PID
bash: kill: (274278) - No such process
18:30:15,043 [ test-runner:run-tests-983 @ target-host ] kill -15 $PID
18:30:15,043 [ :monitor-process-2016 @ target-host ] kill -15 $PROCESS_PID
18:30:17,455 [ test-runner:run-tests-983 @ target-host ] sleep 2
18:30:17,455 [ test-runner:run-tests-983 @ target-host ] script-cmd: stop-test-services
18:30:17,455 [ test-runner:run-tests-983 @ target-host ] stop-test-services
18:30:18,120 [ test-runner:run-tests-983 @ target-host ] /home/zakkak/spring-quarkus-perf-comparison/spring-quarkus-perf-comparison/scripts/infra.sh -d
Using podman to stop containers
-----------------------------------------
[03/11/2026 18:30:17]: Stopping services
-----------------------------------------
Stopping PostgreSQL database 'fruits_db'
fruits_db
18:30:18,186 [ test-runner:run-tests-983 @ target-host ] for-each: ITERATION = 2
18:30:18,187 [ test-runner:run-tests-983 @ target-host ] set-state: LOG_FILE /home/zakkak/spring-quarkus-perf-comparison/logs/load-test-quarkus3-native-2.log
18:30:18,591 [ test-runner:run-tests-983 @ target-host ] touch /home/zakkak/spring-quarkus-perf-comparison/logs/load-test-quarkus3-native-2.log
18:30:18,591 [ test-runner:run-tests-983 @ target-host ] queue-download: ${{REPO_DIR}}/logs/wrk-warmup-${{RUNTIME.name}}-${{ITERATION}}.log=/home/zakkak/spring-quarkus-perf-comparison/logs/wrk-warmup-quarkus3-native-2.log ../../20260311/class-for-name-respects-class-loader/target-host/
18:30:18,591 [ test-runner:run-tests-983 @ target-host ] queue-download: ${{LOG_FILE}}=/home/zakkak/spring-quarkus-perf-comparison/logs/load-test-quarkus3-native-2.log ../../20260311/class-for-name-respects-class-loader/target-host/
18:30:18,592 [ test-runner:run-tests-983 @ target-host ] queue-download: ${{REPO_DIR}}/logs/wrk-${{RUNTIME.name}}-${{ITERATION}}.log=/home/zakkak/spring-quarkus-perf-comparison/logs/wrk-quarkus3-native-2.log ../../20260311/class-for-name-respects-class-loader/target-host/
18:30:18,592 [ test-runner:run-tests-983 @ target-host ] script-cmd: start-test-services
18:30:18,592 [ test-runner:run-tests-983 @ target-host ] start-test-services
18:30:29,711 [ test-runner:run-tests-983 @ target-host ] /home/zakkak/spring-quarkus-perf-comparison/spring-quarkus-perf-comparison/scripts/infra.sh -c 3 -p '4-6' -s
Using podman to start containers
-----------------------------------------
[03/11/2026 18:30:18]: Starting services
-----------------------------------------
Starting PostgreSQL database 'fruits_db'
PostgreSQL DB process: c1b6cc5dea9030478e9709f793d5626b86f11e59160b429cc73d5d00b3c165c1
Waiting for PostgreSQL to be ready...
localhost:5432 - no response
localhost:5432 - no response
localhost:5432 - accepting connections
18:30:29,711 [ test-runner:run-tests-983 @ target-host ] script-cmd: sync-drop-fs-cache
18:30:29,711 [ test-runner:run-tests-983 @ target-host ] sync-drop-fs-cache
18:30:29,711 [ test-runner:run-tests-983 @ target-host ] read-state: true
18:30:29,711 [ test-runner:run-tests-983 @ target-host ] regex: true
18:30:30,203 [ test-runner:run-tests-983 @ target-host ] sync
18:30:30,203 [ test-runner:run-tests-983 @ target-host ] script-cmd: sync-drop-fs-cache-${{os}}
18:30:30,203 [ test-runner:run-tests-983 @ target-host ] sync-drop-fs-cache-linux
18:30:30,203 [ test-runner:run-tests-983 @ target-host ] script-cmd: sudo
18:30:30,203 [ test-runner:run-tests-983 @ target-host ] sudo
18:30:30,203 [ test-runner:run-tests-983 @ target-host ] script-cmd: sudo-${{os}}
18:30:30,203 [ test-runner:run-tests-983 @ target-host ] sudo-linux
18:30:31,057 [ test-runner:run-tests-983 @ target-host ] sudo sh -c "echo 3 > /proc/sys/vm/drop_caches"
]3008;start=19fc10a4289d4c18aa44549486a4b0dc;user=zakkak;hostname=blanc;machineid=f469a615e9ef4e81b7d5be080a5de373;bootid=0e917e08584a49cb891ef04366e00ace;pid=276293;pidfdid=276294;comm=sudo;targetuser=root;sessionid=c245;type=session\]3008;end=19fc10a4289d4c18aa44549486a4b0dc\
18:30:31,057 [ test-runner:run-tests-983 @ target-host ] set-signal: LOAD_STEADY_STATE_START 1
18:30:31,057 [ test-runner:run-tests-983 @ target-host ] set-signal: LOG_REGEX_REACHED 1
18:30:31,460 [ test-runner:run-tests-983 @ target-host ] taskset --cpu-list 0-3 /home/zakkak/spring-quarkus-perf-comparison/spring-quarkus-perf-comparison/quarkus3/target/quarkus3-runner  &>/home/zakkak/spring-quarkus-perf-comparison/logs/load-test-quarkus3-native-2.log &
[1] 276323
18:30:31,862 [ test-runner:run-tests-983 @ target-host ] PID=$!
18:30:32,263 [ test-runner:run-tests-983 @ target-host ] echo $PID
276323
18:30:32,263 [ test-runner:run-tests-983 @ target-host ] set-state: JVM_PID 276323
18:30:32,264 [ test-runner:run-tests-983 @ target-host ] script-cmd: monitor-processes
18:30:32,264 [ test-runner:run-tests-983 @ target-host ] monitor-processes
18:30:32,264 [ test-runner:run-tests-983 @ target-host ] set-signal: LOAD_TEST_COMPLETE 1
18:30:32,714 [ test-runner:run-tests-983 @ target-host ] script-cmd: monitor-process
18:30:32,714 [ :monitor-process-2092 @ target-host ] monitor-process
18:30:32,714 [ :monitor-process-2092 @ target-host ] queue-download: ${{log_file}}=/home/zakkak/spring-quarkus-perf-comparison/logs/pidstat-quarkus3-native-2.log ../../20260311/class-for-name-respects-class-loader/target-host/
18:30:33,089 [ test-runner:run-tests-983 @ target-host ] script-cmd: monitor-process
18:30:33,089 [ :monitor-process-2100 @ target-host ] monitor-process
18:30:33,090 [ :monitor-process-2100 @ target-host ] queue-download: ${{log_file}}=/home/zakkak/spring-quarkus-perf-comparison/logs/mpstat-quarkus3-native-2.log ../../20260311/class-for-name-respects-class-loader/target-host/
18:30:33,217 [ :monitor-process-2092 @ target-host ] taskset --cpu-list 11 pidstat -u -p 276323 1 &>/home/zakkak/spring-quarkus-perf-comparison/logs/pidstat-quarkus3-native-2.log &
[1] 276443
18:30:33,463 [ test-runner:run-tests-983 @ target-host ] script-cmd: monitor-process
18:30:33,463 [ test-runner:run-tests-983 @ target-host ] script-cmd: monitor-postgres
18:30:33,463 [ test-runner:run-tests-983 @ target-host ] monitor-postgres
18:30:33,463 [ :monitor-process-2109 @ target-host ] monitor-process
18:30:33,464 [ :monitor-process-2109 @ target-host ] queue-download: ${{log_file}}=/home/zakkak/spring-quarkus-perf-comparison/logs/vmstat-quarkus3-native-2.log ../../20260311/class-for-name-respects-class-loader/target-host/
18:30:33,592 [ :monitor-process-2100 @ target-host ] taskset --cpu-list 11 mpstat -P ALL 1 &>/home/zakkak/spring-quarkus-perf-comparison/logs/mpstat-quarkus3-native-2.log &
[1] 276525
18:30:33,619 [ :monitor-process-2092 @ target-host ] PROCESS_PID=$!
18:30:33,866 [ :monitor-process-2109 @ target-host ] taskset --cpu-list 11 vmstat 1 &>/home/zakkak/spring-quarkus-perf-comparison/logs/vmstat-quarkus3-native-2.log &
[1] 276608
18:30:33,903 [ test-runner:run-tests-983 @ target-host ] POSTGRES_PID=$(/home/zakkak/spring-quarkus-perf-comparison/spring-quarkus-perf-comparison/scripts/infra.sh -r)
18:30:33,994 [ :monitor-process-2100 @ target-host ] PROCESS_PID=$!
18:30:34,020 [ :monitor-process-2092 @ target-host ] echo $PROCESS_PID
276443
18:30:34,020 [ :monitor-process-2092 @ target-host ] set-state: PROCESS_PID 276443
18:30:34,267 [ :monitor-process-2109 @ target-host ] PROCESS_PID=$!
18:30:34,305 [ test-runner:run-tests-983 @ target-host ] echo $POSTGRES_PID
276007
18:30:34,305 [ test-runner:run-tests-983 @ target-host ] set-state: POSTGRES_PID 276007
18:30:34,395 [ :monitor-process-2100 @ target-host ] echo $PROCESS_PID
276525
18:30:34,395 [ :monitor-process-2100 @ target-host ] set-state: PROCESS_PID 276525
18:30:34,669 [ :monitor-process-2109 @ target-host ] echo $PROCESS_PID
276608
18:30:34,669 [ :monitor-process-2109 @ target-host ] set-state: PROCESS_PID 276608
18:30:34,680 [ test-runner:run-tests-983 @ target-host ] script-cmd: monitor-process
18:30:34,680 [ test-runner:run-tests-983 @ target-host ] JVM_PID = 276323
18:30:34,680 [ :monitor-process-2125 @ target-host ] monitor-process
18:30:34,680 [ test-runner:run-tests-983 @ target-host ] read-state: none
18:30:34,680 [ :monitor-process-2125 @ target-host ] queue-download: ${{log_file}}=/home/zakkak/spring-quarkus-perf-comparison/logs/postgres-pidstat-quarkus3-native-2.log ../../20260311/class-for-name-respects-class-loader/target-host/
18:30:35,052 [ test-runner:run-tests-983 @ target-host ] script-cmd: watch-log
18:30:35,052 [ :watch-log-2134 @ target-host ] watch-log
18:30:35,062 [ :watch-log-2134 @ target-host ] regex: ${{log_regex}}
18:30:35,062 [ :watch-log-2134 @ target-host ] ctrlC
18:30:35,062 [ :watch-log-2134 @ target-host ] reached LOG_REGEX_REACHED
18:30:35,062 [ test-runner:run-tests-983 @ target-host ] wait-for: LOG_REGEX_REACHED
18:30:35,062 [ :watch-log-2134 @ target-host ] signal: LOG_REGEX_REACHED
18:30:35,183 [ :monitor-process-2125 @ target-host ] taskset --cpu-list 11 pidstat -u -p $(pgrep -d , -P 276007) 1 &>/home/zakkak/spring-quarkus-perf-comparison/logs/postgres-pidstat-quarkus3-native-2.log &
[1] 276723
18:30:35,465 [ :watch-log-2134 @ target-host ] tail -f /home/zakkak/spring-quarkus-perf-comparison/logs/load-test-quarkus3-native-2.log
__  ____  __  _____   ___  __ ____  ______ 
 --/ __ \/ / / / _ | / _ \/ //_/ / / / __/ 
 -/ /_/ / /_/ / __ |/ , _/ ,< / /_/ /\ \   
--\___\_\____/_/ |_/_/|_/_/|_|\____/___/   
2026-03-11 18:30:31,196 INFO  [io.quarkus] (main) quarkus3 1.0 native (powered by Quarkus 999-SNAPSHOT) started in 0.065s. Listening on: http://0.0.0.0:8080
2026-03-11 18:30:31,196 INFO  [io.quarkus] (main) Profile prod activated. 
2026-03-11 18:30:31,196 INFO  [io.quarkus] (main) Installed features: [agroal, cdi, config-yaml, hibernate-orm, hibernate-orm-panache, hibernate-validator, jdbc-postgresql, narayana-jta, rest, rest-jackson, smallrye-context-propagation, smallrye-health, vertx]
18:30:35,585 [ :monitor-process-2125 @ target-host ] PROCESS_PID=$!
18:30:35,986 [ :monitor-process-2125 @ target-host ] echo $PROCESS_PID
276723
18:30:35,987 [ :monitor-process-2125 @ target-host ] set-state: PROCESS_PID 276723
18:32:44,985 [ test-runner:run-tests-983 @ target-host ] taskset --cpu-list 7-9 jbang -R -XX:+UseNUMA wrk@hyperfoil -t 2 -c 100 -d 2m --timeout 2m http://localhost:8080/fruits 2>&1 >/home/zakkak/spring-quarkus-perf-comparison/logs/wrk-warmup-quarkus3-native-2.log
18:33:14,986 [ test-runner:run-tests-983 @ target-host ] sleep: 30s
18:33:14,986 [ :monitor-process-2100 @ target-host ] reached LOAD_STEADY_STATE_START
18:33:14,986 [ test-runner:run-tests-983 @ target-host ] signal: LOAD_STEADY_STATE_START
18:33:54,667 [ test-runner:run-tests-983 @ target-host ] taskset --cpu-list 7-9 jbang -R -XX:+UseNUMA wrk@hyperfoil -t 2 -c 100 -d 30s --timeout 30s http://localhost:8080/fruits 2>&1 >/home/zakkak/spring-quarkus-perf-comparison/logs/wrk-quarkus3-native-2.log
18:33:55,083 [ test-runner:run-tests-983 @ target-host ] cat /home/zakkak/spring-quarkus-perf-comparison/logs/wrk-quarkus3-native-2.log | grep "Requests/sec" | awk '{print $2}'
16002.97
18:33:55,083 [ test-runner:run-tests-983 @ target-host ] set-state: THROUGHPUT 16002.97
18:33:55,083 [ test-runner:run-tests-983 @ target-host ] script-cmd: state-array-push
18:33:55,083 [ test-runner:run-tests-983 @ target-host ] state-array-push
18:33:55,133 [ test-runner:run-tests-983 @ target-host ] set-state: RUN.output.results.quarkus3-native.load.throughput [16229.87,16021.4,16002.97]
18:33:55,537 [ test-runner:run-tests-983 @ target-host ] cat /home/zakkak/spring-quarkus-perf-comparison/logs/wrk-quarkus3-native-2.log | grep "Socket errors:" | sed -E 's/.*connectionErrors ([0-9]+).*/\1/'
18:33:55,537 [ test-runner:run-tests-983 @ target-host ] regex: ^$
18:33:55,537 [ test-runner:run-tests-983 @ target-host ] set-state: CONNECTION_ERRORS 0
18:33:55,537 [ test-runner:run-tests-983 @ target-host ] script-cmd: state-array-push
18:33:55,537 [ test-runner:run-tests-983 @ target-host ] state-array-push
18:33:55,577 [ test-runner:run-tests-983 @ target-host ] set-state: RUN.output.results.quarkus3-native.load.connectionErrors [0,0,0]
18:33:55,981 [ test-runner:run-tests-983 @ target-host ] cat /home/zakkak/spring-quarkus-perf-comparison/logs/wrk-quarkus3-native-2.log | grep "Socket errors:" | sed -E 's/.*requestTimeouts ([0-9]+)/\1/'
18:33:55,981 [ test-runner:run-tests-983 @ target-host ] regex: ^$
18:33:55,981 [ test-runner:run-tests-983 @ target-host ] set-state: REQUEST_TIMEOUTS 0
18:33:55,981 [ test-runner:run-tests-983 @ target-host ] script-cmd: state-array-push
18:33:55,981 [ test-runner:run-tests-983 @ target-host ] state-array-push
18:33:56,019 [ test-runner:run-tests-983 @ target-host ] set-state: RUN.output.results.quarkus3-native.load.requestTimeouts [0,0,0]
18:33:56,437 [ test-runner:run-tests-983 @ target-host ] pmap -x $PID | grep total | awk '{print $4}'
163408
18:33:56,437 [ test-runner:run-tests-983 @ target-host ] set-state: RSS 163408
18:33:56,457 [ test-runner:run-tests-983 @ target-host ] script-cmd: state-array-push
18:33:56,457 [ test-runner:run-tests-983 @ target-host ] state-array-push
18:33:56,501 [ test-runner:run-tests-983 @ target-host ] set-state: RUN.output.results.quarkus3-native.load.rss [161.6484375,159.92578125,159.578125]
18:33:56,527 [ test-runner:run-tests-983 @ target-host ] script-cmd: state-array-push
18:33:56,527 [ test-runner:run-tests-983 @ target-host ] state-array-push
18:33:56,564 [ test-runner:run-tests-983 @ target-host ] set-state: RUN.output.results.quarkus3-native.load.throughputDensity [100.40226958581026,100.18022031704159,100.28298051502986]
18:33:56,564 [ test-runner:run-tests-983 @ target-host ] reached LOAD_TEST_COMPLETE
18:33:56,564 [ :monitor-process-2092 @ target-host ] wait-for: LOAD_TEST_COMPLETE
18:33:56,564 [ :monitor-process-2100 @ target-host ] wait-for: LOAD_TEST_COMPLETE
18:33:56,564 [ :monitor-process-2109 @ target-host ] wait-for: LOAD_TEST_COMPLETE
18:33:56,564 [ :monitor-process-2125 @ target-host ] wait-for: LOAD_TEST_COMPLETE
18:33:56,564 [ test-runner:run-tests-983 @ target-host ] signal: LOAD_TEST_COMPLETE
18:33:56,966 [ :monitor-process-2100 @ target-host ] kill -15 $PROCESS_PID
bash: kill: (276525) - No such process
18:33:56,966 [ :monitor-process-2125 @ target-host ] kill -15 $PROCESS_PID
bash: kill: (276723) - No such process
18:33:56,966 [ :monitor-process-2092 @ target-host ] kill -15 $PROCESS_PID
bash: kill: (276443) - No such process
18:33:57,066 [ test-runner:run-tests-983 @ target-host ] kill -15 $PID
18:33:57,066 [ :monitor-process-2109 @ target-host ] kill -15 $PROCESS_PID
18:33:59,477 [ test-runner:run-tests-983 @ target-host ] sleep 2
18:33:59,477 [ test-runner:run-tests-983 @ target-host ] script-cmd: stop-test-services
18:33:59,477 [ test-runner:run-tests-983 @ target-host ] stop-test-services
18:34:00,127 [ test-runner:run-tests-983 @ target-host ] /home/zakkak/spring-quarkus-perf-comparison/spring-quarkus-perf-comparison/scripts/infra.sh -d
Using podman to stop containers
-----------------------------------------
[03/11/2026 18:33:59]: Stopping services
-----------------------------------------
Stopping PostgreSQL database 'fruits_db'
fruits_db
18:34:00,179 [ test-runner:run-tests-983 @ target-host ] for-each: ITERATION = 3
18:34:00,180 [ test-runner:run-tests-983 @ target-host ] set-state: LOG_FILE /home/zakkak/spring-quarkus-perf-comparison/logs/load-test-quarkus3-native-3.log
18:34:00,591 [ test-runner:run-tests-983 @ target-host ] touch /home/zakkak/spring-quarkus-perf-comparison/logs/load-test-quarkus3-native-3.log
18:34:00,591 [ test-runner:run-tests-983 @ target-host ] queue-download: ${{REPO_DIR}}/logs/wrk-warmup-${{RUNTIME.name}}-${{ITERATION}}.log=/home/zakkak/spring-quarkus-perf-comparison/logs/wrk-warmup-quarkus3-native-3.log ../../20260311/class-for-name-respects-class-loader/target-host/
18:34:00,592 [ test-runner:run-tests-983 @ target-host ] queue-download: ${{LOG_FILE}}=/home/zakkak/spring-quarkus-perf-comparison/logs/load-test-quarkus3-native-3.log ../../20260311/class-for-name-respects-class-loader/target-host/
18:34:00,592 [ test-runner:run-tests-983 @ target-host ] queue-download: ${{REPO_DIR}}/logs/wrk-${{RUNTIME.name}}-${{ITERATION}}.log=/home/zakkak/spring-quarkus-perf-comparison/logs/wrk-quarkus3-native-3.log ../../20260311/class-for-name-respects-class-loader/target-host/
18:34:00,592 [ test-runner:run-tests-983 @ target-host ] script-cmd: start-test-services
18:34:00,592 [ test-runner:run-tests-983 @ target-host ] start-test-services
18:34:11,672 [ test-runner:run-tests-983 @ target-host ] /home/zakkak/spring-quarkus-perf-comparison/spring-quarkus-perf-comparison/scripts/infra.sh -c 3 -p '4-6' -s
Using podman to start containers
-----------------------------------------
[03/11/2026 18:34:00]: Starting services
-----------------------------------------
Starting PostgreSQL database 'fruits_db'
PostgreSQL DB process: c327d6b7915b5edc1206093f5f5da82209c44f75e42ac2a6aa6bf476b3a2b5a9
Waiting for PostgreSQL to be ready...
localhost:5432 - no response
localhost:5432 - no response
localhost:5432 - accepting connections
18:34:11,672 [ test-runner:run-tests-983 @ target-host ] script-cmd: sync-drop-fs-cache
18:34:11,672 [ test-runner:run-tests-983 @ target-host ] sync-drop-fs-cache
18:34:11,672 [ test-runner:run-tests-983 @ target-host ] read-state: true
18:34:11,673 [ test-runner:run-tests-983 @ target-host ] regex: true
18:34:12,255 [ test-runner:run-tests-983 @ target-host ] sync
18:34:12,255 [ test-runner:run-tests-983 @ target-host ] script-cmd: sync-drop-fs-cache-${{os}}
18:34:12,255 [ test-runner:run-tests-983 @ target-host ] sync-drop-fs-cache-linux
18:34:12,255 [ test-runner:run-tests-983 @ target-host ] script-cmd: sudo
18:34:12,255 [ test-runner:run-tests-983 @ target-host ] sudo
18:34:12,255 [ test-runner:run-tests-983 @ target-host ] script-cmd: sudo-${{os}}
18:34:12,255 [ test-runner:run-tests-983 @ target-host ] sudo-linux
18:34:13,036 [ test-runner:run-tests-983 @ target-host ] sudo sh -c "echo 3 > /proc/sys/vm/drop_caches"
]3008;start=13296daf8c994792908ae3763bf81ded;user=zakkak;hostname=blanc;machineid=f469a615e9ef4e81b7d5be080a5de373;bootid=0e917e08584a49cb891ef04366e00ace;pid=278117;pidfdid=278118;comm=sudo;targetuser=root;sessionid=c246;type=session\]3008;end=13296daf8c994792908ae3763bf81ded\
18:34:13,045 [ test-runner:run-tests-983 @ target-host ] set-signal: LOAD_STEADY_STATE_START 1
18:34:13,045 [ test-runner:run-tests-983 @ target-host ] set-signal: LOG_REGEX_REACHED 1
18:34:13,448 [ test-runner:run-tests-983 @ target-host ] taskset --cpu-list 0-3 /home/zakkak/spring-quarkus-perf-comparison/spring-quarkus-perf-comparison/quarkus3/target/quarkus3-runner  &>/home/zakkak/spring-quarkus-perf-comparison/logs/load-test-quarkus3-native-3.log &
[1] 278148
18:34:13,849 [ test-runner:run-tests-983 @ target-host ] PID=$!
18:34:14,250 [ test-runner:run-tests-983 @ target-host ] echo $PID
278148
18:34:14,251 [ test-runner:run-tests-983 @ target-host ] set-state: JVM_PID 278148
18:34:14,251 [ test-runner:run-tests-983 @ target-host ] script-cmd: monitor-processes
18:34:14,251 [ test-runner:run-tests-983 @ target-host ] monitor-processes
18:34:14,251 [ test-runner:run-tests-983 @ target-host ] set-signal: LOAD_TEST_COMPLETE 1
18:34:14,704 [ test-runner:run-tests-983 @ target-host ] script-cmd: monitor-process
18:34:14,704 [ :monitor-process-2185 @ target-host ] monitor-process
18:34:14,704 [ :monitor-process-2185 @ target-host ] queue-download: ${{log_file}}=/home/zakkak/spring-quarkus-perf-comparison/logs/pidstat-quarkus3-native-3.log ../../20260311/class-for-name-respects-class-loader/target-host/
18:34:15,079 [ test-runner:run-tests-983 @ target-host ] script-cmd: monitor-process
18:34:15,079 [ :monitor-process-2193 @ target-host ] monitor-process
18:34:15,079 [ :monitor-process-2193 @ target-host ] queue-download: ${{log_file}}=/home/zakkak/spring-quarkus-perf-comparison/logs/mpstat-quarkus3-native-3.log ../../20260311/class-for-name-respects-class-loader/target-host/
18:34:15,207 [ :monitor-process-2185 @ target-host ] taskset --cpu-list 11 pidstat -u -p 278148 1 &>/home/zakkak/spring-quarkus-perf-comparison/logs/pidstat-quarkus3-native-3.log &
[1] 278267
18:34:15,454 [ test-runner:run-tests-983 @ target-host ] script-cmd: monitor-process
18:34:15,454 [ test-runner:run-tests-983 @ target-host ] script-cmd: monitor-postgres
18:34:15,454 [ :monitor-process-2202 @ target-host ] monitor-process
18:34:15,454 [ test-runner:run-tests-983 @ target-host ] monitor-postgres
18:34:15,454 [ :monitor-process-2202 @ target-host ] queue-download: ${{log_file}}=/home/zakkak/spring-quarkus-perf-comparison/logs/vmstat-quarkus3-native-3.log ../../20260311/class-for-name-respects-class-loader/target-host/
18:34:15,582 [ :monitor-process-2193 @ target-host ] taskset --cpu-list 11 mpstat -P ALL 1 &>/home/zakkak/spring-quarkus-perf-comparison/logs/mpstat-quarkus3-native-3.log &
[1] 278349
18:34:15,608 [ :monitor-process-2185 @ target-host ] PROCESS_PID=$!
18:34:15,856 [ :monitor-process-2202 @ target-host ] taskset --cpu-list 11 vmstat 1 &>/home/zakkak/spring-quarkus-perf-comparison/logs/vmstat-quarkus3-native-3.log &
[1] 278434
18:34:15,895 [ test-runner:run-tests-983 @ target-host ] POSTGRES_PID=$(/home/zakkak/spring-quarkus-perf-comparison/spring-quarkus-perf-comparison/scripts/infra.sh -r)
18:34:15,983 [ :monitor-process-2193 @ target-host ] PROCESS_PID=$!
18:34:16,010 [ :monitor-process-2185 @ target-host ] echo $PROCESS_PID
278267
18:34:16,010 [ :monitor-process-2185 @ target-host ] set-state: PROCESS_PID 278267
18:34:16,258 [ :monitor-process-2202 @ target-host ] PROCESS_PID=$!
18:34:16,297 [ test-runner:run-tests-983 @ target-host ] echo $POSTGRES_PID
277853
18:34:16,297 [ test-runner:run-tests-983 @ target-host ] set-state: POSTGRES_PID 277853
18:34:16,385 [ :monitor-process-2193 @ target-host ] echo $PROCESS_PID
278349
18:34:16,385 [ :monitor-process-2193 @ target-host ] set-state: PROCESS_PID 278349
18:34:16,660 [ :monitor-process-2202 @ target-host ] echo $PROCESS_PID
278434
18:34:16,660 [ :monitor-process-2202 @ target-host ] set-state: PROCESS_PID 278434
18:34:16,672 [ test-runner:run-tests-983 @ target-host ] script-cmd: monitor-process
18:34:16,672 [ test-runner:run-tests-983 @ target-host ] JVM_PID = 278148
18:34:16,672 [ :monitor-process-2218 @ target-host ] monitor-process
18:34:16,672 [ :monitor-process-2218 @ target-host ] queue-download: ${{log_file}}=/home/zakkak/spring-quarkus-perf-comparison/logs/postgres-pidstat-quarkus3-native-3.log ../../20260311/class-for-name-respects-class-loader/target-host/
18:34:16,672 [ test-runner:run-tests-983 @ target-host ] read-state: none
18:34:17,043 [ test-runner:run-tests-983 @ target-host ] script-cmd: watch-log
18:34:17,043 [ :watch-log-2227 @ target-host ] watch-log
18:34:17,055 [ :watch-log-2227 @ target-host ] regex: ${{log_regex}}
18:34:17,055 [ :watch-log-2227 @ target-host ] ctrlC
18:34:17,055 [ :watch-log-2227 @ target-host ] reached LOG_REGEX_REACHED
18:34:17,055 [ test-runner:run-tests-983 @ target-host ] wait-for: LOG_REGEX_REACHED
18:34:17,055 [ :watch-log-2227 @ target-host ] signal: LOG_REGEX_REACHED
18:34:17,175 [ :monitor-process-2218 @ target-host ] taskset --cpu-list 11 pidstat -u -p $(pgrep -d , -P 277853) 1 &>/home/zakkak/spring-quarkus-perf-comparison/logs/postgres-pidstat-quarkus3-native-3.log &
[1] 278552
18:34:17,457 [ :watch-log-2227 @ target-host ] tail -f /home/zakkak/spring-quarkus-perf-comparison/logs/load-test-quarkus3-native-3.log
__  ____  __  _____   ___  __ ____  ______ 
 --/ __ \/ / / / _ | / _ \/ //_/ / / / __/ 
 -/ /_/ / /_/ / __ |/ , _/ ,< / /_/ /\ \   
--\___\_\____/_/ |_/_/|_/_/|_|\____/___/   
2026-03-11 18:34:13,187 INFO  [io.quarkus] (main) quarkus3 1.0 native (powered by Quarkus 999-SNAPSHOT) started in 0.067s. Listening on: http://0.0.0.0:8080
2026-03-11 18:34:13,187 INFO  [io.quarkus] (main) Profile prod activated. 
2026-03-11 18:34:13,187 INFO  [io.quarkus] (main) Installed features: [agroal, cdi, config-yaml, hibernate-orm, hibernate-orm-panache, hibernate-validator, jdbc-postgresql, narayana-jta, rest, rest-jackson, smallrye-context-propagation, smallrye-health, vertx]
18:34:17,577 [ :monitor-process-2218 @ target-host ] PROCESS_PID=$!
18:34:17,978 [ :monitor-process-2218 @ target-host ] echo $PROCESS_PID
278552
18:34:17,979 [ :monitor-process-2218 @ target-host ] set-state: PROCESS_PID 278552
18:36:26,953 [ test-runner:run-tests-983 @ target-host ] taskset --cpu-list 7-9 jbang -R -XX:+UseNUMA wrk@hyperfoil -t 2 -c 100 -d 2m --timeout 2m http://localhost:8080/fruits 2>&1 >/home/zakkak/spring-quarkus-perf-comparison/logs/wrk-warmup-quarkus3-native-3.log
18:36:56,953 [ test-runner:run-tests-983 @ target-host ] sleep: 30s
18:36:56,953 [ :monitor-process-2193 @ target-host ] reached LOAD_STEADY_STATE_START
18:36:56,953 [ test-runner:run-tests-983 @ target-host ] signal: LOAD_STEADY_STATE_START
18:37:36,605 [ test-runner:run-tests-983 @ target-host ] taskset --cpu-list 7-9 jbang -R -XX:+UseNUMA wrk@hyperfoil -t 2 -c 100 -d 30s --timeout 30s http://localhost:8080/fruits 2>&1 >/home/zakkak/spring-quarkus-perf-comparison/logs/wrk-quarkus3-native-3.log
18:37:37,021 [ test-runner:run-tests-983 @ target-host ] cat /home/zakkak/spring-quarkus-perf-comparison/logs/wrk-quarkus3-native-3.log | grep "Requests/sec" | awk '{print $2}'
16256.02
18:37:37,021 [ test-runner:run-tests-983 @ target-host ] set-state: THROUGHPUT 16256.02
18:37:37,021 [ test-runner:run-tests-983 @ target-host ] script-cmd: state-array-push
18:37:37,021 [ test-runner:run-tests-983 @ target-host ] state-array-push
18:37:37,066 [ test-runner:run-tests-983 @ target-host ] set-state: RUN.output.results.quarkus3-native.load.throughput [16229.87,16021.4,16002.97,16256.02]
18:37:37,470 [ test-runner:run-tests-983 @ target-host ] cat /home/zakkak/spring-quarkus-perf-comparison/logs/wrk-quarkus3-native-3.log | grep "Socket errors:" | sed -E 's/.*connectionErrors ([0-9]+).*/\1/'
18:37:37,470 [ test-runner:run-tests-983 @ target-host ] regex: ^$
18:37:37,470 [ test-runner:run-tests-983 @ target-host ] set-state: CONNECTION_ERRORS 0
18:37:37,470 [ test-runner:run-tests-983 @ target-host ] script-cmd: state-array-push
18:37:37,470 [ test-runner:run-tests-983 @ target-host ] state-array-push
18:37:37,506 [ test-runner:run-tests-983 @ target-host ] set-state: RUN.output.results.quarkus3-native.load.connectionErrors [0,0,0,0]
18:37:37,909 [ test-runner:run-tests-983 @ target-host ] cat /home/zakkak/spring-quarkus-perf-comparison/logs/wrk-quarkus3-native-3.log | grep "Socket errors:" | sed -E 's/.*requestTimeouts ([0-9]+)/\1/'
18:37:37,909 [ test-runner:run-tests-983 @ target-host ] regex: ^$
18:37:37,910 [ test-runner:run-tests-983 @ target-host ] set-state: REQUEST_TIMEOUTS 0
18:37:37,910 [ test-runner:run-tests-983 @ target-host ] script-cmd: state-array-push
18:37:37,910 [ test-runner:run-tests-983 @ target-host ] state-array-push
18:37:37,945 [ test-runner:run-tests-983 @ target-host ] set-state: RUN.output.results.quarkus3-native.load.requestTimeouts [0,0,0,0]
18:37:38,362 [ test-runner:run-tests-983 @ target-host ] pmap -x $PID | grep total | awk '{print $4}'
161132
18:37:38,362 [ test-runner:run-tests-983 @ target-host ] set-state: RSS 161132
18:37:38,390 [ test-runner:run-tests-983 @ target-host ] script-cmd: state-array-push
18:37:38,390 [ test-runner:run-tests-983 @ target-host ] state-array-push
18:37:38,426 [ test-runner:run-tests-983 @ target-host ] set-state: RUN.output.results.quarkus3-native.load.rss [161.6484375,159.92578125,159.578125,157.35546875]
18:37:38,443 [ test-runner:run-tests-983 @ target-host ] script-cmd: state-array-push
18:37:38,443 [ test-runner:run-tests-983 @ target-host ] state-array-push
18:37:38,479 [ test-runner:run-tests-983 @ target-host ] set-state: RUN.output.results.quarkus3-native.load.throughputDensity [100.40226958581026,100.18022031704159,100.28298051502986,103.30762654221384]
18:37:38,480 [ test-runner:run-tests-983 @ target-host ] reached LOAD_TEST_COMPLETE
18:37:38,480 [ :monitor-process-2185 @ target-host ] wait-for: LOAD_TEST_COMPLETE
18:37:38,480 [ :monitor-process-2193 @ target-host ] wait-for: LOAD_TEST_COMPLETE
18:37:38,480 [ :monitor-process-2202 @ target-host ] wait-for: LOAD_TEST_COMPLETE
18:37:38,480 [ :monitor-process-2218 @ target-host ] wait-for: LOAD_TEST_COMPLETE
18:37:38,480 [ test-runner:run-tests-983 @ target-host ] signal: LOAD_TEST_COMPLETE
18:37:38,882 [ :monitor-process-2193 @ target-host ] kill -15 $PROCESS_PID
bash: kill: (278349) - No such process
18:37:38,882 [ :monitor-process-2185 @ target-host ] kill -15 $PROCESS_PID
bash: kill: (278267) - No such process
18:37:38,882 [ :monitor-process-2218 @ target-host ] kill -15 $PROCESS_PID
bash: kill: (278552) - No such process
18:37:38,882 [ :monitor-process-2202 @ target-host ] kill -15 $PROCESS_PID
[1]+  Terminated                 taskset --cpu-list 11 vmstat 1 &> /home/zakkak/spring-quarkus-perf-comparison/logs/vmstat-quarkus3-native-3.log
18:37:38,982 [ test-runner:run-tests-983 @ target-host ] kill -15 $PID
18:37:41,393 [ test-runner:run-tests-983 @ target-host ] sleep 2
18:37:41,393 [ test-runner:run-tests-983 @ target-host ] script-cmd: stop-test-services
18:37:41,393 [ test-runner:run-tests-983 @ target-host ] stop-test-services
18:37:42,045 [ test-runner:run-tests-983 @ target-host ] /home/zakkak/spring-quarkus-perf-comparison/spring-quarkus-perf-comparison/scripts/infra.sh -d
Using podman to stop containers
-----------------------------------------
[03/11/2026 18:37:41]: Stopping services
-----------------------------------------
Stopping PostgreSQL database 'fruits_db'
fruits_db
18:37:42,101 [ test-runner:run-tests-983 @ target-host ] for-each: ITERATION = 4
18:37:42,101 [ test-runner:run-tests-983 @ target-host ] set-state: LOG_FILE /home/zakkak/spring-quarkus-perf-comparison/logs/load-test-quarkus3-native-4.log
18:37:42,513 [ test-runner:run-tests-983 @ target-host ] touch /home/zakkak/spring-quarkus-perf-comparison/logs/load-test-quarkus3-native-4.log
18:37:42,513 [ test-runner:run-tests-983 @ target-host ] queue-download: ${{REPO_DIR}}/logs/wrk-warmup-${{RUNTIME.name}}-${{ITERATION}}.log=/home/zakkak/spring-quarkus-perf-comparison/logs/wrk-warmup-quarkus3-native-4.log ../../20260311/class-for-name-respects-class-loader/target-host/
18:37:42,513 [ test-runner:run-tests-983 @ target-host ] queue-download: ${{LOG_FILE}}=/home/zakkak/spring-quarkus-perf-comparison/logs/load-test-quarkus3-native-4.log ../../20260311/class-for-name-respects-class-loader/target-host/
18:37:42,513 [ test-runner:run-tests-983 @ target-host ] queue-download: ${{REPO_DIR}}/logs/wrk-${{RUNTIME.name}}-${{ITERATION}}.log=/home/zakkak/spring-quarkus-perf-comparison/logs/wrk-quarkus3-native-4.log ../../20260311/class-for-name-respects-class-loader/target-host/
18:37:42,513 [ test-runner:run-tests-983 @ target-host ] script-cmd: start-test-services
18:37:42,513 [ test-runner:run-tests-983 @ target-host ] start-test-services
18:37:53,597 [ test-runner:run-tests-983 @ target-host ] /home/zakkak/spring-quarkus-perf-comparison/spring-quarkus-perf-comparison/scripts/infra.sh -c 3 -p '4-6' -s
Using podman to start containers
-----------------------------------------
[03/11/2026 18:37:42]: Starting services
-----------------------------------------
Starting PostgreSQL database 'fruits_db'
PostgreSQL DB process: 5c55fea2226dbed4b0d27ed431525a1ea212dce4189419c4905420d4ab442b05
Waiting for PostgreSQL to be ready...
localhost:5432 - no response
localhost:5432 - no response
localhost:5432 - accepting connections
18:37:53,597 [ test-runner:run-tests-983 @ target-host ] script-cmd: sync-drop-fs-cache
18:37:53,597 [ test-runner:run-tests-983 @ target-host ] sync-drop-fs-cache
18:37:53,597 [ test-runner:run-tests-983 @ target-host ] read-state: true
18:37:53,597 [ test-runner:run-tests-983 @ target-host ] regex: true
18:37:54,220 [ test-runner:run-tests-983 @ target-host ] sync
18:37:54,220 [ test-runner:run-tests-983 @ target-host ] script-cmd: sync-drop-fs-cache-${{os}}
18:37:54,220 [ test-runner:run-tests-983 @ target-host ] sync-drop-fs-cache-linux
18:37:54,220 [ test-runner:run-tests-983 @ target-host ] script-cmd: sudo
18:37:54,220 [ test-runner:run-tests-983 @ target-host ] sudo
18:37:54,221 [ test-runner:run-tests-983 @ target-host ] script-cmd: sudo-${{os}}
18:37:54,221 [ test-runner:run-tests-983 @ target-host ] sudo-linux
18:37:55,034 [ test-runner:run-tests-983 @ target-host ] sudo sh -c "echo 3 > /proc/sys/vm/drop_caches"
]3008;start=bcc3da031c5f4c24808639c84b753dec;user=zakkak;hostname=blanc;machineid=f469a615e9ef4e81b7d5be080a5de373;bootid=0e917e08584a49cb891ef04366e00ace;pid=279953;pidfdid=279954;comm=sudo;targetuser=root;sessionid=c247;type=session\]3008;end=bcc3da031c5f4c24808639c84b753dec\
18:37:55,042 [ test-runner:run-tests-983 @ target-host ] set-signal: LOAD_STEADY_STATE_START 1
18:37:55,042 [ test-runner:run-tests-983 @ target-host ] set-signal: LOG_REGEX_REACHED 1
18:37:55,445 [ test-runner:run-tests-983 @ target-host ] taskset --cpu-list 0-3 /home/zakkak/spring-quarkus-perf-comparison/spring-quarkus-perf-comparison/quarkus3/target/quarkus3-runner  &>/home/zakkak/spring-quarkus-perf-comparison/logs/load-test-quarkus3-native-4.log &
[1] 279982
18:37:55,847 [ test-runner:run-tests-983 @ target-host ] PID=$!
18:37:56,248 [ test-runner:run-tests-983 @ target-host ] echo $PID
279982
18:37:56,248 [ test-runner:run-tests-983 @ target-host ] set-state: JVM_PID 279982
18:37:56,249 [ test-runner:run-tests-983 @ target-host ] script-cmd: monitor-processes
18:37:56,249 [ test-runner:run-tests-983 @ target-host ] monitor-processes
18:37:56,249 [ test-runner:run-tests-983 @ target-host ] set-signal: LOAD_TEST_COMPLETE 1
18:37:56,702 [ test-runner:run-tests-983 @ target-host ] script-cmd: monitor-process
18:37:56,702 [ :monitor-process-2278 @ target-host ] monitor-process
18:37:56,703 [ :monitor-process-2278 @ target-host ] queue-download: ${{log_file}}=/home/zakkak/spring-quarkus-perf-comparison/logs/pidstat-quarkus3-native-4.log ../../20260311/class-for-name-respects-class-loader/target-host/
18:37:57,078 [ test-runner:run-tests-983 @ target-host ] script-cmd: monitor-process
18:37:57,078 [ :monitor-process-2286 @ target-host ] monitor-process
18:37:57,078 [ :monitor-process-2286 @ target-host ] queue-download: ${{log_file}}=/home/zakkak/spring-quarkus-perf-comparison/logs/mpstat-quarkus3-native-4.log ../../20260311/class-for-name-respects-class-loader/target-host/
18:37:57,206 [ :monitor-process-2278 @ target-host ] taskset --cpu-list 11 pidstat -u -p 279982 1 &>/home/zakkak/spring-quarkus-perf-comparison/logs/pidstat-quarkus3-native-4.log &
[1] 280100
18:37:57,452 [ test-runner:run-tests-983 @ target-host ] script-cmd: monitor-process
18:37:57,452 [ test-runner:run-tests-983 @ target-host ] script-cmd: monitor-postgres
18:37:57,452 [ test-runner:run-tests-983 @ target-host ] monitor-postgres
18:37:57,452 [ :monitor-process-2295 @ target-host ] monitor-process
18:37:57,452 [ :monitor-process-2295 @ target-host ] queue-download: ${{log_file}}=/home/zakkak/spring-quarkus-perf-comparison/logs/vmstat-quarkus3-native-4.log ../../20260311/class-for-name-respects-class-loader/target-host/
18:37:57,581 [ :monitor-process-2286 @ target-host ] taskset --cpu-list 11 mpstat -P ALL 1 &>/home/zakkak/spring-quarkus-perf-comparison/logs/mpstat-quarkus3-native-4.log &
[1] 280182
18:37:57,607 [ :monitor-process-2278 @ target-host ] PROCESS_PID=$!
18:37:57,855 [ :monitor-process-2295 @ target-host ] taskset --cpu-list 11 vmstat 1 &>/home/zakkak/spring-quarkus-perf-comparison/logs/vmstat-quarkus3-native-4.log &
[1] 280265
18:37:57,893 [ test-runner:run-tests-983 @ target-host ] POSTGRES_PID=$(/home/zakkak/spring-quarkus-perf-comparison/spring-quarkus-perf-comparison/scripts/infra.sh -r)
18:37:57,982 [ :monitor-process-2286 @ target-host ] PROCESS_PID=$!
18:37:58,009 [ :monitor-process-2278 @ target-host ] echo $PROCESS_PID
280100
18:37:58,009 [ :monitor-process-2278 @ target-host ] set-state: PROCESS_PID 280100
18:37:58,256 [ :monitor-process-2295 @ target-host ] PROCESS_PID=$!
18:37:58,294 [ test-runner:run-tests-983 @ target-host ] echo $POSTGRES_PID
279689
18:37:58,294 [ test-runner:run-tests-983 @ target-host ] set-state: POSTGRES_PID 279689
18:37:58,384 [ :monitor-process-2286 @ target-host ] echo $PROCESS_PID
280182
18:37:58,384 [ :monitor-process-2286 @ target-host ] set-state: PROCESS_PID 280182
18:37:58,658 [ :monitor-process-2295 @ target-host ] echo $PROCESS_PID
280265
18:37:58,658 [ :monitor-process-2295 @ target-host ] set-state: PROCESS_PID 280265
18:37:58,666 [ test-runner:run-tests-983 @ target-host ] script-cmd: monitor-process
18:37:58,666 [ test-runner:run-tests-983 @ target-host ] JVM_PID = 279982
18:37:58,666 [ :monitor-process-2311 @ target-host ] monitor-process
18:37:58,666 [ :monitor-process-2311 @ target-host ] queue-download: ${{log_file}}=/home/zakkak/spring-quarkus-perf-comparison/logs/postgres-pidstat-quarkus3-native-4.log ../../20260311/class-for-name-respects-class-loader/target-host/
18:37:58,666 [ test-runner:run-tests-983 @ target-host ] read-state: none
18:37:59,038 [ test-runner:run-tests-983 @ target-host ] script-cmd: watch-log
18:37:59,038 [ :watch-log-2320 @ target-host ] watch-log
18:37:59,048 [ :watch-log-2320 @ target-host ] regex: ${{log_regex}}
18:37:59,049 [ :watch-log-2320 @ target-host ] ctrlC
18:37:59,049 [ :watch-log-2320 @ target-host ] reached LOG_REGEX_REACHED
18:37:59,049 [ test-runner:run-tests-983 @ target-host ] wait-for: LOG_REGEX_REACHED
18:37:59,049 [ :watch-log-2320 @ target-host ] signal: LOG_REGEX_REACHED
18:37:59,169 [ :monitor-process-2311 @ target-host ] taskset --cpu-list 11 pidstat -u -p $(pgrep -d , -P 279689) 1 &>/home/zakkak/spring-quarkus-perf-comparison/logs/postgres-pidstat-quarkus3-native-4.log &
[1] 280381
18:37:59,450 [ :watch-log-2320 @ target-host ] tail -f /home/zakkak/spring-quarkus-perf-comparison/logs/load-test-quarkus3-native-4.log
__  ____  __  _____   ___  __ ____  ______ 
 --/ __ \/ / / / _ | / _ \/ //_/ / / / __/ 
 -/ /_/ / /_/ / __ |/ , _/ ,< / /_/ /\ \   
--\___\_\____/_/ |_/_/|_/_/|_|\____/___/   
2026-03-11 18:37:55,183 INFO  [io.quarkus] (main) quarkus3 1.0 native (powered by Quarkus 999-SNAPSHOT) started in 0.066s. Listening on: http://0.0.0.0:8080
2026-03-11 18:37:55,183 INFO  [io.quarkus] (main) Profile prod activated. 
2026-03-11 18:37:55,183 INFO  [io.quarkus] (main) Installed features: [agroal, cdi, config-yaml, hibernate-orm, hibernate-orm-panache, hibernate-validator, jdbc-postgresql, narayana-jta, rest, rest-jackson, smallrye-context-propagation, smallrye-health, vertx]
18:37:59,571 [ :monitor-process-2311 @ target-host ] PROCESS_PID=$!
18:37:59,973 [ :monitor-process-2311 @ target-host ] echo $PROCESS_PID
280381
18:37:59,973 [ :monitor-process-2311 @ target-host ] set-state: PROCESS_PID 280381
18:40:08,947 [ test-runner:run-tests-983 @ target-host ] taskset --cpu-list 7-9 jbang -R -XX:+UseNUMA wrk@hyperfoil -t 2 -c 100 -d 2m --timeout 2m http://localhost:8080/fruits 2>&1 >/home/zakkak/spring-quarkus-perf-comparison/logs/wrk-warmup-quarkus3-native-4.log
18:40:38,947 [ test-runner:run-tests-983 @ target-host ] sleep: 30s
18:40:38,947 [ :monitor-process-2286 @ target-host ] reached LOAD_STEADY_STATE_START
18:40:38,947 [ test-runner:run-tests-983 @ target-host ] signal: LOAD_STEADY_STATE_START
18:41:20,136 [ test-runner:run-tests-983 @ target-host ] taskset --cpu-list 7-9 jbang -R -XX:+UseNUMA wrk@hyperfoil -t 2 -c 100 -d 30s --timeout 30s http://localhost:8080/fruits 2>&1 >/home/zakkak/spring-quarkus-perf-comparison/logs/wrk-quarkus3-native-4.log
18:41:20,552 [ test-runner:run-tests-983 @ target-host ] cat /home/zakkak/spring-quarkus-perf-comparison/logs/wrk-quarkus3-native-4.log | grep "Requests/sec" | awk '{print $2}'
16262.69
18:41:20,552 [ test-runner:run-tests-983 @ target-host ] set-state: THROUGHPUT 16262.69
18:41:20,552 [ test-runner:run-tests-983 @ target-host ] script-cmd: state-array-push
18:41:20,553 [ test-runner:run-tests-983 @ target-host ] state-array-push
18:41:20,616 [ test-runner:run-tests-983 @ target-host ] set-state: RUN.output.results.quarkus3-native.load.throughput [16229.87,16021.4,16002.97,16256.02,16262.69]
18:41:21,020 [ test-runner:run-tests-983 @ target-host ] cat /home/zakkak/spring-quarkus-perf-comparison/logs/wrk-quarkus3-native-4.log | grep "Socket errors:" | sed -E 's/.*connectionErrors ([0-9]+).*/\1/'
18:41:21,020 [ test-runner:run-tests-983 @ target-host ] regex: ^$
18:41:21,021 [ test-runner:run-tests-983 @ target-host ] set-state: CONNECTION_ERRORS 0
18:41:21,021 [ test-runner:run-tests-983 @ target-host ] script-cmd: state-array-push
18:41:21,021 [ test-runner:run-tests-983 @ target-host ] state-array-push
18:41:21,074 [ test-runner:run-tests-983 @ target-host ] set-state: RUN.output.results.quarkus3-native.load.connectionErrors [0,0,0,0,0]
18:41:21,478 [ test-runner:run-tests-983 @ target-host ] cat /home/zakkak/spring-quarkus-perf-comparison/logs/wrk-quarkus3-native-4.log | grep "Socket errors:" | sed -E 's/.*requestTimeouts ([0-9]+)/\1/'
18:41:21,478 [ test-runner:run-tests-983 @ target-host ] regex: ^$
18:41:21,478 [ test-runner:run-tests-983 @ target-host ] set-state: REQUEST_TIMEOUTS 0
18:41:21,479 [ test-runner:run-tests-983 @ target-host ] script-cmd: state-array-push
18:41:21,479 [ test-runner:run-tests-983 @ target-host ] state-array-push
18:41:21,532 [ test-runner:run-tests-983 @ target-host ] set-state: RUN.output.results.quarkus3-native.load.requestTimeouts [0,0,0,0,0]
18:41:21,950 [ test-runner:run-tests-983 @ target-host ] pmap -x $PID | grep total | awk '{print $4}'
163916
18:41:21,950 [ test-runner:run-tests-983 @ target-host ] set-state: RSS 163916
18:41:21,977 [ test-runner:run-tests-983 @ target-host ] script-cmd: state-array-push
18:41:21,977 [ test-runner:run-tests-983 @ target-host ] state-array-push
18:41:22,030 [ test-runner:run-tests-983 @ target-host ] set-state: RUN.output.results.quarkus3-native.load.rss [161.6484375,159.92578125,159.578125,157.35546875,160.07421875]
18:41:22,057 [ test-runner:run-tests-983 @ target-host ] script-cmd: state-array-push
18:41:22,057 [ test-runner:run-tests-983 @ target-host ] state-array-push
18:41:22,112 [ test-runner:run-tests-983 @ target-host ] set-state: RUN.output.results.quarkus3-native.load.throughputDensity [100.40226958581026,100.18022031704159,100.28298051502986,103.30762654221384,101.59468605871301]
18:41:22,112 [ test-runner:run-tests-983 @ target-host ] reached LOAD_TEST_COMPLETE
18:41:22,112 [ :monitor-process-2278 @ target-host ] wait-for: LOAD_TEST_COMPLETE
18:41:22,112 [ :monitor-process-2286 @ target-host ] wait-for: LOAD_TEST_COMPLETE
18:41:22,112 [ :monitor-process-2295 @ target-host ] wait-for: LOAD_TEST_COMPLETE
18:41:22,112 [ :monitor-process-2311 @ target-host ] wait-for: LOAD_TEST_COMPLETE
18:41:22,113 [ test-runner:run-tests-983 @ target-host ] signal: LOAD_TEST_COMPLETE
18:41:22,514 [ :monitor-process-2278 @ target-host ] kill -15 $PROCESS_PID
bash: kill: (280100) - No such process
18:41:22,514 [ :monitor-process-2286 @ target-host ] kill -15 $PROCESS_PID
bash: kill: (280182) - No such process
18:41:22,514 [ :monitor-process-2311 @ target-host ] kill -15 $PROCESS_PID
bash: kill: (280381) - No such process
18:41:22,615 [ test-runner:run-tests-983 @ target-host ] kill -15 $PID
18:41:22,615 [ :monitor-process-2295 @ target-host ] kill -15 $PROCESS_PID
18:41:25,026 [ test-runner:run-tests-983 @ target-host ] sleep 2
18:41:25,026 [ test-runner:run-tests-983 @ target-host ] script-cmd: stop-test-services
18:41:25,026 [ test-runner:run-tests-983 @ target-host ] stop-test-services
18:41:25,677 [ test-runner:run-tests-983 @ target-host ] /home/zakkak/spring-quarkus-perf-comparison/spring-quarkus-perf-comparison/scripts/infra.sh -d
Using podman to stop containers
-----------------------------------------
[03/11/2026 18:41:25]: Stopping services
-----------------------------------------
Stopping PostgreSQL database 'fruits_db'
fruits_db
18:41:25,759 [ test-runner:run-tests-983 @ target-host ] for-each: ITERATION = 5
18:41:25,759 [ test-runner:run-tests-983 @ target-host ] set-state: LOG_FILE /home/zakkak/spring-quarkus-perf-comparison/logs/load-test-quarkus3-native-5.log
18:41:26,171 [ test-runner:run-tests-983 @ target-host ] touch /home/zakkak/spring-quarkus-perf-comparison/logs/load-test-quarkus3-native-5.log
18:41:26,171 [ test-runner:run-tests-983 @ target-host ] queue-download: ${{REPO_DIR}}/logs/wrk-warmup-${{RUNTIME.name}}-${{ITERATION}}.log=/home/zakkak/spring-quarkus-perf-comparison/logs/wrk-warmup-quarkus3-native-5.log ../../20260311/class-for-name-respects-class-loader/target-host/
18:41:26,171 [ test-runner:run-tests-983 @ target-host ] queue-download: ${{LOG_FILE}}=/home/zakkak/spring-quarkus-perf-comparison/logs/load-test-quarkus3-native-5.log ../../20260311/class-for-name-respects-class-loader/target-host/
18:41:26,172 [ test-runner:run-tests-983 @ target-host ] queue-download: ${{REPO_DIR}}/logs/wrk-${{RUNTIME.name}}-${{ITERATION}}.log=/home/zakkak/spring-quarkus-perf-comparison/logs/wrk-quarkus3-native-5.log ../../20260311/class-for-name-respects-class-loader/target-host/
18:41:26,172 [ test-runner:run-tests-983 @ target-host ] script-cmd: start-test-services
18:41:26,172 [ test-runner:run-tests-983 @ target-host ] start-test-services
18:41:37,274 [ test-runner:run-tests-983 @ target-host ] /home/zakkak/spring-quarkus-perf-comparison/spring-quarkus-perf-comparison/scripts/infra.sh -c 3 -p '4-6' -s
Using podman to start containers
-----------------------------------------
[03/11/2026 18:41:26]: Starting services
-----------------------------------------
Starting PostgreSQL database 'fruits_db'
PostgreSQL DB process: 567a0b87176f63772ecd0b53afd9b56b6c16b2af036ce44085f2a7a4d7bceaad
Waiting for PostgreSQL to be ready...
localhost:5432 - no response
localhost:5432 - no response
localhost:5432 - accepting connections
18:41:37,275 [ test-runner:run-tests-983 @ target-host ] script-cmd: sync-drop-fs-cache
18:41:37,275 [ test-runner:run-tests-983 @ target-host ] sync-drop-fs-cache
18:41:37,275 [ test-runner:run-tests-983 @ target-host ] read-state: true
18:41:37,275 [ test-runner:run-tests-983 @ target-host ] regex: true
18:41:37,796 [ test-runner:run-tests-983 @ target-host ] sync
18:41:37,796 [ test-runner:run-tests-983 @ target-host ] script-cmd: sync-drop-fs-cache-${{os}}
18:41:37,796 [ test-runner:run-tests-983 @ target-host ] sync-drop-fs-cache-linux
18:41:37,796 [ test-runner:run-tests-983 @ target-host ] script-cmd: sudo
18:41:37,796 [ test-runner:run-tests-983 @ target-host ] sudo
18:41:37,797 [ test-runner:run-tests-983 @ target-host ] script-cmd: sudo-${{os}}
18:41:37,797 [ test-runner:run-tests-983 @ target-host ] sudo-linux
18:41:38,588 [ test-runner:run-tests-983 @ target-host ] sudo sh -c "echo 3 > /proc/sys/vm/drop_caches"
]3008;start=979ba88bfc724b80b7ee9d483b0d00ca;user=zakkak;hostname=blanc;machineid=f469a615e9ef4e81b7d5be080a5de373;bootid=0e917e08584a49cb891ef04366e00ace;pid=281780;pidfdid=281781;comm=sudo;targetuser=root;sessionid=c248;type=session\]3008;end=979ba88bfc724b80b7ee9d483b0d00ca\
18:41:38,588 [ test-runner:run-tests-983 @ target-host ] set-signal: LOAD_STEADY_STATE_START 1
18:41:38,588 [ test-runner:run-tests-983 @ target-host ] set-signal: LOG_REGEX_REACHED 1
18:41:38,991 [ test-runner:run-tests-983 @ target-host ] taskset --cpu-list 0-3 /home/zakkak/spring-quarkus-perf-comparison/spring-quarkus-perf-comparison/quarkus3/target/quarkus3-runner  &>/home/zakkak/spring-quarkus-perf-comparison/logs/load-test-quarkus3-native-5.log &
[1] 281810
18:41:39,392 [ test-runner:run-tests-983 @ target-host ] PID=$!
18:41:39,794 [ test-runner:run-tests-983 @ target-host ] echo $PID
281810
18:41:39,794 [ test-runner:run-tests-983 @ target-host ] set-state: JVM_PID 281810
18:41:39,794 [ test-runner:run-tests-983 @ target-host ] script-cmd: monitor-processes
18:41:39,794 [ test-runner:run-tests-983 @ target-host ] monitor-processes
18:41:39,794 [ test-runner:run-tests-983 @ target-host ] set-signal: LOAD_TEST_COMPLETE 1
18:41:40,276 [ test-runner:run-tests-983 @ target-host ] script-cmd: monitor-process
18:41:40,276 [ :monitor-process-2371 @ target-host ] monitor-process
18:41:40,276 [ :monitor-process-2371 @ target-host ] queue-download: ${{log_file}}=/home/zakkak/spring-quarkus-perf-comparison/logs/pidstat-quarkus3-native-5.log ../../20260311/class-for-name-respects-class-loader/target-host/
18:41:40,651 [ test-runner:run-tests-983 @ target-host ] script-cmd: monitor-process
18:41:40,651 [ :monitor-process-2379 @ target-host ] monitor-process
18:41:40,651 [ :monitor-process-2379 @ target-host ] queue-download: ${{log_file}}=/home/zakkak/spring-quarkus-perf-comparison/logs/mpstat-quarkus3-native-5.log ../../20260311/class-for-name-respects-class-loader/target-host/
18:41:40,779 [ :monitor-process-2371 @ target-host ] taskset --cpu-list 11 pidstat -u -p 281810 1 &>/home/zakkak/spring-quarkus-perf-comparison/logs/pidstat-quarkus3-native-5.log &
[1] 281912
18:41:41,026 [ test-runner:run-tests-983 @ target-host ] script-cmd: monitor-process
18:41:41,026 [ test-runner:run-tests-983 @ target-host ] script-cmd: monitor-postgres
18:41:41,026 [ test-runner:run-tests-983 @ target-host ] monitor-postgres
18:41:41,026 [ :monitor-process-2388 @ target-host ] monitor-process
18:41:41,026 [ :monitor-process-2388 @ target-host ] queue-download: ${{log_file}}=/home/zakkak/spring-quarkus-perf-comparison/logs/vmstat-quarkus3-native-5.log ../../20260311/class-for-name-respects-class-loader/target-host/
18:41:41,153 [ :monitor-process-2379 @ target-host ] taskset --cpu-list 11 mpstat -P ALL 1 &>/home/zakkak/spring-quarkus-perf-comparison/logs/mpstat-quarkus3-native-5.log &
[1] 282007
18:41:41,181 [ :monitor-process-2371 @ target-host ] PROCESS_PID=$!
18:41:41,428 [ :monitor-process-2388 @ target-host ] taskset --cpu-list 11 vmstat 1 &>/home/zakkak/spring-quarkus-perf-comparison/logs/vmstat-quarkus3-native-5.log &
[1] 282096
18:41:41,467 [ test-runner:run-tests-983 @ target-host ] POSTGRES_PID=$(/home/zakkak/spring-quarkus-perf-comparison/spring-quarkus-perf-comparison/scripts/infra.sh -r)
18:41:41,555 [ :monitor-process-2379 @ target-host ] PROCESS_PID=$!
18:41:41,582 [ :monitor-process-2371 @ target-host ] echo $PROCESS_PID
281912
18:41:41,582 [ :monitor-process-2371 @ target-host ] set-state: PROCESS_PID 281912
18:41:41,829 [ :monitor-process-2388 @ target-host ] PROCESS_PID=$!
18:41:41,869 [ test-runner:run-tests-983 @ target-host ] echo $POSTGRES_PID
281510
18:41:41,869 [ test-runner:run-tests-983 @ target-host ] set-state: POSTGRES_PID 281510
18:41:41,956 [ :monitor-process-2379 @ target-host ] echo $PROCESS_PID
282007
18:41:41,956 [ :monitor-process-2379 @ target-host ] set-state: PROCESS_PID 282007
18:41:42,231 [ :monitor-process-2388 @ target-host ] echo $PROCESS_PID
282096
18:41:42,231 [ :monitor-process-2388 @ target-host ] set-state: PROCESS_PID 282096
18:41:42,244 [ test-runner:run-tests-983 @ target-host ] script-cmd: monitor-process
18:41:42,244 [ :monitor-process-2404 @ target-host ] monitor-process
18:41:42,244 [ test-runner:run-tests-983 @ target-host ] JVM_PID = 281810
18:41:42,244 [ :monitor-process-2404 @ target-host ] queue-download: ${{log_file}}=/home/zakkak/spring-quarkus-perf-comparison/logs/postgres-pidstat-quarkus3-native-5.log ../../20260311/class-for-name-respects-class-loader/target-host/
18:41:42,244 [ test-runner:run-tests-983 @ target-host ] read-state: none
18:41:42,615 [ test-runner:run-tests-983 @ target-host ] script-cmd: watch-log
18:41:42,615 [ :watch-log-2413 @ target-host ] watch-log
18:41:42,625 [ :watch-log-2413 @ target-host ] regex: ${{log_regex}}
18:41:42,625 [ :watch-log-2413 @ target-host ] ctrlC
18:41:42,625 [ :watch-log-2413 @ target-host ] reached LOG_REGEX_REACHED
18:41:42,625 [ test-runner:run-tests-983 @ target-host ] wait-for: LOG_REGEX_REACHED
18:41:42,625 [ :watch-log-2413 @ target-host ] signal: LOG_REGEX_REACHED
18:41:42,747 [ :monitor-process-2404 @ target-host ] taskset --cpu-list 11 pidstat -u -p $(pgrep -d , -P 281510) 1 &>/home/zakkak/spring-quarkus-perf-comparison/logs/postgres-pidstat-quarkus3-native-5.log &
[1] 282214
18:41:43,027 [ :watch-log-2413 @ target-host ] tail -f /home/zakkak/spring-quarkus-perf-comparison/logs/load-test-quarkus3-native-5.log
__  ____  __  _____   ___  __ ____  ______ 
 --/ __ \/ / / / _ | / _ \/ //_/ / / / __/ 
 -/ /_/ / /_/ / __ |/ , _/ ,< / /_/ /\ \   
--\___\_\____/_/ |_/_/|_/_/|_|\____/___/   
2026-03-11 18:41:38,735 INFO  [io.quarkus] (main) quarkus3 1.0 native (powered by Quarkus 999-SNAPSHOT) started in 0.068s. Listening on: http://0.0.0.0:8080
2026-03-11 18:41:38,735 INFO  [io.quarkus] (main) Profile prod activated. 
2026-03-11 18:41:38,735 INFO  [io.quarkus] (main) Installed features: [agroal, cdi, config-yaml, hibernate-orm, hibernate-orm-panache, hibernate-validator, jdbc-postgresql, narayana-jta, rest, rest-jackson, smallrye-context-propagation, smallrye-health, vertx]
18:41:43,148 [ :monitor-process-2404 @ target-host ] PROCESS_PID=$!
18:41:43,550 [ :monitor-process-2404 @ target-host ] echo $PROCESS_PID
282214
18:41:43,550 [ :monitor-process-2404 @ target-host ] set-state: PROCESS_PID 282214
18:43:52,603 [ test-runner:run-tests-983 @ target-host ] taskset --cpu-list 7-9 jbang -R -XX:+UseNUMA wrk@hyperfoil -t 2 -c 100 -d 2m --timeout 2m http://localhost:8080/fruits 2>&1 >/home/zakkak/spring-quarkus-perf-comparison/logs/wrk-warmup-quarkus3-native-5.log
18:44:22,603 [ test-runner:run-tests-983 @ target-host ] sleep: 30s
18:44:22,603 [ :monitor-process-2379 @ target-host ] reached LOAD_STEADY_STATE_START
18:44:22,604 [ test-runner:run-tests-983 @ target-host ] signal: LOAD_STEADY_STATE_START
18:45:02,224 [ test-runner:run-tests-983 @ target-host ] taskset --cpu-list 7-9 jbang -R -XX:+UseNUMA wrk@hyperfoil -t 2 -c 100 -d 30s --timeout 30s http://localhost:8080/fruits 2>&1 >/home/zakkak/spring-quarkus-perf-comparison/logs/wrk-quarkus3-native-5.log
18:45:02,641 [ test-runner:run-tests-983 @ target-host ] cat /home/zakkak/spring-quarkus-perf-comparison/logs/wrk-quarkus3-native-5.log | grep "Requests/sec" | awk '{print $2}'
16379.99
18:45:02,641 [ test-runner:run-tests-983 @ target-host ] set-state: THROUGHPUT 16379.99
18:45:02,641 [ test-runner:run-tests-983 @ target-host ] script-cmd: state-array-push
18:45:02,641 [ test-runner:run-tests-983 @ target-host ] state-array-push
18:45:02,690 [ test-runner:run-tests-983 @ target-host ] set-state: RUN.output.results.quarkus3-native.load.throughput [16229.87,16021.4,16002.97,16256.02,16262.69,16379.99]
18:45:03,094 [ test-runner:run-tests-983 @ target-host ] cat /home/zakkak/spring-quarkus-perf-comparison/logs/wrk-quarkus3-native-5.log | grep "Socket errors:" | sed -E 's/.*connectionErrors ([0-9]+).*/\1/'
18:45:03,094 [ test-runner:run-tests-983 @ target-host ] regex: ^$
18:45:03,094 [ test-runner:run-tests-983 @ target-host ] set-state: CONNECTION_ERRORS 0
18:45:03,094 [ test-runner:run-tests-983 @ target-host ] script-cmd: state-array-push
18:45:03,094 [ test-runner:run-tests-983 @ target-host ] state-array-push
18:45:03,135 [ test-runner:run-tests-983 @ target-host ] set-state: RUN.output.results.quarkus3-native.load.connectionErrors [0,0,0,0,0,0]
18:45:03,539 [ test-runner:run-tests-983 @ target-host ] cat /home/zakkak/spring-quarkus-perf-comparison/logs/wrk-quarkus3-native-5.log | grep "Socket errors:" | sed -E 's/.*requestTimeouts ([0-9]+)/\1/'
18:45:03,539 [ test-runner:run-tests-983 @ target-host ] regex: ^$
18:45:03,539 [ test-runner:run-tests-983 @ target-host ] set-state: REQUEST_TIMEOUTS 0
18:45:03,539 [ test-runner:run-tests-983 @ target-host ] script-cmd: state-array-push
18:45:03,539 [ test-runner:run-tests-983 @ target-host ] state-array-push
18:45:03,577 [ test-runner:run-tests-983 @ target-host ] set-state: RUN.output.results.quarkus3-native.load.requestTimeouts [0,0,0,0,0,0]
18:45:03,995 [ test-runner:run-tests-983 @ target-host ] pmap -x $PID | grep total | awk '{print $4}'
161380
18:45:03,995 [ test-runner:run-tests-983 @ target-host ] set-state: RSS 161380
18:45:04,012 [ test-runner:run-tests-983 @ target-host ] script-cmd: state-array-push
18:45:04,012 [ test-runner:run-tests-983 @ target-host ] state-array-push
18:45:04,046 [ test-runner:run-tests-983 @ target-host ] set-state: RUN.output.results.quarkus3-native.load.rss [161.6484375,159.92578125,159.578125,157.35546875,160.07421875,157.59765625]
18:45:04,072 [ test-runner:run-tests-983 @ target-host ] script-cmd: state-array-push
18:45:04,073 [ test-runner:run-tests-983 @ target-host ] state-array-push
18:45:04,107 [ test-runner:run-tests-983 @ target-host ] set-state: RUN.output.results.quarkus3-native.load.throughputDensity [100.40226958581026,100.18022031704159,100.28298051502986,103.30762654221384,101.59468605871301,103.9354923782377]
18:45:04,107 [ test-runner:run-tests-983 @ target-host ] reached LOAD_TEST_COMPLETE
18:45:04,107 [ :monitor-process-2371 @ target-host ] wait-for: LOAD_TEST_COMPLETE
18:45:04,108 [ :monitor-process-2379 @ target-host ] wait-for: LOAD_TEST_COMPLETE
18:45:04,108 [ :monitor-process-2388 @ target-host ] wait-for: LOAD_TEST_COMPLETE
18:45:04,108 [ :monitor-process-2404 @ target-host ] wait-for: LOAD_TEST_COMPLETE
18:45:04,108 [ test-runner:run-tests-983 @ target-host ] signal: LOAD_TEST_COMPLETE
18:45:04,509 [ :monitor-process-2379 @ target-host ] kill -15 $PROCESS_PID
bash: kill: (282007) - No such process
18:45:04,509 [ :monitor-process-2404 @ target-host ] kill -15 $PROCESS_PID
bash: kill: (282214) - No such process
18:45:04,509 [ :monitor-process-2371 @ target-host ] kill -15 $PROCESS_PID
bash: kill: (281912) - No such process
18:45:04,609 [ test-runner:run-tests-983 @ target-host ] kill -15 $PID
18:45:04,610 [ :monitor-process-2388 @ target-host ] kill -15 $PROCESS_PID
18:45:07,020 [ test-runner:run-tests-983 @ target-host ] sleep 2
18:45:07,021 [ test-runner:run-tests-983 @ target-host ] script-cmd: stop-test-services
18:45:07,021 [ test-runner:run-tests-983 @ target-host ] stop-test-services
18:45:07,684 [ test-runner:run-tests-983 @ target-host ] /home/zakkak/spring-quarkus-perf-comparison/spring-quarkus-perf-comparison/scripts/infra.sh -d
Using podman to stop containers
-----------------------------------------
[03/11/2026 18:45:07]: Stopping services
-----------------------------------------
Stopping PostgreSQL database 'fruits_db'
fruits_db
18:45:07,738 [ test-runner:run-tests-983 @ target-host ] for-each: ITERATION = 6
18:45:07,738 [ test-runner:run-tests-983 @ target-host ] set-state: LOG_FILE /home/zakkak/spring-quarkus-perf-comparison/logs/load-test-quarkus3-native-6.log
18:45:08,142 [ test-runner:run-tests-983 @ target-host ] touch /home/zakkak/spring-quarkus-perf-comparison/logs/load-test-quarkus3-native-6.log
18:45:08,142 [ test-runner:run-tests-983 @ target-host ] queue-download: ${{REPO_DIR}}/logs/wrk-warmup-${{RUNTIME.name}}-${{ITERATION}}.log=/home/zakkak/spring-quarkus-perf-comparison/logs/wrk-warmup-quarkus3-native-6.log ../../20260311/class-for-name-respects-class-loader/target-host/
18:45:08,152 [ test-runner:run-tests-983 @ target-host ] queue-download: ${{LOG_FILE}}=/home/zakkak/spring-quarkus-perf-comparison/logs/load-test-quarkus3-native-6.log ../../20260311/class-for-name-respects-class-loader/target-host/
18:45:08,152 [ test-runner:run-tests-983 @ target-host ] queue-download: ${{REPO_DIR}}/logs/wrk-${{RUNTIME.name}}-${{ITERATION}}.log=/home/zakkak/spring-quarkus-perf-comparison/logs/wrk-quarkus3-native-6.log ../../20260311/class-for-name-respects-class-loader/target-host/
18:45:08,152 [ test-runner:run-tests-983 @ target-host ] script-cmd: start-test-services
18:45:08,152 [ test-runner:run-tests-983 @ target-host ] start-test-services
18:45:19,249 [ test-runner:run-tests-983 @ target-host ] /home/zakkak/spring-quarkus-perf-comparison/spring-quarkus-perf-comparison/scripts/infra.sh -c 3 -p '4-6' -s
Using podman to start containers
-----------------------------------------
[03/11/2026 18:45:08]: Starting services
-----------------------------------------
Starting PostgreSQL database 'fruits_db'
PostgreSQL DB process: 26f00cbe676afca81fa7c86330bb60f64a0aa05f06ce29dcdb682f2f9ff6c86d
Waiting for PostgreSQL to be ready...
localhost:5432 - no response
localhost:5432 - no response
localhost:5432 - accepting connections
18:45:19,249 [ test-runner:run-tests-983 @ target-host ] script-cmd: sync-drop-fs-cache
18:45:19,249 [ test-runner:run-tests-983 @ target-host ] sync-drop-fs-cache
18:45:19,249 [ test-runner:run-tests-983 @ target-host ] read-state: true
18:45:19,250 [ test-runner:run-tests-983 @ target-host ] regex: true
18:45:19,832 [ test-runner:run-tests-983 @ target-host ] sync
18:45:19,832 [ test-runner:run-tests-983 @ target-host ] script-cmd: sync-drop-fs-cache-${{os}}
18:45:19,832 [ test-runner:run-tests-983 @ target-host ] sync-drop-fs-cache-linux
18:45:19,832 [ test-runner:run-tests-983 @ target-host ] script-cmd: sudo
18:45:19,832 [ test-runner:run-tests-983 @ target-host ] sudo
18:45:19,833 [ test-runner:run-tests-983 @ target-host ] script-cmd: sudo-${{os}}
18:45:19,833 [ test-runner:run-tests-983 @ target-host ] sudo-linux
18:45:20,630 [ test-runner:run-tests-983 @ target-host ] sudo sh -c "echo 3 > /proc/sys/vm/drop_caches"
]3008;start=f96a21a9485b46e68177c583e34f2fa5;user=zakkak;hostname=blanc;machineid=f469a615e9ef4e81b7d5be080a5de373;bootid=0e917e08584a49cb891ef04366e00ace;pid=283613;pidfdid=283614;comm=sudo;targetuser=root;sessionid=c249;type=session\]3008;end=f96a21a9485b46e68177c583e34f2fa5\
18:45:20,630 [ test-runner:run-tests-983 @ target-host ] set-signal: LOAD_STEADY_STATE_START 1
18:45:20,630 [ test-runner:run-tests-983 @ target-host ] set-signal: LOG_REGEX_REACHED 1
18:45:21,033 [ test-runner:run-tests-983 @ target-host ] taskset --cpu-list 0-3 /home/zakkak/spring-quarkus-perf-comparison/spring-quarkus-perf-comparison/quarkus3/target/quarkus3-runner  &>/home/zakkak/spring-quarkus-perf-comparison/logs/load-test-quarkus3-native-6.log &
[1] 283640
18:45:21,434 [ test-runner:run-tests-983 @ target-host ] PID=$!
18:45:21,836 [ test-runner:run-tests-983 @ target-host ] echo $PID
283640
18:45:21,836 [ test-runner:run-tests-983 @ target-host ] set-state: JVM_PID 283640
18:45:21,836 [ test-runner:run-tests-983 @ target-host ] script-cmd: monitor-processes
18:45:21,836 [ test-runner:run-tests-983 @ target-host ] monitor-processes
18:45:21,836 [ test-runner:run-tests-983 @ target-host ] set-signal: LOAD_TEST_COMPLETE 1
18:45:22,314 [ test-runner:run-tests-983 @ target-host ] script-cmd: monitor-process
18:45:22,314 [ :monitor-process-2464 @ target-host ] monitor-process
18:45:22,314 [ :monitor-process-2464 @ target-host ] queue-download: ${{log_file}}=/home/zakkak/spring-quarkus-perf-comparison/logs/pidstat-quarkus3-native-6.log ../../20260311/class-for-name-respects-class-loader/target-host/
18:45:22,688 [ test-runner:run-tests-983 @ target-host ] script-cmd: monitor-process
18:45:22,689 [ :monitor-process-2472 @ target-host ] monitor-process
18:45:22,689 [ :monitor-process-2472 @ target-host ] queue-download: ${{log_file}}=/home/zakkak/spring-quarkus-perf-comparison/logs/mpstat-quarkus3-native-6.log ../../20260311/class-for-name-respects-class-loader/target-host/
18:45:22,817 [ :monitor-process-2464 @ target-host ] taskset --cpu-list 11 pidstat -u -p 283640 1 &>/home/zakkak/spring-quarkus-perf-comparison/logs/pidstat-quarkus3-native-6.log &
[1] 283742
18:45:23,064 [ test-runner:run-tests-983 @ target-host ] script-cmd: monitor-process
18:45:23,064 [ test-runner:run-tests-983 @ target-host ] script-cmd: monitor-postgres
18:45:23,064 [ test-runner:run-tests-983 @ target-host ] monitor-postgres
18:45:23,064 [ :monitor-process-2481 @ target-host ] monitor-process
18:45:23,064 [ :monitor-process-2481 @ target-host ] queue-download: ${{log_file}}=/home/zakkak/spring-quarkus-perf-comparison/logs/vmstat-quarkus3-native-6.log ../../20260311/class-for-name-respects-class-loader/target-host/
18:45:23,191 [ :monitor-process-2472 @ target-host ] taskset --cpu-list 11 mpstat -P ALL 1 &>/home/zakkak/spring-quarkus-perf-comparison/logs/mpstat-quarkus3-native-6.log &
[1] 283841
18:45:23,218 [ :monitor-process-2464 @ target-host ] PROCESS_PID=$!
18:45:23,466 [ :monitor-process-2481 @ target-host ] taskset --cpu-list 11 vmstat 1 &>/home/zakkak/spring-quarkus-perf-comparison/logs/vmstat-quarkus3-native-6.log &
[1] 283924
18:45:23,504 [ test-runner:run-tests-983 @ target-host ] POSTGRES_PID=$(/home/zakkak/spring-quarkus-perf-comparison/spring-quarkus-perf-comparison/scripts/infra.sh -r)
18:45:23,593 [ :monitor-process-2472 @ target-host ] PROCESS_PID=$!
18:45:23,620 [ :monitor-process-2464 @ target-host ] echo $PROCESS_PID
283742
18:45:23,620 [ :monitor-process-2464 @ target-host ] set-state: PROCESS_PID 283742
18:45:23,867 [ :monitor-process-2481 @ target-host ] PROCESS_PID=$!
18:45:23,906 [ test-runner:run-tests-983 @ target-host ] echo $POSTGRES_PID
283350
18:45:23,906 [ test-runner:run-tests-983 @ target-host ] set-state: POSTGRES_PID 283350
18:45:23,994 [ :monitor-process-2472 @ target-host ] echo $PROCESS_PID
283841
18:45:23,994 [ :monitor-process-2472 @ target-host ] set-state: PROCESS_PID 283841
18:45:24,269 [ :monitor-process-2481 @ target-host ] echo $PROCESS_PID
283924
18:45:24,269 [ :monitor-process-2481 @ target-host ] set-state: PROCESS_PID 283924
18:45:24,281 [ test-runner:run-tests-983 @ target-host ] script-cmd: monitor-process
18:45:24,281 [ test-runner:run-tests-983 @ target-host ] JVM_PID = 283640
18:45:24,281 [ :monitor-process-2497 @ target-host ] monitor-process
18:45:24,282 [ :monitor-process-2497 @ target-host ] queue-download: ${{log_file}}=/home/zakkak/spring-quarkus-perf-comparison/logs/postgres-pidstat-quarkus3-native-6.log ../../20260311/class-for-name-respects-class-loader/target-host/
18:45:24,282 [ test-runner:run-tests-983 @ target-host ] read-state: none
18:45:24,654 [ test-runner:run-tests-983 @ target-host ] script-cmd: watch-log
18:45:24,654 [ :watch-log-2506 @ target-host ] watch-log
18:45:24,664 [ :watch-log-2506 @ target-host ] regex: ${{log_regex}}
18:45:24,664 [ :watch-log-2506 @ target-host ] ctrlC
18:45:24,664 [ :watch-log-2506 @ target-host ] reached LOG_REGEX_REACHED
18:45:24,664 [ test-runner:run-tests-983 @ target-host ] wait-for: LOG_REGEX_REACHED
18:45:24,664 [ :watch-log-2506 @ target-host ] signal: LOG_REGEX_REACHED
18:45:24,784 [ :monitor-process-2497 @ target-host ] taskset --cpu-list 11 pidstat -u -p $(pgrep -d , -P 283350) 1 &>/home/zakkak/spring-quarkus-perf-comparison/logs/postgres-pidstat-quarkus3-native-6.log &
[1] 284043
18:45:25,066 [ :watch-log-2506 @ target-host ] tail -f /home/zakkak/spring-quarkus-perf-comparison/logs/load-test-quarkus3-native-6.log
__  ____  __  _____   ___  __ ____  ______ 
 --/ __ \/ / / / _ | / _ \/ //_/ / / / __/ 
 -/ /_/ / /_/ / __ |/ , _/ ,< / /_/ /\ \   
--\___\_\____/_/ |_/_/|_/_/|_|\____/___/   
2026-03-11 18:45:20,786 INFO  [io.quarkus] (main) quarkus3 1.0 native (powered by Quarkus 999-SNAPSHOT) started in 0.068s. Listening on: http://0.0.0.0:8080
2026-03-11 18:45:20,786 INFO  [io.quarkus] (main) Profile prod activated. 
2026-03-11 18:45:20,786 INFO  [io.quarkus] (main) Installed features: [agroal, cdi, config-yaml, hibernate-orm, hibernate-orm-panache, hibernate-validator, jdbc-postgresql, narayana-jta, rest, rest-jackson, smallrye-context-propagation, smallrye-health, vertx]
18:45:25,186 [ :monitor-process-2497 @ target-host ] PROCESS_PID=$!
18:45:25,587 [ :monitor-process-2497 @ target-host ] echo $PROCESS_PID
284043
18:45:25,587 [ :monitor-process-2497 @ target-host ] set-state: PROCESS_PID 284043
18:47:34,606 [ test-runner:run-tests-983 @ target-host ] taskset --cpu-list 7-9 jbang -R -XX:+UseNUMA wrk@hyperfoil -t 2 -c 100 -d 2m --timeout 2m http://localhost:8080/fruits 2>&1 >/home/zakkak/spring-quarkus-perf-comparison/logs/wrk-warmup-quarkus3-native-6.log
18:48:04,606 [ test-runner:run-tests-983 @ target-host ] sleep: 30s
18:48:04,606 [ :monitor-process-2472 @ target-host ] reached LOAD_STEADY_STATE_START
18:48:04,606 [ test-runner:run-tests-983 @ target-host ] signal: LOAD_STEADY_STATE_START
18:48:44,339 [ test-runner:run-tests-983 @ target-host ] taskset --cpu-list 7-9 jbang -R -XX:+UseNUMA wrk@hyperfoil -t 2 -c 100 -d 30s --timeout 30s http://localhost:8080/fruits 2>&1 >/home/zakkak/spring-quarkus-perf-comparison/logs/wrk-quarkus3-native-6.log
18:48:44,755 [ test-runner:run-tests-983 @ target-host ] cat /home/zakkak/spring-quarkus-perf-comparison/logs/wrk-quarkus3-native-6.log | grep "Requests/sec" | awk '{print $2}'
16326.50
18:48:44,755 [ test-runner:run-tests-983 @ target-host ] set-state: THROUGHPUT 16326.50
18:48:44,755 [ test-runner:run-tests-983 @ target-host ] script-cmd: state-array-push
18:48:44,755 [ test-runner:run-tests-983 @ target-host ] state-array-push
18:48:44,801 [ test-runner:run-tests-983 @ target-host ] set-state: RUN.output.results.quarkus3-native.load.throughput [16229.87,16021.4,16002.97,16256.02,16262.69,16379.99,16326.5]
18:48:45,205 [ test-runner:run-tests-983 @ target-host ] cat /home/zakkak/spring-quarkus-perf-comparison/logs/wrk-quarkus3-native-6.log | grep "Socket errors:" | sed -E 's/.*connectionErrors ([0-9]+).*/\1/'
18:48:45,205 [ test-runner:run-tests-983 @ target-host ] regex: ^$
18:48:45,205 [ test-runner:run-tests-983 @ target-host ] set-state: CONNECTION_ERRORS 0
18:48:45,205 [ test-runner:run-tests-983 @ target-host ] script-cmd: state-array-push
18:48:45,205 [ test-runner:run-tests-983 @ target-host ] state-array-push
18:48:45,244 [ test-runner:run-tests-983 @ target-host ] set-state: RUN.output.results.quarkus3-native.load.connectionErrors [0,0,0,0,0,0,0]
18:48:45,648 [ test-runner:run-tests-983 @ target-host ] cat /home/zakkak/spring-quarkus-perf-comparison/logs/wrk-quarkus3-native-6.log | grep "Socket errors:" | sed -E 's/.*requestTimeouts ([0-9]+)/\1/'
18:48:45,648 [ test-runner:run-tests-983 @ target-host ] regex: ^$
18:48:45,648 [ test-runner:run-tests-983 @ target-host ] set-state: REQUEST_TIMEOUTS 0
18:48:45,648 [ test-runner:run-tests-983 @ target-host ] script-cmd: state-array-push
18:48:45,648 [ test-runner:run-tests-983 @ target-host ] state-array-push
18:48:45,692 [ test-runner:run-tests-983 @ target-host ] set-state: RUN.output.results.quarkus3-native.load.requestTimeouts [0,0,0,0,0,0,0]
18:48:46,110 [ test-runner:run-tests-983 @ target-host ] pmap -x $PID | grep total | awk '{print $4}'
161768
18:48:46,110 [ test-runner:run-tests-983 @ target-host ] set-state: RSS 161768
18:48:46,127 [ test-runner:run-tests-983 @ target-host ] script-cmd: state-array-push
18:48:46,127 [ test-runner:run-tests-983 @ target-host ] state-array-push
18:48:46,164 [ test-runner:run-tests-983 @ target-host ] set-state: RUN.output.results.quarkus3-native.load.rss [161.6484375,159.92578125,159.578125,157.35546875,160.07421875,157.59765625,157.9765625]
18:48:46,180 [ test-runner:run-tests-983 @ target-host ] script-cmd: state-array-push
18:48:46,180 [ test-runner:run-tests-983 @ target-host ] state-array-push
18:48:46,215 [ test-runner:run-tests-983 @ target-host ] set-state: RUN.output.results.quarkus3-native.load.throughputDensity [100.40226958581026,100.18022031704159,100.28298051502986,103.30762654221384,101.59468605871301,103.9354923782377,103.34760892141833]
18:48:46,215 [ test-runner:run-tests-983 @ target-host ] reached LOAD_TEST_COMPLETE
18:48:46,215 [ :monitor-process-2464 @ target-host ] wait-for: LOAD_TEST_COMPLETE
18:48:46,215 [ :monitor-process-2472 @ target-host ] wait-for: LOAD_TEST_COMPLETE
18:48:46,215 [ :monitor-process-2481 @ target-host ] wait-for: LOAD_TEST_COMPLETE
18:48:46,215 [ :monitor-process-2497 @ target-host ] wait-for: LOAD_TEST_COMPLETE
18:48:46,215 [ test-runner:run-tests-983 @ target-host ] signal: LOAD_TEST_COMPLETE
18:48:46,617 [ :monitor-process-2464 @ target-host ] kill -15 $PROCESS_PID
bash: kill: (283742) - No such process
18:48:46,617 [ :monitor-process-2472 @ target-host ] kill -15 $PROCESS_PID
bash: kill: (283841) - No such process
18:48:46,617 [ :monitor-process-2497 @ target-host ] kill -15 $PROCESS_PID
bash: kill: (284043) - No such process
18:48:46,717 [ test-runner:run-tests-983 @ target-host ] kill -15 $PID
18:48:46,717 [ :monitor-process-2481 @ target-host ] kill -15 $PROCESS_PID
18:48:49,128 [ test-runner:run-tests-983 @ target-host ] sleep 2
18:48:49,128 [ test-runner:run-tests-983 @ target-host ] script-cmd: stop-test-services
18:48:49,128 [ test-runner:run-tests-983 @ target-host ] stop-test-services
18:48:49,792 [ test-runner:run-tests-983 @ target-host ] /home/zakkak/spring-quarkus-perf-comparison/spring-quarkus-perf-comparison/scripts/infra.sh -d
Using podman to stop containers
-----------------------------------------
[03/11/2026 18:48:49]: Stopping services
-----------------------------------------
Stopping PostgreSQL database 'fruits_db'
fruits_db
18:48:49,858 [ test-runner:run-tests-983 @ target-host ] for-each: ITERATION = 7
18:48:49,859 [ test-runner:run-tests-983 @ target-host ] set-state: LOG_FILE /home/zakkak/spring-quarkus-perf-comparison/logs/load-test-quarkus3-native-7.log
18:48:50,265 [ test-runner:run-tests-983 @ target-host ] touch /home/zakkak/spring-quarkus-perf-comparison/logs/load-test-quarkus3-native-7.log
18:48:50,265 [ test-runner:run-tests-983 @ target-host ] queue-download: ${{REPO_DIR}}/logs/wrk-warmup-${{RUNTIME.name}}-${{ITERATION}}.log=/home/zakkak/spring-quarkus-perf-comparison/logs/wrk-warmup-quarkus3-native-7.log ../../20260311/class-for-name-respects-class-loader/target-host/
18:48:50,265 [ test-runner:run-tests-983 @ target-host ] queue-download: ${{LOG_FILE}}=/home/zakkak/spring-quarkus-perf-comparison/logs/load-test-quarkus3-native-7.log ../../20260311/class-for-name-respects-class-loader/target-host/
18:48:50,265 [ test-runner:run-tests-983 @ target-host ] queue-download: ${{REPO_DIR}}/logs/wrk-${{RUNTIME.name}}-${{ITERATION}}.log=/home/zakkak/spring-quarkus-perf-comparison/logs/wrk-quarkus3-native-7.log ../../20260311/class-for-name-respects-class-loader/target-host/
18:48:50,265 [ test-runner:run-tests-983 @ target-host ] script-cmd: start-test-services
18:48:50,265 [ test-runner:run-tests-983 @ target-host ] start-test-services
18:49:01,368 [ test-runner:run-tests-983 @ target-host ] /home/zakkak/spring-quarkus-perf-comparison/spring-quarkus-perf-comparison/scripts/infra.sh -c 3 -p '4-6' -s
Using podman to start containers
-----------------------------------------
[03/11/2026 18:48:50]: Starting services
-----------------------------------------
Starting PostgreSQL database 'fruits_db'
PostgreSQL DB process: 0524737ddb6f3e1b27fbfc250726cb9c9cf1b384280008913a1ad24044e77b1f
Waiting for PostgreSQL to be ready...
localhost:5432 - no response
localhost:5432 - no response
localhost:5432 - accepting connections
18:49:01,368 [ test-runner:run-tests-983 @ target-host ] script-cmd: sync-drop-fs-cache
18:49:01,368 [ test-runner:run-tests-983 @ target-host ] sync-drop-fs-cache
18:49:01,368 [ test-runner:run-tests-983 @ target-host ] read-state: true
18:49:01,369 [ test-runner:run-tests-983 @ target-host ] regex: true
18:49:01,839 [ test-runner:run-tests-983 @ target-host ] sync
18:49:01,839 [ test-runner:run-tests-983 @ target-host ] script-cmd: sync-drop-fs-cache-${{os}}
18:49:01,839 [ test-runner:run-tests-983 @ target-host ] sync-drop-fs-cache-linux
18:49:01,839 [ test-runner:run-tests-983 @ target-host ] script-cmd: sudo
18:49:01,839 [ test-runner:run-tests-983 @ target-host ] sudo
18:49:01,839 [ test-runner:run-tests-983 @ target-host ] script-cmd: sudo-${{os}}
18:49:01,839 [ test-runner:run-tests-983 @ target-host ] sudo-linux
18:49:02,633 [ test-runner:run-tests-983 @ target-host ] sudo sh -c "echo 3 > /proc/sys/vm/drop_caches"
]3008;start=0b336625302b4d4fbabd2a9757b99e42;user=zakkak;hostname=blanc;machineid=f469a615e9ef4e81b7d5be080a5de373;bootid=0e917e08584a49cb891ef04366e00ace;pid=285464;pidfdid=285465;comm=sudo;targetuser=root;sessionid=c250;type=session\]3008;end=0b336625302b4d4fbabd2a9757b99e42\
18:49:02,634 [ test-runner:run-tests-983 @ target-host ] set-signal: LOAD_STEADY_STATE_START 1
18:49:02,634 [ test-runner:run-tests-983 @ target-host ] set-signal: LOG_REGEX_REACHED 1
18:49:03,036 [ test-runner:run-tests-983 @ target-host ] taskset --cpu-list 0-3 /home/zakkak/spring-quarkus-perf-comparison/spring-quarkus-perf-comparison/quarkus3/target/quarkus3-runner  &>/home/zakkak/spring-quarkus-perf-comparison/logs/load-test-quarkus3-native-7.log &
[1] 285494
18:49:03,438 [ test-runner:run-tests-983 @ target-host ] PID=$!
18:49:03,839 [ test-runner:run-tests-983 @ target-host ] echo $PID
285494
18:49:03,839 [ test-runner:run-tests-983 @ target-host ] set-state: JVM_PID 285494
18:49:03,840 [ test-runner:run-tests-983 @ target-host ] script-cmd: monitor-processes
18:49:03,840 [ test-runner:run-tests-983 @ target-host ] monitor-processes
18:49:03,840 [ test-runner:run-tests-983 @ target-host ] set-signal: LOAD_TEST_COMPLETE 1
18:49:04,322 [ test-runner:run-tests-983 @ target-host ] script-cmd: monitor-process
18:49:04,322 [ :monitor-process-2557 @ target-host ] monitor-process
18:49:04,322 [ :monitor-process-2557 @ target-host ] queue-download: ${{log_file}}=/home/zakkak/spring-quarkus-perf-comparison/logs/pidstat-quarkus3-native-7.log ../../20260311/class-for-name-respects-class-loader/target-host/
18:49:04,696 [ test-runner:run-tests-983 @ target-host ] script-cmd: monitor-process
18:49:04,697 [ :monitor-process-2565 @ target-host ] monitor-process
18:49:04,697 [ :monitor-process-2565 @ target-host ] queue-download: ${{log_file}}=/home/zakkak/spring-quarkus-perf-comparison/logs/mpstat-quarkus3-native-7.log ../../20260311/class-for-name-respects-class-loader/target-host/
18:49:04,825 [ :monitor-process-2557 @ target-host ] taskset --cpu-list 11 pidstat -u -p 285494 1 &>/home/zakkak/spring-quarkus-perf-comparison/logs/pidstat-quarkus3-native-7.log &
[1] 285596
18:49:05,071 [ test-runner:run-tests-983 @ target-host ] script-cmd: monitor-process
18:49:05,071 [ test-runner:run-tests-983 @ target-host ] script-cmd: monitor-postgres
18:49:05,071 [ test-runner:run-tests-983 @ target-host ] monitor-postgres
18:49:05,071 [ :monitor-process-2574 @ target-host ] monitor-process
18:49:05,071 [ :monitor-process-2574 @ target-host ] queue-download: ${{log_file}}=/home/zakkak/spring-quarkus-perf-comparison/logs/vmstat-quarkus3-native-7.log ../../20260311/class-for-name-respects-class-loader/target-host/
18:49:05,199 [ :monitor-process-2565 @ target-host ] taskset --cpu-list 11 mpstat -P ALL 1 &>/home/zakkak/spring-quarkus-perf-comparison/logs/mpstat-quarkus3-native-7.log &
[1] 285698
18:49:05,226 [ :monitor-process-2557 @ target-host ] PROCESS_PID=$!
18:49:05,473 [ :monitor-process-2574 @ target-host ] taskset --cpu-list 11 vmstat 1 &>/home/zakkak/spring-quarkus-perf-comparison/logs/vmstat-quarkus3-native-7.log &
[1] 285781
18:49:05,511 [ test-runner:run-tests-983 @ target-host ] POSTGRES_PID=$(/home/zakkak/spring-quarkus-perf-comparison/spring-quarkus-perf-comparison/scripts/infra.sh -r)
18:49:05,601 [ :monitor-process-2565 @ target-host ] PROCESS_PID=$!
18:49:05,628 [ :monitor-process-2557 @ target-host ] echo $PROCESS_PID
285596
18:49:05,628 [ :monitor-process-2557 @ target-host ] set-state: PROCESS_PID 285596
18:49:05,875 [ :monitor-process-2574 @ target-host ] PROCESS_PID=$!
18:49:05,913 [ test-runner:run-tests-983 @ target-host ] echo $POSTGRES_PID
285199
18:49:05,913 [ test-runner:run-tests-983 @ target-host ] set-state: POSTGRES_PID 285199
18:49:06,002 [ :monitor-process-2565 @ target-host ] echo $PROCESS_PID
285698
18:49:06,002 [ :monitor-process-2565 @ target-host ] set-state: PROCESS_PID 285698
18:49:06,276 [ :monitor-process-2574 @ target-host ] echo $PROCESS_PID
285781
18:49:06,276 [ :monitor-process-2574 @ target-host ] set-state: PROCESS_PID 285781
18:49:06,288 [ test-runner:run-tests-983 @ target-host ] script-cmd: monitor-process
18:49:06,288 [ test-runner:run-tests-983 @ target-host ] JVM_PID = 285494
18:49:06,288 [ :monitor-process-2590 @ target-host ] monitor-process
18:49:06,289 [ test-runner:run-tests-983 @ target-host ] read-state: none
18:49:06,289 [ :monitor-process-2590 @ target-host ] queue-download: ${{log_file}}=/home/zakkak/spring-quarkus-perf-comparison/logs/postgres-pidstat-quarkus3-native-7.log ../../20260311/class-for-name-respects-class-loader/target-host/
18:49:06,660 [ test-runner:run-tests-983 @ target-host ] script-cmd: watch-log
18:49:06,660 [ :watch-log-2599 @ target-host ] watch-log
18:49:06,670 [ :watch-log-2599 @ target-host ] regex: ${{log_regex}}
18:49:06,670 [ :watch-log-2599 @ target-host ] ctrlC
18:49:06,670 [ :watch-log-2599 @ target-host ] reached LOG_REGEX_REACHED
18:49:06,670 [ test-runner:run-tests-983 @ target-host ] wait-for: LOG_REGEX_REACHED
18:49:06,670 [ :watch-log-2599 @ target-host ] signal: LOG_REGEX_REACHED
18:49:06,791 [ :monitor-process-2590 @ target-host ] taskset --cpu-list 11 pidstat -u -p $(pgrep -d , -P 285199) 1 &>/home/zakkak/spring-quarkus-perf-comparison/logs/postgres-pidstat-quarkus3-native-7.log &
[1] 285896
18:49:07,072 [ :watch-log-2599 @ target-host ] tail -f /home/zakkak/spring-quarkus-perf-comparison/logs/load-test-quarkus3-native-7.log
__  ____  __  _____   ___  __ ____  ______ 
 --/ __ \/ / / / _ | / _ \/ //_/ / / / __/ 
 -/ /_/ / /_/ / __ |/ , _/ ,< / /_/ /\ \   
--\___\_\____/_/ |_/_/|_/_/|_|\____/___/   
2026-03-11 18:49:02,783 INFO  [io.quarkus] (main) quarkus3 1.0 native (powered by Quarkus 999-SNAPSHOT) started in 0.068s. Listening on: http://0.0.0.0:8080
2026-03-11 18:49:02,783 INFO  [io.quarkus] (main) Profile prod activated. 
2026-03-11 18:49:02,783 INFO  [io.quarkus] (main) Installed features: [agroal, cdi, config-yaml, hibernate-orm, hibernate-orm-panache, hibernate-validator, jdbc-postgresql, narayana-jta, rest, rest-jackson, smallrye-context-propagation, smallrye-health, vertx]
18:49:07,193 [ :monitor-process-2590 @ target-host ] PROCESS_PID=$!
18:49:07,595 [ :monitor-process-2590 @ target-host ] echo $PROCESS_PID
285896
18:49:07,595 [ :monitor-process-2590 @ target-host ] set-state: PROCESS_PID 285896
18:51:16,552 [ test-runner:run-tests-983 @ target-host ] taskset --cpu-list 7-9 jbang -R -XX:+UseNUMA wrk@hyperfoil -t 2 -c 100 -d 2m --timeout 2m http://localhost:8080/fruits 2>&1 >/home/zakkak/spring-quarkus-perf-comparison/logs/wrk-warmup-quarkus3-native-7.log
18:51:46,552 [ test-runner:run-tests-983 @ target-host ] sleep: 30s
18:51:46,552 [ :monitor-process-2565 @ target-host ] reached LOAD_STEADY_STATE_START
18:51:46,552 [ test-runner:run-tests-983 @ target-host ] signal: LOAD_STEADY_STATE_START
18:52:26,189 [ test-runner:run-tests-983 @ target-host ] taskset --cpu-list 7-9 jbang -R -XX:+UseNUMA wrk@hyperfoil -t 2 -c 100 -d 30s --timeout 30s http://localhost:8080/fruits 2>&1 >/home/zakkak/spring-quarkus-perf-comparison/logs/wrk-quarkus3-native-7.log
18:52:26,605 [ test-runner:run-tests-983 @ target-host ] cat /home/zakkak/spring-quarkus-perf-comparison/logs/wrk-quarkus3-native-7.log | grep "Requests/sec" | awk '{print $2}'
16414.73
18:52:26,605 [ test-runner:run-tests-983 @ target-host ] set-state: THROUGHPUT 16414.73
18:52:26,605 [ test-runner:run-tests-983 @ target-host ] script-cmd: state-array-push
18:52:26,605 [ test-runner:run-tests-983 @ target-host ] state-array-push
18:52:26,664 [ test-runner:run-tests-983 @ target-host ] set-state: RUN.output.results.quarkus3-native.load.throughput [16229.87,16021.4,16002.97,16256.02,16262.69,16379.99,16326.5,16414.73]
18:52:27,068 [ test-runner:run-tests-983 @ target-host ] cat /home/zakkak/spring-quarkus-perf-comparison/logs/wrk-quarkus3-native-7.log | grep "Socket errors:" | sed -E 's/.*connectionErrors ([0-9]+).*/\1/'
18:52:27,068 [ test-runner:run-tests-983 @ target-host ] regex: ^$
18:52:27,068 [ test-runner:run-tests-983 @ target-host ] set-state: CONNECTION_ERRORS 0
18:52:27,068 [ test-runner:run-tests-983 @ target-host ] script-cmd: state-array-push
18:52:27,068 [ test-runner:run-tests-983 @ target-host ] state-array-push
18:52:27,122 [ test-runner:run-tests-983 @ target-host ] set-state: RUN.output.results.quarkus3-native.load.connectionErrors [0,0,0,0,0,0,0,0]
18:52:27,526 [ test-runner:run-tests-983 @ target-host ] cat /home/zakkak/spring-quarkus-perf-comparison/logs/wrk-quarkus3-native-7.log | grep "Socket errors:" | sed -E 's/.*requestTimeouts ([0-9]+)/\1/'
18:52:27,526 [ test-runner:run-tests-983 @ target-host ] regex: ^$
18:52:27,526 [ test-runner:run-tests-983 @ target-host ] set-state: REQUEST_TIMEOUTS 0
18:52:27,526 [ test-runner:run-tests-983 @ target-host ] script-cmd: state-array-push
18:52:27,526 [ test-runner:run-tests-983 @ target-host ] state-array-push
18:52:27,579 [ test-runner:run-tests-983 @ target-host ] set-state: RUN.output.results.quarkus3-native.load.requestTimeouts [0,0,0,0,0,0,0,0]
18:52:27,997 [ test-runner:run-tests-983 @ target-host ] pmap -x $PID | grep total | awk '{print $4}'
162352
18:52:27,997 [ test-runner:run-tests-983 @ target-host ] set-state: RSS 162352
18:52:28,023 [ test-runner:run-tests-983 @ target-host ] script-cmd: state-array-push
18:52:28,023 [ test-runner:run-tests-983 @ target-host ] state-array-push
18:52:28,076 [ test-runner:run-tests-983 @ target-host ] set-state: RUN.output.results.quarkus3-native.load.rss [161.6484375,159.92578125,159.578125,157.35546875,160.07421875,157.59765625,157.9765625,158.546875]
18:52:28,103 [ test-runner:run-tests-983 @ target-host ] script-cmd: state-array-push
18:52:28,103 [ test-runner:run-tests-983 @ target-host ] state-array-push
18:52:28,155 [ test-runner:run-tests-983 @ target-host ] set-state: RUN.output.results.quarkus3-native.load.throughputDensity [100.40226958581026,100.18022031704159,100.28298051502986,103.30762654221384,101.59468605871301,103.9354923782377,103.34760892141833,103.53234650635656]
18:52:28,155 [ test-runner:run-tests-983 @ target-host ] reached LOAD_TEST_COMPLETE
18:52:28,156 [ :monitor-process-2557 @ target-host ] wait-for: LOAD_TEST_COMPLETE
18:52:28,156 [ :monitor-process-2565 @ target-host ] wait-for: LOAD_TEST_COMPLETE
18:52:28,156 [ :monitor-process-2574 @ target-host ] wait-for: LOAD_TEST_COMPLETE
18:52:28,156 [ :monitor-process-2590 @ target-host ] wait-for: LOAD_TEST_COMPLETE
18:52:28,156 [ test-runner:run-tests-983 @ target-host ] signal: LOAD_TEST_COMPLETE
18:52:28,557 [ :monitor-process-2557 @ target-host ] kill -15 $PROCESS_PID
bash: kill: (285596) - No such process
18:52:28,557 [ :monitor-process-2590 @ target-host ] kill -15 $PROCESS_PID
bash: kill: (285896) - No such process
18:52:28,557 [ :monitor-process-2565 @ target-host ] kill -15 $PROCESS_PID
bash: kill: (285698) - No such process
18:52:28,658 [ test-runner:run-tests-983 @ target-host ] kill -15 $PID
18:52:28,658 [ :monitor-process-2574 @ target-host ] kill -15 $PROCESS_PID
18:52:31,063 [ test-runner:run-tests-983 @ target-host ] sleep 2
18:52:31,063 [ test-runner:run-tests-983 @ target-host ] script-cmd: stop-test-services
18:52:31,063 [ test-runner:run-tests-983 @ target-host ] stop-test-services
18:52:31,727 [ test-runner:run-tests-983 @ target-host ] /home/zakkak/spring-quarkus-perf-comparison/spring-quarkus-perf-comparison/scripts/infra.sh -d
Using podman to stop containers
-----------------------------------------
[03/11/2026 18:52:31]: Stopping services
-----------------------------------------
Stopping PostgreSQL database 'fruits_db'
fruits_db
18:52:31,807 [ test-runner:run-tests-983 @ target-host ] for-each: ITERATION = 8
18:52:31,807 [ test-runner:run-tests-983 @ target-host ] set-state: LOG_FILE /home/zakkak/spring-quarkus-perf-comparison/logs/load-test-quarkus3-native-8.log
18:52:32,212 [ test-runner:run-tests-983 @ target-host ] touch /home/zakkak/spring-quarkus-perf-comparison/logs/load-test-quarkus3-native-8.log
18:52:32,212 [ test-runner:run-tests-983 @ target-host ] queue-download: ${{REPO_DIR}}/logs/wrk-warmup-${{RUNTIME.name}}-${{ITERATION}}.log=/home/zakkak/spring-quarkus-perf-comparison/logs/wrk-warmup-quarkus3-native-8.log ../../20260311/class-for-name-respects-class-loader/target-host/
18:52:32,213 [ test-runner:run-tests-983 @ target-host ] queue-download: ${{LOG_FILE}}=/home/zakkak/spring-quarkus-perf-comparison/logs/load-test-quarkus3-native-8.log ../../20260311/class-for-name-respects-class-loader/target-host/
18:52:32,213 [ test-runner:run-tests-983 @ target-host ] queue-download: ${{REPO_DIR}}/logs/wrk-${{RUNTIME.name}}-${{ITERATION}}.log=/home/zakkak/spring-quarkus-perf-comparison/logs/wrk-quarkus3-native-8.log ../../20260311/class-for-name-respects-class-loader/target-host/
18:52:32,213 [ test-runner:run-tests-983 @ target-host ] script-cmd: start-test-services
18:52:32,214 [ test-runner:run-tests-983 @ target-host ] start-test-services
18:52:43,301 [ test-runner:run-tests-983 @ target-host ] /home/zakkak/spring-quarkus-perf-comparison/spring-quarkus-perf-comparison/scripts/infra.sh -c 3 -p '4-6' -s
Using podman to start containers
-----------------------------------------
[03/11/2026 18:52:32]: Starting services
-----------------------------------------
Starting PostgreSQL database 'fruits_db'
PostgreSQL DB process: f20543c2fd275bac4f842f40ee1ecabd856654144efb1aba6115287ffc7e54cf
Waiting for PostgreSQL to be ready...
localhost:5432 - no response
localhost:5432 - no response
localhost:5432 - accepting connections
18:52:43,301 [ test-runner:run-tests-983 @ target-host ] script-cmd: sync-drop-fs-cache
18:52:43,301 [ test-runner:run-tests-983 @ target-host ] sync-drop-fs-cache
18:52:43,302 [ test-runner:run-tests-983 @ target-host ] read-state: true
18:52:43,302 [ test-runner:run-tests-983 @ target-host ] regex: true
18:52:43,893 [ test-runner:run-tests-983 @ target-host ] sync
18:52:43,894 [ test-runner:run-tests-983 @ target-host ] script-cmd: sync-drop-fs-cache-${{os}}
18:52:43,894 [ test-runner:run-tests-983 @ target-host ] sync-drop-fs-cache-linux
18:52:43,894 [ test-runner:run-tests-983 @ target-host ] script-cmd: sudo
18:52:43,894 [ test-runner:run-tests-983 @ target-host ] sudo
18:52:43,894 [ test-runner:run-tests-983 @ target-host ] script-cmd: sudo-${{os}}
18:52:43,895 [ test-runner:run-tests-983 @ target-host ] sudo-linux
18:52:44,726 [ test-runner:run-tests-983 @ target-host ] sudo sh -c "echo 3 > /proc/sys/vm/drop_caches"
]3008;start=5b52f265500e423a873f55b236f6bb7f;user=zakkak;hostname=blanc;machineid=f469a615e9ef4e81b7d5be080a5de373;bootid=0e917e08584a49cb891ef04366e00ace;pid=287290;pidfdid=287291;comm=sudo;targetuser=root;sessionid=c251;type=session\]3008;end=5b52f265500e423a873f55b236f6bb7f\
18:52:44,727 [ test-runner:run-tests-983 @ target-host ] set-signal: LOAD_STEADY_STATE_START 1
18:52:44,727 [ test-runner:run-tests-983 @ target-host ] set-signal: LOG_REGEX_REACHED 1
18:52:45,130 [ test-runner:run-tests-983 @ target-host ] taskset --cpu-list 0-3 /home/zakkak/spring-quarkus-perf-comparison/spring-quarkus-perf-comparison/quarkus3/target/quarkus3-runner  &>/home/zakkak/spring-quarkus-perf-comparison/logs/load-test-quarkus3-native-8.log &
[1] 287319
18:52:45,531 [ test-runner:run-tests-983 @ target-host ] PID=$!
18:52:45,933 [ test-runner:run-tests-983 @ target-host ] echo $PID
287319
18:52:45,933 [ test-runner:run-tests-983 @ target-host ] set-state: JVM_PID 287319
18:52:45,933 [ test-runner:run-tests-983 @ target-host ] script-cmd: monitor-processes
18:52:45,933 [ test-runner:run-tests-983 @ target-host ] monitor-processes
18:52:45,933 [ test-runner:run-tests-983 @ target-host ] set-signal: LOAD_TEST_COMPLETE 1
18:52:46,414 [ test-runner:run-tests-983 @ target-host ] script-cmd: monitor-process
18:52:46,414 [ :monitor-process-2650 @ target-host ] monitor-process
18:52:46,414 [ :monitor-process-2650 @ target-host ] queue-download: ${{log_file}}=/home/zakkak/spring-quarkus-perf-comparison/logs/pidstat-quarkus3-native-8.log ../../20260311/class-for-name-respects-class-loader/target-host/
18:52:46,789 [ test-runner:run-tests-983 @ target-host ] script-cmd: monitor-process
18:52:46,789 [ :monitor-process-2658 @ target-host ] monitor-process
18:52:46,789 [ :monitor-process-2658 @ target-host ] queue-download: ${{log_file}}=/home/zakkak/spring-quarkus-perf-comparison/logs/mpstat-quarkus3-native-8.log ../../20260311/class-for-name-respects-class-loader/target-host/
18:52:46,917 [ :monitor-process-2650 @ target-host ] taskset --cpu-list 11 pidstat -u -p 287319 1 &>/home/zakkak/spring-quarkus-perf-comparison/logs/pidstat-quarkus3-native-8.log &
[1] 287421
18:52:47,165 [ test-runner:run-tests-983 @ target-host ] script-cmd: monitor-process
18:52:47,165 [ test-runner:run-tests-983 @ target-host ] script-cmd: monitor-postgres
18:52:47,165 [ test-runner:run-tests-983 @ target-host ] monitor-postgres
18:52:47,165 [ :monitor-process-2667 @ target-host ] monitor-process
18:52:47,165 [ :monitor-process-2667 @ target-host ] queue-download: ${{log_file}}=/home/zakkak/spring-quarkus-perf-comparison/logs/vmstat-quarkus3-native-8.log ../../20260311/class-for-name-respects-class-loader/target-host/
18:52:47,292 [ :monitor-process-2658 @ target-host ] taskset --cpu-list 11 mpstat -P ALL 1 &>/home/zakkak/spring-quarkus-perf-comparison/logs/mpstat-quarkus3-native-8.log &
[1] 287521
18:52:47,319 [ :monitor-process-2650 @ target-host ] PROCESS_PID=$!
18:52:47,567 [ :monitor-process-2667 @ target-host ] taskset --cpu-list 11 vmstat 1 &>/home/zakkak/spring-quarkus-perf-comparison/logs/vmstat-quarkus3-native-8.log &
[1] 287606
18:52:47,605 [ test-runner:run-tests-983 @ target-host ] POSTGRES_PID=$(/home/zakkak/spring-quarkus-perf-comparison/spring-quarkus-perf-comparison/scripts/infra.sh -r)
18:52:47,694 [ :monitor-process-2658 @ target-host ] PROCESS_PID=$!
18:52:47,720 [ :monitor-process-2650 @ target-host ] echo $PROCESS_PID
287421
18:52:47,722 [ :monitor-process-2650 @ target-host ] set-state: PROCESS_PID 287421
18:52:47,969 [ :monitor-process-2667 @ target-host ] PROCESS_PID=$!
18:52:48,007 [ test-runner:run-tests-983 @ target-host ] echo $POSTGRES_PID
287009
18:52:48,007 [ test-runner:run-tests-983 @ target-host ] set-state: POSTGRES_PID 287009
18:52:48,095 [ :monitor-process-2658 @ target-host ] echo $PROCESS_PID
287521
18:52:48,096 [ :monitor-process-2658 @ target-host ] set-state: PROCESS_PID 287521
18:52:48,371 [ :monitor-process-2667 @ target-host ] echo $PROCESS_PID
287606
18:52:48,371 [ :monitor-process-2667 @ target-host ] set-state: PROCESS_PID 287606
18:52:48,382 [ test-runner:run-tests-983 @ target-host ] script-cmd: monitor-process
18:52:48,382 [ test-runner:run-tests-983 @ target-host ] JVM_PID = 287319
18:52:48,382 [ :monitor-process-2683 @ target-host ] monitor-process
18:52:48,382 [ test-runner:run-tests-983 @ target-host ] read-state: none
18:52:48,382 [ :monitor-process-2683 @ target-host ] queue-download: ${{log_file}}=/home/zakkak/spring-quarkus-perf-comparison/logs/postgres-pidstat-quarkus3-native-8.log ../../20260311/class-for-name-respects-class-loader/target-host/
18:52:48,754 [ test-runner:run-tests-983 @ target-host ] script-cmd: watch-log
18:52:48,754 [ :watch-log-2692 @ target-host ] watch-log
18:52:48,764 [ :watch-log-2692 @ target-host ] regex: ${{log_regex}}
18:52:48,764 [ :watch-log-2692 @ target-host ] ctrlC
18:52:48,764 [ :watch-log-2692 @ target-host ] reached LOG_REGEX_REACHED
18:52:48,764 [ test-runner:run-tests-983 @ target-host ] wait-for: LOG_REGEX_REACHED
18:52:48,764 [ :watch-log-2692 @ target-host ] signal: LOG_REGEX_REACHED
18:52:48,885 [ :monitor-process-2683 @ target-host ] taskset --cpu-list 11 pidstat -u -p $(pgrep -d , -P 287009) 1 &>/home/zakkak/spring-quarkus-perf-comparison/logs/postgres-pidstat-quarkus3-native-8.log &
[1] 287721
18:52:49,166 [ :watch-log-2692 @ target-host ] tail -f /home/zakkak/spring-quarkus-perf-comparison/logs/load-test-quarkus3-native-8.log
__  ____  __  _____   ___  __ ____  ______ 
 --/ __ \/ / / / _ | / _ \/ //_/ / / / __/ 
 -/ /_/ / /_/ / __ |/ , _/ ,< / /_/ /\ \   
--\___\_\____/_/ |_/_/|_/_/|_|\____/___/   
2026-03-11 18:52:44,874 INFO  [io.quarkus] (main) quarkus3 1.0 native (powered by Quarkus 999-SNAPSHOT) started in 0.068s. Listening on: http://0.0.0.0:8080
2026-03-11 18:52:44,874 INFO  [io.quarkus] (main) Profile prod activated. 
2026-03-11 18:52:44,874 INFO  [io.quarkus] (main) Installed features: [agroal, cdi, config-yaml, hibernate-orm, hibernate-orm-panache, hibernate-validator, jdbc-postgresql, narayana-jta, rest, rest-jackson, smallrye-context-propagation, smallrye-health, vertx]
18:52:49,287 [ :monitor-process-2683 @ target-host ] PROCESS_PID=$!
18:52:49,689 [ :monitor-process-2683 @ target-host ] echo $PROCESS_PID
287721
18:52:49,689 [ :monitor-process-2683 @ target-host ] set-state: PROCESS_PID 287721
18:54:58,701 [ test-runner:run-tests-983 @ target-host ] taskset --cpu-list 7-9 jbang -R -XX:+UseNUMA wrk@hyperfoil -t 2 -c 100 -d 2m --timeout 2m http://localhost:8080/fruits 2>&1 >/home/zakkak/spring-quarkus-perf-comparison/logs/wrk-warmup-quarkus3-native-8.log
18:55:28,702 [ test-runner:run-tests-983 @ target-host ] sleep: 30s
18:55:28,702 [ :monitor-process-2658 @ target-host ] reached LOAD_STEADY_STATE_START
18:55:28,702 [ test-runner:run-tests-983 @ target-host ] signal: LOAD_STEADY_STATE_START
18:56:08,379 [ test-runner:run-tests-983 @ target-host ] taskset --cpu-list 7-9 jbang -R -XX:+UseNUMA wrk@hyperfoil -t 2 -c 100 -d 30s --timeout 30s http://localhost:8080/fruits 2>&1 >/home/zakkak/spring-quarkus-perf-comparison/logs/wrk-quarkus3-native-8.log
18:56:08,795 [ test-runner:run-tests-983 @ target-host ] cat /home/zakkak/spring-quarkus-perf-comparison/logs/wrk-quarkus3-native-8.log | grep "Requests/sec" | awk '{print $2}'
15989.44
18:56:08,795 [ test-runner:run-tests-983 @ target-host ] set-state: THROUGHPUT 15989.44
18:56:08,795 [ test-runner:run-tests-983 @ target-host ] script-cmd: state-array-push
18:56:08,795 [ test-runner:run-tests-983 @ target-host ] state-array-push
18:56:08,857 [ test-runner:run-tests-983 @ target-host ] set-state: RUN.output.results.quarkus3-native.load.throughput [16229.87,16021.4,16002.97,16256.02,16262.69,16379.99,16326.5,16414.73,15989.44]
18:56:09,260 [ test-runner:run-tests-983 @ target-host ] cat /home/zakkak/spring-quarkus-perf-comparison/logs/wrk-quarkus3-native-8.log | grep "Socket errors:" | sed -E 's/.*connectionErrors ([0-9]+).*/\1/'
18:56:09,260 [ test-runner:run-tests-983 @ target-host ] regex: ^$
18:56:09,261 [ test-runner:run-tests-983 @ target-host ] set-state: CONNECTION_ERRORS 0
18:56:09,261 [ test-runner:run-tests-983 @ target-host ] script-cmd: state-array-push
18:56:09,261 [ test-runner:run-tests-983 @ target-host ] state-array-push
18:56:09,297 [ test-runner:run-tests-983 @ target-host ] set-state: RUN.output.results.quarkus3-native.load.connectionErrors [0,0,0,0,0,0,0,0,0]
18:56:09,701 [ test-runner:run-tests-983 @ target-host ] cat /home/zakkak/spring-quarkus-perf-comparison/logs/wrk-quarkus3-native-8.log | grep "Socket errors:" | sed -E 's/.*requestTimeouts ([0-9]+)/\1/'
18:56:09,701 [ test-runner:run-tests-983 @ target-host ] regex: ^$
18:56:09,701 [ test-runner:run-tests-983 @ target-host ] set-state: REQUEST_TIMEOUTS 0
18:56:09,701 [ test-runner:run-tests-983 @ target-host ] script-cmd: state-array-push
18:56:09,701 [ test-runner:run-tests-983 @ target-host ] state-array-push
18:56:09,740 [ test-runner:run-tests-983 @ target-host ] set-state: RUN.output.results.quarkus3-native.load.requestTimeouts [0,0,0,0,0,0,0,0,0]
18:56:10,158 [ test-runner:run-tests-983 @ target-host ] pmap -x $PID | grep total | awk '{print $4}'
162168
18:56:10,158 [ test-runner:run-tests-983 @ target-host ] set-state: RSS 162168
18:56:10,177 [ test-runner:run-tests-983 @ target-host ] script-cmd: state-array-push
18:56:10,177 [ test-runner:run-tests-983 @ target-host ] state-array-push
18:56:10,217 [ test-runner:run-tests-983 @ target-host ] set-state: RUN.output.results.quarkus3-native.load.rss [161.6484375,159.92578125,159.578125,157.35546875,160.07421875,157.59765625,157.9765625,158.546875,158.3671875]
18:56:10,236 [ test-runner:run-tests-983 @ target-host ] script-cmd: state-array-push
18:56:10,236 [ test-runner:run-tests-983 @ target-host ] state-array-push
18:56:10,273 [ test-runner:run-tests-983 @ target-host ] set-state: RUN.output.results.quarkus3-native.load.throughputDensity [100.40226958581026,100.18022031704159,100.28298051502986,103.30762654221384,101.59468605871301,103.9354923782377,103.34760892141833,103.53234650635656,100.96434907010014]
18:56:10,273 [ test-runner:run-tests-983 @ target-host ] reached LOAD_TEST_COMPLETE
18:56:10,273 [ :monitor-process-2650 @ target-host ] wait-for: LOAD_TEST_COMPLETE
18:56:10,273 [ :monitor-process-2658 @ target-host ] wait-for: LOAD_TEST_COMPLETE
18:56:10,273 [ :monitor-process-2667 @ target-host ] wait-for: LOAD_TEST_COMPLETE
18:56:10,273 [ :monitor-process-2683 @ target-host ] wait-for: LOAD_TEST_COMPLETE
18:56:10,273 [ test-runner:run-tests-983 @ target-host ] signal: LOAD_TEST_COMPLETE
18:56:10,675 [ :monitor-process-2683 @ target-host ] kill -15 $PROCESS_PID
bash: kill: (287721) - No such process
18:56:10,675 [ :monitor-process-2650 @ target-host ] kill -15 $PROCESS_PID
bash: kill: (287421) - No such process
18:56:10,675 [ :monitor-process-2658 @ target-host ] kill -15 $PROCESS_PID
bash: kill: (287521) - No such process
18:56:10,775 [ test-runner:run-tests-983 @ target-host ] kill -15 $PID
18:56:10,775 [ :monitor-process-2667 @ target-host ] kill -15 $PROCESS_PID
18:56:13,187 [ test-runner:run-tests-983 @ target-host ] sleep 2
18:56:13,187 [ test-runner:run-tests-983 @ target-host ] script-cmd: stop-test-services
18:56:13,187 [ test-runner:run-tests-983 @ target-host ] stop-test-services
18:56:13,852 [ test-runner:run-tests-983 @ target-host ] /home/zakkak/spring-quarkus-perf-comparison/spring-quarkus-perf-comparison/scripts/infra.sh -d
Using podman to stop containers
-----------------------------------------
[03/11/2026 18:56:13]: Stopping services
-----------------------------------------
Stopping PostgreSQL database 'fruits_db'
fruits_db
18:56:13,919 [ test-runner:run-tests-983 @ target-host ] for-each: ITERATION = 9
18:56:13,919 [ test-runner:run-tests-983 @ target-host ] set-state: LOG_FILE /home/zakkak/spring-quarkus-perf-comparison/logs/load-test-quarkus3-native-9.log
18:56:14,323 [ test-runner:run-tests-983 @ target-host ] touch /home/zakkak/spring-quarkus-perf-comparison/logs/load-test-quarkus3-native-9.log
18:56:14,324 [ test-runner:run-tests-983 @ target-host ] queue-download: ${{REPO_DIR}}/logs/wrk-warmup-${{RUNTIME.name}}-${{ITERATION}}.log=/home/zakkak/spring-quarkus-perf-comparison/logs/wrk-warmup-quarkus3-native-9.log ../../20260311/class-for-name-respects-class-loader/target-host/
18:56:14,324 [ test-runner:run-tests-983 @ target-host ] queue-download: ${{LOG_FILE}}=/home/zakkak/spring-quarkus-perf-comparison/logs/load-test-quarkus3-native-9.log ../../20260311/class-for-name-respects-class-loader/target-host/
18:56:14,324 [ test-runner:run-tests-983 @ target-host ] queue-download: ${{REPO_DIR}}/logs/wrk-${{RUNTIME.name}}-${{ITERATION}}.log=/home/zakkak/spring-quarkus-perf-comparison/logs/wrk-quarkus3-native-9.log ../../20260311/class-for-name-respects-class-loader/target-host/
18:56:14,324 [ test-runner:run-tests-983 @ target-host ] script-cmd: start-test-services
18:56:14,324 [ test-runner:run-tests-983 @ target-host ] start-test-services
18:56:25,399 [ test-runner:run-tests-983 @ target-host ] /home/zakkak/spring-quarkus-perf-comparison/spring-quarkus-perf-comparison/scripts/infra.sh -c 3 -p '4-6' -s
Using podman to start containers
-----------------------------------------
[03/11/2026 18:56:14]: Starting services
-----------------------------------------
Starting PostgreSQL database 'fruits_db'
PostgreSQL DB process: b3c1ad92036979046e0ab44d522e1c558b13407f3354ff617bfc65828162c342
Waiting for PostgreSQL to be ready...
localhost:5432 - no response
localhost:5432 - no response
localhost:5432 - accepting connections
18:56:25,399 [ test-runner:run-tests-983 @ target-host ] script-cmd: sync-drop-fs-cache
18:56:25,399 [ test-runner:run-tests-983 @ target-host ] sync-drop-fs-cache
18:56:25,400 [ test-runner:run-tests-983 @ target-host ] read-state: true
18:56:25,400 [ test-runner:run-tests-983 @ target-host ] regex: true
18:56:25,929 [ test-runner:run-tests-983 @ target-host ] sync
18:56:25,930 [ test-runner:run-tests-983 @ target-host ] script-cmd: sync-drop-fs-cache-${{os}}
18:56:25,930 [ test-runner:run-tests-983 @ target-host ] sync-drop-fs-cache-linux
18:56:25,930 [ test-runner:run-tests-983 @ target-host ] script-cmd: sudo
18:56:25,930 [ test-runner:run-tests-983 @ target-host ] sudo
18:56:25,930 [ test-runner:run-tests-983 @ target-host ] script-cmd: sudo-${{os}}
18:56:25,930 [ test-runner:run-tests-983 @ target-host ] sudo-linux
18:56:26,711 [ test-runner:run-tests-983 @ target-host ] sudo sh -c "echo 3 > /proc/sys/vm/drop_caches"
]3008;start=7eeb7db153244177aa617fc010e78678;user=zakkak;hostname=blanc;machineid=f469a615e9ef4e81b7d5be080a5de373;bootid=0e917e08584a49cb891ef04366e00ace;pid=289113;pidfdid=289114;comm=sudo;targetuser=root;sessionid=c252;type=session\]3008;end=7eeb7db153244177aa617fc010e78678\
18:56:26,711 [ test-runner:run-tests-983 @ target-host ] set-signal: LOAD_STEADY_STATE_START 1
18:56:26,711 [ test-runner:run-tests-983 @ target-host ] set-signal: LOG_REGEX_REACHED 1
18:56:27,114 [ test-runner:run-tests-983 @ target-host ] taskset --cpu-list 0-3 /home/zakkak/spring-quarkus-perf-comparison/spring-quarkus-perf-comparison/quarkus3/target/quarkus3-runner  &>/home/zakkak/spring-quarkus-perf-comparison/logs/load-test-quarkus3-native-9.log &
[1] 289143
18:56:27,515 [ test-runner:run-tests-983 @ target-host ] PID=$!
18:56:27,917 [ test-runner:run-tests-983 @ target-host ] echo $PID
289143
18:56:27,917 [ test-runner:run-tests-983 @ target-host ] set-state: JVM_PID 289143
18:56:27,917 [ test-runner:run-tests-983 @ target-host ] script-cmd: monitor-processes
18:56:27,917 [ test-runner:run-tests-983 @ target-host ] monitor-processes
18:56:27,917 [ test-runner:run-tests-983 @ target-host ] set-signal: LOAD_TEST_COMPLETE 1
18:56:28,367 [ test-runner:run-tests-983 @ target-host ] script-cmd: monitor-process
18:56:28,367 [ :monitor-process-2743 @ target-host ] monitor-process
18:56:28,367 [ :monitor-process-2743 @ target-host ] queue-download: ${{log_file}}=/home/zakkak/spring-quarkus-perf-comparison/logs/pidstat-quarkus3-native-9.log ../../20260311/class-for-name-respects-class-loader/target-host/
18:56:28,741 [ test-runner:run-tests-983 @ target-host ] script-cmd: monitor-process
18:56:28,741 [ :monitor-process-2751 @ target-host ] monitor-process
18:56:28,741 [ :monitor-process-2751 @ target-host ] queue-download: ${{log_file}}=/home/zakkak/spring-quarkus-perf-comparison/logs/mpstat-quarkus3-native-9.log ../../20260311/class-for-name-respects-class-loader/target-host/
18:56:28,870 [ :monitor-process-2743 @ target-host ] taskset --cpu-list 11 pidstat -u -p 289143 1 &>/home/zakkak/spring-quarkus-perf-comparison/logs/pidstat-quarkus3-native-9.log &
[1] 289245
18:56:29,116 [ test-runner:run-tests-983 @ target-host ] script-cmd: monitor-process
18:56:29,116 [ test-runner:run-tests-983 @ target-host ] script-cmd: monitor-postgres
18:56:29,116 [ :monitor-process-2760 @ target-host ] monitor-process
18:56:29,116 [ test-runner:run-tests-983 @ target-host ] monitor-postgres
18:56:29,117 [ :monitor-process-2760 @ target-host ] queue-download: ${{log_file}}=/home/zakkak/spring-quarkus-perf-comparison/logs/vmstat-quarkus3-native-9.log ../../20260311/class-for-name-respects-class-loader/target-host/
18:56:29,244 [ :monitor-process-2751 @ target-host ] taskset --cpu-list 11 mpstat -P ALL 1 &>/home/zakkak/spring-quarkus-perf-comparison/logs/mpstat-quarkus3-native-9.log &
[1] 289347
18:56:29,271 [ :monitor-process-2743 @ target-host ] PROCESS_PID=$!
18:56:29,519 [ :monitor-process-2760 @ target-host ] taskset --cpu-list 11 vmstat 1 &>/home/zakkak/spring-quarkus-perf-comparison/logs/vmstat-quarkus3-native-9.log &
[1] 289429
18:56:29,557 [ test-runner:run-tests-983 @ target-host ] POSTGRES_PID=$(/home/zakkak/spring-quarkus-perf-comparison/spring-quarkus-perf-comparison/scripts/infra.sh -r)
18:56:29,645 [ :monitor-process-2751 @ target-host ] PROCESS_PID=$!
18:56:29,673 [ :monitor-process-2743 @ target-host ] echo $PROCESS_PID
289245
18:56:29,673 [ :monitor-process-2743 @ target-host ] set-state: PROCESS_PID 289245
18:56:29,920 [ :monitor-process-2760 @ target-host ] PROCESS_PID=$!
18:56:29,959 [ test-runner:run-tests-983 @ target-host ] echo $POSTGRES_PID
288848
18:56:29,959 [ test-runner:run-tests-983 @ target-host ] set-state: POSTGRES_PID 288848
18:56:30,047 [ :monitor-process-2751 @ target-host ] echo $PROCESS_PID
289347
18:56:30,047 [ :monitor-process-2751 @ target-host ] set-state: PROCESS_PID 289347
18:56:30,321 [ :monitor-process-2760 @ target-host ] echo $PROCESS_PID
289429
18:56:30,322 [ :monitor-process-2760 @ target-host ] set-state: PROCESS_PID 289429
18:56:30,334 [ test-runner:run-tests-983 @ target-host ] script-cmd: monitor-process
18:56:30,334 [ test-runner:run-tests-983 @ target-host ] JVM_PID = 289143
18:56:30,334 [ :monitor-process-2776 @ target-host ] monitor-process
18:56:30,334 [ :monitor-process-2776 @ target-host ] queue-download: ${{log_file}}=/home/zakkak/spring-quarkus-perf-comparison/logs/postgres-pidstat-quarkus3-native-9.log ../../20260311/class-for-name-respects-class-loader/target-host/
18:56:30,334 [ test-runner:run-tests-983 @ target-host ] read-state: none
18:56:30,705 [ test-runner:run-tests-983 @ target-host ] script-cmd: watch-log
18:56:30,705 [ :watch-log-2785 @ target-host ] watch-log
18:56:30,707 [ :watch-log-2785 @ target-host ] regex: ${{log_regex}}
18:56:30,707 [ :watch-log-2785 @ target-host ] ctrlC
18:56:30,707 [ :watch-log-2785 @ target-host ] reached LOG_REGEX_REACHED
18:56:30,707 [ test-runner:run-tests-983 @ target-host ] wait-for: LOG_REGEX_REACHED
18:56:30,707 [ :watch-log-2785 @ target-host ] signal: LOG_REGEX_REACHED
18:56:30,837 [ :monitor-process-2776 @ target-host ] taskset --cpu-list 11 pidstat -u -p $(pgrep -d , -P 288848) 1 &>/home/zakkak/spring-quarkus-perf-comparison/logs/postgres-pidstat-quarkus3-native-9.log &
[1] 289548
18:56:31,109 [ :watch-log-2785 @ target-host ] tail -f /home/zakkak/spring-quarkus-perf-comparison/logs/load-test-quarkus3-native-9.log
__  ____  __  _____   ___  __ ____  ______ 
 --/ __ \/ / / / _ | / _ \/ //_/ / / / __/ 
 -/ /_/ / /_/ / __ |/ , _/ ,< / /_/ /\ \   
--\___\_\____/_/ |_/_/|_/_/|_|\____/___/   
2026-03-11 18:56:26,887 INFO  [io.quarkus] (main) quarkus3 1.0 native (powered by Quarkus 999-SNAPSHOT) started in 0.077s. Listening on: http://0.0.0.0:8080
2026-03-11 18:56:26,887 INFO  [io.quarkus] (main) Profile prod activated. 
2026-03-11 18:56:26,887 INFO  [io.quarkus] (main) Installed features: [agroal, cdi, config-yaml, hibernate-orm, hibernate-orm-panache, hibernate-validator, jdbc-postgresql, narayana-jta, rest, rest-jackson, smallrye-context-propagation, smallrye-health, vertx]
18:56:31,239 [ :monitor-process-2776 @ target-host ] PROCESS_PID=$!
18:56:31,640 [ :monitor-process-2776 @ target-host ] echo $PROCESS_PID
289548
18:56:31,640 [ :monitor-process-2776 @ target-host ] set-state: PROCESS_PID 289548
18:58:40,629 [ test-runner:run-tests-983 @ target-host ] taskset --cpu-list 7-9 jbang -R -XX:+UseNUMA wrk@hyperfoil -t 2 -c 100 -d 2m --timeout 2m http://localhost:8080/fruits 2>&1 >/home/zakkak/spring-quarkus-perf-comparison/logs/wrk-warmup-quarkus3-native-9.log
18:59:10,629 [ test-runner:run-tests-983 @ target-host ] sleep: 30s
18:59:10,629 [ :monitor-process-2751 @ target-host ] reached LOAD_STEADY_STATE_START
18:59:10,629 [ test-runner:run-tests-983 @ target-host ] signal: LOAD_STEADY_STATE_START
18:59:50,321 [ test-runner:run-tests-983 @ target-host ] taskset --cpu-list 7-9 jbang -R -XX:+UseNUMA wrk@hyperfoil -t 2 -c 100 -d 30s --timeout 30s http://localhost:8080/fruits 2>&1 >/home/zakkak/spring-quarkus-perf-comparison/logs/wrk-quarkus3-native-9.log
18:59:50,737 [ test-runner:run-tests-983 @ target-host ] cat /home/zakkak/spring-quarkus-perf-comparison/logs/wrk-quarkus3-native-9.log | grep "Requests/sec" | awk '{print $2}'
16262.34
18:59:50,737 [ test-runner:run-tests-983 @ target-host ] set-state: THROUGHPUT 16262.34
18:59:50,737 [ test-runner:run-tests-983 @ target-host ] script-cmd: state-array-push
18:59:50,737 [ test-runner:run-tests-983 @ target-host ] state-array-push
18:59:50,777 [ test-runner:run-tests-983 @ target-host ] set-state: RUN.output.results.quarkus3-native.load.throughput [16229.87,16021.4,16002.97,16256.02,16262.69,16379.99,16326.5,16414.73,15989.44,16262.34]
18:59:51,181 [ test-runner:run-tests-983 @ target-host ] cat /home/zakkak/spring-quarkus-perf-comparison/logs/wrk-quarkus3-native-9.log | grep "Socket errors:" | sed -E 's/.*connectionErrors ([0-9]+).*/\1/'
18:59:51,181 [ test-runner:run-tests-983 @ target-host ] regex: ^$
18:59:51,181 [ test-runner:run-tests-983 @ target-host ] set-state: CONNECTION_ERRORS 0
18:59:51,181 [ test-runner:run-tests-983 @ target-host ] script-cmd: state-array-push
18:59:51,181 [ test-runner:run-tests-983 @ target-host ] state-array-push
18:59:51,216 [ test-runner:run-tests-983 @ target-host ] set-state: RUN.output.results.quarkus3-native.load.connectionErrors [0,0,0,0,0,0,0,0,0,0]
18:59:51,619 [ test-runner:run-tests-983 @ target-host ] cat /home/zakkak/spring-quarkus-perf-comparison/logs/wrk-quarkus3-native-9.log | grep "Socket errors:" | sed -E 's/.*requestTimeouts ([0-9]+)/\1/'
18:59:51,619 [ test-runner:run-tests-983 @ target-host ] regex: ^$
18:59:51,619 [ test-runner:run-tests-983 @ target-host ] set-state: REQUEST_TIMEOUTS 0
18:59:51,619 [ test-runner:run-tests-983 @ target-host ] script-cmd: state-array-push
18:59:51,619 [ test-runner:run-tests-983 @ target-host ] state-array-push
18:59:51,660 [ test-runner:run-tests-983 @ target-host ] set-state: RUN.output.results.quarkus3-native.load.requestTimeouts [0,0,0,0,0,0,0,0,0,0]
18:59:52,077 [ test-runner:run-tests-983 @ target-host ] pmap -x $PID | grep total | awk '{print $4}'
164024
18:59:52,077 [ test-runner:run-tests-983 @ target-host ] set-state: RSS 164024
18:59:52,098 [ test-runner:run-tests-983 @ target-host ] script-cmd: state-array-push
18:59:52,098 [ test-runner:run-tests-983 @ target-host ] state-array-push
18:59:52,132 [ test-runner:run-tests-983 @ target-host ] set-state: RUN.output.results.quarkus3-native.load.rss [161.6484375,159.92578125,159.578125,157.35546875,160.07421875,157.59765625,157.9765625,158.546875,158.3671875,160.1796875]
18:59:52,149 [ test-runner:run-tests-983 @ target-host ] script-cmd: state-array-push
18:59:52,149 [ test-runner:run-tests-983 @ target-host ] state-array-push
18:59:52,184 [ test-runner:run-tests-983 @ target-host ] set-state: RUN.output.results.quarkus3-native.load.throughputDensity [100.40226958581026,100.18022031704159,100.28298051502986,103.30762654221384,101.59468605871301,103.9354923782377,103.34760892141833,103.53234650635656,100.96434907010014,101.52560698434375]
18:59:52,184 [ test-runner:run-tests-983 @ target-host ] reached LOAD_TEST_COMPLETE
18:59:52,184 [ :monitor-process-2743 @ target-host ] wait-for: LOAD_TEST_COMPLETE
18:59:52,184 [ :monitor-process-2751 @ target-host ] wait-for: LOAD_TEST_COMPLETE
18:59:52,184 [ :monitor-process-2760 @ target-host ] wait-for: LOAD_TEST_COMPLETE
18:59:52,184 [ :monitor-process-2776 @ target-host ] wait-for: LOAD_TEST_COMPLETE
18:59:52,184 [ test-runner:run-tests-983 @ target-host ] signal: LOAD_TEST_COMPLETE
18:59:52,586 [ :monitor-process-2776 @ target-host ] kill -15 $PROCESS_PID
bash: kill: (289548) - No such process
18:59:52,586 [ :monitor-process-2743 @ target-host ] kill -15 $PROCESS_PID
bash: kill: (289245) - No such process
18:59:52,586 [ :monitor-process-2751 @ target-host ] kill -15 $PROCESS_PID
bash: kill: (289347) - No such process
18:59:52,686 [ test-runner:run-tests-983 @ target-host ] kill -15 $PID
18:59:52,687 [ :monitor-process-2760 @ target-host ] kill -15 $PROCESS_PID
18:59:55,097 [ test-runner:run-tests-983 @ target-host ] sleep 2
18:59:55,097 [ test-runner:run-tests-983 @ target-host ] script-cmd: stop-test-services
18:59:55,097 [ test-runner:run-tests-983 @ target-host ] stop-test-services
18:59:55,748 [ test-runner:run-tests-983 @ target-host ] /home/zakkak/spring-quarkus-perf-comparison/spring-quarkus-perf-comparison/scripts/infra.sh -d
Using podman to stop containers
-----------------------------------------
[03/11/2026 18:59:55]: Stopping services
-----------------------------------------
Stopping PostgreSQL database 'fruits_db'
fruits_db
18:59:55,803 [ test-runner:run-tests-983 @ target-host ] for-each: ITERATION
18:59:55,804 [ test-runner:run-tests-983 @ target-host ] script-cmd: state-array-calc-avg
18:59:55,804 [ test-runner:run-tests-983 @ target-host ] state-array-calc-avg
18:59:55,848 [ test-runner:run-tests-983 @ target-host ] set-state: RUN.output.results.quarkus3-native.load.avThroughput 16214.594999999998
18:59:55,848 [ test-runner:run-tests-983 @ target-host ] script-cmd: state-array-calc-avg
18:59:55,848 [ test-runner:run-tests-983 @ target-host ] state-array-calc-avg
18:59:55,883 [ test-runner:run-tests-983 @ target-host ] set-state: RUN.output.results.quarkus3-native.load.avMaxRss 159.125
18:59:55,883 [ test-runner:run-tests-983 @ target-host ] script-cmd: state-array-calc-max
18:59:55,883 [ test-runner:run-tests-983 @ target-host ] state-array-calc-max
18:59:55,950 [ test-runner:run-tests-983 @ target-host ] set-state: RUN.output.results.quarkus3-native.load.maxThroughputDensity 103.9354923782377
18:59:55,950 [ test-runner:run-tests-983 @ target-host ] script-cmd: state-array-calc-avg
18:59:55,950 [ test-runner:run-tests-983 @ target-host ] state-array-calc-avg
18:59:56,006 [ test-runner:run-tests-983 @ target-host ] set-state: RUN.output.results.quarkus3-native.load.avConnectionErrors 0
18:59:56,006 [ test-runner:run-tests-983 @ target-host ] script-cmd: state-array-calc-avg
18:59:56,006 [ test-runner:run-tests-983 @ target-host ] state-array-calc-avg
18:59:56,060 [ test-runner:run-tests-983 @ target-host ] set-state: RUN.output.results.quarkus3-native.load.avRequestTimeouts 0
18:59:56,061 [ test-runner:run-tests-983 @ target-host ] for-each: TEST
18:59:56,061 [ test-runner:run-tests-983 @ target-host ] for-each: RUNTIME
18:59:56,501 [ test-runner:cleanup-2817 @ target-host ] cleanup
18:59:56,501 [ test-runner:cleanup-2817 @ target-host ] script-cmd: stop-timestamp
18:59:56,501 [ test-runner:cleanup-2817 @ target-host ] stop-timestamp
18:59:56,903 [ test-runner:cleanup-2817 @ target-host ] date -u +%FT%TZ
2026-03-11T16:59:56Z
18:59:56,904 [ test-runner:cleanup-2817 @ target-host ] set-state: RUN.output.timing.stop 2026-03-11T16:59:56Z
18:59:56,904 [ test-runner:cleanup-2817 @ target-host ] script-cmd: download-metrics
18:59:56,904 [ test-runner:cleanup-2817 @ target-host ] download-metrics
18:59:57,315 [ test-runner:cleanup-2817 @ target-host ] mkdir -p /tmp
18:59:57,315 [ test-runner:cleanup-2817 @ target-host ] script-cmd: sudo
18:59:57,315 [ test-runner:cleanup-2817 @ target-host ] sudo
18:59:57,315 [ test-runner:cleanup-2817 @ target-host ] script-cmd: sudo-${{os}}
18:59:57,315 [ test-runner:cleanup-2817 @ target-host ] sudo-linux
18:59:57,958 [ test-runner:cleanup-2817 @ target-host ] sudo rm -Rf /tmp/metrics.json
]3008;start=7710ecda531d4d3981714abd764d2e03;user=zakkak;hostname=blanc;machineid=f469a615e9ef4e81b7d5be080a5de373;bootid=0e917e08584a49cb891ef04366e00ace;pid=290829;pidfdid=290830;comm=sudo;targetuser=root;sessionid=c253;type=session\]3008;end=7710ecda531d4d3981714abd764d2e03\
18:59:57,959 [ test-runner:cleanup-2817 @ target-host ] set-state: RUN.output.config {"jvm":{"home":"/home/zakkak/jvms/jdk-21.0.9+10","version":"25.0.2-tem","graalvm":{"home":"/home/zakkak/code/graal-oracle/sdk/latest_graalvm_home","version":"25.0.2-graalce"},"memory":"","args":""},"quarkus":{"version":"999-SNAPSHOT","build_config_args":"","native_build_options":"-Dquarkus.native.additional-build-args-append=--future-defaults=class-for-name-respects-class-loader"},"springboot3":{"version":"","native_build_options":""},"springboot4":{"version":"","native_build_options":""},"resources":{"cpu":{"app":"0-3","db":"4-6","load_generator":"7-9","1st_request":10,"monitor":11},"app_cpus":4},"profiler":{"name":"none","events":"cpu"},"repo":{"branch":"main","url":"https://github.com/quarkusio/spring-quarkus-perf-comparison.git","scenario":"tuned","commit":"14e9ae9b8bc5ec009f5c1108ca2171ce3867ffb2","short_commit":"14e9ae9","scenarioName":"Tuned"},"num_iterations":10}
18:59:57,959 [ test-runner:cleanup-2817 @ target-host ] set-state: RUN.output.env {"run":{"host":{"user":"zakkak","name":"LOCAL","target":"LOCAL"}},"host":{"os":"Fedora Linux 43 (Workstation Edition)","type":"ASUS System Product Name","kernel":"6.18.16-200.fc43.x86_64","cpu":"AMD Ryzen 9 7950X 16-Core Processor (32 cpus)","gpu":"Advanced Micro Devices, Inc. [AMD/ATI] Raphael","memory":"61Gi"}}
18:59:58,368 [ test-runner:cleanup-2817 @ target-host ] echo '{"timing":{"start":"2026-03-11T16:06:11Z","stop":"2026-03-11T16:59:56Z"},"results":{"quarkus3-native":{"build":{"timings":[45.01,45.03,44.78,44.56,44.12,44.76,44.97,45.03,44.72,44.83],"native":{"rss":[4.84,4.71,4.84,4.75,5.03,4.73,4.83,4.78,4.74,4.99],"binarySize":88.59},"avBuildTime":44.781,"avNativeRSS":4.824000000000001,"classCount":"22,741","fieldCount":"29,392","methodCount":"107,027","reflectionClassCount":"7,984","reflectionFieldCount":169,"reflectionMethodCount":"5,249"},"startup":{"timings":[39,41,40,33,32,33,41,41,41,39],"avStartTime":38},"rss":{"startup":[68.58203125,68.59765625,68.4765625,68.5625,68.578125,68.58203125,68.64453125,68.53125,68.51171875,68.58984375],"firstRequest":[75.3515625,75.3671875,75.24609375,75.328125,75.34765625,75.3515625,75.4140625,75.30078125,75.28515625,75.359375],"avStartupRss":68.565625,"avFirstRequestRss":75.33515625},"load":{"throughput":[16229.87,16021.4,16002.97,16256.02,16262.69,16379.99,16326.5,16414.73,15989.44,16262.34],"connectionErrors":[0,0,0,0,0,0,0,0,0,0],"requestTimeouts":[0,0,0,0,0,0,0,0,0,0],"rss":[161.6484375,159.92578125,159.578125,157.35546875,160.07421875,157.59765625,157.9765625,158.546875,158.3671875,160.1796875],"throughputDensity":[100.40226958581026,100.18022031704159,100.28298051502986,103.30762654221384,101.59468605871301,103.9354923782377,103.34760892141833,103.53234650635656,100.96434907010014,101.52560698434375],"avThroughput":16214.594999999998,"avMaxRss":159.125,"maxThroughputDensity":103.9354923782377,"avConnectionErrors":0,"avRequestTimeouts":0}}},"config":{"jvm":{"args":"","memory":"","graalvm":{"version":"25.0.2-graalce","home":"/home/zakkak/code/graal-oracle/sdk/latest_graalvm_home"},"version":"25.0.2-tem","home":"/home/zakkak/jvms/jdk-21.0.9+10"},"num_iterations":10,"quarkus":{"build_config_args":"","native_build_options":"-Dquarkus.native.additional-build-args-append=--future-defaults=class-for-name-respects-class-loader","version":"999-SNAPSHOT"},"repo":{"short_commit":"14e9ae9","scenario":"tuned","commit":"14e9ae9b8bc5ec009f5c1108ca2171ce3867ffb2","branch":"main","scenarioName":"Tuned","url":"https://github.com/quarkusio/spring-quarkus-perf-comparison.git"},"springboot3":{"native_build_options":"","version":""},"springboot4":{"native_build_options":"","version":""},"resources":{"cpu":{"app":"0-3","1st_request":10,"monitor":11,"load_generator":"7-9","db":"4-6"},"app_cpus":4},"profiler":{"name":"none","events":"cpu"}},"env":{"host":{"memory":"61Gi","os":"Fedora Linux 43 (Workstation Edition)","kernel":"6.18.16-200.fc43.x86_64","cpu":"AMD Ryzen 9 7950X 16-Core Processor (32 cpus)","type":"ASUS System Product Name","gpu":"Advanced Micro Devices, Inc. [AMD/ATI] Raphael"},"run":{"host":{"name":"LOCAL","user":"zakkak","target":"LOCAL"}}}}' > /tmp/metrics.json
18:59:58,368 [ test-runner:cleanup-2817 @ target-host ] queue-download: ${{METRICS_DIR}}/metrics.json=/tmp/metrics.json ../../20260311/class-for-name-respects-class-loader/target-host/
18:59:58,369 [ test-runner:cleanup-2817 @ target-host ] script-cmd: stop-test-services
18:59:58,369 [ test-runner:cleanup-2817 @ target-host ] stop-test-services
18:59:58,795 [ test-runner:cleanup-2817 @ target-host ] /home/zakkak/spring-quarkus-perf-comparison/spring-quarkus-perf-comparison/scripts/infra.sh -d
Using podman to stop containers
-----------------------------------------
[03/11/2026 18:59:58]: Stopping services
-----------------------------------------
Stopping PostgreSQL database 'fruits_db'
Error: no container with name or ID "fruits_db" found: no such container
18:59:58,803 [ test-runner:run-tests-983 @ target-host ] run-1773245157409 closing state:
 env = {"run":{"host":{"user":"zakkak","name":"LOCAL","target":"LOCAL"}},"host":{"os":"Fedora Linux 43 (Workstation Edition)","type":"ASUS System Product Name","kernel":"6.18.16-200.fc43.x86_64","cpu":"AMD Ryzen 9 7950X 16-Core Processor (32 cpus)","gpu":"Advanced Micro Devices, Inc. [AMD/ATI] Raphael","memory":"61Gi"}}
 config = {"jvm":{"home":"/home/zakkak/jvms/jdk-21.0.9+10","version":"25.0.2-tem","graalvm":{"home":"/home/zakkak/code/graal-oracle/sdk/latest_graalvm_home","version":"25.0.2-graalce"},"memory":"","args":""},"quarkus":{"version":"999-SNAPSHOT","build_config_args":"","native_build_options":"-Dquarkus.native.additional-build-args-append=--future-defaults=class-for-name-respects-class-loader"},"springboot3":{"version":"","native_build_options":""},"springboot4":{"version":"","native_build_options":""},"resources":{"cpu":{"app":"0-3","db":"4-6","load_generator":"7-9","1st_request":"10","monitor":"11"},"app_cpus":"4"},"profiler":{"name":"none","events":"cpu"},"repo":{"branch":"main","url":"https://github.com/quarkusio/spring-quarkus-perf-comparison.git","scenario":"tuned","commit":"14e9ae9b8bc5ec009f5c1108ca2171ce3867ffb2","short_commit":"14e9ae9","scenarioName":"Tuned"},"num_iterations":"10"}
 APP_CMD_PREFIX = taskset --cpu-list ${{config.resources.cpu.app}}
 LOAD_GEN_CMD_PREFIX = taskset --cpu-list ${{config.resources.cpu.load_generator}}
 MONITOR_CMD_PREFIX = taskset --cpu-list ${{config.resources.cpu.monitor}}
 WRK_BIN = ${{LOAD_GEN_CMD_PREFIX}} jbang -R -XX:+UseNUMA wrk@hyperfoil
 DROP_OS_FILESYSTEM_CACHES = true
 PAUSE_TIME = 2
 PROFILER_JVM_ARGS = 
 BASE_JAVA_CMD = ${{APP_CMD_PREFIX}} java ${{config.jvm.memory}} ${{config.jvm.args}} ${{PROFILER_JVM_ARGS}}
 TESTS = ["measure-build-times","measure-time-to-first-request","measure-rss","run-load-test"]
 RUNTIMES = ["quarkus3-native"]
 TARGET_URL = http://localhost:8080/fruits
 QUARKUS-PLATFORM-ARTIFACT-ID = quarkus-bom
 PROJ_REPO_NAME = spring-quarkus-perf-comparison
 METRICS_DIR = /tmp
 ASYNC_PROFILER = async-profiler
 RUNTIMECMDS = [{"updateScript":"update-quarkus-version","runCmd":"${{BASE_JAVA_CMD}} -jar ${{QUARKUS3_DIR}}/target/quarkus-app/quarkus-run.jar","updateVersion":"${{config.quarkus.version}}","buildCmd":"./mvnw ${{config.quarkus.build_config_args}} clean package -DskipTests","name":"quarkus3-jvm","type":"jvm","dir":"${{QUARKUS3_DIR}}","logFileStartedRegex":".*quarkus3.+started in.*"},{"updateScript":"update-quarkus-version","runCmd":"${{BASE_JAVA_CMD}} -jar ${{QUARKUS3_VIRTUAL_DIR}}/target/quarkus-app/quarkus-run.jar","updateVersion":"${{config.quarkus.version}}","buildCmd":"./mvnw ${{config.quarkus.build_config_args}} clean package -DskipTests","name":"quarkus3-virtual","type":"jvm","dir":"${{QUARKUS3_VIRTUAL_DIR}}","logFileStartedRegex":".*quarkus3.+started in.*"},{"updateScript":"update-quarkus-version","runCmd":"${{APP_CMD_PREFIX}} ${{QUARKUS3_DIR}}/target/quarkus3-runner ${{config.jvm.memory}}","updateVersion":"${{config.quarkus.version}}","buildCmd":"./mvnw ${{config.quarkus.build_config_args}} clean package -DskipTests -Pnative ${{config.quarkus.native_build_options}}","name":"quarkus3-native","type":"native","dir":"${{QUARKUS3_DIR}}","logFileStartedRegex":".*quarkus3.+started in.*"},{"updateScript":"update-spring-boot-version","runCmd":"${{BASE_JAVA_CMD}} -jar ${{SPRING3_BOOT_DIR}}/target/springboot3.jar","updateVersion":"${{config.springboot3.version}}","buildCmd":"./mvnw clean package -DskipTests","name":"spring3-jvm","type":"jvm","dir":"${{SPRING3_BOOT_DIR}}","logFileStartedRegex":".*Started SpringBoot3Application in.+seconds.*"},{"updateScript":"update-spring-boot-version","runCmd":"${{BASE_JAVA_CMD}} -Dspring.threads.virtual.enabled=true -jar ${{SPRING3_BOOT_DIR}}/target/springboot3.jar","updateVersion":"${{config.springboot3.version}}","buildCmd":"./mvnw clean package -DskipTests -Dspring.threads.virtual.enabled=true","name":"spring3-virtual","type":"jvm","dir":"${{SPRING3_BOOT_DIR}}","logFileStartedRegex":".*Started SpringBoot3Application in.+seconds.*"},{"updateScript":"update-spring-boot-version","runCmd":"${{BASE_JAVA_CMD}} -Dspring.aot.enabled=true -jar ${{SPRING3_BOOT_DIR}}/target/springboot3.jar","updateVersion":"${{config.springboot3.version}}","buildCmd":"./mvnw clean compile spring-boot:process-aot package -DskipTests","name":"spring3-jvm-aot","type":"jvm","dir":"${{SPRING3_BOOT_DIR}}","logFileStartedRegex":".*Started SpringBoot3Application in.+seconds.*"},{"updateScript":"update-spring-boot-version","runCmd":"${{APP_CMD_PREFIX}} ${{SPRING3_BOOT_DIR}}/target/springboot3 ${{config.jvm.memory}}","updateVersion":"${{config.springboot3.version}}","buildCmd":"./mvnw clean -Pnative -DskipTests native:compile package ${{config.springboot3.native_build_options}}","name":"spring3-native","type":"native","dir":"${{SPRING3_BOOT_DIR}}","logFileStartedRegex":".*Started SpringBoot3Application in.+seconds.*"},{"updateScript":"update-spring-boot-version","runCmd":"${{BASE_JAVA_CMD}} -jar ${{SPRING4_BOOT_DIR}}/target/springboot4.jar","updateVersion":"${{config.springboot4.version}}","buildCmd":"./mvnw clean package -DskipTests","name":"spring4-jvm","type":"jvm","dir":"${{SPRING4_BOOT_DIR}}","logFileStartedRegex":".*Started SpringBoot4Application in.+seconds.*"},{"updateScript":"update-spring-boot-version","runCmd":"${{BASE_JAVA_CMD}} -Dspring.threads.virtual.enabled=true -jar ${{SPRING4_BOOT_DIR}}/target/springboot4.jar","updateVersion":"${{config.springboot4.version}}","buildCmd":"./mvnw clean package -DskipTests -Dspring.threads.virtual.enabled=true","name":"spring4-virtual","type":"jvm","dir":"${{SPRING4_BOOT_DIR}}","logFileStartedRegex":".*Started SpringBoot4Application in.+seconds.*"},{"updateScript":"update-spring-boot-version","runCmd":"${{BASE_JAVA_CMD}} -Dspring.aot.enabled=true -jar ${{SPRING4_BOOT_DIR}}/target/springboot4.jar","updateVersion":"${{config.springboot4.version}}","buildCmd":"./mvnw clean compile spring-boot:process-aot package -DskipTests","name":"spring4-jvm-aot","type":"jvm","dir":"${{SPRING4_BOOT_DIR}}","logFileStartedRegex":".*Started SpringBoot4Application in.+seconds.*"},{"updateScript":"update-spring-boot-version","runCmd":"${{APP_CMD_PREFIX}} ${{SPRING4_BOOT_DIR}}/target/springboot4 ${{config.jvm.memory}}","updateVersion":"${{config.springboot4.version}}","buildCmd":"./mvnw clean -Pnative -DskipTests native:compile package ${{config.springboot4.native_build_options}}","name":"spring4-native","type":"native","dir":"${{SPRING4_BOOT_DIR}}","logFileStartedRegex":".*Started SpringBoot4Application in.+seconds.*"}]
 BASE_DIR = /home/zakkak
 REPO_DIR = /home/zakkak/spring-quarkus-perf-comparison
 PROJ_REPO_DIR = /home/zakkak/spring-quarkus-perf-comparison/spring-quarkus-perf-comparison
 SCRIPTS_DIR = /home/zakkak/spring-quarkus-perf-comparison/spring-quarkus-perf-comparison/scripts/perf-lab
 HELPER_SCRIPTS_DIR = /home/zakkak/spring-quarkus-perf-comparison/spring-quarkus-perf-comparison/scripts/perf-lab/scripts
 SPRING3_BOOT_DIR = /home/zakkak/spring-quarkus-perf-comparison/spring-quarkus-perf-comparison/springboot3
 SPRING4_BOOT_DIR = /home/zakkak/spring-quarkus-perf-comparison/spring-quarkus-perf-comparison/springboot4
 QUARKUS3_DIR = /home/zakkak/spring-quarkus-perf-comparison/spring-quarkus-perf-comparison/quarkus3
 QUARKUS3_VIRTUAL_DIR = /home/zakkak/spring-quarkus-perf-comparison/spring-quarkus-perf-comparison/quarkus3-virtual
 ASYNC_PROFILER_DIR = /home/zakkak/async-profiler
 os = linux
 output = {"timing":{"start":"2026-03-11T16:06:11Z","stop":"2026-03-11T16:59:56Z"},"results":{"quarkus3-native":{"build":{"timings":["45.01","45.03","44.78","44.56","44.12","44.76","44.97","45.03","44.72","44.83"],"native":{"rss":["4.84","4.71","4.84","4.75","5.03","4.73","4.83","4.78","4.74","4.99"],"binarySize":"88.59"},"avBuildTime":"44.781","avNativeRSS":"4.824000000000001","classCount":"22,741","fieldCount":"29,392","methodCount":"107,027","reflectionClassCount":"7,984","reflectionFieldCount":"169","reflectionMethodCount":"5,249"},"startup":{"timings":["39","41","40","33","32","33","41","41","41","39"],"avStartTime":"38"},"rss":{"startup":["68.58203125","68.59765625","68.4765625","68.5625","68.578125","68.58203125","68.64453125","68.53125","68.51171875","68.58984375"],"firstRequest":["75.3515625","75.3671875","75.24609375","75.328125","75.34765625","75.3515625","75.4140625","75.30078125","75.28515625","75.359375"],"avStartupRss":"68.565625","avFirstRequestRss":"75.33515625"},"load":{"throughput":["16229.87","16021.4","16002.97","16256.02","16262.69","16379.99","16326.5","16414.73","15989.44","16262.34"],"connectionErrors":["0","0","0","0","0","0","0","0","0","0"],"requestTimeouts":["0","0","0","0","0","0","0","0","0","0"],"rss":["161.6484375","159.92578125","159.578125","157.35546875","160.07421875","157.59765625","157.9765625","158.546875","158.3671875","160.1796875"],"throughputDensity":["100.40226958581026","100.18022031704159","100.28298051502986","103.30762654221384","101.59468605871301","103.9354923782377","103.34760892141833","103.53234650635656","100.96434907010014","101.52560698434375"],"avThroughput":"16214.594999999998","avMaxRss":"159.125","maxThroughputDensity":"103.9354923782377","avConnectionErrors":"0","avRequestTimeouts":"0"}}},"config":{"jvm":{"args":"","memory":"","graalvm":{"version":"25.0.2-graalce","home":"/home/zakkak/code/graal-oracle/sdk/latest_graalvm_home"},"version":"25.0.2-tem","home":"/home/zakkak/jvms/jdk-21.0.9+10"},"num_iterations":"10","quarkus":{"build_config_args":"","native_build_options":"-Dquarkus.native.additional-build-args-append=--future-defaults=class-for-name-respects-class-loader","version":"999-SNAPSHOT"},"repo":{"short_commit":"14e9ae9","scenario":"tuned","commit":"14e9ae9b8bc5ec009f5c1108ca2171ce3867ffb2","branch":"main","scenarioName":"Tuned","url":"https://github.com/quarkusio/spring-quarkus-perf-comparison.git"},"springboot3":{"native_build_options":"","version":""},"springboot4":{"native_build_options":"","version":""},"resources":{"cpu":{"app":"0-3","1st_request":"10","monitor":"11","load_generator":"7-9","db":"4-6"},"app_cpus":"4"},"profiler":{"name":"none","events":"cpu"}},"env":{"host":{"memory":"61Gi","os":"Fedora Linux 43 (Workstation Edition)","kernel":"6.18.16-200.fc43.x86_64","cpu":"AMD Ryzen 9 7950X 16-Core Processor (32 cpus)","type":"ASUS System Product Name","gpu":"Advanced Micro Devices, Inc. [AMD/ATI] Raphael"},"run":{"host":{"name":"LOCAL","user":"zakkak","target":"LOCAL"}}}}
 SHELL_PID = 254098
 LOCAL : 
   run-tests : 
     id=983 : 
       RUNTIMECMD = {"updateScript":"update-quarkus-version","runCmd":"taskset --cpu-list 0-3 /home/zakkak/spring-quarkus-perf-comparison/spring-quarkus-perf-comparison/quarkus3/target/quarkus3-runner ","updateVersion":"999-SNAPSHOT","buildCmd":"./mvnw  clean package -DskipTests -Pnative -Dquarkus.native.additional-build-args-append=--future-defaults=class-for-name-respects-class-loader","name":"quarkus3-native","type":"native","dir":"/home/zakkak/spring-quarkus-perf-comparison/spring-quarkus-perf-comparison/quarkus3","logFileStartedRegex":".*quarkus3.+started in.*"}
       TYPE = native
       BUILD_TIME = 44.83
       NATIVE_BUILD_RSS = 4.99
       START_TIME = 39
       RSS_STARTUP = 70236
       FIRST_REQUEST = 77168
       APP_LOG_REGEX = .*quarkus3.+started in.*
       LOG_FILE = /home/zakkak/spring-quarkus-perf-comparison/logs/load-test-quarkus3-native-9.log
       JVM_PID = 289143
       POSTGRES_PID = 288848
       THROUGHPUT = 16262.34
       CONNECTION_ERRORS = 0
       REQUEST_TIMEOUTS = 0
       RSS = 164024
   cleanup : 
     id=2817 : 
   setup : 
     id=807 : 

