17:12:00,336 [ :- @  ] run-1773241920126 starting state:
 env = {"run":{"host":{"user":"zakkak","name":"LOCAL","target":"LOCAL"}}}
 config = {"jvm":{"home":"/home/zakkak/jvms/jdk-21.0.9+10","version":"25.0.2-tem","graalvm":{"home":"/home/zakkak/code/graal-oracle/sdk/latest_graalvm_home","version":"25.0.2-graalce"},"memory":"","args":""},"quarkus":{"version":"999-SNAPSHOT","build_config_args":"","native_build_options":"-Dquarkus.native.additional-build-args-append=--future-defaults=run-time-initialize-jdk"},"springboot3":{"version":"","native_build_options":""},"springboot4":{"version":"","native_build_options":""},"resources":{"cpu":{"app":"0-3","db":"4-6","load_generator":"7-9","1st_request":"10","monitor":"11"},"app_cpus":"4"},"profiler":{"name":"none","events":"cpu"},"repo":{"branch":"main","url":"https://github.com/quarkusio/spring-quarkus-perf-comparison.git","scenario":"tuned"},"num_iterations":"10"}
 APP_CMD_PREFIX = taskset --cpu-list ${{config.resources.cpu.app}}
 LOAD_GEN_CMD_PREFIX = taskset --cpu-list ${{config.resources.cpu.load_generator}}
 MONITOR_CMD_PREFIX = taskset --cpu-list ${{config.resources.cpu.monitor}}
 WRK_BIN = ${{LOAD_GEN_CMD_PREFIX}} jbang -R -XX:+UseNUMA wrk@hyperfoil
 DROP_OS_FILESYSTEM_CACHES = true
 PAUSE_TIME = 2
 PROFILER_JVM_ARGS = 
 BASE_JAVA_CMD = ${{APP_CMD_PREFIX}} java ${{config.jvm.memory}} ${{config.jvm.args}} ${{PROFILER_JVM_ARGS}}
 TESTS = ["measure-build-times","measure-time-to-first-request","measure-rss","run-load-test"]
 RUNTIMES = ["quarkus3-native"]
 TARGET_URL = http://localhost:8080/fruits
 QUARKUS-PLATFORM-ARTIFACT-ID = quarkus-bom
 PROJ_REPO_NAME = spring-quarkus-perf-comparison
 METRICS_DIR = /tmp
 ASYNC_PROFILER = async-profiler
 RUNTIMECMDS = [{"updateScript":"update-quarkus-version","runCmd":"${{BASE_JAVA_CMD}} -jar ${{QUARKUS3_DIR}}/target/quarkus-app/quarkus-run.jar","updateVersion":"${{config.quarkus.version}}","buildCmd":"./mvnw ${{config.quarkus.build_config_args}} clean package -DskipTests","name":"quarkus3-jvm","type":"jvm","dir":"${{QUARKUS3_DIR}}","logFileStartedRegex":".*quarkus3.+started in.*"},{"updateScript":"update-quarkus-version","runCmd":"${{BASE_JAVA_CMD}} -jar ${{QUARKUS3_VIRTUAL_DIR}}/target/quarkus-app/quarkus-run.jar","updateVersion":"${{config.quarkus.version}}","buildCmd":"./mvnw ${{config.quarkus.build_config_args}} clean package -DskipTests","name":"quarkus3-virtual","type":"jvm","dir":"${{QUARKUS3_VIRTUAL_DIR}}","logFileStartedRegex":".*quarkus3.+started in.*"},{"updateScript":"update-quarkus-version","runCmd":"${{APP_CMD_PREFIX}} ${{QUARKUS3_DIR}}/target/quarkus3-runner ${{config.jvm.memory}}","updateVersion":"${{config.quarkus.version}}","buildCmd":"./mvnw ${{config.quarkus.build_config_args}} clean package -DskipTests -Pnative ${{config.quarkus.native_build_options}}","name":"quarkus3-native","type":"native","dir":"${{QUARKUS3_DIR}}","logFileStartedRegex":".*quarkus3.+started in.*"},{"updateScript":"update-spring-boot-version","runCmd":"${{BASE_JAVA_CMD}} -jar ${{SPRING3_BOOT_DIR}}/target/springboot3.jar","updateVersion":"${{config.springboot3.version}}","buildCmd":"./mvnw clean package -DskipTests","name":"spring3-jvm","type":"jvm","dir":"${{SPRING3_BOOT_DIR}}","logFileStartedRegex":".*Started SpringBoot3Application in.+seconds.*"},{"updateScript":"update-spring-boot-version","runCmd":"${{BASE_JAVA_CMD}} -Dspring.threads.virtual.enabled=true -jar ${{SPRING3_BOOT_DIR}}/target/springboot3.jar","updateVersion":"${{config.springboot3.version}}","buildCmd":"./mvnw clean package -DskipTests -Dspring.threads.virtual.enabled=true","name":"spring3-virtual","type":"jvm","dir":"${{SPRING3_BOOT_DIR}}","logFileStartedRegex":".*Started SpringBoot3Application in.+seconds.*"},{"updateScript":"update-spring-boot-version","runCmd":"${{BASE_JAVA_CMD}} -Dspring.aot.enabled=true -jar ${{SPRING3_BOOT_DIR}}/target/springboot3.jar","updateVersion":"${{config.springboot3.version}}","buildCmd":"./mvnw clean compile spring-boot:process-aot package -DskipTests","name":"spring3-jvm-aot","type":"jvm","dir":"${{SPRING3_BOOT_DIR}}","logFileStartedRegex":".*Started SpringBoot3Application in.+seconds.*"},{"updateScript":"update-spring-boot-version","runCmd":"${{APP_CMD_PREFIX}} ${{SPRING3_BOOT_DIR}}/target/springboot3 ${{config.jvm.memory}}","updateVersion":"${{config.springboot3.version}}","buildCmd":"./mvnw clean -Pnative -DskipTests native:compile package ${{config.springboot3.native_build_options}}","name":"spring3-native","type":"native","dir":"${{SPRING3_BOOT_DIR}}","logFileStartedRegex":".*Started SpringBoot3Application in.+seconds.*"},{"updateScript":"update-spring-boot-version","runCmd":"${{BASE_JAVA_CMD}} -jar ${{SPRING4_BOOT_DIR}}/target/springboot4.jar","updateVersion":"${{config.springboot4.version}}","buildCmd":"./mvnw clean package -DskipTests","name":"spring4-jvm","type":"jvm","dir":"${{SPRING4_BOOT_DIR}}","logFileStartedRegex":".*Started SpringBoot4Application in.+seconds.*"},{"updateScript":"update-spring-boot-version","runCmd":"${{BASE_JAVA_CMD}} -Dspring.threads.virtual.enabled=true -jar ${{SPRING4_BOOT_DIR}}/target/springboot4.jar","updateVersion":"${{config.springboot4.version}}","buildCmd":"./mvnw clean package -DskipTests -Dspring.threads.virtual.enabled=true","name":"spring4-virtual","type":"jvm","dir":"${{SPRING4_BOOT_DIR}}","logFileStartedRegex":".*Started SpringBoot4Application in.+seconds.*"},{"updateScript":"update-spring-boot-version","runCmd":"${{BASE_JAVA_CMD}} -Dspring.aot.enabled=true -jar ${{SPRING4_BOOT_DIR}}/target/springboot4.jar","updateVersion":"${{config.springboot4.version}}","buildCmd":"./mvnw clean compile spring-boot:process-aot package -DskipTests","name":"spring4-jvm-aot","type":"jvm","dir":"${{SPRING4_BOOT_DIR}}","logFileStartedRegex":".*Started SpringBoot4Application in.+seconds.*"},{"updateScript":"update-spring-boot-version","runCmd":"${{APP_CMD_PREFIX}} ${{SPRING4_BOOT_DIR}}/target/springboot4 ${{config.jvm.memory}}","updateVersion":"${{config.springboot4.version}}","buildCmd":"./mvnw clean -Pnative -DskipTests native:compile package ${{config.springboot4.native_build_options}}","name":"spring4-native","type":"native","dir":"${{SPRING4_BOOT_DIR}}","logFileStartedRegex":".*Started SpringBoot4Application in.+seconds.*"}]

17:12:00,626 [ test-runner:setup-807 @ target-host ] setup
17:12:00,741 [ test-runner:setup-807 @ target-host ] start-env:
17:12:00,741 [ test-runner:setup-807 @ target-host ] script-cmd: update-state
17:12:00,742 [ test-runner:setup-807 @ target-host ] update-state
17:12:01,146 [ test-runner:setup-807 @ target-host ] echo $(realpath ~)
/home/zakkak
17:12:01,146 [ test-runner:setup-807 @ target-host ] set-state: RUN.BASE_DIR /home/zakkak
17:12:01,147 [ test-runner:setup-807 @ target-host ] set-state: RUN.REPO_DIR /home/zakkak/spring-quarkus-perf-comparison
17:12:01,150 [ test-runner:setup-807 @ target-host ] set-state: RUN.PROJ_REPO_DIR /home/zakkak/spring-quarkus-perf-comparison/spring-quarkus-perf-comparison
17:12:01,151 [ test-runner:setup-807 @ target-host ] set-state: RUN.SCRIPTS_DIR /home/zakkak/spring-quarkus-perf-comparison/spring-quarkus-perf-comparison/scripts/perf-lab
17:12:01,152 [ test-runner:setup-807 @ target-host ] set-state: RUN.HELPER_SCRIPTS_DIR /home/zakkak/spring-quarkus-perf-comparison/spring-quarkus-perf-comparison/scripts/perf-lab/scripts
17:12:01,152 [ test-runner:setup-807 @ target-host ] set-state: RUN.SPRING3_BOOT_DIR /home/zakkak/spring-quarkus-perf-comparison/spring-quarkus-perf-comparison/springboot3
17:12:01,153 [ test-runner:setup-807 @ target-host ] set-state: RUN.SPRING4_BOOT_DIR /home/zakkak/spring-quarkus-perf-comparison/spring-quarkus-perf-comparison/springboot4
17:12:01,154 [ test-runner:setup-807 @ target-host ] set-state: RUN.QUARKUS3_DIR /home/zakkak/spring-quarkus-perf-comparison/spring-quarkus-perf-comparison/quarkus3
17:12:01,154 [ test-runner:setup-807 @ target-host ] set-state: RUN.QUARKUS3_VIRTUAL_DIR /home/zakkak/spring-quarkus-perf-comparison/spring-quarkus-perf-comparison/quarkus3-virtual
17:12:01,155 [ test-runner:setup-807 @ target-host ] set-state: RUN.ASYNC_PROFILER_DIR /home/zakkak/async-profiler
17:12:01,155 [ test-runner:setup-807 @ target-host ] script-cmd: detect-os
17:12:01,156 [ test-runner:setup-807 @ target-host ] detect-os
17:12:01,559 [ test-runner:setup-807 @ target-host ] uname -a
Linux blanc 6.18.16-200.fc43.x86_64 #1 SMP PREEMPT_DYNAMIC Wed Mar  4 19:13:32 UTC 2026 x86_64 GNU/Linux
17:12:01,560 [ test-runner:setup-807 @ target-host ] regex: .*Linux.*
17:12:01,560 [ test-runner:setup-807 @ target-host ] set-state: RUN.os linux
17:12:01,560 [ test-runner:setup-807 @ target-host ] script-cmd: capture-system-info
17:12:01,561 [ test-runner:setup-807 @ target-host ] capture-system-info
17:12:01,561 [ test-runner:setup-807 @ target-host ] script-cmd: capture-system-info-${{os}}
17:12:01,561 [ test-runner:setup-807 @ target-host ] capture-system-info-linux
17:12:01,965 [ test-runner:setup-807 @ target-host ] grep '^PRETTY_NAME=' /etc/os-release | cut -d= -f2 | tr -d '"'
Fedora Linux 43 (Workstation Edition)
17:12:01,965 [ test-runner:setup-807 @ target-host ] set-state: RUN.env.host.os Fedora Linux 43 (Workstation Edition)
17:12:02,377 [ test-runner:setup-807 @ target-host ] cat /sys/class/dmi/id/sys_vendor /sys/class/dmi/id/product_name 2>/dev/null | paste -sd ' ' || echo 'Unknown'
ASUS System Product Name
17:12:02,377 [ test-runner:setup-807 @ target-host ] set-state: RUN.env.host.type ASUS System Product Name
17:12:02,780 [ test-runner:setup-807 @ target-host ] uname -r
6.18.16-200.fc43.x86_64
17:12:02,780 [ test-runner:setup-807 @ target-host ] set-state: RUN.env.host.kernel 6.18.16-200.fc43.x86_64
17:12:03,205 [ test-runner:setup-807 @ target-host ] lscpu | awk -F: '/^Model name:/ {model=$2} /^CPU\(s):/ {cpus=$2} END {gsub(/^[ \t]+|[ \t]+$/, "", model); gsub(/^[ \t]+|[ \t]+$/, "", cpus); print model " (" cpus " cpus)"}'

AMD Ryzen 9 7950X 16-Core Processor (32 cpus)
17:12:03,206 [ test-runner:setup-807 @ target-host ] set-state: RUN.env.host.cpu AMD Ryzen 9 7950X 16-Core Processor (32 cpus)
17:12:03,642 [ test-runner:setup-807 @ target-host ] lspci | grep -iE 'vga|3d|display' | sed 's/.*: //; s/ (rev.*)$//' | head -n1
Advanced Micro Devices, Inc. [AMD/ATI] Raphael
17:12:03,643 [ test-runner:setup-807 @ target-host ] set-state: RUN.env.host.gpu Advanced Micro Devices, Inc. [AMD/ATI] Raphael
17:12:04,055 [ test-runner:setup-807 @ target-host ] free -h | grep '^Mem:' | awk '{print $2}'
61Gi
17:12:04,055 [ test-runner:setup-807 @ target-host ] set-state: RUN.env.host.memory 61Gi
17:12:04,055 [ test-runner:setup-807 @ target-host ] script-cmd: config-env
17:12:04,055 [ test-runner:setup-807 @ target-host ] config-env
17:12:04,056 [ test-runner:setup-807 @ target-host ] script-cmd: sudo
17:12:04,056 [ test-runner:setup-807 @ target-host ] sudo
17:12:04,056 [ test-runner:setup-807 @ target-host ] script-cmd: sudo-${{os}}
17:12:04,057 [ test-runner:setup-807 @ target-host ] sudo-linux
17:12:04,500 [ test-runner:setup-807 @ target-host ] sudo rm -Rf /home/zakkak/spring-quarkus-perf-comparison/logs
]3008;start=719647e1569c43ec885c185422b003f1;user=zakkak;hostname=blanc;machineid=f469a615e9ef4e81b7d5be080a5de373;bootid=0e917e08584a49cb891ef04366e00ace;pid=217110;pidfdid=217111;comm=sudo;targetuser=root;sessionid=c168;type=session\]3008;end=719647e1569c43ec885c185422b003f1\
17:12:04,903 [ test-runner:setup-807 @ target-host ] mkdir -p /home/zakkak/spring-quarkus-perf-comparison/logs
17:12:04,903 [ test-runner:setup-807 @ target-host ] script-cmd: ensure-requirements
17:12:04,904 [ test-runner:setup-807 @ target-host ] ensure-requirements
17:12:04,904 [ test-runner:setup-807 @ target-host ] script-cmd: ensure-graalvm
17:12:04,904 [ test-runner:setup-807 @ target-host ] ensure-graalvm
17:12:04,905 [ test-runner:setup-807 @ target-host ] read-state: /home/zakkak/code/graal-oracle/sdk/latest_graalvm_home
17:12:04,905 [ test-runner:setup-807 @ target-host ] 
17:12:04,905 [ test-runner:setup-807 @ target-host ] Using locally installed GraalVM from /home/zakkak/code/graal-oracle/sdk/latest_graalvm_home
17:12:05,308 [ test-runner:setup-807 @ target-host ] export GRAALVM_HOME=/home/zakkak/code/graal-oracle/sdk/latest_graalvm_home
17:12:05,720 [ test-runner:setup-807 @ target-host ] test -d "$GRAALVM_HOME"
17:12:05,720 [ test-runner:setup-807 @ target-host ] regex: .*
17:12:06,131 [ test-runner:setup-807 @ target-host ] test -x "$GRAALVM_HOME/bin/native-image"
17:12:06,131 [ test-runner:setup-807 @ target-host ] regex: .*
17:12:06,132 [ test-runner:setup-807 @ target-host ] Showing GraalVM version
17:12:06,626 [ test-runner:setup-807 @ target-host ] $GRAALVM_HOME/bin/java -version
openjdk version "25.0.1" 2025-10-21
OpenJDK Runtime Environment GraalVM CE 25.1.0-dev+8.1 (build 25.0.1+8-jvmci-25.1-b14)
OpenJDK 64-Bit Server VM GraalVM CE 25.1.0-dev+8.1 (build 25.0.1+8-jvmci-25.1-b14, mixed mode, sharing)
17:12:06,627 [ test-runner:setup-807 @ target-host ] script-cmd: ensure-java
17:12:06,627 [ test-runner:setup-807 @ target-host ] ensure-java
17:12:06,628 [ test-runner:setup-807 @ target-host ] read-state: /home/zakkak/jvms/jdk-21.0.9+10
17:12:06,628 [ test-runner:setup-807 @ target-host ] 
17:12:06,628 [ test-runner:setup-807 @ target-host ] Using locally installed Java from /home/zakkak/jvms/jdk-21.0.9+10
17:12:07,031 [ test-runner:setup-807 @ target-host ] export JAVA_HOME=/home/zakkak/jvms/jdk-21.0.9+10
17:12:07,433 [ test-runner:setup-807 @ target-host ] export PATH=$JAVA_HOME/bin:$PATH
17:12:07,835 [ test-runner:setup-807 @ target-host ] test -d "$JAVA_HOME"
17:12:07,835 [ test-runner:setup-807 @ target-host ] regex: .*
17:12:08,237 [ test-runner:setup-807 @ target-host ] test -x "$JAVA_HOME/bin/java"
17:12:08,237 [ test-runner:setup-807 @ target-host ] regex: .*
17:12:08,237 [ test-runner:setup-807 @ target-host ] Showing Java version
17:12:08,660 [ test-runner:setup-807 @ target-host ] java -version
openjdk version "21.0.9" 2025-10-21 LTS
OpenJDK Runtime Environment Temurin-21.0.9+10 (build 21.0.9+10-LTS)
OpenJDK 64-Bit Server VM Temurin-21.0.9+10 (build 21.0.9+10-LTS, mixed mode, sharing)
17:12:08,661 [ test-runner:setup-807 @ target-host ] script-cmd: ensure-git
17:12:08,661 [ test-runner:setup-807 @ target-host ] ensure-git
17:12:08,661 [ test-runner:setup-807 @ target-host ] script-cmd: ensure-git-${{os}}
17:12:08,662 [ test-runner:setup-807 @ target-host ] ensure-git-linux
17:12:08,662 [ test-runner:setup-807 @ target-host ] script-cmd: check-and-install-package
17:12:08,662 [ test-runner:setup-807 @ target-host ] check-and-install-package
17:12:09,075 [ test-runner:setup-807 @ target-host ] which git
/usr/bin/git
17:12:09,075 [ test-runner:setup-807 @ target-host ] script-cmd: ensure-gcc
17:12:09,075 [ test-runner:setup-807 @ target-host ] ensure-gcc
17:12:09,076 [ test-runner:setup-807 @ target-host ] script-cmd: ensure-gcc-${{os}}
17:12:09,076 [ test-runner:setup-807 @ target-host ] ensure-gcc-linux
17:12:09,076 [ test-runner:setup-807 @ target-host ] script-cmd: check-and-install-package
17:12:09,076 [ test-runner:setup-807 @ target-host ] check-and-install-package
17:12:09,489 [ test-runner:setup-807 @ target-host ] which gcc
/usr/bin/gcc
17:12:09,489 [ test-runner:setup-807 @ target-host ] script-cmd: ensure-jbang
17:12:09,489 [ test-runner:setup-807 @ target-host ] ensure-jbang
17:12:09,490 [ test-runner:setup-807 @ target-host ] script-cmd: ensure-jbang-${{os}}
17:12:09,490 [ test-runner:setup-807 @ target-host ] ensure-jbang-linux
17:12:09,894 [ test-runner:setup-807 @ target-host ] which jbang
~/.sdkman/candidates/jbang/current/bin/jbang
17:12:09,894 [ test-runner:setup-807 @ target-host ] script-cmd: ensure-jvm-opts
17:12:09,894 [ test-runner:setup-807 @ target-host ] ensure-jvm-opts
17:12:09,894 [ test-runner:setup-807 @ target-host ] read-state: config.profiler.name
17:12:09,895 [ test-runner:setup-807 @ target-host ] script-cmd: clone-repo
17:12:09,895 [ test-runner:setup-807 @ target-host ] clone-repo
17:12:09,895 [ test-runner:setup-807 @ target-host ] script-cmd: sudo
17:12:09,895 [ test-runner:setup-807 @ target-host ] sudo
17:12:09,896 [ test-runner:setup-807 @ target-host ] script-cmd: sudo-${{os}}
17:12:09,896 [ test-runner:setup-807 @ target-host ] sudo-linux
17:12:10,348 [ test-runner:setup-807 @ target-host ] sudo rm -Rf /home/zakkak/spring-quarkus-perf-comparison/logs
]3008;start=4c931712df874501a706d64b622e2af0;user=zakkak;hostname=blanc;machineid=f469a615e9ef4e81b7d5be080a5de373;bootid=0e917e08584a49cb891ef04366e00ace;pid=217196;pidfdid=217197;comm=sudo;targetuser=root;sessionid=c169;type=session\]3008;end=4c931712df874501a706d64b622e2af0\
17:12:10,752 [ test-runner:setup-807 @ target-host ] mkdir -p /home/zakkak/spring-quarkus-perf-comparison/logs
17:12:11,154 [ test-runner:setup-807 @ target-host ] cd /home/zakkak/spring-quarkus-perf-comparison
17:12:11,155 [ test-runner:setup-807 @ target-host ] Cloning project repo main@https://github.com/quarkusio/spring-quarkus-perf-comparison.git
17:12:11,567 [ test-runner:setup-807 @ target-host ] git clone -b main https://github.com/quarkusio/spring-quarkus-perf-comparison.git
fatal: destination path 'spring-quarkus-perf-comparison' already exists and is not an empty directory.
17:12:11,969 [ test-runner:setup-807 @ target-host ] cd spring-quarkus-perf-comparison
17:12:11,970 [ test-runner:setup-807 @ target-host ] Checked out repo
17:12:12,382 [ test-runner:setup-807 @ target-host ] git remote get-url origin
https://github.com/quarkusio/spring-quarkus-perf-comparison.git
17:12:12,786 [ test-runner:setup-807 @ target-host ] git branch --show-current
main
17:12:12,786 [ test-runner:setup-807 @ target-host ] script-cmd: capture-repo-info
17:12:12,786 [ test-runner:setup-807 @ target-host ] capture-repo-info
17:12:13,189 [ test-runner:setup-807 @ target-host ] cd /home/zakkak/spring-quarkus-perf-comparison/spring-quarkus-perf-comparison
17:12:13,593 [ test-runner:setup-807 @ target-host ] git rev-parse HEAD
14e9ae9b8bc5ec009f5c1108ca2171ce3867ffb2
17:12:13,594 [ test-runner:setup-807 @ target-host ] set-state: RUN.config.repo.commit 14e9ae9b8bc5ec009f5c1108ca2171ce3867ffb2
17:12:13,999 [ test-runner:setup-807 @ target-host ] git rev-parse --short HEAD
14e9ae9
17:12:13,999 [ test-runner:setup-807 @ target-host ] set-state: RUN.config.repo.short_commit 14e9ae9
17:12:13,999 [ test-runner:setup-807 @ target-host ] read-state: tuned
17:12:13,999 [ test-runner:setup-807 @ target-host ] 
17:12:14,000 [ test-runner:setup-807 @ target-host ] regex: tuned
17:12:14,000 [ test-runner:setup-807 @ target-host ] set-state: RUN.config.repo.scenarioName Tuned
17:12:14,000 [ test-runner:setup-807 @ target-host ] script-cmd: stop-test-services
17:12:14,000 [ test-runner:setup-807 @ target-host ] stop-test-services
17:12:14,427 [ test-runner:setup-807 @ target-host ] /home/zakkak/spring-quarkus-perf-comparison/spring-quarkus-perf-comparison/scripts/infra.sh -d
Using podman to stop containers
-----------------------------------------
[03/11/2026 17:12:14]: Stopping services
-----------------------------------------
Stopping PostgreSQL database 'fruits_db'
Error: no container with name or ID "fruits_db" found: no such container
17:12:14,428 [ test-runner:setup-807 @ target-host ] script-cmd: start-timestamp
17:12:14,428 [ test-runner:setup-807 @ target-host ] start-timestamp
17:12:14,831 [ test-runner:setup-807 @ target-host ] date -u +%FT%TZ
2026-03-11T15:12:14Z
17:12:14,831 [ test-runner:setup-807 @ target-host ] set-state: RUN.output.timing.start 2026-03-11T15:12:14Z
17:12:14,938 [ test-runner:setup-807 @ target-host ] stop-env: export PATH="/home/zakkak/jvms/jdk-21.0.9+10/bin:/home/zakkak/.jbang/bin:/home/zakkak/.local/bin:/home/zakkak/bin:/home/zakkak/.npm-global/bin:/home/zakkak/.jbang/bin:/home/zakkak/.sdkman/candidates/quarkus/current/bin:/home/zakkak/.sdkman/candidates/maven/current/bin:/home/zakkak/.sdkman/candidates/jreleaser/current/bin:/home/zakkak/.sdkman/candidates/jbang/current/bin:/home/zakkak/.sdkman/candidates/java/current/bin:/home/zakkak/.sdkman/candidates/gradle/current/bin:/home/zakkak/.local/share/JetBrains/Toolbox/apps/intellij-idea-ultimate/bin:/home/zakkak/bin:/home/zakkak/.local/bin:/home/zakkak/.cargo/bin:/usr/local/bin:/usr/bin"  JAVA_HOME="/home/zakkak/jvms/jdk-21.0.9+10"  GRAALVM_HOME="/home/zakkak/code/graal-oracle/sdk/latest_graalvm_home"
17:12:15,320 [ test-runner:run-tests-983 @ target-host ] script-cmd: run-tests
17:12:15,320 [ test-runner:run-tests-983 @ target-host ] run-tests
17:12:15,742 [ test-runner:run-tests-983 @ target-host ] java -version
openjdk version "21.0.9" 2025-10-21 LTS
OpenJDK Runtime Environment Temurin-21.0.9+10 (build 21.0.9+10-LTS)
OpenJDK 64-Bit Server VM Temurin-21.0.9+10 (build 21.0.9+10-LTS, mixed mode, sharing)
17:12:16,144 [ test-runner:run-tests-983 @ target-host ] echo $$
217283
17:12:16,144 [ test-runner:run-tests-983 @ target-host ] set-state: RUN.SHELL_PID 217283
17:12:16,600 [ test-runner:run-tests-983 @ target-host ] for-each: RUNTIME = quarkus3-native
17:12:16,607 [ test-runner:run-tests-983 @ target-host ] set-state: RUNTIMECMD {"updateScript":"update-quarkus-version","runCmd":"taskset --cpu-list 0-3 /home/zakkak/spring-quarkus-perf-comparison/spring-quarkus-perf-comparison/quarkus3/target/quarkus3-runner ","updateVersion":"999-SNAPSHOT","buildCmd":"./mvnw  clean package -DskipTests -Pnative -Dquarkus.native.additional-build-args-append=--future-defaults=run-time-initialize-jdk","name":"quarkus3-native","type":"native","dir":"/home/zakkak/spring-quarkus-perf-comparison/spring-quarkus-perf-comparison/quarkus3","logFileStartedRegex":".*quarkus3.+started in.*"}
17:12:16,607 [ test-runner:run-tests-983 @ target-host ] Updating version: 999-SNAPSHOT
17:12:16,608 [ test-runner:run-tests-983 @ target-host ] script-cmd: ${{RUNTIMECMD.updateScript:abort-script-not-found}}
17:12:16,608 [ test-runner:run-tests-983 @ target-host ] update-quarkus-version
17:12:16,608 [ test-runner:run-tests-983 @ target-host ] script-cmd: check-dependency-exists
17:12:16,608 [ test-runner:run-tests-983 @ target-host ] check-dependency-exists
17:12:17,010 [ test-runner:run-tests-983 @ target-host ] cd /home/zakkak/spring-quarkus-perf-comparison/spring-quarkus-perf-comparison/quarkus3
17:12:19,261 [ test-runner:run-tests-983 @ target-host ] ./mvnw dependency:get -Dartifact=io.quarkus:quarkus-bom:999-SNAPSHOT -Dpackaging=pom
[INFO] Scanning for projects...
[WARNING] Quarkus Maven extension: an explicit 'argLine' is defined in maven-surefire-plugin config, but does not contain '@{argLine}': we will not be able to inject JVM parameters automatically. Please add '@{argLine}' to the argLine configuration you have defined.
[INFO] 
[INFO] -------------------------< org.acme:quarkus3 >--------------------------
[INFO] Building quarkus3 1.0
[INFO]   from pom.xml
[INFO] ------------------------------[ quarkus ]-------------------------------
[INFO] 
[INFO] --- dependency:3.7.0:get (default-cli) @ quarkus3 ---
[INFO] Resolving io.quarkus:quarkus-bom:pom:999-SNAPSHOT with transitive dependencies
[INFO] ------------------------------------------------------------------------
[INFO] BUILD SUCCESS
[INFO] ------------------------------------------------------------------------
[INFO] Total time:  1.108 s
[INFO] Finished at: 2026-03-11T17:12:18+02:00
[INFO] ------------------------------------------------------------------------
17:12:19,261 [ test-runner:run-tests-983 @ target-host ] 
17:12:19,261 [ test-runner:run-tests-983 @ target-host ] Artifact io.quarkus:quarkus-bom:999-SNAPSHOT is available in maven central
17:12:21,299 [ test-runner:run-tests-983 @ target-host ] ./mvnw versions:set-property -Dproperty=quarkus.platform.version -DnewVersion=999-SNAPSHOT
[INFO] Scanning for projects...
[WARNING] Quarkus Maven extension: an explicit 'argLine' is defined in maven-surefire-plugin config, but does not contain '@{argLine}': we will not be able to inject JVM parameters automatically. Please add '@{argLine}' to the argLine configuration you have defined.
[INFO] 
[INFO] -------------------------< org.acme:quarkus3 >--------------------------
[INFO] Building quarkus3 1.0
[INFO]   from pom.xml
[INFO] ------------------------------[ quarkus ]-------------------------------
[INFO] 
[INFO] --- versions:2.21.0:set-property (default-cli) @ quarkus3 ---
[INFO] ------------------------------------------------------------------------
[INFO] BUILD SUCCESS
[INFO] ------------------------------------------------------------------------
[INFO] Total time:  0.960 s
[INFO] Finished at: 2026-03-11T17:12:20+02:00
[INFO] ------------------------------------------------------------------------
17:12:21,299 [ test-runner:run-tests-983 @ target-host ] Testing: quarkus3-native
17:12:21,308 [ test-runner:run-tests-983 @ target-host ] for-each: TEST = measure-build-times
17:12:21,309 [ test-runner:run-tests-983 @ target-host ] script-cmd: ${{TEST}}
17:12:21,309 [ test-runner:run-tests-983 @ target-host ] measure-build-times
17:12:21,309 [ test-runner:run-tests-983 @ target-host ] Build times
17:12:21,711 [ test-runner:run-tests-983 @ target-host ] cd /home/zakkak/spring-quarkus-perf-comparison/spring-quarkus-perf-comparison/quarkus3
17:12:21,711 [ test-runner:run-tests-983 @ target-host ] JVM version
17:12:22,134 [ test-runner:run-tests-983 @ target-host ] java -version
openjdk version "21.0.9" 2025-10-21 LTS
OpenJDK Runtime Environment Temurin-21.0.9+10 (build 21.0.9+10-LTS)
OpenJDK 64-Bit Server VM Temurin-21.0.9+10 (build 21.0.9+10-LTS, mixed mode, sharing)
17:12:22,134 [ test-runner:run-tests-983 @ target-host ] Graal VM Version
17:12:22,570 [ test-runner:run-tests-983 @ target-host ] $GRAALVM_HOME/bin/java -version
openjdk version "25.0.1" 2025-10-21
OpenJDK Runtime Environment GraalVM CE 25.1.0-dev+8.1 (build 25.0.1+8-jvmci-25.1-b14)
OpenJDK 64-Bit Server VM GraalVM CE 25.1.0-dev+8.1 (build 25.0.1+8-jvmci-25.1-b14, mixed mode, sharing)
17:12:22,571 [ test-runner:run-tests-983 @ target-host ] set-state: TYPE native
17:12:23,014 [ test-runner:run-tests-983 @ target-host ] for-each: ITERATION = 0
17:12:23,015 [ test-runner:run-tests-983 @ target-host ] queue-download: ${{REPO_DIR}}/logs/build-times-${{RUNTIME.name}}-${{ITERATION}}.log=/home/zakkak/spring-quarkus-perf-comparison/logs/build-times-quarkus3-native-0.log ../../20260311/run-time-initialize-jdk/target-host/
17:12:23,015 [ test-runner:run-tests-983 @ target-host ] script-cmd: sync-drop-fs-cache
17:12:23,015 [ test-runner:run-tests-983 @ target-host ] sync-drop-fs-cache
17:12:23,016 [ test-runner:run-tests-983 @ target-host ] read-state: true
17:12:23,016 [ test-runner:run-tests-983 @ target-host ] regex: true
17:12:23,453 [ test-runner:run-tests-983 @ target-host ] sync
17:12:23,453 [ test-runner:run-tests-983 @ target-host ] script-cmd: sync-drop-fs-cache-${{os}}
17:12:23,453 [ test-runner:run-tests-983 @ target-host ] sync-drop-fs-cache-linux
17:12:23,453 [ test-runner:run-tests-983 @ target-host ] script-cmd: sudo
17:12:23,454 [ test-runner:run-tests-983 @ target-host ] sudo
17:12:23,454 [ test-runner:run-tests-983 @ target-host ] script-cmd: sudo-${{os}}
17:12:23,454 [ test-runner:run-tests-983 @ target-host ] sudo-linux
17:12:24,234 [ test-runner:run-tests-983 @ target-host ] sudo sh -c "echo 3 > /proc/sys/vm/drop_caches"
]3008;start=2175ea871dcb4fc09aa12029a35834da;user=zakkak;hostname=blanc;machineid=f469a615e9ef4e81b7d5be080a5de373;bootid=0e917e08584a49cb891ef04366e00ace;pid=217880;pidfdid=217881;comm=sudo;targetuser=root;sessionid=c170;type=session\]3008;end=2175ea871dcb4fc09aa12029a35834da\
17:13:09,689 [ test-runner:run-tests-983 @ target-host ] /usr/bin/time -p ./mvnw  clean package -DskipTests -Pnative -Dquarkus.native.additional-build-args-append=--future-defaults=run-time-initialize-jdk 2>&1 >/home/zakkak/spring-quarkus-perf-comparison/logs/build-times-quarkus3-native-0.log | grep real | awk '{print $2}'
45.03
17:13:09,689 [ test-runner:run-tests-983 @ target-host ] set-state: BUILD_TIME 45.03
17:13:09,690 [ test-runner:run-tests-983 @ target-host ] script-cmd: state-array-push
17:13:09,690 [ test-runner:run-tests-983 @ target-host ] state-array-push
17:13:09,962 [ test-runner:run-tests-983 @ target-host ] set-state: RUN.output.results.quarkus3-native.build.timings [45.03]
17:13:09,962 [ test-runner:run-tests-983 @ target-host ] read-state: native
17:13:09,962 [ test-runner:run-tests-983 @ target-host ] regex: native
17:13:10,369 [ test-runner:run-tests-983 @ target-host ] sed -n 's/.*Peak RSS: \([0-9.]*\)\(GB\|GiB\).*/\1/p' /home/zakkak/spring-quarkus-perf-comparison/logs/build-times-quarkus3-native-0.log
4.60
17:13:10,370 [ test-runner:run-tests-983 @ target-host ] set-state: NATIVE_BUILD_RSS 4.60
17:13:10,370 [ test-runner:run-tests-983 @ target-host ] script-cmd: state-array-push
17:13:10,370 [ test-runner:run-tests-983 @ target-host ] state-array-push
17:13:10,552 [ test-runner:run-tests-983 @ target-host ] set-state: RUN.output.results.quarkus3-native.build.native.rss [4.6]
17:13:10,654 [ test-runner:run-tests-983 @ target-host ] for-each: ITERATION = 1
17:13:10,655 [ test-runner:run-tests-983 @ target-host ] queue-download: ${{REPO_DIR}}/logs/build-times-${{RUNTIME.name}}-${{ITERATION}}.log=/home/zakkak/spring-quarkus-perf-comparison/logs/build-times-quarkus3-native-1.log ../../20260311/run-time-initialize-jdk/target-host/
17:13:10,655 [ test-runner:run-tests-983 @ target-host ] script-cmd: sync-drop-fs-cache
17:13:10,655 [ test-runner:run-tests-983 @ target-host ] sync-drop-fs-cache
17:13:10,655 [ test-runner:run-tests-983 @ target-host ] read-state: true
17:13:10,655 [ test-runner:run-tests-983 @ target-host ] regex: true
17:13:11,242 [ test-runner:run-tests-983 @ target-host ] sync
17:13:11,242 [ test-runner:run-tests-983 @ target-host ] script-cmd: sync-drop-fs-cache-${{os}}
17:13:11,242 [ test-runner:run-tests-983 @ target-host ] sync-drop-fs-cache-linux
17:13:11,243 [ test-runner:run-tests-983 @ target-host ] script-cmd: sudo
17:13:11,243 [ test-runner:run-tests-983 @ target-host ] sudo
17:13:11,243 [ test-runner:run-tests-983 @ target-host ] script-cmd: sudo-${{os}}
17:13:11,243 [ test-runner:run-tests-983 @ target-host ] sudo-linux
17:13:12,076 [ test-runner:run-tests-983 @ target-host ] sudo sh -c "echo 3 > /proc/sys/vm/drop_caches"
]3008;start=468704c3438b4eb6a3fb0641e83fafa8;user=zakkak;hostname=blanc;machineid=f469a615e9ef4e81b7d5be080a5de373;bootid=0e917e08584a49cb891ef04366e00ace;pid=218555;pidfdid=218556;comm=sudo;targetuser=root;sessionid=c171;type=session\]3008;end=468704c3438b4eb6a3fb0641e83fafa8\
17:13:57,069 [ test-runner:run-tests-983 @ target-host ] /usr/bin/time -p ./mvnw  clean package -DskipTests -Pnative -Dquarkus.native.additional-build-args-append=--future-defaults=run-time-initialize-jdk 2>&1 >/home/zakkak/spring-quarkus-perf-comparison/logs/build-times-quarkus3-native-1.log | grep real | awk '{print $2}'
44.58
17:13:57,069 [ test-runner:run-tests-983 @ target-host ] set-state: BUILD_TIME 44.58
17:13:57,070 [ test-runner:run-tests-983 @ target-host ] script-cmd: state-array-push
17:13:57,070 [ test-runner:run-tests-983 @ target-host ] state-array-push
17:13:57,133 [ test-runner:run-tests-983 @ target-host ] set-state: RUN.output.results.quarkus3-native.build.timings [45.03,44.58]
17:13:57,133 [ test-runner:run-tests-983 @ target-host ] read-state: native
17:13:57,133 [ test-runner:run-tests-983 @ target-host ] regex: native
17:13:57,538 [ test-runner:run-tests-983 @ target-host ] sed -n 's/.*Peak RSS: \([0-9.]*\)\(GB\|GiB\).*/\1/p' /home/zakkak/spring-quarkus-perf-comparison/logs/build-times-quarkus3-native-1.log
4.74
17:13:57,538 [ test-runner:run-tests-983 @ target-host ] set-state: NATIVE_BUILD_RSS 4.74
17:13:57,539 [ test-runner:run-tests-983 @ target-host ] script-cmd: state-array-push
17:13:57,539 [ test-runner:run-tests-983 @ target-host ] state-array-push
17:13:57,599 [ test-runner:run-tests-983 @ target-host ] set-state: RUN.output.results.quarkus3-native.build.native.rss [4.6,4.74]
17:13:57,690 [ test-runner:run-tests-983 @ target-host ] for-each: ITERATION = 2
17:13:57,690 [ test-runner:run-tests-983 @ target-host ] queue-download: ${{REPO_DIR}}/logs/build-times-${{RUNTIME.name}}-${{ITERATION}}.log=/home/zakkak/spring-quarkus-perf-comparison/logs/build-times-quarkus3-native-2.log ../../20260311/run-time-initialize-jdk/target-host/
17:13:57,690 [ test-runner:run-tests-983 @ target-host ] script-cmd: sync-drop-fs-cache
17:13:57,690 [ test-runner:run-tests-983 @ target-host ] sync-drop-fs-cache
17:13:57,691 [ test-runner:run-tests-983 @ target-host ] read-state: true
17:13:57,691 [ test-runner:run-tests-983 @ target-host ] regex: true
17:13:58,254 [ test-runner:run-tests-983 @ target-host ] sync
17:13:58,255 [ test-runner:run-tests-983 @ target-host ] script-cmd: sync-drop-fs-cache-${{os}}
17:13:58,255 [ test-runner:run-tests-983 @ target-host ] sync-drop-fs-cache-linux
17:13:58,255 [ test-runner:run-tests-983 @ target-host ] script-cmd: sudo
17:13:58,255 [ test-runner:run-tests-983 @ target-host ] sudo
17:13:58,255 [ test-runner:run-tests-983 @ target-host ] script-cmd: sudo-${{os}}
17:13:58,256 [ test-runner:run-tests-983 @ target-host ] sudo-linux
17:13:59,079 [ test-runner:run-tests-983 @ target-host ] sudo sh -c "echo 3 > /proc/sys/vm/drop_caches"
]3008;start=12e4a5dd643c463b8be94617e0066518;user=zakkak;hostname=blanc;machineid=f469a615e9ef4e81b7d5be080a5de373;bootid=0e917e08584a49cb891ef04366e00ace;pid=219158;pidfdid=219159;comm=sudo;targetuser=root;sessionid=c172;type=session\]3008;end=12e4a5dd643c463b8be94617e0066518\
17:14:44,757 [ test-runner:run-tests-983 @ target-host ] /usr/bin/time -p ./mvnw  clean package -DskipTests -Pnative -Dquarkus.native.additional-build-args-append=--future-defaults=run-time-initialize-jdk 2>&1 >/home/zakkak/spring-quarkus-perf-comparison/logs/build-times-quarkus3-native-2.log | grep real | awk '{print $2}'
45.26
17:14:44,757 [ test-runner:run-tests-983 @ target-host ] set-state: BUILD_TIME 45.26
17:14:44,758 [ test-runner:run-tests-983 @ target-host ] script-cmd: state-array-push
17:14:44,758 [ test-runner:run-tests-983 @ target-host ] state-array-push
17:14:44,814 [ test-runner:run-tests-983 @ target-host ] set-state: RUN.output.results.quarkus3-native.build.timings [45.03,44.58,45.26]
17:14:44,814 [ test-runner:run-tests-983 @ target-host ] read-state: native
17:14:44,814 [ test-runner:run-tests-983 @ target-host ] regex: native
17:14:45,219 [ test-runner:run-tests-983 @ target-host ] sed -n 's/.*Peak RSS: \([0-9.]*\)\(GB\|GiB\).*/\1/p' /home/zakkak/spring-quarkus-perf-comparison/logs/build-times-quarkus3-native-2.log
4.74
17:14:45,219 [ test-runner:run-tests-983 @ target-host ] set-state: NATIVE_BUILD_RSS 4.74
17:14:45,219 [ test-runner:run-tests-983 @ target-host ] script-cmd: state-array-push
17:14:45,219 [ test-runner:run-tests-983 @ target-host ] state-array-push
17:14:45,271 [ test-runner:run-tests-983 @ target-host ] set-state: RUN.output.results.quarkus3-native.build.native.rss [4.6,4.74,4.74]
17:14:45,349 [ test-runner:run-tests-983 @ target-host ] for-each: ITERATION = 3
17:14:45,350 [ test-runner:run-tests-983 @ target-host ] queue-download: ${{REPO_DIR}}/logs/build-times-${{RUNTIME.name}}-${{ITERATION}}.log=/home/zakkak/spring-quarkus-perf-comparison/logs/build-times-quarkus3-native-3.log ../../20260311/run-time-initialize-jdk/target-host/
17:14:45,350 [ test-runner:run-tests-983 @ target-host ] script-cmd: sync-drop-fs-cache
17:14:45,350 [ test-runner:run-tests-983 @ target-host ] sync-drop-fs-cache
17:14:45,350 [ test-runner:run-tests-983 @ target-host ] read-state: true
17:14:45,350 [ test-runner:run-tests-983 @ target-host ] regex: true
17:14:45,908 [ test-runner:run-tests-983 @ target-host ] sync
17:14:45,909 [ test-runner:run-tests-983 @ target-host ] script-cmd: sync-drop-fs-cache-${{os}}
17:14:45,909 [ test-runner:run-tests-983 @ target-host ] sync-drop-fs-cache-linux
17:14:45,909 [ test-runner:run-tests-983 @ target-host ] script-cmd: sudo
17:14:45,909 [ test-runner:run-tests-983 @ target-host ] sudo
17:14:45,910 [ test-runner:run-tests-983 @ target-host ] script-cmd: sudo-${{os}}
17:14:45,910 [ test-runner:run-tests-983 @ target-host ] sudo-linux
17:14:46,753 [ test-runner:run-tests-983 @ target-host ] sudo sh -c "echo 3 > /proc/sys/vm/drop_caches"
]3008;start=3992d8da6e114ee6be5003b904fb5032;user=zakkak;hostname=blanc;machineid=f469a615e9ef4e81b7d5be080a5de373;bootid=0e917e08584a49cb891ef04366e00ace;pid=219755;pidfdid=219756;comm=sudo;targetuser=root;sessionid=c173;type=session\]3008;end=3992d8da6e114ee6be5003b904fb5032\
17:15:31,693 [ test-runner:run-tests-983 @ target-host ] /usr/bin/time -p ./mvnw  clean package -DskipTests -Pnative -Dquarkus.native.additional-build-args-append=--future-defaults=run-time-initialize-jdk 2>&1 >/home/zakkak/spring-quarkus-perf-comparison/logs/build-times-quarkus3-native-3.log | grep real | awk '{print $2}'
44.52
17:15:31,694 [ test-runner:run-tests-983 @ target-host ] set-state: BUILD_TIME 44.52
17:15:31,694 [ test-runner:run-tests-983 @ target-host ] script-cmd: state-array-push
17:15:31,694 [ test-runner:run-tests-983 @ target-host ] state-array-push
17:15:31,751 [ test-runner:run-tests-983 @ target-host ] set-state: RUN.output.results.quarkus3-native.build.timings [45.03,44.58,45.26,44.52]
17:15:31,751 [ test-runner:run-tests-983 @ target-host ] read-state: native
17:15:31,751 [ test-runner:run-tests-983 @ target-host ] regex: native
17:15:32,157 [ test-runner:run-tests-983 @ target-host ] sed -n 's/.*Peak RSS: \([0-9.]*\)\(GB\|GiB\).*/\1/p' /home/zakkak/spring-quarkus-perf-comparison/logs/build-times-quarkus3-native-3.log
4.54
17:15:32,157 [ test-runner:run-tests-983 @ target-host ] set-state: NATIVE_BUILD_RSS 4.54
17:15:32,157 [ test-runner:run-tests-983 @ target-host ] script-cmd: state-array-push
17:15:32,157 [ test-runner:run-tests-983 @ target-host ] state-array-push
17:15:32,208 [ test-runner:run-tests-983 @ target-host ] set-state: RUN.output.results.quarkus3-native.build.native.rss [4.6,4.74,4.74,4.54]
17:15:32,283 [ test-runner:run-tests-983 @ target-host ] for-each: ITERATION = 4
17:15:32,284 [ test-runner:run-tests-983 @ target-host ] queue-download: ${{REPO_DIR}}/logs/build-times-${{RUNTIME.name}}-${{ITERATION}}.log=/home/zakkak/spring-quarkus-perf-comparison/logs/build-times-quarkus3-native-4.log ../../20260311/run-time-initialize-jdk/target-host/
17:15:32,284 [ test-runner:run-tests-983 @ target-host ] script-cmd: sync-drop-fs-cache
17:15:32,284 [ test-runner:run-tests-983 @ target-host ] sync-drop-fs-cache
17:15:32,284 [ test-runner:run-tests-983 @ target-host ] read-state: true
17:15:32,284 [ test-runner:run-tests-983 @ target-host ] regex: true
17:15:32,852 [ test-runner:run-tests-983 @ target-host ] sync
17:15:32,852 [ test-runner:run-tests-983 @ target-host ] script-cmd: sync-drop-fs-cache-${{os}}
17:15:32,852 [ test-runner:run-tests-983 @ target-host ] sync-drop-fs-cache-linux
17:15:32,852 [ test-runner:run-tests-983 @ target-host ] script-cmd: sudo
17:15:32,852 [ test-runner:run-tests-983 @ target-host ] sudo
17:15:32,853 [ test-runner:run-tests-983 @ target-host ] script-cmd: sudo-${{os}}
17:15:32,853 [ test-runner:run-tests-983 @ target-host ] sudo-linux
17:15:33,694 [ test-runner:run-tests-983 @ target-host ] sudo sh -c "echo 3 > /proc/sys/vm/drop_caches"
]3008;start=7e8f8f22bcad4f2b897f07dc1abe280c;user=zakkak;hostname=blanc;machineid=f469a615e9ef4e81b7d5be080a5de373;bootid=0e917e08584a49cb891ef04366e00ace;pid=220379;pidfdid=220380;comm=sudo;targetuser=root;sessionid=c174;type=session\]3008;end=7e8f8f22bcad4f2b897f07dc1abe280c\
17:16:18,842 [ test-runner:run-tests-983 @ target-host ] /usr/bin/time -p ./mvnw  clean package -DskipTests -Pnative -Dquarkus.native.additional-build-args-append=--future-defaults=run-time-initialize-jdk 2>&1 >/home/zakkak/spring-quarkus-perf-comparison/logs/build-times-quarkus3-native-4.log | grep real | awk '{print $2}'
44.73
17:16:18,843 [ test-runner:run-tests-983 @ target-host ] set-state: BUILD_TIME 44.73
17:16:18,843 [ test-runner:run-tests-983 @ target-host ] script-cmd: state-array-push
17:16:18,843 [ test-runner:run-tests-983 @ target-host ] state-array-push
17:16:18,903 [ test-runner:run-tests-983 @ target-host ] set-state: RUN.output.results.quarkus3-native.build.timings [45.03,44.58,45.26,44.52,44.73]
17:16:18,903 [ test-runner:run-tests-983 @ target-host ] read-state: native
17:16:18,904 [ test-runner:run-tests-983 @ target-host ] regex: native
17:16:19,308 [ test-runner:run-tests-983 @ target-host ] sed -n 's/.*Peak RSS: \([0-9.]*\)\(GB\|GiB\).*/\1/p' /home/zakkak/spring-quarkus-perf-comparison/logs/build-times-quarkus3-native-4.log
4.70
17:16:19,309 [ test-runner:run-tests-983 @ target-host ] set-state: NATIVE_BUILD_RSS 4.70
17:16:19,309 [ test-runner:run-tests-983 @ target-host ] script-cmd: state-array-push
17:16:19,309 [ test-runner:run-tests-983 @ target-host ] state-array-push
17:16:19,358 [ test-runner:run-tests-983 @ target-host ] set-state: RUN.output.results.quarkus3-native.build.native.rss [4.6,4.74,4.74,4.54,4.7]
17:16:19,428 [ test-runner:run-tests-983 @ target-host ] for-each: ITERATION = 5
17:16:19,429 [ test-runner:run-tests-983 @ target-host ] queue-download: ${{REPO_DIR}}/logs/build-times-${{RUNTIME.name}}-${{ITERATION}}.log=/home/zakkak/spring-quarkus-perf-comparison/logs/build-times-quarkus3-native-5.log ../../20260311/run-time-initialize-jdk/target-host/
17:16:19,429 [ test-runner:run-tests-983 @ target-host ] script-cmd: sync-drop-fs-cache
17:16:19,429 [ test-runner:run-tests-983 @ target-host ] sync-drop-fs-cache
17:16:19,429 [ test-runner:run-tests-983 @ target-host ] read-state: true
17:16:19,429 [ test-runner:run-tests-983 @ target-host ] regex: true
17:16:19,984 [ test-runner:run-tests-983 @ target-host ] sync
17:16:19,984 [ test-runner:run-tests-983 @ target-host ] script-cmd: sync-drop-fs-cache-${{os}}
17:16:19,984 [ test-runner:run-tests-983 @ target-host ] sync-drop-fs-cache-linux
17:16:19,984 [ test-runner:run-tests-983 @ target-host ] script-cmd: sudo
17:16:19,984 [ test-runner:run-tests-983 @ target-host ] sudo
17:16:19,984 [ test-runner:run-tests-983 @ target-host ] script-cmd: sudo-${{os}}
17:16:19,985 [ test-runner:run-tests-983 @ target-host ] sudo-linux
17:16:20,812 [ test-runner:run-tests-983 @ target-host ] sudo sh -c "echo 3 > /proc/sys/vm/drop_caches"
]3008;start=1f5cbce6fd174f4b8d6fd72804a8c268;user=zakkak;hostname=blanc;machineid=f469a615e9ef4e81b7d5be080a5de373;bootid=0e917e08584a49cb891ef04366e00ace;pid=220995;pidfdid=220996;comm=sudo;targetuser=root;sessionid=c175;type=session\]3008;end=1f5cbce6fd174f4b8d6fd72804a8c268\
17:17:06,139 [ test-runner:run-tests-983 @ target-host ] /usr/bin/time -p ./mvnw  clean package -DskipTests -Pnative -Dquarkus.native.additional-build-args-append=--future-defaults=run-time-initialize-jdk 2>&1 >/home/zakkak/spring-quarkus-perf-comparison/logs/build-times-quarkus3-native-5.log | grep real | awk '{print $2}'
44.91
17:17:06,140 [ test-runner:run-tests-983 @ target-host ] set-state: BUILD_TIME 44.91
17:17:06,140 [ test-runner:run-tests-983 @ target-host ] script-cmd: state-array-push
17:17:06,140 [ test-runner:run-tests-983 @ target-host ] state-array-push
17:17:06,189 [ test-runner:run-tests-983 @ target-host ] set-state: RUN.output.results.quarkus3-native.build.timings [45.03,44.58,45.26,44.52,44.73,44.91]
17:17:06,189 [ test-runner:run-tests-983 @ target-host ] read-state: native
17:17:06,189 [ test-runner:run-tests-983 @ target-host ] regex: native
17:17:06,594 [ test-runner:run-tests-983 @ target-host ] sed -n 's/.*Peak RSS: \([0-9.]*\)\(GB\|GiB\).*/\1/p' /home/zakkak/spring-quarkus-perf-comparison/logs/build-times-quarkus3-native-5.log
4.43
17:17:06,594 [ test-runner:run-tests-983 @ target-host ] set-state: NATIVE_BUILD_RSS 4.43
17:17:06,594 [ test-runner:run-tests-983 @ target-host ] script-cmd: state-array-push
17:17:06,594 [ test-runner:run-tests-983 @ target-host ] state-array-push
17:17:06,642 [ test-runner:run-tests-983 @ target-host ] set-state: RUN.output.results.quarkus3-native.build.native.rss [4.6,4.74,4.74,4.54,4.7,4.43]
17:17:06,711 [ test-runner:run-tests-983 @ target-host ] for-each: ITERATION = 6
17:17:06,711 [ test-runner:run-tests-983 @ target-host ] queue-download: ${{REPO_DIR}}/logs/build-times-${{RUNTIME.name}}-${{ITERATION}}.log=/home/zakkak/spring-quarkus-perf-comparison/logs/build-times-quarkus3-native-6.log ../../20260311/run-time-initialize-jdk/target-host/
17:17:06,711 [ test-runner:run-tests-983 @ target-host ] script-cmd: sync-drop-fs-cache
17:17:06,711 [ test-runner:run-tests-983 @ target-host ] sync-drop-fs-cache
17:17:06,712 [ test-runner:run-tests-983 @ target-host ] read-state: true
17:17:06,712 [ test-runner:run-tests-983 @ target-host ] regex: true
17:17:07,264 [ test-runner:run-tests-983 @ target-host ] sync
17:17:07,264 [ test-runner:run-tests-983 @ target-host ] script-cmd: sync-drop-fs-cache-${{os}}
17:17:07,265 [ test-runner:run-tests-983 @ target-host ] sync-drop-fs-cache-linux
17:17:07,265 [ test-runner:run-tests-983 @ target-host ] script-cmd: sudo
17:17:07,265 [ test-runner:run-tests-983 @ target-host ] sudo
17:17:07,265 [ test-runner:run-tests-983 @ target-host ] script-cmd: sudo-${{os}}
17:17:07,265 [ test-runner:run-tests-983 @ target-host ] sudo-linux
17:17:08,101 [ test-runner:run-tests-983 @ target-host ] sudo sh -c "echo 3 > /proc/sys/vm/drop_caches"
]3008;start=85cc91b1562d4c02939f4925e39ee40a;user=zakkak;hostname=blanc;machineid=f469a615e9ef4e81b7d5be080a5de373;bootid=0e917e08584a49cb891ef04366e00ace;pid=221598;pidfdid=221599;comm=sudo;targetuser=root;sessionid=c176;type=session\]3008;end=85cc91b1562d4c02939f4925e39ee40a\
17:17:52,876 [ test-runner:run-tests-983 @ target-host ] /usr/bin/time -p ./mvnw  clean package -DskipTests -Pnative -Dquarkus.native.additional-build-args-append=--future-defaults=run-time-initialize-jdk 2>&1 >/home/zakkak/spring-quarkus-perf-comparison/logs/build-times-quarkus3-native-6.log | grep real | awk '{print $2}'
44.36
17:17:52,876 [ test-runner:run-tests-983 @ target-host ] set-state: BUILD_TIME 44.36
17:17:52,877 [ test-runner:run-tests-983 @ target-host ] script-cmd: state-array-push
17:17:52,877 [ test-runner:run-tests-983 @ target-host ] state-array-push
17:17:52,931 [ test-runner:run-tests-983 @ target-host ] set-state: RUN.output.results.quarkus3-native.build.timings [45.03,44.58,45.26,44.52,44.73,44.91,44.36]
17:17:52,931 [ test-runner:run-tests-983 @ target-host ] read-state: native
17:17:52,931 [ test-runner:run-tests-983 @ target-host ] regex: native
17:17:53,336 [ test-runner:run-tests-983 @ target-host ] sed -n 's/.*Peak RSS: \([0-9.]*\)\(GB\|GiB\).*/\1/p' /home/zakkak/spring-quarkus-perf-comparison/logs/build-times-quarkus3-native-6.log
4.61
17:17:53,336 [ test-runner:run-tests-983 @ target-host ] set-state: NATIVE_BUILD_RSS 4.61
17:17:53,336 [ test-runner:run-tests-983 @ target-host ] script-cmd: state-array-push
17:17:53,336 [ test-runner:run-tests-983 @ target-host ] state-array-push
17:17:53,383 [ test-runner:run-tests-983 @ target-host ] set-state: RUN.output.results.quarkus3-native.build.native.rss [4.6,4.74,4.74,4.54,4.7,4.43,4.61]
17:17:53,453 [ test-runner:run-tests-983 @ target-host ] for-each: ITERATION = 7
17:17:53,453 [ test-runner:run-tests-983 @ target-host ] queue-download: ${{REPO_DIR}}/logs/build-times-${{RUNTIME.name}}-${{ITERATION}}.log=/home/zakkak/spring-quarkus-perf-comparison/logs/build-times-quarkus3-native-7.log ../../20260311/run-time-initialize-jdk/target-host/
17:17:53,453 [ test-runner:run-tests-983 @ target-host ] script-cmd: sync-drop-fs-cache
17:17:53,453 [ test-runner:run-tests-983 @ target-host ] sync-drop-fs-cache
17:17:53,454 [ test-runner:run-tests-983 @ target-host ] read-state: true
17:17:53,454 [ test-runner:run-tests-983 @ target-host ] regex: true
17:17:54,016 [ test-runner:run-tests-983 @ target-host ] sync
17:17:54,016 [ test-runner:run-tests-983 @ target-host ] script-cmd: sync-drop-fs-cache-${{os}}
17:17:54,016 [ test-runner:run-tests-983 @ target-host ] sync-drop-fs-cache-linux
17:17:54,016 [ test-runner:run-tests-983 @ target-host ] script-cmd: sudo
17:17:54,016 [ test-runner:run-tests-983 @ target-host ] sudo
17:17:54,016 [ test-runner:run-tests-983 @ target-host ] script-cmd: sudo-${{os}}
17:17:54,017 [ test-runner:run-tests-983 @ target-host ] sudo-linux
17:17:54,866 [ test-runner:run-tests-983 @ target-host ] sudo sh -c "echo 3 > /proc/sys/vm/drop_caches"
]3008;start=5abb7654c1ab495991a92a8bad83dcc8;user=zakkak;hostname=blanc;machineid=f469a615e9ef4e81b7d5be080a5de373;bootid=0e917e08584a49cb891ef04366e00ace;pid=222234;pidfdid=222235;comm=sudo;targetuser=root;sessionid=c177;type=session\]3008;end=5abb7654c1ab495991a92a8bad83dcc8\
17:18:40,343 [ test-runner:run-tests-983 @ target-host ] /usr/bin/time -p ./mvnw  clean package -DskipTests -Pnative -Dquarkus.native.additional-build-args-append=--future-defaults=run-time-initialize-jdk 2>&1 >/home/zakkak/spring-quarkus-perf-comparison/logs/build-times-quarkus3-native-7.log | grep real | awk '{print $2}'
45.06
17:18:40,343 [ test-runner:run-tests-983 @ target-host ] set-state: BUILD_TIME 45.06
17:18:40,343 [ test-runner:run-tests-983 @ target-host ] script-cmd: state-array-push
17:18:40,343 [ test-runner:run-tests-983 @ target-host ] state-array-push
17:18:40,391 [ test-runner:run-tests-983 @ target-host ] set-state: RUN.output.results.quarkus3-native.build.timings [45.03,44.58,45.26,44.52,44.73,44.91,44.36,45.06]
17:18:40,392 [ test-runner:run-tests-983 @ target-host ] read-state: native
17:18:40,392 [ test-runner:run-tests-983 @ target-host ] regex: native
17:18:40,796 [ test-runner:run-tests-983 @ target-host ] sed -n 's/.*Peak RSS: \([0-9.]*\)\(GB\|GiB\).*/\1/p' /home/zakkak/spring-quarkus-perf-comparison/logs/build-times-quarkus3-native-7.log
4.24
17:18:40,796 [ test-runner:run-tests-983 @ target-host ] set-state: NATIVE_BUILD_RSS 4.24
17:18:40,796 [ test-runner:run-tests-983 @ target-host ] script-cmd: state-array-push
17:18:40,796 [ test-runner:run-tests-983 @ target-host ] state-array-push
17:18:40,841 [ test-runner:run-tests-983 @ target-host ] set-state: RUN.output.results.quarkus3-native.build.native.rss [4.6,4.74,4.74,4.54,4.7,4.43,4.61,4.24]
17:18:40,913 [ test-runner:run-tests-983 @ target-host ] for-each: ITERATION = 8
17:18:40,913 [ test-runner:run-tests-983 @ target-host ] queue-download: ${{REPO_DIR}}/logs/build-times-${{RUNTIME.name}}-${{ITERATION}}.log=/home/zakkak/spring-quarkus-perf-comparison/logs/build-times-quarkus3-native-8.log ../../20260311/run-time-initialize-jdk/target-host/
17:18:40,913 [ test-runner:run-tests-983 @ target-host ] script-cmd: sync-drop-fs-cache
17:18:40,914 [ test-runner:run-tests-983 @ target-host ] sync-drop-fs-cache
17:18:40,914 [ test-runner:run-tests-983 @ target-host ] read-state: true
17:18:40,914 [ test-runner:run-tests-983 @ target-host ] regex: true
17:18:41,450 [ test-runner:run-tests-983 @ target-host ] sync
17:18:41,450 [ test-runner:run-tests-983 @ target-host ] script-cmd: sync-drop-fs-cache-${{os}}
17:18:41,450 [ test-runner:run-tests-983 @ target-host ] sync-drop-fs-cache-linux
17:18:41,451 [ test-runner:run-tests-983 @ target-host ] script-cmd: sudo
17:18:41,451 [ test-runner:run-tests-983 @ target-host ] sudo
17:18:41,451 [ test-runner:run-tests-983 @ target-host ] script-cmd: sudo-${{os}}
17:18:41,451 [ test-runner:run-tests-983 @ target-host ] sudo-linux
17:18:42,281 [ test-runner:run-tests-983 @ target-host ] sudo sh -c "echo 3 > /proc/sys/vm/drop_caches"
]3008;start=d1fd669924e8458abdcdcf9b154ecdae;user=zakkak;hostname=blanc;machineid=f469a615e9ef4e81b7d5be080a5de373;bootid=0e917e08584a49cb891ef04366e00ace;pid=222844;pidfdid=222845;comm=sudo;targetuser=root;sessionid=c178;type=session\]3008;end=d1fd669924e8458abdcdcf9b154ecdae\
17:19:27,087 [ test-runner:run-tests-983 @ target-host ] /usr/bin/time -p ./mvnw  clean package -DskipTests -Pnative -Dquarkus.native.additional-build-args-append=--future-defaults=run-time-initialize-jdk 2>&1 >/home/zakkak/spring-quarkus-perf-comparison/logs/build-times-quarkus3-native-8.log | grep real | awk '{print $2}'
44.39
17:19:27,088 [ test-runner:run-tests-983 @ target-host ] set-state: BUILD_TIME 44.39
17:19:27,088 [ test-runner:run-tests-983 @ target-host ] script-cmd: state-array-push
17:19:27,088 [ test-runner:run-tests-983 @ target-host ] state-array-push
17:19:27,136 [ test-runner:run-tests-983 @ target-host ] set-state: RUN.output.results.quarkus3-native.build.timings [45.03,44.58,45.26,44.52,44.73,44.91,44.36,45.06,44.39]
17:19:27,136 [ test-runner:run-tests-983 @ target-host ] read-state: native
17:19:27,136 [ test-runner:run-tests-983 @ target-host ] regex: native
17:19:27,541 [ test-runner:run-tests-983 @ target-host ] sed -n 's/.*Peak RSS: \([0-9.]*\)\(GB\|GiB\).*/\1/p' /home/zakkak/spring-quarkus-perf-comparison/logs/build-times-quarkus3-native-8.log
4.60
17:19:27,541 [ test-runner:run-tests-983 @ target-host ] set-state: NATIVE_BUILD_RSS 4.60
17:19:27,541 [ test-runner:run-tests-983 @ target-host ] script-cmd: state-array-push
17:19:27,541 [ test-runner:run-tests-983 @ target-host ] state-array-push
17:19:27,586 [ test-runner:run-tests-983 @ target-host ] set-state: RUN.output.results.quarkus3-native.build.native.rss [4.6,4.74,4.74,4.54,4.7,4.43,4.61,4.24,4.6]
17:19:27,662 [ test-runner:run-tests-983 @ target-host ] for-each: ITERATION = 9
17:19:27,663 [ test-runner:run-tests-983 @ target-host ] queue-download: ${{REPO_DIR}}/logs/build-times-${{RUNTIME.name}}-${{ITERATION}}.log=/home/zakkak/spring-quarkus-perf-comparison/logs/build-times-quarkus3-native-9.log ../../20260311/run-time-initialize-jdk/target-host/
17:19:27,663 [ test-runner:run-tests-983 @ target-host ] script-cmd: sync-drop-fs-cache
17:19:27,663 [ test-runner:run-tests-983 @ target-host ] sync-drop-fs-cache
17:19:27,663 [ test-runner:run-tests-983 @ target-host ] read-state: true
17:19:27,663 [ test-runner:run-tests-983 @ target-host ] regex: true
17:19:28,211 [ test-runner:run-tests-983 @ target-host ] sync
17:19:28,211 [ test-runner:run-tests-983 @ target-host ] script-cmd: sync-drop-fs-cache-${{os}}
17:19:28,212 [ test-runner:run-tests-983 @ target-host ] sync-drop-fs-cache-linux
17:19:28,212 [ test-runner:run-tests-983 @ target-host ] script-cmd: sudo
17:19:28,212 [ test-runner:run-tests-983 @ target-host ] sudo
17:19:28,212 [ test-runner:run-tests-983 @ target-host ] script-cmd: sudo-${{os}}
17:19:28,212 [ test-runner:run-tests-983 @ target-host ] sudo-linux
17:19:29,045 [ test-runner:run-tests-983 @ target-host ] sudo sh -c "echo 3 > /proc/sys/vm/drop_caches"
]3008;start=f3f59616835d4bc6bdcb6e00f67e78d1;user=zakkak;hostname=blanc;machineid=f469a615e9ef4e81b7d5be080a5de373;bootid=0e917e08584a49cb891ef04366e00ace;pid=223450;pidfdid=223451;comm=sudo;targetuser=root;sessionid=c179;type=session\]3008;end=f3f59616835d4bc6bdcb6e00f67e78d1\
17:20:13,951 [ test-runner:run-tests-983 @ target-host ] /usr/bin/time -p ./mvnw  clean package -DskipTests -Pnative -Dquarkus.native.additional-build-args-append=--future-defaults=run-time-initialize-jdk 2>&1 >/home/zakkak/spring-quarkus-perf-comparison/logs/build-times-quarkus3-native-9.log | grep real | awk '{print $2}'
44.49
17:20:13,951 [ test-runner:run-tests-983 @ target-host ] set-state: BUILD_TIME 44.49
17:20:13,951 [ test-runner:run-tests-983 @ target-host ] script-cmd: state-array-push
17:20:13,951 [ test-runner:run-tests-983 @ target-host ] state-array-push
17:20:14,003 [ test-runner:run-tests-983 @ target-host ] set-state: RUN.output.results.quarkus3-native.build.timings [45.03,44.58,45.26,44.52,44.73,44.91,44.36,45.06,44.39,44.49]
17:20:14,003 [ test-runner:run-tests-983 @ target-host ] read-state: native
17:20:14,003 [ test-runner:run-tests-983 @ target-host ] regex: native
17:20:14,407 [ test-runner:run-tests-983 @ target-host ] sed -n 's/.*Peak RSS: \([0-9.]*\)\(GB\|GiB\).*/\1/p' /home/zakkak/spring-quarkus-perf-comparison/logs/build-times-quarkus3-native-9.log
4.69
17:20:14,407 [ test-runner:run-tests-983 @ target-host ] set-state: NATIVE_BUILD_RSS 4.69
17:20:14,408 [ test-runner:run-tests-983 @ target-host ] script-cmd: state-array-push
17:20:14,408 [ test-runner:run-tests-983 @ target-host ] state-array-push
17:20:14,449 [ test-runner:run-tests-983 @ target-host ] set-state: RUN.output.results.quarkus3-native.build.native.rss [4.6,4.74,4.74,4.54,4.7,4.43,4.61,4.24,4.6,4.69]
17:20:14,511 [ test-runner:run-tests-983 @ target-host ] for-each: ITERATION
17:20:14,511 [ test-runner:run-tests-983 @ target-host ] script-cmd: state-array-calc-avg
17:20:14,511 [ test-runner:run-tests-983 @ target-host ] state-array-calc-avg
17:20:14,565 [ test-runner:run-tests-983 @ target-host ] set-state: RUN.output.results.quarkus3-native.build.avBuildTime 44.733
17:20:14,565 [ test-runner:run-tests-983 @ target-host ] read-state: native
17:20:14,565 [ test-runner:run-tests-983 @ target-host ] regex: native
17:20:14,566 [ test-runner:run-tests-983 @ target-host ] script-cmd: state-array-calc-avg
17:20:14,566 [ test-runner:run-tests-983 @ target-host ] state-array-calc-avg
17:20:14,608 [ test-runner:run-tests-983 @ target-host ] set-state: RUN.output.results.quarkus3-native.build.avNativeRSS 4.589
17:20:15,013 [ test-runner:run-tests-983 @ target-host ] sed -n 's/^[[:space:]]*\([0-9.]*\)\(MB\|MiB\) in total image size.*/\1/p' /home/zakkak/spring-quarkus-perf-comparison/logs/build-times-quarkus3-native-0.log
86.53
17:20:15,013 [ test-runner:run-tests-983 @ target-host ] set-state: RUN.output.results.quarkus3-native.build.native.binarySize 86.53
17:20:15,425 [ test-runner:run-tests-983 @ target-host ] cat /home/zakkak/spring-quarkus-perf-comparison/logs/build-times-quarkus3-native-0.log | grep "types.*fields.*methods found reachable" | awk '{print $1}'
22,683
17:20:15,426 [ test-runner:run-tests-983 @ target-host ] set-state: RUN.output.results.quarkus3-native.build.classCount 22,683
17:20:15,830 [ test-runner:run-tests-983 @ target-host ] cat /home/zakkak/spring-quarkus-perf-comparison/logs/build-times-quarkus3-native-0.log | grep "types.*fields.*methods found reachable" | awk '{print $3}'
29,316
17:20:15,830 [ test-runner:run-tests-983 @ target-host ] set-state: RUN.output.results.quarkus3-native.build.fieldCount 29,316
17:20:16,234 [ test-runner:run-tests-983 @ target-host ] cat /home/zakkak/spring-quarkus-perf-comparison/logs/build-times-quarkus3-native-0.log | grep "types.*fields.*methods found reachable" | awk '{print $6}'
106,848
17:20:16,234 [ test-runner:run-tests-983 @ target-host ] set-state: RUN.output.results.quarkus3-native.build.methodCount 106,848
17:20:16,638 [ test-runner:run-tests-983 @ target-host ] cat /home/zakkak/spring-quarkus-perf-comparison/logs/build-times-quarkus3-native-0.log | grep "types.*fields.*methods registered for reflection" | awk '{print $1}'
7,978
17:20:16,639 [ test-runner:run-tests-983 @ target-host ] set-state: RUN.output.results.quarkus3-native.build.reflectionClassCount 7,978
17:20:17,042 [ test-runner:run-tests-983 @ target-host ] cat /home/zakkak/spring-quarkus-perf-comparison/logs/build-times-quarkus3-native-0.log | grep "types.*fields.*methods registered for reflection" | awk '{print $3}'
169
17:20:17,043 [ test-runner:run-tests-983 @ target-host ] set-state: RUN.output.results.quarkus3-native.build.reflectionFieldCount 169
17:20:17,446 [ test-runner:run-tests-983 @ target-host ] cat /home/zakkak/spring-quarkus-perf-comparison/logs/build-times-quarkus3-native-0.log | grep "types.*fields.*methods registered for reflection" | awk '{print $6}'
5,216
17:20:17,447 [ test-runner:run-tests-983 @ target-host ] set-state: RUN.output.results.quarkus3-native.build.reflectionMethodCount 5,216
17:20:17,447 [ test-runner:run-tests-983 @ target-host ] for-each: TEST = measure-time-to-first-request
17:20:17,447 [ test-runner:run-tests-983 @ target-host ] script-cmd: ${{TEST}}
17:20:17,447 [ test-runner:run-tests-983 @ target-host ] measure-time-to-first-request
17:20:17,447 [ test-runner:run-tests-983 @ target-host ] Measuring Time to first request
17:20:17,869 [ test-runner:run-tests-983 @ target-host ] java -version
openjdk version "21.0.9" 2025-10-21 LTS
OpenJDK Runtime Environment Temurin-21.0.9+10 (build 21.0.9+10-LTS)
OpenJDK 64-Bit Server VM Temurin-21.0.9+10 (build 21.0.9+10-LTS, mixed mode, sharing)
17:20:18,271 [ test-runner:run-tests-983 @ target-host ] cd /home/zakkak/spring-quarkus-perf-comparison/spring-quarkus-perf-comparison/quarkus3
17:21:02,575 [ test-runner:run-tests-983 @ target-host ] ./mvnw  clean package -DskipTests -Pnative -Dquarkus.native.additional-build-args-append=--future-defaults=run-time-initialize-jdk
[INFO] Scanning for projects...
[WARNING] Quarkus Maven extension: an explicit 'argLine' is defined in maven-surefire-plugin config, but does not contain '@{argLine}': we will not be able to inject JVM parameters automatically. Please add '@{argLine}' to the argLine configuration you have defined.
[INFO] 
[INFO] -------------------------< org.acme:quarkus3 >--------------------------
[INFO] Building quarkus3 1.0
[INFO]   from pom.xml
[INFO] ------------------------------[ quarkus ]-------------------------------
[INFO] 
[INFO] --- clean:3.2.0:clean (default-clean) @ quarkus3 ---
[INFO] Deleting /home/zakkak/spring-quarkus-perf-comparison/spring-quarkus-perf-comparison/quarkus3/target
[INFO] 
[INFO] --- resources:3.3.1:resources (default-resources) @ quarkus3 ---
[WARNING] Using platform encoding (UTF-8 actually) to copy filtered resources, i.e. build is platform dependent!
[INFO] Copying 2 resources from src/main/resources to target/classes
[INFO] 
[INFO] --- quarkus:3.32.2:generate-code (default-generate-code) @ quarkus3 ---
[INFO] 
[INFO] --- compiler:3.15.0:compile (default-compile) @ quarkus3 ---
[INFO] Recompiling the module because of changed source code.
[WARNING] File encoding has not been set, using platform encoding UTF-8, i.e. build is platform dependent!
[INFO] Compiling 16 source files with javac [debug release 21] to target/classes
[INFO] 
[INFO] --- resources:3.3.1:testResources (default-testResources) @ quarkus3 ---
[WARNING] Using platform encoding (UTF-8 actually) to copy filtered resources, i.e. build is platform dependent!
[INFO] skip non existing resourceDirectory /home/zakkak/spring-quarkus-perf-comparison/spring-quarkus-perf-comparison/quarkus3/src/test/resources
[INFO] 
[INFO] --- quarkus:3.32.2:generate-code-tests (default-generate-code-tests) @ quarkus3 ---
[INFO] 
[INFO] --- compiler:3.15.0:testCompile (default-testCompile) @ quarkus3 ---
[INFO] Recompiling the module because of changed dependency.
[WARNING] File encoding has not been set, using platform encoding UTF-8, i.e. build is platform dependent!
[INFO] Compiling 4 source files with javac [debug release 21] to target/test-classes
[INFO] 
[INFO] --- surefire:3.5.5:test (default-test) @ quarkus3 ---
[INFO] Tests are skipped.
[INFO] 
[INFO] --- quarkus:3.32.2:build (default-build) @ quarkus3 ---
[INFO] [io.quarkus.deployment.pkg.jar.NativeImageSourceJarBuilder] Building native image source jar: /home/zakkak/spring-quarkus-perf-comparison/spring-quarkus-perf-comparison/quarkus3/target/quarkus3-native-image-source-jar/quarkus3-runner.jar
[INFO] [io.quarkus.deployment.pkg.steps.NativeImageBuildStep] Building native image from /home/zakkak/spring-quarkus-perf-comparison/spring-quarkus-perf-comparison/quarkus3/target/quarkus3-native-image-source-jar/quarkus3-runner.jar
[INFO] [io.quarkus.deployment.pkg.steps.NativeImageBuildStep] Running Quarkus native-image plugin on GRAALVM 25.1.0-dev JDK 25.0.1+8-jvmci-25.1-b14
[INFO] [io.quarkus.deployment.pkg.steps.NativeImageBuildRunner] /home/zakkak/code/graal-oracle/sdk/latest_graalvm_home/bin/native-image -J-DCoordinatorEnvironmentBean.transactionStatusManagerEnable=false -J-Dsun.nio.ch.maxUpdateArraySize=100 -J-Djava.util.logging.manager=org.jboss.logmanager.LogManager -J-Dvertx.logger-delegate-factory-class-name=io.quarkus.vertx.core.runtime.VertxLogDelegateFactory -J-Dvertx.disableDnsResolver=true -J-Dio.netty.leakDetection.level=DISABLED -J-Dio.netty.allocator.maxOrder=3 -J-Duser.language=en -J-Duser.country=IE -J-Dlogging.initial-configurator.min-level=500 -H:+UnlockExperimentalVMOptions -H:IncludeLocales=en-IE -H:-UnlockExperimentalVMOptions --enable-native-access=ALL-UNNAMED -J-Dfile.encoding=UTF-8 -J--add-exports=org.graalvm.nativeimage.builder/com.oracle.svm.core.jdk=ALL-UNNAMED --features=io.quarkus.jdbc.postgresql.runtime.graal.SQLXMLFeature,io.quarkus.hibernate.validator.runtime.DisableLoggingFeature,io.quarkus.runner.Feature,io.quarkus.runtime.graal.DisableLoggingFeature,io.quarkus.runtime.graal.JVMChecksFeature,io.quarkus.hibernate.orm.runtime.graal.RegisterServicesForReflectionFeature,io.quarkus.hibernate.orm.runtime.graal.DisableLoggingFeature,org.hibernate.graalvm.internal.GraalVMStaticFeature,io.quarkus.caffeine.runtime.graal.CacheConstructorsFeature,io.quarkus.runtime.graal.SkipConsoleServiceProvidersFeature -J--add-exports=java.security.jgss/sun.security.krb5=ALL-UNNAMED -J--add-exports=java.security.jgss/sun.security.jgss=ALL-UNNAMED -J--add-opens=java.base/java.text=ALL-UNNAMED -J--add-opens=java.base/java.io=ALL-UNNAMED -J--add-opens=java.base/java.lang.invoke=ALL-UNNAMED -J--add-opens=java.base/java.util=ALL-UNNAMED -H:+UnlockExperimentalVMOptions -H:BuildOutputJSONFile=quarkus3-runner-build-output-stats.json -H:-UnlockExperimentalVMOptions -H:+UnlockExperimentalVMOptions -H:+GenerateBuildArtifactsFile -H:-UnlockExperimentalVMOptions --future-defaults=run-time-initialize-jdk -H:+UnlockExperimentalVMOptions -H:+AllowFoldMethods -H:-UnlockExperimentalVMOptions -J-Djava.awt.headless=true --no-fallback --link-at-build-time -H:+UnlockExperimentalVMOptions -H:+ReportExceptionStackTraces -H:-UnlockExperimentalVMOptions -H:-AddAllCharsets --enable-url-protocols=http,https -H:NativeLinkerOption=-no-pie --enable-monitoring=heapdump,threaddump -H:+UnlockExperimentalVMOptions -H:-UseServiceLoaderFeature -H:-UnlockExperimentalVMOptions -J--add-exports=org.graalvm.nativeimage/org.graalvm.nativeimage.impl=ALL-UNNAMED --exclude-config io\.netty\.netty-codec /META-INF/native-image/io\.netty/netty-codec/generated/handlers/reflect-config\.json --exclude-config io\.netty\.netty-handler /META-INF/native-image/io\.netty/netty-handler/generated/handlers/reflect-config\.json quarkus3-runner -jar quarkus3-runner.jar
Warning: Using a deprecated option --no-fallback from command line. No effect, no replacement available
Warning: Option 'FallbackThreshold' is deprecated and might be removed in a future release: It no longer has any effect, and no replacement is available. Please refer to the GraalVM release notes.
Warning: Option 'DynamicProxyConfigurationResources' is deprecated and might be removed in a future release: This can be caused by a proxy-config.json file in your META-INF directory. Consider including proxy configuration in the reflection section of reachability-metadata.json instead.. Please refer to the GraalVM release notes.
========================================================================================================================
GraalVM Native Image: Generating 'quarkus3-runner' (executable)...
========================================================================================================================
For detailed information and explanations on the build output, visit:
https://github.com/oracle/graal/blob/master/docs/reference-manual/native-image/BuildOutput.md
------------------------------------------------------------------------------------------------------------------------
[1/8] Initializing...                                                                                   (4.1s @ 0.45GiB)
 Builder configuration:
 - Java version: 25.0.1+8, vendor version: GraalVM CE 25.1.0-dev+8.1
 - Graal compiler: optimization level: 2, target machine: x86-64-v3
 - C compiler: gcc (redhat, x86_64, 15.2.1)
 - Assertions: disabled, system assertions: disabled
 - 11 user-specific feature(s):
   - io.quarkus.caffeine.runtime.graal.CacheConstructorsFeature
   - io.quarkus.hibernate.orm.runtime.graal.DisableLoggingFeature: Disables INFO logging during the analysis phase
   - io.quarkus.hibernate.orm.runtime.graal.RegisterServicesForReflectionFeature: Makes methods of reachable Hibernate services accessible through Class#getMethods()
   - io.quarkus.hibernate.validator.runtime.DisableLoggingFeature: Disables INFO logging during the analysis phase for the [org.hibernate.validator.internal.util.Version] categories
   - io.quarkus.jdbc.postgresql.runtime.graal.SQLXMLFeature
   - io.quarkus.runner.Feature: Auto-generated class by Quarkus from the existing extensions
   - io.quarkus.runtime.graal.DisableLoggingFeature: Adapts logging during the analysis phase
   - io.quarkus.runtime.graal.JVMChecksFeature
   - io.quarkus.runtime.graal.SkipConsoleServiceProvidersFeature: Skip unsupported console service providers when quarkus.native.auto-service-loader-registration is false
   - org.eclipse.angus.activation.nativeimage.AngusActivationFeature
   - org.hibernate.graalvm.internal.GraalVMStaticFeature: Hibernate ORM's static reflection registrations for GraalVM
 Image configuration:
 - Garbage collector: Serial GC (max heap size: 80% of RAM)
 - Assertions: disabled (class-specific config may apply), system assertions: disabled
------------------------------------------------------------------------------------------------------------------------
 5 experimental option(s) unlocked:
 - '-H:+AllowFoldMethods' (origin(s): command line)
 - '-H:BuildOutputJSONFile' (origin(s): command line)
 - '-H:-UseServiceLoaderFeature' (origin(s): command line)
 - '-H:+GenerateBuildArtifactsFile' (origin(s): command line)
 - '-H:AddOpens' (alternative API option(s): --add-opens java.base/java.lang=ALL-UNNAMED; origin(s): command line)
------------------------------------------------------------------------------------------------------------------------
Build resources:
 - 30.00GiB of memory (48.4% of system memory, capped at 30GiB)
 - 32 thread(s) (100.0% of 32 available processor(s), determined at start)
[2/8] Performing analysis...  [******]                                                                  (8.7s @ 2.73GiB)
   22,680 types,  29,316 fields, and 106,848 methods found reachable
    7,978 types,     169 fields, and   5,206 methods registered for reflection
       63 types,      69 fields, and      55 methods registered for JNI access
      105 resource accesses registered with 188.29KiB total size
        4 native libraries: dl, pthread, rt, z
[3/8] Building universe...                                                                              (2.9s @ 2.43GiB)
[4/8] Parsing methods...      [*]                                                                       (1.1s @ 2.74GiB)
[5/8] Inlining methods...     [****]                                                                    (0.8s @ 3.09GiB)
[6/8] Compiling methods...    [***]                                                                     (8.1s @ 2.16GiB)
[7/8] Laying out methods...   [***]                                                                     (5.9s @ 2.53GiB)
[8/8] Creating image...       [**]                                                                      (3.9s @ 2.97GiB)
  36.22MiB (41.86%) for code area:    71,530 compilation units
  43.94MiB (50.78%) for image heap:  498,798 objects and 16 resources
   6.37MiB ( 7.36%) for other data
  86.53MiB in total image size, 80.75MiB in total file size
------------------------------------------------------------------------------------------------------------------------
Top 10 origins of code area:                                Top 10 object types in image heap:
   1.54MiB java.base/sun.security.ssl                         11.58MiB byte[] for code metadata
   1.05MiB java.base/java.util                                 6.43MiB byte[] for string data
 858.46KiB o.g.n.runtime/com.oracle.svm.core.code              4.33MiB o.g.n.runtime/c.o.s.core.hub.DynamicHubCompanion
 697.47KiB java.base/com.sun.crypto.provider                   4.10MiB java.base/java.lang.String
 637.13KiB jdk.proxy4/jdk.proxy4                               3.37MiB java.base/java.lang.Class
 533.01KiB java.base/java.lang                                 1.44MiB byte[] for reflection metadata
 532.04KiB io.netty.buffer                                     1.13MiB byte[] for general heap data
 506.32KiB java.base/java.lang.invoke                        901.80KiB java.base/java.lang.Object[]
 468.03KiB org.postgresql.jdbc                               832.50KiB java.base/java.lang.reflect.Method
 460.62KiB org.hibernate.query.hql.internal                  799.88KiB o.g.n.runtime/c.o.s.c.h.ImageReflectionMetadata
  27.99MiB for 984 more packages                               9.09MiB for 5196 more object types
------------------------------------------------------------------------------------------------------------------------
Recommendations:
 FUTR: Use '--future-defaults=all' to prepare for future releases.
 HEAP: Set max heap for improved and more predictable memory usage.
 CPU:  Enable more CPU features with '-march=native' for improved performance.
------------------------------------------------------------------------------------------------------------------------
                       3.0s (7.9% of total time) in 325 GCs | Peak RSS: 4.55GiB | CPU load: 15.28
------------------------------------------------------------------------------------------------------------------------
Build artifacts:
 /home/zakkak/spring-quarkus-perf-comparison/spring-quarkus-perf-comparison/quarkus3/target/quarkus3-native-image-source-jar/build-artifacts.json (build_info, 92B)
 /home/zakkak/spring-quarkus-perf-comparison/spring-quarkus-perf-comparison/quarkus3/target/quarkus3-native-image-source-jar/quarkus3-runner (executable, 80.75MiB)
 /home/zakkak/spring-quarkus-perf-comparison/spring-quarkus-perf-comparison/quarkus3/target/quarkus3-native-image-source-jar/quarkus3-runner-build-output-stats.json (build_info, 1.01KiB)
========================================================================================================================
Finished generating 'quarkus3-runner' in 36.8s.

The build process encountered 3 warnings.

[INFO] [io.quarkus.deployment.pkg.steps.NativeImageBuildRunner] objcopy --strip-debug quarkus3-runner
[INFO] [io.quarkus.deployment.QuarkusAugmentor] Quarkus augmentation completed in 40230ms
[INFO] ------------------------------------------------------------------------
[INFO] BUILD SUCCESS
[INFO] ------------------------------------------------------------------------
[INFO] Total time:  43.191 s
[INFO] Finished at: 2026-03-11T17:21:02+02:00
[INFO] ------------------------------------------------------------------------
17:21:02,628 [ test-runner:run-tests-983 @ target-host ] for-each: ITERATION = 0
17:21:02,629 [ test-runner:run-tests-983 @ target-host ] queue-download: ${{REPO_DIR}}/logs/measure-time-to-first-request-${{RUNTIME.name}}-${{ITERATION}}.log=/home/zakkak/spring-quarkus-perf-comparison/logs/measure-time-to-first-request-quarkus3-native-0.log ../../20260311/run-time-initialize-jdk/target-host/
17:21:02,629 [ test-runner:run-tests-983 @ target-host ] script-cmd: start-test-services
17:21:02,629 [ test-runner:run-tests-983 @ target-host ] start-test-services
17:21:13,752 [ test-runner:run-tests-983 @ target-host ] /home/zakkak/spring-quarkus-perf-comparison/spring-quarkus-perf-comparison/scripts/infra.sh -c 3 -p '4-6' -s
Using podman to start containers
-----------------------------------------
[03/11/2026 17:21:02]: Starting services
-----------------------------------------
Starting PostgreSQL database 'fruits_db'
PostgreSQL DB process: 7854d01aea25b8ea4922269d572774c989f33f12dd32277d177d51548efcb169
Waiting for PostgreSQL to be ready...
localhost:5432 - no response
localhost:5432 - no response
localhost:5432 - accepting connections
17:21:13,753 [ test-runner:run-tests-983 @ target-host ] script-cmd: sync-drop-fs-cache
17:21:13,753 [ test-runner:run-tests-983 @ target-host ] sync-drop-fs-cache
17:21:13,753 [ test-runner:run-tests-983 @ target-host ] read-state: true
17:21:13,753 [ test-runner:run-tests-983 @ target-host ] regex: true
17:21:14,304 [ test-runner:run-tests-983 @ target-host ] sync
17:21:14,305 [ test-runner:run-tests-983 @ target-host ] script-cmd: sync-drop-fs-cache-${{os}}
17:21:14,305 [ test-runner:run-tests-983 @ target-host ] sync-drop-fs-cache-linux
17:21:14,305 [ test-runner:run-tests-983 @ target-host ] script-cmd: sudo
17:21:14,305 [ test-runner:run-tests-983 @ target-host ] sudo
17:21:14,305 [ test-runner:run-tests-983 @ target-host ] script-cmd: sudo-${{os}}
17:21:14,305 [ test-runner:run-tests-983 @ target-host ] sudo-linux
17:21:15,308 [ test-runner:run-tests-983 @ target-host ] sudo sh -c "echo 3 > /proc/sys/vm/drop_caches"
]3008;start=28d107fb27e34300ad55db02c9857ae2;user=zakkak;hostname=blanc;machineid=f469a615e9ef4e81b7d5be080a5de373;bootid=0e917e08584a49cb891ef04366e00ace;pid=224996;pidfdid=224997;comm=sudo;targetuser=root;sessionid=c180;type=session\]3008;end=28d107fb27e34300ad55db02c9857ae2\
17:21:15,720 [ test-runner:run-tests-983 @ target-host ] taskset --cpu-list 0-3 /home/zakkak/spring-quarkus-perf-comparison/spring-quarkus-perf-comparison/quarkus3/target/quarkus3-runner  &>/home/zakkak/spring-quarkus-perf-comparison/logs/measure-time-to-first-request-quarkus3-native-0.log &
[1] 225023
17:21:16,121 [ test-runner:run-tests-983 @ target-host ] APP_PID=$!
17:21:16,626 [ test-runner:run-tests-983 @ target-host ] timeout 60s bash -c "taskset --cpu-list 10 /home/zakkak/spring-quarkus-perf-comparison/spring-quarkus-perf-comparison/scripts/perf-lab/scripts/time-to-1st-request.sh http://localhost:8080/fruits"
80
17:21:16,626 [ test-runner:run-tests-983 @ target-host ] 
17:21:16,626 [ test-runner:run-tests-983 @ target-host ] set-state: START_TIME 80
17:21:17,129 [ test-runner:run-tests-983 @ target-host ] kill -15 $APP_PID
17:21:17,129 [ test-runner:run-tests-983 @ target-host ] script-cmd: state-array-push
17:21:17,129 [ test-runner:run-tests-983 @ target-host ] state-array-push
17:21:17,224 [ test-runner:run-tests-983 @ target-host ] set-state: RUN.output.results.quarkus3-native.startup.timings [80]
17:21:19,628 [ test-runner:run-tests-983 @ target-host ] sleep 2
17:21:19,628 [ test-runner:run-tests-983 @ target-host ] script-cmd: stop-test-services
17:21:19,628 [ test-runner:run-tests-983 @ target-host ] stop-test-services
17:21:20,404 [ test-runner:run-tests-983 @ target-host ] /home/zakkak/spring-quarkus-perf-comparison/spring-quarkus-perf-comparison/scripts/infra.sh -d
Using podman to stop containers
-----------------------------------------
[03/11/2026 17:21:19]: Stopping services
-----------------------------------------
Stopping PostgreSQL database 'fruits_db'
fruits_db
17:21:20,464 [ test-runner:run-tests-983 @ target-host ] for-each: ITERATION = 1
17:21:20,473 [ test-runner:run-tests-983 @ target-host ] queue-download: ${{REPO_DIR}}/logs/measure-time-to-first-request-${{RUNTIME.name}}-${{ITERATION}}.log=/home/zakkak/spring-quarkus-perf-comparison/logs/measure-time-to-first-request-quarkus3-native-1.log ../../20260311/run-time-initialize-jdk/target-host/
17:21:20,473 [ test-runner:run-tests-983 @ target-host ] script-cmd: start-test-services
17:21:20,473 [ test-runner:run-tests-983 @ target-host ] start-test-services
17:21:31,927 [ test-runner:run-tests-983 @ target-host ] /home/zakkak/spring-quarkus-perf-comparison/spring-quarkus-perf-comparison/scripts/infra.sh -c 3 -p '4-6' -s
Using podman to start containers
-----------------------------------------
[03/11/2026 17:21:20]: Starting services
-----------------------------------------
Starting PostgreSQL database 'fruits_db'
PostgreSQL DB process: a519813e51342c109b36c634558ce95774307c0dc48bd3bc2ca968b8c44534c3
Waiting for PostgreSQL to be ready...
localhost:5432 - no response
localhost:5432 - no response
localhost:5432 - accepting connections
17:21:31,927 [ test-runner:run-tests-983 @ target-host ] script-cmd: sync-drop-fs-cache
17:21:31,927 [ test-runner:run-tests-983 @ target-host ] sync-drop-fs-cache
17:21:31,927 [ test-runner:run-tests-983 @ target-host ] read-state: true
17:21:31,927 [ test-runner:run-tests-983 @ target-host ] regex: true
17:21:32,619 [ test-runner:run-tests-983 @ target-host ] sync
17:21:32,619 [ test-runner:run-tests-983 @ target-host ] script-cmd: sync-drop-fs-cache-${{os}}
17:21:32,619 [ test-runner:run-tests-983 @ target-host ] sync-drop-fs-cache-linux
17:21:32,619 [ test-runner:run-tests-983 @ target-host ] script-cmd: sudo
17:21:32,619 [ test-runner:run-tests-983 @ target-host ] sudo
17:21:32,620 [ test-runner:run-tests-983 @ target-host ] script-cmd: sudo-${{os}}
17:21:32,620 [ test-runner:run-tests-983 @ target-host ] sudo-linux
17:21:33,540 [ test-runner:run-tests-983 @ target-host ] sudo sh -c "echo 3 > /proc/sys/vm/drop_caches"
]3008;start=560d912fc4004ef78ff06e54c6cecaf0;user=zakkak;hostname=blanc;machineid=f469a615e9ef4e81b7d5be080a5de373;bootid=0e917e08584a49cb891ef04366e00ace;pid=225452;pidfdid=225453;comm=sudo;targetuser=root;sessionid=c181;type=session\]3008;end=560d912fc4004ef78ff06e54c6cecaf0\
17:21:33,943 [ test-runner:run-tests-983 @ target-host ] taskset --cpu-list 0-3 /home/zakkak/spring-quarkus-perf-comparison/spring-quarkus-perf-comparison/quarkus3/target/quarkus3-runner  &>/home/zakkak/spring-quarkus-perf-comparison/logs/measure-time-to-first-request-quarkus3-native-1.log &
[1] 225480
17:21:34,345 [ test-runner:run-tests-983 @ target-host ] APP_PID=$!
17:21:34,800 [ test-runner:run-tests-983 @ target-host ] timeout 60s bash -c "taskset --cpu-list 10 /home/zakkak/spring-quarkus-perf-comparison/spring-quarkus-perf-comparison/scripts/perf-lab/scripts/time-to-1st-request.sh http://localhost:8080/fruits"
38
17:21:34,800 [ test-runner:run-tests-983 @ target-host ] 
17:21:34,800 [ test-runner:run-tests-983 @ target-host ] set-state: START_TIME 38
17:21:35,302 [ test-runner:run-tests-983 @ target-host ] kill -15 $APP_PID
17:21:35,303 [ test-runner:run-tests-983 @ target-host ] script-cmd: state-array-push
17:21:35,303 [ test-runner:run-tests-983 @ target-host ] state-array-push
17:21:35,347 [ test-runner:run-tests-983 @ target-host ] set-state: RUN.output.results.quarkus3-native.startup.timings [80,38]
17:21:37,750 [ test-runner:run-tests-983 @ target-host ] sleep 2
17:21:37,750 [ test-runner:run-tests-983 @ target-host ] script-cmd: stop-test-services
17:21:37,750 [ test-runner:run-tests-983 @ target-host ] stop-test-services
17:21:38,386 [ test-runner:run-tests-983 @ target-host ] /home/zakkak/spring-quarkus-perf-comparison/spring-quarkus-perf-comparison/scripts/infra.sh -d
Using podman to stop containers
-----------------------------------------
[03/11/2026 17:21:37]: Stopping services
-----------------------------------------
Stopping PostgreSQL database 'fruits_db'
fruits_db
17:21:38,446 [ test-runner:run-tests-983 @ target-host ] for-each: ITERATION = 2
17:21:38,446 [ test-runner:run-tests-983 @ target-host ] queue-download: ${{REPO_DIR}}/logs/measure-time-to-first-request-${{RUNTIME.name}}-${{ITERATION}}.log=/home/zakkak/spring-quarkus-perf-comparison/logs/measure-time-to-first-request-quarkus3-native-2.log ../../20260311/run-time-initialize-jdk/target-host/
17:21:38,446 [ test-runner:run-tests-983 @ target-host ] script-cmd: start-test-services
17:21:38,446 [ test-runner:run-tests-983 @ target-host ] start-test-services
17:21:49,532 [ test-runner:run-tests-983 @ target-host ] /home/zakkak/spring-quarkus-perf-comparison/spring-quarkus-perf-comparison/scripts/infra.sh -c 3 -p '4-6' -s
Using podman to start containers
-----------------------------------------
[03/11/2026 17:21:38]: Starting services
-----------------------------------------
Starting PostgreSQL database 'fruits_db'
PostgreSQL DB process: f47647fc94aa5049c2186f68446a0c0eb9fbfcb5f889ffefbf0cb1605af59e00
Waiting for PostgreSQL to be ready...
localhost:5432 - no response
localhost:5432 - no response
localhost:5432 - accepting connections
17:21:49,532 [ test-runner:run-tests-983 @ target-host ] script-cmd: sync-drop-fs-cache
17:21:49,532 [ test-runner:run-tests-983 @ target-host ] sync-drop-fs-cache
17:21:49,533 [ test-runner:run-tests-983 @ target-host ] read-state: true
17:21:49,533 [ test-runner:run-tests-983 @ target-host ] regex: true
17:21:50,144 [ test-runner:run-tests-983 @ target-host ] sync
17:21:50,144 [ test-runner:run-tests-983 @ target-host ] script-cmd: sync-drop-fs-cache-${{os}}
17:21:50,144 [ test-runner:run-tests-983 @ target-host ] sync-drop-fs-cache-linux
17:21:50,144 [ test-runner:run-tests-983 @ target-host ] script-cmd: sudo
17:21:50,144 [ test-runner:run-tests-983 @ target-host ] sudo
17:21:50,145 [ test-runner:run-tests-983 @ target-host ] script-cmd: sudo-${{os}}
17:21:50,145 [ test-runner:run-tests-983 @ target-host ] sudo-linux
17:21:50,909 [ test-runner:run-tests-983 @ target-host ] sudo sh -c "echo 3 > /proc/sys/vm/drop_caches"
]3008;start=c478b8de32fa406a9dd7ae9bccde807e;user=zakkak;hostname=blanc;machineid=f469a615e9ef4e81b7d5be080a5de373;bootid=0e917e08584a49cb891ef04366e00ace;pid=225898;pidfdid=225899;comm=sudo;targetuser=root;sessionid=c182;type=session\]3008;end=c478b8de32fa406a9dd7ae9bccde807e\
17:21:51,313 [ test-runner:run-tests-983 @ target-host ] taskset --cpu-list 0-3 /home/zakkak/spring-quarkus-perf-comparison/spring-quarkus-perf-comparison/quarkus3/target/quarkus3-runner  &>/home/zakkak/spring-quarkus-perf-comparison/logs/measure-time-to-first-request-quarkus3-native-2.log &
[1] 225926
17:21:51,715 [ test-runner:run-tests-983 @ target-host ] APP_PID=$!
17:21:52,178 [ test-runner:run-tests-983 @ target-host ] timeout 60s bash -c "taskset --cpu-list 10 /home/zakkak/spring-quarkus-perf-comparison/spring-quarkus-perf-comparison/scripts/perf-lab/scripts/time-to-1st-request.sh http://localhost:8080/fruits"
41
17:21:52,178 [ test-runner:run-tests-983 @ target-host ] 
17:21:52,178 [ test-runner:run-tests-983 @ target-host ] set-state: START_TIME 41
17:21:52,680 [ test-runner:run-tests-983 @ target-host ] kill -15 $APP_PID
17:21:52,681 [ test-runner:run-tests-983 @ target-host ] script-cmd: state-array-push
17:21:52,681 [ test-runner:run-tests-983 @ target-host ] state-array-push
17:21:52,721 [ test-runner:run-tests-983 @ target-host ] set-state: RUN.output.results.quarkus3-native.startup.timings [80,38,41]
17:21:55,124 [ test-runner:run-tests-983 @ target-host ] sleep 2
17:21:55,125 [ test-runner:run-tests-983 @ target-host ] script-cmd: stop-test-services
17:21:55,125 [ test-runner:run-tests-983 @ target-host ] stop-test-services
17:21:55,761 [ test-runner:run-tests-983 @ target-host ] /home/zakkak/spring-quarkus-perf-comparison/spring-quarkus-perf-comparison/scripts/infra.sh -d
Using podman to stop containers
-----------------------------------------
[03/11/2026 17:21:55]: Stopping services
-----------------------------------------
Stopping PostgreSQL database 'fruits_db'
fruits_db
17:21:55,823 [ test-runner:run-tests-983 @ target-host ] for-each: ITERATION = 3
17:21:55,825 [ test-runner:run-tests-983 @ target-host ] queue-download: ${{REPO_DIR}}/logs/measure-time-to-first-request-${{RUNTIME.name}}-${{ITERATION}}.log=/home/zakkak/spring-quarkus-perf-comparison/logs/measure-time-to-first-request-quarkus3-native-3.log ../../20260311/run-time-initialize-jdk/target-host/
17:21:55,825 [ test-runner:run-tests-983 @ target-host ] script-cmd: start-test-services
17:21:55,825 [ test-runner:run-tests-983 @ target-host ] start-test-services
17:22:06,899 [ test-runner:run-tests-983 @ target-host ] /home/zakkak/spring-quarkus-perf-comparison/spring-quarkus-perf-comparison/scripts/infra.sh -c 3 -p '4-6' -s
Using podman to start containers
-----------------------------------------
[03/11/2026 17:21:55]: Starting services
-----------------------------------------
Starting PostgreSQL database 'fruits_db'
PostgreSQL DB process: 7107e2a59595f688c3a79cbc45e9633c21187e91f5f4fbf86a763c8539d4442a
Waiting for PostgreSQL to be ready...
localhost:5432 - no response
localhost:5432 - no response
localhost:5432 - accepting connections
17:22:06,900 [ test-runner:run-tests-983 @ target-host ] script-cmd: sync-drop-fs-cache
17:22:06,900 [ test-runner:run-tests-983 @ target-host ] sync-drop-fs-cache
17:22:06,900 [ test-runner:run-tests-983 @ target-host ] read-state: true
17:22:06,900 [ test-runner:run-tests-983 @ target-host ] regex: true
17:22:07,450 [ test-runner:run-tests-983 @ target-host ] sync
17:22:07,450 [ test-runner:run-tests-983 @ target-host ] script-cmd: sync-drop-fs-cache-${{os}}
17:22:07,450 [ test-runner:run-tests-983 @ target-host ] sync-drop-fs-cache-linux
17:22:07,450 [ test-runner:run-tests-983 @ target-host ] script-cmd: sudo
17:22:07,450 [ test-runner:run-tests-983 @ target-host ] sudo
17:22:07,450 [ test-runner:run-tests-983 @ target-host ] script-cmd: sudo-${{os}}
17:22:07,450 [ test-runner:run-tests-983 @ target-host ] sudo-linux
17:22:08,222 [ test-runner:run-tests-983 @ target-host ] sudo sh -c "echo 3 > /proc/sys/vm/drop_caches"
]3008;start=683b50c360d04e6fb6df1e706637ea8f;user=zakkak;hostname=blanc;machineid=f469a615e9ef4e81b7d5be080a5de373;bootid=0e917e08584a49cb891ef04366e00ace;pid=226358;pidfdid=226359;comm=sudo;targetuser=root;sessionid=c183;type=session\]3008;end=683b50c360d04e6fb6df1e706637ea8f\
17:22:08,625 [ test-runner:run-tests-983 @ target-host ] taskset --cpu-list 0-3 /home/zakkak/spring-quarkus-perf-comparison/spring-quarkus-perf-comparison/quarkus3/target/quarkus3-runner  &>/home/zakkak/spring-quarkus-perf-comparison/logs/measure-time-to-first-request-quarkus3-native-3.log &
[1] 226386
17:22:09,027 [ test-runner:run-tests-983 @ target-host ] APP_PID=$!
17:22:09,479 [ test-runner:run-tests-983 @ target-host ] timeout 60s bash -c "taskset --cpu-list 10 /home/zakkak/spring-quarkus-perf-comparison/spring-quarkus-perf-comparison/scripts/perf-lab/scripts/time-to-1st-request.sh http://localhost:8080/fruits"
32
17:22:09,479 [ test-runner:run-tests-983 @ target-host ] 
17:22:09,479 [ test-runner:run-tests-983 @ target-host ] set-state: START_TIME 32
17:22:09,981 [ test-runner:run-tests-983 @ target-host ] kill -15 $APP_PID
17:22:09,982 [ test-runner:run-tests-983 @ target-host ] script-cmd: state-array-push
17:22:09,982 [ test-runner:run-tests-983 @ target-host ] state-array-push
17:22:10,032 [ test-runner:run-tests-983 @ target-host ] set-state: RUN.output.results.quarkus3-native.startup.timings [80,38,41,32]
17:22:12,436 [ test-runner:run-tests-983 @ target-host ] sleep 2
17:22:12,436 [ test-runner:run-tests-983 @ target-host ] script-cmd: stop-test-services
17:22:12,436 [ test-runner:run-tests-983 @ target-host ] stop-test-services
17:22:13,070 [ test-runner:run-tests-983 @ target-host ] /home/zakkak/spring-quarkus-perf-comparison/spring-quarkus-perf-comparison/scripts/infra.sh -d
Using podman to stop containers
-----------------------------------------
[03/11/2026 17:22:12]: Stopping services
-----------------------------------------
Stopping PostgreSQL database 'fruits_db'
fruits_db
17:22:13,139 [ test-runner:run-tests-983 @ target-host ] for-each: ITERATION = 4
17:22:13,148 [ test-runner:run-tests-983 @ target-host ] queue-download: ${{REPO_DIR}}/logs/measure-time-to-first-request-${{RUNTIME.name}}-${{ITERATION}}.log=/home/zakkak/spring-quarkus-perf-comparison/logs/measure-time-to-first-request-quarkus3-native-4.log ../../20260311/run-time-initialize-jdk/target-host/
17:22:13,148 [ test-runner:run-tests-983 @ target-host ] script-cmd: start-test-services
17:22:13,148 [ test-runner:run-tests-983 @ target-host ] start-test-services
17:22:24,273 [ test-runner:run-tests-983 @ target-host ] /home/zakkak/spring-quarkus-perf-comparison/spring-quarkus-perf-comparison/scripts/infra.sh -c 3 -p '4-6' -s
Using podman to start containers
-----------------------------------------
[03/11/2026 17:22:13]: Starting services
-----------------------------------------
Starting PostgreSQL database 'fruits_db'
PostgreSQL DB process: 58c07a651a5e3eece54e4bd3e73d873f8bb1bb5f45d3860b6ad5ccacbccfa6b6
Waiting for PostgreSQL to be ready...
localhost:5432 - no response
localhost:5432 - no response
localhost:5432 - accepting connections
17:22:24,274 [ test-runner:run-tests-983 @ target-host ] script-cmd: sync-drop-fs-cache
17:22:24,274 [ test-runner:run-tests-983 @ target-host ] sync-drop-fs-cache
17:22:24,274 [ test-runner:run-tests-983 @ target-host ] read-state: true
17:22:24,274 [ test-runner:run-tests-983 @ target-host ] regex: true
17:22:24,921 [ test-runner:run-tests-983 @ target-host ] sync
17:22:24,921 [ test-runner:run-tests-983 @ target-host ] script-cmd: sync-drop-fs-cache-${{os}}
17:22:24,922 [ test-runner:run-tests-983 @ target-host ] sync-drop-fs-cache-linux
17:22:24,922 [ test-runner:run-tests-983 @ target-host ] script-cmd: sudo
17:22:24,922 [ test-runner:run-tests-983 @ target-host ] sudo
17:22:24,922 [ test-runner:run-tests-983 @ target-host ] script-cmd: sudo-${{os}}
17:22:24,922 [ test-runner:run-tests-983 @ target-host ] sudo-linux
17:22:25,711 [ test-runner:run-tests-983 @ target-host ] sudo sh -c "echo 3 > /proc/sys/vm/drop_caches"
]3008;start=969ec63f75064eb8848fa27ec2238634;user=zakkak;hostname=blanc;machineid=f469a615e9ef4e81b7d5be080a5de373;bootid=0e917e08584a49cb891ef04366e00ace;pid=226806;pidfdid=226807;comm=sudo;targetuser=root;sessionid=c184;type=session\]3008;end=969ec63f75064eb8848fa27ec2238634\
17:22:26,114 [ test-runner:run-tests-983 @ target-host ] taskset --cpu-list 0-3 /home/zakkak/spring-quarkus-perf-comparison/spring-quarkus-perf-comparison/quarkus3/target/quarkus3-runner  &>/home/zakkak/spring-quarkus-perf-comparison/logs/measure-time-to-first-request-quarkus3-native-4.log &
[1] 226839
17:22:26,515 [ test-runner:run-tests-983 @ target-host ] APP_PID=$!
17:22:26,978 [ test-runner:run-tests-983 @ target-host ] timeout 60s bash -c "taskset --cpu-list 10 /home/zakkak/spring-quarkus-perf-comparison/spring-quarkus-perf-comparison/scripts/perf-lab/scripts/time-to-1st-request.sh http://localhost:8080/fruits"
40
17:22:26,978 [ test-runner:run-tests-983 @ target-host ] 
17:22:26,979 [ test-runner:run-tests-983 @ target-host ] set-state: START_TIME 40
17:22:27,480 [ test-runner:run-tests-983 @ target-host ] kill -15 $APP_PID
17:22:27,480 [ test-runner:run-tests-983 @ target-host ] script-cmd: state-array-push
17:22:27,480 [ test-runner:run-tests-983 @ target-host ] state-array-push
17:22:27,532 [ test-runner:run-tests-983 @ target-host ] set-state: RUN.output.results.quarkus3-native.startup.timings [80,38,41,32,40]
17:22:29,935 [ test-runner:run-tests-983 @ target-host ] sleep 2
17:22:29,936 [ test-runner:run-tests-983 @ target-host ] script-cmd: stop-test-services
17:22:29,936 [ test-runner:run-tests-983 @ target-host ] stop-test-services
17:22:30,586 [ test-runner:run-tests-983 @ target-host ] /home/zakkak/spring-quarkus-perf-comparison/spring-quarkus-perf-comparison/scripts/infra.sh -d
Using podman to stop containers
-----------------------------------------
[03/11/2026 17:22:29]: Stopping services
-----------------------------------------
Stopping PostgreSQL database 'fruits_db'
fruits_db
17:22:30,644 [ test-runner:run-tests-983 @ target-host ] for-each: ITERATION = 5
17:22:30,645 [ test-runner:run-tests-983 @ target-host ] queue-download: ${{REPO_DIR}}/logs/measure-time-to-first-request-${{RUNTIME.name}}-${{ITERATION}}.log=/home/zakkak/spring-quarkus-perf-comparison/logs/measure-time-to-first-request-quarkus3-native-5.log ../../20260311/run-time-initialize-jdk/target-host/
17:22:30,645 [ test-runner:run-tests-983 @ target-host ] script-cmd: start-test-services
17:22:30,645 [ test-runner:run-tests-983 @ target-host ] start-test-services
17:22:41,744 [ test-runner:run-tests-983 @ target-host ] /home/zakkak/spring-quarkus-perf-comparison/spring-quarkus-perf-comparison/scripts/infra.sh -c 3 -p '4-6' -s
Using podman to start containers
-----------------------------------------
[03/11/2026 17:22:30]: Starting services
-----------------------------------------
Starting PostgreSQL database 'fruits_db'
PostgreSQL DB process: e7b727fc354710fb57a9985deeeb09740f72bb5ae2201ed59d285351677daffa
Waiting for PostgreSQL to be ready...
localhost:5432 - no response
localhost:5432 - no response
localhost:5432 - accepting connections
17:22:41,745 [ test-runner:run-tests-983 @ target-host ] script-cmd: sync-drop-fs-cache
17:22:41,745 [ test-runner:run-tests-983 @ target-host ] sync-drop-fs-cache
17:22:41,745 [ test-runner:run-tests-983 @ target-host ] read-state: true
17:22:41,745 [ test-runner:run-tests-983 @ target-host ] regex: true
17:22:42,309 [ test-runner:run-tests-983 @ target-host ] sync
17:22:42,309 [ test-runner:run-tests-983 @ target-host ] script-cmd: sync-drop-fs-cache-${{os}}
17:22:42,309 [ test-runner:run-tests-983 @ target-host ] sync-drop-fs-cache-linux
17:22:42,309 [ test-runner:run-tests-983 @ target-host ] script-cmd: sudo
17:22:42,310 [ test-runner:run-tests-983 @ target-host ] sudo
17:22:42,310 [ test-runner:run-tests-983 @ target-host ] script-cmd: sudo-${{os}}
17:22:42,310 [ test-runner:run-tests-983 @ target-host ] sudo-linux
17:22:43,090 [ test-runner:run-tests-983 @ target-host ] sudo sh -c "echo 3 > /proc/sys/vm/drop_caches"
]3008;start=c17501675ea64c5f84bb26d05472cd6f;user=zakkak;hostname=blanc;machineid=f469a615e9ef4e81b7d5be080a5de373;bootid=0e917e08584a49cb891ef04366e00ace;pid=227276;pidfdid=227277;comm=sudo;targetuser=root;sessionid=c185;type=session\]3008;end=c17501675ea64c5f84bb26d05472cd6f\
17:22:43,496 [ test-runner:run-tests-983 @ target-host ] taskset --cpu-list 0-3 /home/zakkak/spring-quarkus-perf-comparison/spring-quarkus-perf-comparison/quarkus3/target/quarkus3-runner  &>/home/zakkak/spring-quarkus-perf-comparison/logs/measure-time-to-first-request-quarkus3-native-5.log &
[1] 227305
17:22:43,897 [ test-runner:run-tests-983 @ target-host ] APP_PID=$!
17:22:44,360 [ test-runner:run-tests-983 @ target-host ] timeout 60s bash -c "taskset --cpu-list 10 /home/zakkak/spring-quarkus-perf-comparison/spring-quarkus-perf-comparison/scripts/perf-lab/scripts/time-to-1st-request.sh http://localhost:8080/fruits"
40
17:22:44,360 [ test-runner:run-tests-983 @ target-host ] 
17:22:44,361 [ test-runner:run-tests-983 @ target-host ] set-state: START_TIME 40
17:22:44,862 [ test-runner:run-tests-983 @ target-host ] kill -15 $APP_PID
17:22:44,863 [ test-runner:run-tests-983 @ target-host ] script-cmd: state-array-push
17:22:44,863 [ test-runner:run-tests-983 @ target-host ] state-array-push
17:22:44,913 [ test-runner:run-tests-983 @ target-host ] set-state: RUN.output.results.quarkus3-native.startup.timings [80,38,41,32,40,40]
17:22:47,316 [ test-runner:run-tests-983 @ target-host ] sleep 2
17:22:47,317 [ test-runner:run-tests-983 @ target-host ] script-cmd: stop-test-services
17:22:47,317 [ test-runner:run-tests-983 @ target-host ] stop-test-services
17:22:47,953 [ test-runner:run-tests-983 @ target-host ] /home/zakkak/spring-quarkus-perf-comparison/spring-quarkus-perf-comparison/scripts/infra.sh -d
Using podman to stop containers
-----------------------------------------
[03/11/2026 17:22:47]: Stopping services
-----------------------------------------
Stopping PostgreSQL database 'fruits_db'
fruits_db
17:22:48,012 [ test-runner:run-tests-983 @ target-host ] for-each: ITERATION = 6
17:22:48,013 [ test-runner:run-tests-983 @ target-host ] queue-download: ${{REPO_DIR}}/logs/measure-time-to-first-request-${{RUNTIME.name}}-${{ITERATION}}.log=/home/zakkak/spring-quarkus-perf-comparison/logs/measure-time-to-first-request-quarkus3-native-6.log ../../20260311/run-time-initialize-jdk/target-host/
17:22:48,014 [ test-runner:run-tests-983 @ target-host ] script-cmd: start-test-services
17:22:48,014 [ test-runner:run-tests-983 @ target-host ] start-test-services
17:22:59,116 [ test-runner:run-tests-983 @ target-host ] /home/zakkak/spring-quarkus-perf-comparison/spring-quarkus-perf-comparison/scripts/infra.sh -c 3 -p '4-6' -s
Using podman to start containers
-----------------------------------------
[03/11/2026 17:22:48]: Starting services
-----------------------------------------
Starting PostgreSQL database 'fruits_db'
PostgreSQL DB process: ae4850f224ba89709f551fd7322409e49c058869ac10b3a439e69ddc9118379a
Waiting for PostgreSQL to be ready...
localhost:5432 - no response
localhost:5432 - no response
localhost:5432 - accepting connections
17:22:59,116 [ test-runner:run-tests-983 @ target-host ] script-cmd: sync-drop-fs-cache
17:22:59,116 [ test-runner:run-tests-983 @ target-host ] sync-drop-fs-cache
17:22:59,116 [ test-runner:run-tests-983 @ target-host ] read-state: true
17:22:59,116 [ test-runner:run-tests-983 @ target-host ] regex: true
17:22:59,729 [ test-runner:run-tests-983 @ target-host ] sync
17:22:59,729 [ test-runner:run-tests-983 @ target-host ] script-cmd: sync-drop-fs-cache-${{os}}
17:22:59,729 [ test-runner:run-tests-983 @ target-host ] sync-drop-fs-cache-linux
17:22:59,729 [ test-runner:run-tests-983 @ target-host ] script-cmd: sudo
17:22:59,729 [ test-runner:run-tests-983 @ target-host ] sudo
17:22:59,730 [ test-runner:run-tests-983 @ target-host ] script-cmd: sudo-${{os}}
17:22:59,730 [ test-runner:run-tests-983 @ target-host ] sudo-linux
17:23:00,495 [ test-runner:run-tests-983 @ target-host ] sudo sh -c "echo 3 > /proc/sys/vm/drop_caches"
]3008;start=1efa5f0df9b749898a9fa45e804cdb13;user=zakkak;hostname=blanc;machineid=f469a615e9ef4e81b7d5be080a5de373;bootid=0e917e08584a49cb891ef04366e00ace;pid=227729;pidfdid=227730;comm=sudo;targetuser=root;sessionid=c186;type=session\]3008;end=1efa5f0df9b749898a9fa45e804cdb13\
17:23:00,899 [ test-runner:run-tests-983 @ target-host ] taskset --cpu-list 0-3 /home/zakkak/spring-quarkus-perf-comparison/spring-quarkus-perf-comparison/quarkus3/target/quarkus3-runner  &>/home/zakkak/spring-quarkus-perf-comparison/logs/measure-time-to-first-request-quarkus3-native-6.log &
[1] 227758
17:23:01,300 [ test-runner:run-tests-983 @ target-host ] APP_PID=$!
17:23:01,748 [ test-runner:run-tests-983 @ target-host ] timeout 60s bash -c "taskset --cpu-list 10 /home/zakkak/spring-quarkus-perf-comparison/spring-quarkus-perf-comparison/scripts/perf-lab/scripts/time-to-1st-request.sh http://localhost:8080/fruits"
32
17:23:01,748 [ test-runner:run-tests-983 @ target-host ] 
17:23:01,748 [ test-runner:run-tests-983 @ target-host ] set-state: START_TIME 32
17:23:02,250 [ test-runner:run-tests-983 @ target-host ] kill -15 $APP_PID
17:23:02,250 [ test-runner:run-tests-983 @ target-host ] script-cmd: state-array-push
17:23:02,250 [ test-runner:run-tests-983 @ target-host ] state-array-push
17:23:02,302 [ test-runner:run-tests-983 @ target-host ] set-state: RUN.output.results.quarkus3-native.startup.timings [80,38,41,32,40,40,32]
17:23:04,705 [ test-runner:run-tests-983 @ target-host ] sleep 2
17:23:04,705 [ test-runner:run-tests-983 @ target-host ] script-cmd: stop-test-services
17:23:04,705 [ test-runner:run-tests-983 @ target-host ] stop-test-services
17:23:05,352 [ test-runner:run-tests-983 @ target-host ] /home/zakkak/spring-quarkus-perf-comparison/spring-quarkus-perf-comparison/scripts/infra.sh -d
Using podman to stop containers
-----------------------------------------
[03/11/2026 17:23:04]: Stopping services
-----------------------------------------
Stopping PostgreSQL database 'fruits_db'
fruits_db
17:23:05,423 [ test-runner:run-tests-983 @ target-host ] for-each: ITERATION = 7
17:23:05,425 [ test-runner:run-tests-983 @ target-host ] queue-download: ${{REPO_DIR}}/logs/measure-time-to-first-request-${{RUNTIME.name}}-${{ITERATION}}.log=/home/zakkak/spring-quarkus-perf-comparison/logs/measure-time-to-first-request-quarkus3-native-7.log ../../20260311/run-time-initialize-jdk/target-host/
17:23:05,426 [ test-runner:run-tests-983 @ target-host ] script-cmd: start-test-services
17:23:05,426 [ test-runner:run-tests-983 @ target-host ] start-test-services
17:23:16,508 [ test-runner:run-tests-983 @ target-host ] /home/zakkak/spring-quarkus-perf-comparison/spring-quarkus-perf-comparison/scripts/infra.sh -c 3 -p '4-6' -s
Using podman to start containers
-----------------------------------------
[03/11/2026 17:23:05]: Starting services
-----------------------------------------
Starting PostgreSQL database 'fruits_db'
PostgreSQL DB process: ad95ee14b9928928b5c45ce919e38794b74332b2f7727b8a9b06e4076a7a04cd
Waiting for PostgreSQL to be ready...
localhost:5432 - no response
localhost:5432 - no response
localhost:5432 - accepting connections
17:23:16,508 [ test-runner:run-tests-983 @ target-host ] script-cmd: sync-drop-fs-cache
17:23:16,508 [ test-runner:run-tests-983 @ target-host ] sync-drop-fs-cache
17:23:16,508 [ test-runner:run-tests-983 @ target-host ] read-state: true
17:23:16,509 [ test-runner:run-tests-983 @ target-host ] regex: true
17:23:17,068 [ test-runner:run-tests-983 @ target-host ] sync
17:23:17,068 [ test-runner:run-tests-983 @ target-host ] script-cmd: sync-drop-fs-cache-${{os}}
17:23:17,068 [ test-runner:run-tests-983 @ target-host ] sync-drop-fs-cache-linux
17:23:17,068 [ test-runner:run-tests-983 @ target-host ] script-cmd: sudo
17:23:17,068 [ test-runner:run-tests-983 @ target-host ] sudo
17:23:17,068 [ test-runner:run-tests-983 @ target-host ] script-cmd: sudo-${{os}}
17:23:17,069 [ test-runner:run-tests-983 @ target-host ] sudo-linux
17:23:17,854 [ test-runner:run-tests-983 @ target-host ] sudo sh -c "echo 3 > /proc/sys/vm/drop_caches"
]3008;start=7bc7bb9671294a3aa396eb6dcddf8008;user=zakkak;hostname=blanc;machineid=f469a615e9ef4e81b7d5be080a5de373;bootid=0e917e08584a49cb891ef04366e00ace;pid=228178;pidfdid=228179;comm=sudo;targetuser=root;sessionid=c187;type=session\]3008;end=7bc7bb9671294a3aa396eb6dcddf8008\
17:23:18,258 [ test-runner:run-tests-983 @ target-host ] taskset --cpu-list 0-3 /home/zakkak/spring-quarkus-perf-comparison/spring-quarkus-perf-comparison/quarkus3/target/quarkus3-runner  &>/home/zakkak/spring-quarkus-perf-comparison/logs/measure-time-to-first-request-quarkus3-native-7.log &
[1] 228206
17:23:18,660 [ test-runner:run-tests-983 @ target-host ] APP_PID=$!
17:23:19,115 [ test-runner:run-tests-983 @ target-host ] timeout 60s bash -c "taskset --cpu-list 10 /home/zakkak/spring-quarkus-perf-comparison/spring-quarkus-perf-comparison/scripts/perf-lab/scripts/time-to-1st-request.sh http://localhost:8080/fruits"
42
17:23:19,116 [ test-runner:run-tests-983 @ target-host ] 
17:23:19,116 [ test-runner:run-tests-983 @ target-host ] set-state: START_TIME 42
17:23:19,618 [ test-runner:run-tests-983 @ target-host ] kill -15 $APP_PID
17:23:19,618 [ test-runner:run-tests-983 @ target-host ] script-cmd: state-array-push
17:23:19,618 [ test-runner:run-tests-983 @ target-host ] state-array-push
17:23:19,666 [ test-runner:run-tests-983 @ target-host ] set-state: RUN.output.results.quarkus3-native.startup.timings [80,38,41,32,40,40,32,42]
17:23:22,069 [ test-runner:run-tests-983 @ target-host ] sleep 2
17:23:22,069 [ test-runner:run-tests-983 @ target-host ] script-cmd: stop-test-services
17:23:22,069 [ test-runner:run-tests-983 @ target-host ] stop-test-services
17:23:22,720 [ test-runner:run-tests-983 @ target-host ] /home/zakkak/spring-quarkus-perf-comparison/spring-quarkus-perf-comparison/scripts/infra.sh -d
Using podman to stop containers
-----------------------------------------
[03/11/2026 17:23:22]: Stopping services
-----------------------------------------
Stopping PostgreSQL database 'fruits_db'
fruits_db
17:23:22,778 [ test-runner:run-tests-983 @ target-host ] for-each: ITERATION = 8
17:23:22,780 [ test-runner:run-tests-983 @ target-host ] queue-download: ${{REPO_DIR}}/logs/measure-time-to-first-request-${{RUNTIME.name}}-${{ITERATION}}.log=/home/zakkak/spring-quarkus-perf-comparison/logs/measure-time-to-first-request-quarkus3-native-8.log ../../20260311/run-time-initialize-jdk/target-host/
17:23:22,780 [ test-runner:run-tests-983 @ target-host ] script-cmd: start-test-services
17:23:22,780 [ test-runner:run-tests-983 @ target-host ] start-test-services
17:23:33,876 [ test-runner:run-tests-983 @ target-host ] /home/zakkak/spring-quarkus-perf-comparison/spring-quarkus-perf-comparison/scripts/infra.sh -c 3 -p '4-6' -s
Using podman to start containers
-----------------------------------------
[03/11/2026 17:23:22]: Starting services
-----------------------------------------
Starting PostgreSQL database 'fruits_db'
PostgreSQL DB process: c1245a4286b9aa12fedc7a060c8a6939574c3a8332fdeb14e23fd2a05fcd78b8
Waiting for PostgreSQL to be ready...
localhost:5432 - no response
localhost:5432 - no response
localhost:5432 - accepting connections
17:23:33,876 [ test-runner:run-tests-983 @ target-host ] script-cmd: sync-drop-fs-cache
17:23:33,876 [ test-runner:run-tests-983 @ target-host ] sync-drop-fs-cache
17:23:33,876 [ test-runner:run-tests-983 @ target-host ] read-state: true
17:23:33,876 [ test-runner:run-tests-983 @ target-host ] regex: true
17:23:34,470 [ test-runner:run-tests-983 @ target-host ] sync
17:23:34,470 [ test-runner:run-tests-983 @ target-host ] script-cmd: sync-drop-fs-cache-${{os}}
17:23:34,471 [ test-runner:run-tests-983 @ target-host ] sync-drop-fs-cache-linux
17:23:34,471 [ test-runner:run-tests-983 @ target-host ] script-cmd: sudo
17:23:34,471 [ test-runner:run-tests-983 @ target-host ] sudo
17:23:34,471 [ test-runner:run-tests-983 @ target-host ] script-cmd: sudo-${{os}}
17:23:34,471 [ test-runner:run-tests-983 @ target-host ] sudo-linux
17:23:35,258 [ test-runner:run-tests-983 @ target-host ] sudo sh -c "echo 3 > /proc/sys/vm/drop_caches"
]3008;start=e16a85772db84d218418806c4aff4443;user=zakkak;hostname=blanc;machineid=f469a615e9ef4e81b7d5be080a5de373;bootid=0e917e08584a49cb891ef04366e00ace;pid=228635;pidfdid=228636;comm=sudo;targetuser=root;sessionid=c188;type=session\]3008;end=e16a85772db84d218418806c4aff4443\
17:23:35,662 [ test-runner:run-tests-983 @ target-host ] taskset --cpu-list 0-3 /home/zakkak/spring-quarkus-perf-comparison/spring-quarkus-perf-comparison/quarkus3/target/quarkus3-runner  &>/home/zakkak/spring-quarkus-perf-comparison/logs/measure-time-to-first-request-quarkus3-native-8.log &
[1] 228662
17:23:36,063 [ test-runner:run-tests-983 @ target-host ] APP_PID=$!
17:23:36,526 [ test-runner:run-tests-983 @ target-host ] timeout 60s bash -c "taskset --cpu-list 10 /home/zakkak/spring-quarkus-perf-comparison/spring-quarkus-perf-comparison/scripts/perf-lab/scripts/time-to-1st-request.sh http://localhost:8080/fruits"
41
17:23:36,526 [ test-runner:run-tests-983 @ target-host ] 
17:23:36,527 [ test-runner:run-tests-983 @ target-host ] set-state: START_TIME 41
17:23:37,029 [ test-runner:run-tests-983 @ target-host ] kill -15 $APP_PID
17:23:37,029 [ test-runner:run-tests-983 @ target-host ] script-cmd: state-array-push
17:23:37,029 [ test-runner:run-tests-983 @ target-host ] state-array-push
17:23:37,080 [ test-runner:run-tests-983 @ target-host ] set-state: RUN.output.results.quarkus3-native.startup.timings [80,38,41,32,40,40,32,42,41]
17:23:39,483 [ test-runner:run-tests-983 @ target-host ] sleep 2
17:23:39,483 [ test-runner:run-tests-983 @ target-host ] script-cmd: stop-test-services
17:23:39,483 [ test-runner:run-tests-983 @ target-host ] stop-test-services
17:23:40,120 [ test-runner:run-tests-983 @ target-host ] /home/zakkak/spring-quarkus-perf-comparison/spring-quarkus-perf-comparison/scripts/infra.sh -d
Using podman to stop containers
-----------------------------------------
[03/11/2026 17:23:39]: Stopping services
-----------------------------------------
Stopping PostgreSQL database 'fruits_db'
fruits_db
17:23:40,191 [ test-runner:run-tests-983 @ target-host ] for-each: ITERATION = 9
17:23:40,192 [ test-runner:run-tests-983 @ target-host ] queue-download: ${{REPO_DIR}}/logs/measure-time-to-first-request-${{RUNTIME.name}}-${{ITERATION}}.log=/home/zakkak/spring-quarkus-perf-comparison/logs/measure-time-to-first-request-quarkus3-native-9.log ../../20260311/run-time-initialize-jdk/target-host/
17:23:40,192 [ test-runner:run-tests-983 @ target-host ] script-cmd: start-test-services
17:23:40,192 [ test-runner:run-tests-983 @ target-host ] start-test-services
17:23:51,265 [ test-runner:run-tests-983 @ target-host ] /home/zakkak/spring-quarkus-perf-comparison/spring-quarkus-perf-comparison/scripts/infra.sh -c 3 -p '4-6' -s
Using podman to start containers
-----------------------------------------
[03/11/2026 17:23:40]: Starting services
-----------------------------------------
Starting PostgreSQL database 'fruits_db'
PostgreSQL DB process: ad0c718a15836f083ad15eb3572e878221862d88b216f1853df0b02ebbbeea24
Waiting for PostgreSQL to be ready...
localhost:5432 - no response
localhost:5432 - no response
localhost:5432 - accepting connections
17:23:51,266 [ test-runner:run-tests-983 @ target-host ] script-cmd: sync-drop-fs-cache
17:23:51,266 [ test-runner:run-tests-983 @ target-host ] sync-drop-fs-cache
17:23:51,266 [ test-runner:run-tests-983 @ target-host ] read-state: true
17:23:51,266 [ test-runner:run-tests-983 @ target-host ] regex: true
17:23:51,809 [ test-runner:run-tests-983 @ target-host ] sync
17:23:51,810 [ test-runner:run-tests-983 @ target-host ] script-cmd: sync-drop-fs-cache-${{os}}
17:23:51,810 [ test-runner:run-tests-983 @ target-host ] sync-drop-fs-cache-linux
17:23:51,810 [ test-runner:run-tests-983 @ target-host ] script-cmd: sudo
17:23:51,810 [ test-runner:run-tests-983 @ target-host ] sudo
17:23:51,810 [ test-runner:run-tests-983 @ target-host ] script-cmd: sudo-${{os}}
17:23:51,810 [ test-runner:run-tests-983 @ target-host ] sudo-linux
17:23:52,589 [ test-runner:run-tests-983 @ target-host ] sudo sh -c "echo 3 > /proc/sys/vm/drop_caches"
]3008;start=18bb45b6609a497e8cda7bc0bbde8e0d;user=zakkak;hostname=blanc;machineid=f469a615e9ef4e81b7d5be080a5de373;bootid=0e917e08584a49cb891ef04366e00ace;pid=229087;pidfdid=229088;comm=sudo;targetuser=root;sessionid=c189;type=session\]3008;end=18bb45b6609a497e8cda7bc0bbde8e0d\
17:23:52,993 [ test-runner:run-tests-983 @ target-host ] taskset --cpu-list 0-3 /home/zakkak/spring-quarkus-perf-comparison/spring-quarkus-perf-comparison/quarkus3/target/quarkus3-runner  &>/home/zakkak/spring-quarkus-perf-comparison/logs/measure-time-to-first-request-quarkus3-native-9.log &
[1] 229114
17:23:53,395 [ test-runner:run-tests-983 @ target-host ] APP_PID=$!
17:23:53,854 [ test-runner:run-tests-983 @ target-host ] timeout 60s bash -c "taskset --cpu-list 10 /home/zakkak/spring-quarkus-perf-comparison/spring-quarkus-perf-comparison/scripts/perf-lab/scripts/time-to-1st-request.sh http://localhost:8080/fruits"
41
17:23:53,854 [ test-runner:run-tests-983 @ target-host ] 
17:23:53,854 [ test-runner:run-tests-983 @ target-host ] set-state: START_TIME 41
17:23:54,359 [ test-runner:run-tests-983 @ target-host ] kill -15 $APP_PID
17:23:54,359 [ test-runner:run-tests-983 @ target-host ] script-cmd: state-array-push
17:23:54,359 [ test-runner:run-tests-983 @ target-host ] state-array-push
17:23:54,401 [ test-runner:run-tests-983 @ target-host ] set-state: RUN.output.results.quarkus3-native.startup.timings [80,38,41,32,40,40,32,42,41,41]
17:23:56,804 [ test-runner:run-tests-983 @ target-host ] sleep 2
17:23:56,804 [ test-runner:run-tests-983 @ target-host ] script-cmd: stop-test-services
17:23:56,804 [ test-runner:run-tests-983 @ target-host ] stop-test-services
17:23:57,439 [ test-runner:run-tests-983 @ target-host ] /home/zakkak/spring-quarkus-perf-comparison/spring-quarkus-perf-comparison/scripts/infra.sh -d
Using podman to stop containers
-----------------------------------------
[03/11/2026 17:23:56]: Stopping services
-----------------------------------------
Stopping PostgreSQL database 'fruits_db'
fruits_db
17:23:57,498 [ test-runner:run-tests-983 @ target-host ] for-each: ITERATION
17:23:57,498 [ test-runner:run-tests-983 @ target-host ] script-cmd: state-array-calc-avg
17:23:57,499 [ test-runner:run-tests-983 @ target-host ] state-array-calc-avg
17:23:57,542 [ test-runner:run-tests-983 @ target-host ] set-state: RUN.output.results.quarkus3-native.startup.avStartTime 42.7
17:23:57,543 [ test-runner:run-tests-983 @ target-host ] for-each: TEST = measure-rss
17:23:57,543 [ test-runner:run-tests-983 @ target-host ] script-cmd: ${{TEST}}
17:23:57,543 [ test-runner:run-tests-983 @ target-host ] measure-rss
17:23:57,543 [ test-runner:run-tests-983 @ target-host ] Measuring RSS
17:23:57,996 [ test-runner:run-tests-983 @ target-host ] java -version
openjdk version "21.0.9" 2025-10-21 LTS
OpenJDK Runtime Environment Temurin-21.0.9+10 (build 21.0.9+10-LTS)
OpenJDK 64-Bit Server VM Temurin-21.0.9+10 (build 21.0.9+10-LTS, mixed mode, sharing)
17:23:58,397 [ test-runner:run-tests-983 @ target-host ] cd /home/zakkak/spring-quarkus-perf-comparison/spring-quarkus-perf-comparison/quarkus3
17:24:43,531 [ test-runner:run-tests-983 @ target-host ] ./mvnw  clean package -DskipTests -Pnative -Dquarkus.native.additional-build-args-append=--future-defaults=run-time-initialize-jdk
[INFO] Scanning for projects...
[WARNING] Quarkus Maven extension: an explicit 'argLine' is defined in maven-surefire-plugin config, but does not contain '@{argLine}': we will not be able to inject JVM parameters automatically. Please add '@{argLine}' to the argLine configuration you have defined.
[INFO] 
[INFO] -------------------------< org.acme:quarkus3 >--------------------------
[INFO] Building quarkus3 1.0
[INFO]   from pom.xml
[INFO] ------------------------------[ quarkus ]-------------------------------
[INFO] 
[INFO] --- clean:3.2.0:clean (default-clean) @ quarkus3 ---
[INFO] Deleting /home/zakkak/spring-quarkus-perf-comparison/spring-quarkus-perf-comparison/quarkus3/target
[INFO] 
[INFO] --- resources:3.3.1:resources (default-resources) @ quarkus3 ---
[WARNING] Using platform encoding (UTF-8 actually) to copy filtered resources, i.e. build is platform dependent!
[INFO] Copying 2 resources from src/main/resources to target/classes
[INFO] 
[INFO] --- quarkus:3.32.2:generate-code (default-generate-code) @ quarkus3 ---
[INFO] 
[INFO] --- compiler:3.15.0:compile (default-compile) @ quarkus3 ---
[INFO] Recompiling the module because of changed source code.
[WARNING] File encoding has not been set, using platform encoding UTF-8, i.e. build is platform dependent!
[INFO] Compiling 16 source files with javac [debug release 21] to target/classes
[INFO] 
[INFO] --- resources:3.3.1:testResources (default-testResources) @ quarkus3 ---
[WARNING] Using platform encoding (UTF-8 actually) to copy filtered resources, i.e. build is platform dependent!
[INFO] skip non existing resourceDirectory /home/zakkak/spring-quarkus-perf-comparison/spring-quarkus-perf-comparison/quarkus3/src/test/resources
[INFO] 
[INFO] --- quarkus:3.32.2:generate-code-tests (default-generate-code-tests) @ quarkus3 ---
[INFO] 
[INFO] --- compiler:3.15.0:testCompile (default-testCompile) @ quarkus3 ---
[INFO] Recompiling the module because of changed dependency.
[WARNING] File encoding has not been set, using platform encoding UTF-8, i.e. build is platform dependent!
[INFO] Compiling 4 source files with javac [debug release 21] to target/test-classes
[INFO] 
[INFO] --- surefire:3.5.5:test (default-test) @ quarkus3 ---
[INFO] Tests are skipped.
[INFO] 
[INFO] --- quarkus:3.32.2:build (default-build) @ quarkus3 ---
[INFO] [io.quarkus.deployment.pkg.jar.NativeImageSourceJarBuilder] Building native image source jar: /home/zakkak/spring-quarkus-perf-comparison/spring-quarkus-perf-comparison/quarkus3/target/quarkus3-native-image-source-jar/quarkus3-runner.jar
[INFO] [io.quarkus.deployment.pkg.steps.NativeImageBuildStep] Building native image from /home/zakkak/spring-quarkus-perf-comparison/spring-quarkus-perf-comparison/quarkus3/target/quarkus3-native-image-source-jar/quarkus3-runner.jar
[INFO] [io.quarkus.deployment.pkg.steps.NativeImageBuildStep] Running Quarkus native-image plugin on GRAALVM 25.1.0-dev JDK 25.0.1+8-jvmci-25.1-b14
[INFO] [io.quarkus.deployment.pkg.steps.NativeImageBuildRunner] /home/zakkak/code/graal-oracle/sdk/latest_graalvm_home/bin/native-image -J-DCoordinatorEnvironmentBean.transactionStatusManagerEnable=false -J-Dsun.nio.ch.maxUpdateArraySize=100 -J-Djava.util.logging.manager=org.jboss.logmanager.LogManager -J-Dvertx.logger-delegate-factory-class-name=io.quarkus.vertx.core.runtime.VertxLogDelegateFactory -J-Dvertx.disableDnsResolver=true -J-Dio.netty.leakDetection.level=DISABLED -J-Dio.netty.allocator.maxOrder=3 -J-Duser.language=en -J-Duser.country=IE -J-Dlogging.initial-configurator.min-level=500 -H:+UnlockExperimentalVMOptions -H:IncludeLocales=en-IE -H:-UnlockExperimentalVMOptions --enable-native-access=ALL-UNNAMED -J-Dfile.encoding=UTF-8 -J--add-exports=org.graalvm.nativeimage.builder/com.oracle.svm.core.jdk=ALL-UNNAMED --features=io.quarkus.jdbc.postgresql.runtime.graal.SQLXMLFeature,io.quarkus.hibernate.validator.runtime.DisableLoggingFeature,io.quarkus.runner.Feature,io.quarkus.runtime.graal.DisableLoggingFeature,io.quarkus.runtime.graal.JVMChecksFeature,io.quarkus.hibernate.orm.runtime.graal.RegisterServicesForReflectionFeature,io.quarkus.hibernate.orm.runtime.graal.DisableLoggingFeature,org.hibernate.graalvm.internal.GraalVMStaticFeature,io.quarkus.caffeine.runtime.graal.CacheConstructorsFeature,io.quarkus.runtime.graal.SkipConsoleServiceProvidersFeature -J--add-exports=java.security.jgss/sun.security.krb5=ALL-UNNAMED -J--add-exports=java.security.jgss/sun.security.jgss=ALL-UNNAMED -J--add-opens=java.base/java.text=ALL-UNNAMED -J--add-opens=java.base/java.io=ALL-UNNAMED -J--add-opens=java.base/java.lang.invoke=ALL-UNNAMED -J--add-opens=java.base/java.util=ALL-UNNAMED -H:+UnlockExperimentalVMOptions -H:BuildOutputJSONFile=quarkus3-runner-build-output-stats.json -H:-UnlockExperimentalVMOptions -H:+UnlockExperimentalVMOptions -H:+GenerateBuildArtifactsFile -H:-UnlockExperimentalVMOptions --future-defaults=run-time-initialize-jdk -H:+UnlockExperimentalVMOptions -H:+AllowFoldMethods -H:-UnlockExperimentalVMOptions -J-Djava.awt.headless=true --no-fallback --link-at-build-time -H:+UnlockExperimentalVMOptions -H:+ReportExceptionStackTraces -H:-UnlockExperimentalVMOptions -H:-AddAllCharsets --enable-url-protocols=http,https -H:NativeLinkerOption=-no-pie --enable-monitoring=heapdump,threaddump -H:+UnlockExperimentalVMOptions -H:-UseServiceLoaderFeature -H:-UnlockExperimentalVMOptions -J--add-exports=org.graalvm.nativeimage/org.graalvm.nativeimage.impl=ALL-UNNAMED --exclude-config io\.netty\.netty-codec /META-INF/native-image/io\.netty/netty-codec/generated/handlers/reflect-config\.json --exclude-config io\.netty\.netty-handler /META-INF/native-image/io\.netty/netty-handler/generated/handlers/reflect-config\.json quarkus3-runner -jar quarkus3-runner.jar
Warning: Using a deprecated option --no-fallback from command line. No effect, no replacement available
Warning: Option 'FallbackThreshold' is deprecated and might be removed in a future release: It no longer has any effect, and no replacement is available. Please refer to the GraalVM release notes.
Warning: Option 'DynamicProxyConfigurationResources' is deprecated and might be removed in a future release: This can be caused by a proxy-config.json file in your META-INF directory. Consider including proxy configuration in the reflection section of reachability-metadata.json instead.. Please refer to the GraalVM release notes.
========================================================================================================================
GraalVM Native Image: Generating 'quarkus3-runner' (executable)...
========================================================================================================================
For detailed information and explanations on the build output, visit:
https://github.com/oracle/graal/blob/master/docs/reference-manual/native-image/BuildOutput.md
------------------------------------------------------------------------------------------------------------------------
[1/8] Initializing...                                                                                   (4.1s @ 0.45GiB)
 Builder configuration:
 - Java version: 25.0.1+8, vendor version: GraalVM CE 25.1.0-dev+8.1
 - Graal compiler: optimization level: 2, target machine: x86-64-v3
 - C compiler: gcc (redhat, x86_64, 15.2.1)
 - Assertions: disabled, system assertions: disabled
 - 11 user-specific feature(s):
   - io.quarkus.caffeine.runtime.graal.CacheConstructorsFeature
   - io.quarkus.hibernate.orm.runtime.graal.DisableLoggingFeature: Disables INFO logging during the analysis phase
   - io.quarkus.hibernate.orm.runtime.graal.RegisterServicesForReflectionFeature: Makes methods of reachable Hibernate services accessible through Class#getMethods()
   - io.quarkus.hibernate.validator.runtime.DisableLoggingFeature: Disables INFO logging during the analysis phase for the [org.hibernate.validator.internal.util.Version] categories
   - io.quarkus.jdbc.postgresql.runtime.graal.SQLXMLFeature
   - io.quarkus.runner.Feature: Auto-generated class by Quarkus from the existing extensions
   - io.quarkus.runtime.graal.DisableLoggingFeature: Adapts logging during the analysis phase
   - io.quarkus.runtime.graal.JVMChecksFeature
   - io.quarkus.runtime.graal.SkipConsoleServiceProvidersFeature: Skip unsupported console service providers when quarkus.native.auto-service-loader-registration is false
   - org.eclipse.angus.activation.nativeimage.AngusActivationFeature
   - org.hibernate.graalvm.internal.GraalVMStaticFeature: Hibernate ORM's static reflection registrations for GraalVM
 Image configuration:
 - Garbage collector: Serial GC (max heap size: 80% of RAM)
 - Assertions: disabled (class-specific config may apply), system assertions: disabled
------------------------------------------------------------------------------------------------------------------------
 5 experimental option(s) unlocked:
 - '-H:+AllowFoldMethods' (origin(s): command line)
 - '-H:BuildOutputJSONFile' (origin(s): command line)
 - '-H:-UseServiceLoaderFeature' (origin(s): command line)
 - '-H:+GenerateBuildArtifactsFile' (origin(s): command line)
 - '-H:AddOpens' (alternative API option(s): --add-opens java.base/java.lang=ALL-UNNAMED; origin(s): command line)
------------------------------------------------------------------------------------------------------------------------
Build resources:
 - 30.00GiB of memory (48.4% of system memory, capped at 30GiB)
 - 32 thread(s) (100.0% of 32 available processor(s), determined at start)
[2/8] Performing analysis...  [********]                                                                (8.7s @ 2.01GiB)
   22,682 types,  29,316 fields, and 106,848 methods found reachable
    7,978 types,     169 fields, and   5,226 methods registered for reflection
       63 types,      69 fields, and      55 methods registered for JNI access
      105 resource accesses registered with 188.29KiB total size
        4 native libraries: dl, pthread, rt, z
[3/8] Building universe...                                                                              (3.0s @ 2.65GiB)
[4/8] Parsing methods...      [*]                                                                       (1.2s @ 2.44GiB)
[5/8] Inlining methods...     [****]                                                                    (0.8s @ 3.28GiB)
[6/8] Compiling methods...    [***]                                                                     (8.0s @ 1.93GiB)
[7/8] Laying out methods...   [***]                                                                     (5.9s @ 2.56GiB)
[8/8] Creating image...       [**]                                                                      (3.8s @ 2.95GiB)
  36.22MiB (41.86%) for code area:    71,530 compilation units
  43.94MiB (50.78%) for image heap:  498,834 objects and 16 resources
   6.37MiB ( 7.36%) for other data
  86.53MiB in total image size, 80.75MiB in total file size
------------------------------------------------------------------------------------------------------------------------
Top 10 origins of code area:                                Top 10 object types in image heap:
   1.54MiB java.base/sun.security.ssl                         11.58MiB byte[] for code metadata
   1.05MiB java.base/java.util                                 6.43MiB byte[] for string data
 858.46KiB o.g.n.runtime/com.oracle.svm.core.code              4.33MiB o.g.n.runtime/c.o.s.core.hub.DynamicHubCompanion
 697.47KiB java.base/com.sun.crypto.provider                   4.10MiB java.base/java.lang.String
 637.13KiB jdk.proxy4/jdk.proxy4                               3.37MiB java.base/java.lang.Class
 533.01KiB java.base/java.lang                                 1.44MiB byte[] for reflection metadata
 532.04KiB io.netty.buffer                                     1.13MiB byte[] for general heap data
 506.32KiB java.base/java.lang.invoke                        901.96KiB java.base/java.lang.Object[]
 468.03KiB org.postgresql.jdbc                               832.50KiB java.base/java.lang.reflect.Method
 460.62KiB org.hibernate.query.hql.internal                  799.96KiB o.g.n.runtime/c.o.s.c.h.ImageReflectionMetadata
  27.99MiB for 984 more packages                               9.09MiB for 5196 more object types
------------------------------------------------------------------------------------------------------------------------
Recommendations:
 FUTR: Use '--future-defaults=all' to prepare for future releases.
 HEAP: Set max heap for improved and more predictable memory usage.
 CPU:  Enable more CPU features with '-march=native' for improved performance.
------------------------------------------------------------------------------------------------------------------------
                       2.7s (7.3% of total time) in 316 GCs | Peak RSS: 4.65GiB | CPU load: 15.75
------------------------------------------------------------------------------------------------------------------------
Build artifacts:
 /home/zakkak/spring-quarkus-perf-comparison/spring-quarkus-perf-comparison/quarkus3/target/quarkus3-native-image-source-jar/build-artifacts.json (build_info, 92B)
 /home/zakkak/spring-quarkus-perf-comparison/spring-quarkus-perf-comparison/quarkus3/target/quarkus3-native-image-source-jar/quarkus3-runner (executable, 80.75MiB)
 /home/zakkak/spring-quarkus-perf-comparison/spring-quarkus-perf-comparison/quarkus3/target/quarkus3-native-image-source-jar/quarkus3-runner-build-output-stats.json (build_info, 1.00KiB)
========================================================================================================================
Finished generating 'quarkus3-runner' in 36.7s.

The build process encountered 3 warnings.

[INFO] [io.quarkus.deployment.pkg.steps.NativeImageBuildRunner] objcopy --strip-debug quarkus3-runner
[INFO] [io.quarkus.deployment.QuarkusAugmentor] Quarkus augmentation completed in 40500ms
[INFO] ------------------------------------------------------------------------
[INFO] BUILD SUCCESS
[INFO] ------------------------------------------------------------------------
[INFO] Total time:  43.917 s
[INFO] Finished at: 2026-03-11T17:24:43+02:00
[INFO] ------------------------------------------------------------------------
17:24:43,574 [ test-runner:run-tests-983 @ target-host ] for-each: ITERATION = 0
17:24:43,574 [ test-runner:run-tests-983 @ target-host ] queue-download: ${{REPO_DIR}}/logs/measure-rss-${{RUNTIME.name}}-${{ITERATION}}.log=/home/zakkak/spring-quarkus-perf-comparison/logs/measure-rss-quarkus3-native-0.log ../../20260311/run-time-initialize-jdk/target-host/
17:24:43,574 [ test-runner:run-tests-983 @ target-host ] script-cmd: start-test-services
17:24:43,574 [ test-runner:run-tests-983 @ target-host ] start-test-services
17:24:54,665 [ test-runner:run-tests-983 @ target-host ] /home/zakkak/spring-quarkus-perf-comparison/spring-quarkus-perf-comparison/scripts/infra.sh -c 3 -p '4-6' -s
Using podman to start containers
-----------------------------------------
[03/11/2026 17:24:43]: Starting services
-----------------------------------------
Starting PostgreSQL database 'fruits_db'
PostgreSQL DB process: 28fb42921b11fba3944d16adb764bd3192a8895bb2a8ca76dd611a1a876e4a9e
Waiting for PostgreSQL to be ready...
localhost:5432 - no response
localhost:5432 - no response
localhost:5432 - accepting connections
17:24:54,665 [ test-runner:run-tests-983 @ target-host ] script-cmd: sync-drop-fs-cache
17:24:54,665 [ test-runner:run-tests-983 @ target-host ] sync-drop-fs-cache
17:24:54,665 [ test-runner:run-tests-983 @ target-host ] read-state: true
17:24:54,665 [ test-runner:run-tests-983 @ target-host ] regex: true
17:24:55,273 [ test-runner:run-tests-983 @ target-host ] sync
17:24:55,273 [ test-runner:run-tests-983 @ target-host ] script-cmd: sync-drop-fs-cache-${{os}}
17:24:55,274 [ test-runner:run-tests-983 @ target-host ] sync-drop-fs-cache-linux
17:24:55,274 [ test-runner:run-tests-983 @ target-host ] script-cmd: sudo
17:24:55,274 [ test-runner:run-tests-983 @ target-host ] sudo
17:24:55,274 [ test-runner:run-tests-983 @ target-host ] script-cmd: sudo-${{os}}
17:24:55,274 [ test-runner:run-tests-983 @ target-host ] sudo-linux
17:24:56,161 [ test-runner:run-tests-983 @ target-host ] sudo sh -c "echo 3 > /proc/sys/vm/drop_caches"
]3008;start=a05ac2b6e5f8436baefe9c8286ea916e;user=zakkak;hostname=blanc;machineid=f469a615e9ef4e81b7d5be080a5de373;bootid=0e917e08584a49cb891ef04366e00ace;pid=230145;pidfdid=230146;comm=sudo;targetuser=root;sessionid=c190;type=session\]3008;end=a05ac2b6e5f8436baefe9c8286ea916e\
17:24:56,566 [ test-runner:run-tests-983 @ target-host ] taskset --cpu-list 0-3 /home/zakkak/spring-quarkus-perf-comparison/spring-quarkus-perf-comparison/quarkus3/target/quarkus3-runner  &>/home/zakkak/spring-quarkus-perf-comparison/logs/measure-rss-quarkus3-native-0.log &
[1] 230177
17:24:56,968 [ test-runner:run-tests-983 @ target-host ] APP_PID=$!
17:24:59,374 [ test-runner:run-tests-983 @ target-host ] sleep 2
17:24:59,791 [ test-runner:run-tests-983 @ target-host ] pmap -x $APP_PID | grep total | awk '{print $4}'
69288
17:24:59,791 [ test-runner:run-tests-983 @ target-host ] set-state: RSS_STARTUP 69288
17:24:59,824 [ test-runner:run-tests-983 @ target-host ] script-cmd: state-array-push
17:24:59,824 [ test-runner:run-tests-983 @ target-host ] state-array-push
17:24:59,917 [ test-runner:run-tests-983 @ target-host ] set-state: RUN.output.results.quarkus3-native.rss.startup [67.6640625]
17:25:00,349 [ test-runner:run-tests-983 @ target-host ] curl -s  http://localhost:8080/fruits > /dev/null
17:25:00,754 [ test-runner:run-tests-983 @ target-host ] pmap -x $APP_PID | grep total | awk '{print $4}'
76400
17:25:00,754 [ test-runner:run-tests-983 @ target-host ] set-state: FIRST_REQUEST 76400
17:25:00,776 [ test-runner:run-tests-983 @ target-host ] script-cmd: state-array-push
17:25:00,776 [ test-runner:run-tests-983 @ target-host ] state-array-push
17:25:00,855 [ test-runner:run-tests-983 @ target-host ] set-state: RUN.output.results.quarkus3-native.rss.firstRequest [74.609375]
17:25:01,357 [ test-runner:run-tests-983 @ target-host ] kill -15 $APP_PID
17:25:03,760 [ test-runner:run-tests-983 @ target-host ] sleep 2
17:25:03,760 [ test-runner:run-tests-983 @ target-host ] script-cmd: stop-test-services
17:25:03,760 [ test-runner:run-tests-983 @ target-host ] stop-test-services
17:25:04,396 [ test-runner:run-tests-983 @ target-host ] /home/zakkak/spring-quarkus-perf-comparison/spring-quarkus-perf-comparison/scripts/infra.sh -d
Using podman to stop containers
-----------------------------------------
[03/11/2026 17:25:03]: Stopping services
-----------------------------------------
Stopping PostgreSQL database 'fruits_db'
fruits_db
17:25:04,451 [ test-runner:run-tests-983 @ target-host ] for-each: ITERATION = 1
17:25:04,453 [ test-runner:run-tests-983 @ target-host ] queue-download: ${{REPO_DIR}}/logs/measure-rss-${{RUNTIME.name}}-${{ITERATION}}.log=/home/zakkak/spring-quarkus-perf-comparison/logs/measure-rss-quarkus3-native-1.log ../../20260311/run-time-initialize-jdk/target-host/
17:25:04,453 [ test-runner:run-tests-983 @ target-host ] script-cmd: start-test-services
17:25:04,453 [ test-runner:run-tests-983 @ target-host ] start-test-services
17:25:15,550 [ test-runner:run-tests-983 @ target-host ] /home/zakkak/spring-quarkus-perf-comparison/spring-quarkus-perf-comparison/scripts/infra.sh -c 3 -p '4-6' -s
Using podman to start containers
-----------------------------------------
[03/11/2026 17:25:04]: Starting services
-----------------------------------------
Starting PostgreSQL database 'fruits_db'
PostgreSQL DB process: 0f7403f5d228813b2654815eed50a2f773d22d9e0682995fcc9eb380b5f91eb0
Waiting for PostgreSQL to be ready...
localhost:5432 - no response
localhost:5432 - no response
localhost:5432 - accepting connections
17:25:15,551 [ test-runner:run-tests-983 @ target-host ] script-cmd: sync-drop-fs-cache
17:25:15,551 [ test-runner:run-tests-983 @ target-host ] sync-drop-fs-cache
17:25:15,551 [ test-runner:run-tests-983 @ target-host ] read-state: true
17:25:15,551 [ test-runner:run-tests-983 @ target-host ] regex: true
17:25:16,100 [ test-runner:run-tests-983 @ target-host ] sync
17:25:16,100 [ test-runner:run-tests-983 @ target-host ] script-cmd: sync-drop-fs-cache-${{os}}
17:25:16,100 [ test-runner:run-tests-983 @ target-host ] sync-drop-fs-cache-linux
17:25:16,100 [ test-runner:run-tests-983 @ target-host ] script-cmd: sudo
17:25:16,100 [ test-runner:run-tests-983 @ target-host ] sudo
17:25:16,101 [ test-runner:run-tests-983 @ target-host ] script-cmd: sudo-${{os}}
17:25:16,102 [ test-runner:run-tests-983 @ target-host ] sudo-linux
17:25:16,886 [ test-runner:run-tests-983 @ target-host ] sudo sh -c "echo 3 > /proc/sys/vm/drop_caches"
]3008;start=c38794f21f24468ba975da04156d21b4;user=zakkak;hostname=blanc;machineid=f469a615e9ef4e81b7d5be080a5de373;bootid=0e917e08584a49cb891ef04366e00ace;pid=230609;pidfdid=230610;comm=sudo;targetuser=root;sessionid=c191;type=session\]3008;end=c38794f21f24468ba975da04156d21b4\
17:25:17,291 [ test-runner:run-tests-983 @ target-host ] taskset --cpu-list 0-3 /home/zakkak/spring-quarkus-perf-comparison/spring-quarkus-perf-comparison/quarkus3/target/quarkus3-runner  &>/home/zakkak/spring-quarkus-perf-comparison/logs/measure-rss-quarkus3-native-1.log &
[1] 230639
17:25:17,693 [ test-runner:run-tests-983 @ target-host ] APP_PID=$!
17:25:20,098 [ test-runner:run-tests-983 @ target-host ] sleep 2
17:25:20,518 [ test-runner:run-tests-983 @ target-host ] pmap -x $APP_PID | grep total | awk '{print $4}'
69276
17:25:20,518 [ test-runner:run-tests-983 @ target-host ] set-state: RSS_STARTUP 69276
17:25:20,550 [ test-runner:run-tests-983 @ target-host ] script-cmd: state-array-push
17:25:20,550 [ test-runner:run-tests-983 @ target-host ] state-array-push
17:25:20,586 [ test-runner:run-tests-983 @ target-host ] set-state: RUN.output.results.quarkus3-native.rss.startup [67.6640625,67.65234375]
17:25:21,024 [ test-runner:run-tests-983 @ target-host ] curl -s  http://localhost:8080/fruits > /dev/null
17:25:21,429 [ test-runner:run-tests-983 @ target-host ] pmap -x $APP_PID | grep total | awk '{print $4}'
76388
17:25:21,429 [ test-runner:run-tests-983 @ target-host ] set-state: FIRST_REQUEST 76388
17:25:21,449 [ test-runner:run-tests-983 @ target-host ] script-cmd: state-array-push
17:25:21,449 [ test-runner:run-tests-983 @ target-host ] state-array-push
17:25:21,485 [ test-runner:run-tests-983 @ target-host ] set-state: RUN.output.results.quarkus3-native.rss.firstRequest [74.609375,74.59765625]
17:25:21,987 [ test-runner:run-tests-983 @ target-host ] kill -15 $APP_PID
17:25:24,390 [ test-runner:run-tests-983 @ target-host ] sleep 2
17:25:24,390 [ test-runner:run-tests-983 @ target-host ] script-cmd: stop-test-services
17:25:24,390 [ test-runner:run-tests-983 @ target-host ] stop-test-services
17:25:25,040 [ test-runner:run-tests-983 @ target-host ] /home/zakkak/spring-quarkus-perf-comparison/spring-quarkus-perf-comparison/scripts/infra.sh -d
Using podman to stop containers
-----------------------------------------
[03/11/2026 17:25:24]: Stopping services
-----------------------------------------
Stopping PostgreSQL database 'fruits_db'
fruits_db
17:25:25,098 [ test-runner:run-tests-983 @ target-host ] for-each: ITERATION = 2
17:25:25,100 [ test-runner:run-tests-983 @ target-host ] queue-download: ${{REPO_DIR}}/logs/measure-rss-${{RUNTIME.name}}-${{ITERATION}}.log=/home/zakkak/spring-quarkus-perf-comparison/logs/measure-rss-quarkus3-native-2.log ../../20260311/run-time-initialize-jdk/target-host/
17:25:25,100 [ test-runner:run-tests-983 @ target-host ] script-cmd: start-test-services
17:25:25,100 [ test-runner:run-tests-983 @ target-host ] start-test-services
17:25:36,175 [ test-runner:run-tests-983 @ target-host ] /home/zakkak/spring-quarkus-perf-comparison/spring-quarkus-perf-comparison/scripts/infra.sh -c 3 -p '4-6' -s
Using podman to start containers
-----------------------------------------
[03/11/2026 17:25:25]: Starting services
-----------------------------------------
Starting PostgreSQL database 'fruits_db'
PostgreSQL DB process: 05b62aeeb25b2e1b42b0d46d9b8c9befc635c02d0c8e157efca3d454e8193eb4
Waiting for PostgreSQL to be ready...
localhost:5432 - no response
localhost:5432 - no response
localhost:5432 - accepting connections
17:25:36,175 [ test-runner:run-tests-983 @ target-host ] script-cmd: sync-drop-fs-cache
17:25:36,175 [ test-runner:run-tests-983 @ target-host ] sync-drop-fs-cache
17:25:36,175 [ test-runner:run-tests-983 @ target-host ] read-state: true
17:25:36,176 [ test-runner:run-tests-983 @ target-host ] regex: true
17:25:36,789 [ test-runner:run-tests-983 @ target-host ] sync
17:25:36,789 [ test-runner:run-tests-983 @ target-host ] script-cmd: sync-drop-fs-cache-${{os}}
17:25:36,789 [ test-runner:run-tests-983 @ target-host ] sync-drop-fs-cache-linux
17:25:36,789 [ test-runner:run-tests-983 @ target-host ] script-cmd: sudo
17:25:36,789 [ test-runner:run-tests-983 @ target-host ] sudo
17:25:36,789 [ test-runner:run-tests-983 @ target-host ] script-cmd: sudo-${{os}}
17:25:36,789 [ test-runner:run-tests-983 @ target-host ] sudo-linux
17:25:37,549 [ test-runner:run-tests-983 @ target-host ] sudo sh -c "echo 3 > /proc/sys/vm/drop_caches"
]3008;start=e8073c7884384f22ad48fddd71cd6098;user=zakkak;hostname=blanc;machineid=f469a615e9ef4e81b7d5be080a5de373;bootid=0e917e08584a49cb891ef04366e00ace;pid=231071;pidfdid=231072;comm=sudo;targetuser=root;sessionid=c192;type=session\]3008;end=e8073c7884384f22ad48fddd71cd6098\
17:25:37,960 [ test-runner:run-tests-983 @ target-host ] taskset --cpu-list 0-3 /home/zakkak/spring-quarkus-perf-comparison/spring-quarkus-perf-comparison/quarkus3/target/quarkus3-runner  &>/home/zakkak/spring-quarkus-perf-comparison/logs/measure-rss-quarkus3-native-2.log &
[1] 231099
17:25:38,362 [ test-runner:run-tests-983 @ target-host ] APP_PID=$!
17:25:40,775 [ test-runner:run-tests-983 @ target-host ] sleep 2
17:25:41,193 [ test-runner:run-tests-983 @ target-host ] pmap -x $APP_PID | grep total | awk '{print $4}'
69140
17:25:41,193 [ test-runner:run-tests-983 @ target-host ] set-state: RSS_STARTUP 69140
17:25:41,221 [ test-runner:run-tests-983 @ target-host ] script-cmd: state-array-push
17:25:41,221 [ test-runner:run-tests-983 @ target-host ] state-array-push
17:25:41,267 [ test-runner:run-tests-983 @ target-host ] set-state: RUN.output.results.quarkus3-native.rss.startup [67.6640625,67.65234375,67.51953125]
17:25:41,698 [ test-runner:run-tests-983 @ target-host ] curl -s  http://localhost:8080/fruits > /dev/null
17:25:42,104 [ test-runner:run-tests-983 @ target-host ] pmap -x $APP_PID | grep total | awk '{print $4}'
76252
17:25:42,104 [ test-runner:run-tests-983 @ target-host ] set-state: FIRST_REQUEST 76252
17:25:42,124 [ test-runner:run-tests-983 @ target-host ] script-cmd: state-array-push
17:25:42,124 [ test-runner:run-tests-983 @ target-host ] state-array-push
17:25:42,160 [ test-runner:run-tests-983 @ target-host ] set-state: RUN.output.results.quarkus3-native.rss.firstRequest [74.609375,74.59765625,74.46484375]
17:25:42,662 [ test-runner:run-tests-983 @ target-host ] kill -15 $APP_PID
17:25:45,073 [ test-runner:run-tests-983 @ target-host ] sleep 2
17:25:45,073 [ test-runner:run-tests-983 @ target-host ] script-cmd: stop-test-services
17:25:45,073 [ test-runner:run-tests-983 @ target-host ] stop-test-services
17:25:45,708 [ test-runner:run-tests-983 @ target-host ] /home/zakkak/spring-quarkus-perf-comparison/spring-quarkus-perf-comparison/scripts/infra.sh -d
Using podman to stop containers
-----------------------------------------
[03/11/2026 17:25:45]: Stopping services
-----------------------------------------
Stopping PostgreSQL database 'fruits_db'
fruits_db
17:25:45,784 [ test-runner:run-tests-983 @ target-host ] for-each: ITERATION = 3
17:25:45,786 [ test-runner:run-tests-983 @ target-host ] queue-download: ${{REPO_DIR}}/logs/measure-rss-${{RUNTIME.name}}-${{ITERATION}}.log=/home/zakkak/spring-quarkus-perf-comparison/logs/measure-rss-quarkus3-native-3.log ../../20260311/run-time-initialize-jdk/target-host/
17:25:45,786 [ test-runner:run-tests-983 @ target-host ] script-cmd: start-test-services
17:25:45,786 [ test-runner:run-tests-983 @ target-host ] start-test-services
17:25:56,884 [ test-runner:run-tests-983 @ target-host ] /home/zakkak/spring-quarkus-perf-comparison/spring-quarkus-perf-comparison/scripts/infra.sh -c 3 -p '4-6' -s
Using podman to start containers
-----------------------------------------
[03/11/2026 17:25:45]: Starting services
-----------------------------------------
Starting PostgreSQL database 'fruits_db'
PostgreSQL DB process: aa713af8f40c495fafd2723614e14f4cfdf3842cb32dbca7371fdbc023ad5873
Waiting for PostgreSQL to be ready...
localhost:5432 - no response
localhost:5432 - no response
localhost:5432 - accepting connections
17:25:56,884 [ test-runner:run-tests-983 @ target-host ] script-cmd: sync-drop-fs-cache
17:25:56,884 [ test-runner:run-tests-983 @ target-host ] sync-drop-fs-cache
17:25:56,885 [ test-runner:run-tests-983 @ target-host ] read-state: true
17:25:56,885 [ test-runner:run-tests-983 @ target-host ] regex: true
17:25:57,450 [ test-runner:run-tests-983 @ target-host ] sync
17:25:57,450 [ test-runner:run-tests-983 @ target-host ] script-cmd: sync-drop-fs-cache-${{os}}
17:25:57,450 [ test-runner:run-tests-983 @ target-host ] sync-drop-fs-cache-linux
17:25:57,451 [ test-runner:run-tests-983 @ target-host ] script-cmd: sudo
17:25:57,451 [ test-runner:run-tests-983 @ target-host ] sudo
17:25:57,451 [ test-runner:run-tests-983 @ target-host ] script-cmd: sudo-${{os}}
17:25:57,451 [ test-runner:run-tests-983 @ target-host ] sudo-linux
17:25:58,232 [ test-runner:run-tests-983 @ target-host ] sudo sh -c "echo 3 > /proc/sys/vm/drop_caches"
]3008;start=83dda8696ac343cdb42ecb8757776c54;user=zakkak;hostname=blanc;machineid=f469a615e9ef4e81b7d5be080a5de373;bootid=0e917e08584a49cb891ef04366e00ace;pid=231530;pidfdid=231531;comm=sudo;targetuser=root;sessionid=c193;type=session\]3008;end=83dda8696ac343cdb42ecb8757776c54\
17:25:58,635 [ test-runner:run-tests-983 @ target-host ] taskset --cpu-list 0-3 /home/zakkak/spring-quarkus-perf-comparison/spring-quarkus-perf-comparison/quarkus3/target/quarkus3-runner  &>/home/zakkak/spring-quarkus-perf-comparison/logs/measure-rss-quarkus3-native-3.log &
[1] 231559
17:25:59,037 [ test-runner:run-tests-983 @ target-host ] APP_PID=$!
17:26:01,450 [ test-runner:run-tests-983 @ target-host ] sleep 2
17:26:01,867 [ test-runner:run-tests-983 @ target-host ] pmap -x $APP_PID | grep total | awk '{print $4}'
69136
17:26:01,867 [ test-runner:run-tests-983 @ target-host ] set-state: RSS_STARTUP 69136
17:26:01,908 [ test-runner:run-tests-983 @ target-host ] script-cmd: state-array-push
17:26:01,908 [ test-runner:run-tests-983 @ target-host ] state-array-push
17:26:01,971 [ test-runner:run-tests-983 @ target-host ] set-state: RUN.output.results.quarkus3-native.rss.startup [67.6640625,67.65234375,67.51953125,67.515625]
17:26:02,402 [ test-runner:run-tests-983 @ target-host ] curl -s  http://localhost:8080/fruits > /dev/null
17:26:02,808 [ test-runner:run-tests-983 @ target-host ] pmap -x $APP_PID | grep total | awk '{print $4}'
76248
17:26:02,808 [ test-runner:run-tests-983 @ target-host ] set-state: FIRST_REQUEST 76248
17:26:02,836 [ test-runner:run-tests-983 @ target-host ] script-cmd: state-array-push
17:26:02,836 [ test-runner:run-tests-983 @ target-host ] state-array-push
17:26:02,892 [ test-runner:run-tests-983 @ target-host ] set-state: RUN.output.results.quarkus3-native.rss.firstRequest [74.609375,74.59765625,74.46484375,74.4609375]
17:26:03,394 [ test-runner:run-tests-983 @ target-host ] kill -15 $APP_PID
17:26:05,796 [ test-runner:run-tests-983 @ target-host ] sleep 2
17:26:05,796 [ test-runner:run-tests-983 @ target-host ] script-cmd: stop-test-services
17:26:05,796 [ test-runner:run-tests-983 @ target-host ] stop-test-services
17:26:06,433 [ test-runner:run-tests-983 @ target-host ] /home/zakkak/spring-quarkus-perf-comparison/spring-quarkus-perf-comparison/scripts/infra.sh -d
Using podman to stop containers
-----------------------------------------
[03/11/2026 17:26:05]: Stopping services
-----------------------------------------
Stopping PostgreSQL database 'fruits_db'
fruits_db
17:26:06,517 [ test-runner:run-tests-983 @ target-host ] for-each: ITERATION = 4
17:26:06,526 [ test-runner:run-tests-983 @ target-host ] queue-download: ${{REPO_DIR}}/logs/measure-rss-${{RUNTIME.name}}-${{ITERATION}}.log=/home/zakkak/spring-quarkus-perf-comparison/logs/measure-rss-quarkus3-native-4.log ../../20260311/run-time-initialize-jdk/target-host/
17:26:06,526 [ test-runner:run-tests-983 @ target-host ] script-cmd: start-test-services
17:26:06,526 [ test-runner:run-tests-983 @ target-host ] start-test-services
17:26:17,641 [ test-runner:run-tests-983 @ target-host ] /home/zakkak/spring-quarkus-perf-comparison/spring-quarkus-perf-comparison/scripts/infra.sh -c 3 -p '4-6' -s
Using podman to start containers
-----------------------------------------
[03/11/2026 17:26:06]: Starting services
-----------------------------------------
Starting PostgreSQL database 'fruits_db'
PostgreSQL DB process: 46c494c35212d9d67306c4e9077ede140685b256e26b4682c6eec867663c99dd
Waiting for PostgreSQL to be ready...
localhost:5432 - no response
localhost:5432 - no response
localhost:5432 - accepting connections
17:26:17,641 [ test-runner:run-tests-983 @ target-host ] script-cmd: sync-drop-fs-cache
17:26:17,641 [ test-runner:run-tests-983 @ target-host ] sync-drop-fs-cache
17:26:17,641 [ test-runner:run-tests-983 @ target-host ] read-state: true
17:26:17,641 [ test-runner:run-tests-983 @ target-host ] regex: true
17:26:18,243 [ test-runner:run-tests-983 @ target-host ] sync
17:26:18,244 [ test-runner:run-tests-983 @ target-host ] script-cmd: sync-drop-fs-cache-${{os}}
17:26:18,244 [ test-runner:run-tests-983 @ target-host ] sync-drop-fs-cache-linux
17:26:18,244 [ test-runner:run-tests-983 @ target-host ] script-cmd: sudo
17:26:18,244 [ test-runner:run-tests-983 @ target-host ] sudo
17:26:18,245 [ test-runner:run-tests-983 @ target-host ] script-cmd: sudo-${{os}}
17:26:18,245 [ test-runner:run-tests-983 @ target-host ] sudo-linux
17:26:19,017 [ test-runner:run-tests-983 @ target-host ] sudo sh -c "echo 3 > /proc/sys/vm/drop_caches"
]3008;start=30623e49fecc432c9bf6145a442f88b2;user=zakkak;hostname=blanc;machineid=f469a615e9ef4e81b7d5be080a5de373;bootid=0e917e08584a49cb891ef04366e00ace;pid=231984;pidfdid=231985;comm=sudo;targetuser=root;sessionid=c194;type=session\]3008;end=30623e49fecc432c9bf6145a442f88b2\
17:26:19,421 [ test-runner:run-tests-983 @ target-host ] taskset --cpu-list 0-3 /home/zakkak/spring-quarkus-perf-comparison/spring-quarkus-perf-comparison/quarkus3/target/quarkus3-runner  &>/home/zakkak/spring-quarkus-perf-comparison/logs/measure-rss-quarkus3-native-4.log &
[1] 232013
17:26:19,823 [ test-runner:run-tests-983 @ target-host ] APP_PID=$!
17:26:22,236 [ test-runner:run-tests-983 @ target-host ] sleep 2
17:26:22,653 [ test-runner:run-tests-983 @ target-host ] pmap -x $APP_PID | grep total | awk '{print $4}'
69276
17:26:22,653 [ test-runner:run-tests-983 @ target-host ] set-state: RSS_STARTUP 69276
17:26:22,691 [ test-runner:run-tests-983 @ target-host ] script-cmd: state-array-push
17:26:22,691 [ test-runner:run-tests-983 @ target-host ] state-array-push
17:26:22,747 [ test-runner:run-tests-983 @ target-host ] set-state: RUN.output.results.quarkus3-native.rss.startup [67.6640625,67.65234375,67.51953125,67.515625,67.65234375]
17:26:23,177 [ test-runner:run-tests-983 @ target-host ] curl -s  http://localhost:8080/fruits > /dev/null
17:26:23,583 [ test-runner:run-tests-983 @ target-host ] pmap -x $APP_PID | grep total | awk '{print $4}'
76392
17:26:23,583 [ test-runner:run-tests-983 @ target-host ] set-state: FIRST_REQUEST 76392
17:26:23,604 [ test-runner:run-tests-983 @ target-host ] script-cmd: state-array-push
17:26:23,604 [ test-runner:run-tests-983 @ target-host ] state-array-push
17:26:23,640 [ test-runner:run-tests-983 @ target-host ] set-state: RUN.output.results.quarkus3-native.rss.firstRequest [74.609375,74.59765625,74.46484375,74.4609375,74.6015625]
17:26:24,142 [ test-runner:run-tests-983 @ target-host ] kill -15 $APP_PID
17:26:26,545 [ test-runner:run-tests-983 @ target-host ] sleep 2
17:26:26,545 [ test-runner:run-tests-983 @ target-host ] script-cmd: stop-test-services
17:26:26,545 [ test-runner:run-tests-983 @ target-host ] stop-test-services
17:26:27,196 [ test-runner:run-tests-983 @ target-host ] /home/zakkak/spring-quarkus-perf-comparison/spring-quarkus-perf-comparison/scripts/infra.sh -d
Using podman to stop containers
-----------------------------------------
[03/11/2026 17:26:26]: Stopping services
-----------------------------------------
Stopping PostgreSQL database 'fruits_db'
fruits_db
17:26:27,250 [ test-runner:run-tests-983 @ target-host ] for-each: ITERATION = 5
17:26:27,258 [ test-runner:run-tests-983 @ target-host ] queue-download: ${{REPO_DIR}}/logs/measure-rss-${{RUNTIME.name}}-${{ITERATION}}.log=/home/zakkak/spring-quarkus-perf-comparison/logs/measure-rss-quarkus3-native-5.log ../../20260311/run-time-initialize-jdk/target-host/
17:26:27,258 [ test-runner:run-tests-983 @ target-host ] script-cmd: start-test-services
17:26:27,259 [ test-runner:run-tests-983 @ target-host ] start-test-services
17:26:38,331 [ test-runner:run-tests-983 @ target-host ] /home/zakkak/spring-quarkus-perf-comparison/spring-quarkus-perf-comparison/scripts/infra.sh -c 3 -p '4-6' -s
Using podman to start containers
-----------------------------------------
[03/11/2026 17:26:27]: Starting services
-----------------------------------------
Starting PostgreSQL database 'fruits_db'
PostgreSQL DB process: 86e3f1ff98fc39640c925357ec580b6f2fa729b51bae00d9901f32f3015e51d0
Waiting for PostgreSQL to be ready...
localhost:5432 - no response
localhost:5432 - no response
localhost:5432 - accepting connections
17:26:38,331 [ test-runner:run-tests-983 @ target-host ] script-cmd: sync-drop-fs-cache
17:26:38,331 [ test-runner:run-tests-983 @ target-host ] sync-drop-fs-cache
17:26:38,332 [ test-runner:run-tests-983 @ target-host ] read-state: true
17:26:38,332 [ test-runner:run-tests-983 @ target-host ] regex: true
17:26:38,875 [ test-runner:run-tests-983 @ target-host ] sync
17:26:38,876 [ test-runner:run-tests-983 @ target-host ] script-cmd: sync-drop-fs-cache-${{os}}
17:26:38,876 [ test-runner:run-tests-983 @ target-host ] sync-drop-fs-cache-linux
17:26:38,876 [ test-runner:run-tests-983 @ target-host ] script-cmd: sudo
17:26:38,876 [ test-runner:run-tests-983 @ target-host ] sudo
17:26:38,876 [ test-runner:run-tests-983 @ target-host ] script-cmd: sudo-${{os}}
17:26:38,876 [ test-runner:run-tests-983 @ target-host ] sudo-linux
17:26:39,667 [ test-runner:run-tests-983 @ target-host ] sudo sh -c "echo 3 > /proc/sys/vm/drop_caches"
]3008;start=cb241c15bdb74712b63850cef331fe23;user=zakkak;hostname=blanc;machineid=f469a615e9ef4e81b7d5be080a5de373;bootid=0e917e08584a49cb891ef04366e00ace;pid=232449;pidfdid=232450;comm=sudo;targetuser=root;sessionid=c195;type=session\]3008;end=cb241c15bdb74712b63850cef331fe23\
17:26:40,079 [ test-runner:run-tests-983 @ target-host ] taskset --cpu-list 0-3 /home/zakkak/spring-quarkus-perf-comparison/spring-quarkus-perf-comparison/quarkus3/target/quarkus3-runner  &>/home/zakkak/spring-quarkus-perf-comparison/logs/measure-rss-quarkus3-native-5.log &
[1] 232478
17:26:40,480 [ test-runner:run-tests-983 @ target-host ] APP_PID=$!
17:26:42,893 [ test-runner:run-tests-983 @ target-host ] sleep 2
17:26:43,310 [ test-runner:run-tests-983 @ target-host ] pmap -x $APP_PID | grep total | awk '{print $4}'
69224
17:26:43,311 [ test-runner:run-tests-983 @ target-host ] set-state: RSS_STARTUP 69224
17:26:43,339 [ test-runner:run-tests-983 @ target-host ] script-cmd: state-array-push
17:26:43,339 [ test-runner:run-tests-983 @ target-host ] state-array-push
17:26:43,375 [ test-runner:run-tests-983 @ target-host ] set-state: RUN.output.results.quarkus3-native.rss.startup [67.6640625,67.65234375,67.51953125,67.515625,67.65234375,67.6015625]
17:26:43,806 [ test-runner:run-tests-983 @ target-host ] curl -s  http://localhost:8080/fruits > /dev/null
17:26:44,220 [ test-runner:run-tests-983 @ target-host ] pmap -x $APP_PID | grep total | awk '{print $4}'
76336
17:26:44,220 [ test-runner:run-tests-983 @ target-host ] set-state: FIRST_REQUEST 76336
17:26:44,239 [ test-runner:run-tests-983 @ target-host ] script-cmd: state-array-push
17:26:44,239 [ test-runner:run-tests-983 @ target-host ] state-array-push
17:26:44,275 [ test-runner:run-tests-983 @ target-host ] set-state: RUN.output.results.quarkus3-native.rss.firstRequest [74.609375,74.59765625,74.46484375,74.4609375,74.6015625,74.546875]
17:26:44,777 [ test-runner:run-tests-983 @ target-host ] kill -15 $APP_PID
17:26:47,179 [ test-runner:run-tests-983 @ target-host ] sleep 2
17:26:47,179 [ test-runner:run-tests-983 @ target-host ] script-cmd: stop-test-services
17:26:47,180 [ test-runner:run-tests-983 @ target-host ] stop-test-services
17:26:47,831 [ test-runner:run-tests-983 @ target-host ] /home/zakkak/spring-quarkus-perf-comparison/spring-quarkus-perf-comparison/scripts/infra.sh -d
Using podman to stop containers
-----------------------------------------
[03/11/2026 17:26:47]: Stopping services
-----------------------------------------
Stopping PostgreSQL database 'fruits_db'
fruits_db
17:26:47,884 [ test-runner:run-tests-983 @ target-host ] for-each: ITERATION = 6
17:26:47,893 [ test-runner:run-tests-983 @ target-host ] queue-download: ${{REPO_DIR}}/logs/measure-rss-${{RUNTIME.name}}-${{ITERATION}}.log=/home/zakkak/spring-quarkus-perf-comparison/logs/measure-rss-quarkus3-native-6.log ../../20260311/run-time-initialize-jdk/target-host/
17:26:47,893 [ test-runner:run-tests-983 @ target-host ] script-cmd: start-test-services
17:26:47,893 [ test-runner:run-tests-983 @ target-host ] start-test-services
17:26:59,000 [ test-runner:run-tests-983 @ target-host ] /home/zakkak/spring-quarkus-perf-comparison/spring-quarkus-perf-comparison/scripts/infra.sh -c 3 -p '4-6' -s
Using podman to start containers
-----------------------------------------
[03/11/2026 17:26:47]: Starting services
-----------------------------------------
Starting PostgreSQL database 'fruits_db'
PostgreSQL DB process: d66f00e83e6ab535269fdf64d56f30d61094c5872a2b6ed1d4c7d2f54c692f4f
Waiting for PostgreSQL to be ready...
localhost:5432 - no response
localhost:5432 - no response
localhost:5432 - accepting connections
17:26:59,000 [ test-runner:run-tests-983 @ target-host ] script-cmd: sync-drop-fs-cache
17:26:59,000 [ test-runner:run-tests-983 @ target-host ] sync-drop-fs-cache
17:26:59,000 [ test-runner:run-tests-983 @ target-host ] read-state: true
17:26:59,000 [ test-runner:run-tests-983 @ target-host ] regex: true
17:26:59,627 [ test-runner:run-tests-983 @ target-host ] sync
17:26:59,628 [ test-runner:run-tests-983 @ target-host ] script-cmd: sync-drop-fs-cache-${{os}}
17:26:59,628 [ test-runner:run-tests-983 @ target-host ] sync-drop-fs-cache-linux
17:26:59,628 [ test-runner:run-tests-983 @ target-host ] script-cmd: sudo
17:26:59,628 [ test-runner:run-tests-983 @ target-host ] sudo
17:26:59,628 [ test-runner:run-tests-983 @ target-host ] script-cmd: sudo-${{os}}
17:26:59,628 [ test-runner:run-tests-983 @ target-host ] sudo-linux
17:27:00,396 [ test-runner:run-tests-983 @ target-host ] sudo sh -c "echo 3 > /proc/sys/vm/drop_caches"
]3008;start=7faeaa4208334a0696be99cff251862f;user=zakkak;hostname=blanc;machineid=f469a615e9ef4e81b7d5be080a5de373;bootid=0e917e08584a49cb891ef04366e00ace;pid=232907;pidfdid=232908;comm=sudo;targetuser=root;sessionid=c196;type=session\]3008;end=7faeaa4208334a0696be99cff251862f\
17:27:00,807 [ test-runner:run-tests-983 @ target-host ] taskset --cpu-list 0-3 /home/zakkak/spring-quarkus-perf-comparison/spring-quarkus-perf-comparison/quarkus3/target/quarkus3-runner  &>/home/zakkak/spring-quarkus-perf-comparison/logs/measure-rss-quarkus3-native-6.log &
[1] 232939
17:27:01,209 [ test-runner:run-tests-983 @ target-host ] APP_PID=$!
17:27:03,621 [ test-runner:run-tests-983 @ target-host ] sleep 2
17:27:04,039 [ test-runner:run-tests-983 @ target-host ] pmap -x $APP_PID | grep total | awk '{print $4}'
69332
17:27:04,039 [ test-runner:run-tests-983 @ target-host ] set-state: RSS_STARTUP 69332
17:27:04,073 [ test-runner:run-tests-983 @ target-host ] script-cmd: state-array-push
17:27:04,073 [ test-runner:run-tests-983 @ target-host ] state-array-push
17:27:04,110 [ test-runner:run-tests-983 @ target-host ] set-state: RUN.output.results.quarkus3-native.rss.startup [67.6640625,67.65234375,67.51953125,67.515625,67.65234375,67.6015625,67.70703125]
17:27:04,541 [ test-runner:run-tests-983 @ target-host ] curl -s  http://localhost:8080/fruits > /dev/null
17:27:04,946 [ test-runner:run-tests-983 @ target-host ] pmap -x $APP_PID | grep total | awk '{print $4}'
76448
17:27:04,947 [ test-runner:run-tests-983 @ target-host ] set-state: FIRST_REQUEST 76448
17:27:04,968 [ test-runner:run-tests-983 @ target-host ] script-cmd: state-array-push
17:27:04,968 [ test-runner:run-tests-983 @ target-host ] state-array-push
17:27:05,010 [ test-runner:run-tests-983 @ target-host ] set-state: RUN.output.results.quarkus3-native.rss.firstRequest [74.609375,74.59765625,74.46484375,74.4609375,74.6015625,74.546875,74.65625]
17:27:05,512 [ test-runner:run-tests-983 @ target-host ] kill -15 $APP_PID
17:27:07,915 [ test-runner:run-tests-983 @ target-host ] sleep 2
17:27:07,915 [ test-runner:run-tests-983 @ target-host ] script-cmd: stop-test-services
17:27:07,915 [ test-runner:run-tests-983 @ target-host ] stop-test-services
17:27:08,566 [ test-runner:run-tests-983 @ target-host ] /home/zakkak/spring-quarkus-perf-comparison/spring-quarkus-perf-comparison/scripts/infra.sh -d
Using podman to stop containers
-----------------------------------------
[03/11/2026 17:27:07]: Stopping services
-----------------------------------------
Stopping PostgreSQL database 'fruits_db'
fruits_db
17:27:08,623 [ test-runner:run-tests-983 @ target-host ] for-each: ITERATION = 7
17:27:08,630 [ test-runner:run-tests-983 @ target-host ] queue-download: ${{REPO_DIR}}/logs/measure-rss-${{RUNTIME.name}}-${{ITERATION}}.log=/home/zakkak/spring-quarkus-perf-comparison/logs/measure-rss-quarkus3-native-7.log ../../20260311/run-time-initialize-jdk/target-host/
17:27:08,630 [ test-runner:run-tests-983 @ target-host ] script-cmd: start-test-services
17:27:08,630 [ test-runner:run-tests-983 @ target-host ] start-test-services
17:27:19,724 [ test-runner:run-tests-983 @ target-host ] /home/zakkak/spring-quarkus-perf-comparison/spring-quarkus-perf-comparison/scripts/infra.sh -c 3 -p '4-6' -s
Using podman to start containers
-----------------------------------------
[03/11/2026 17:27:08]: Starting services
-----------------------------------------
Starting PostgreSQL database 'fruits_db'
PostgreSQL DB process: 54148fe2a81e32ff5f888a729a5dd588b10833a0fe96a2aa984c384dcbb92877
Waiting for PostgreSQL to be ready...
localhost:5432 - no response
localhost:5432 - no response
localhost:5432 - accepting connections
17:27:19,724 [ test-runner:run-tests-983 @ target-host ] script-cmd: sync-drop-fs-cache
17:27:19,724 [ test-runner:run-tests-983 @ target-host ] sync-drop-fs-cache
17:27:19,724 [ test-runner:run-tests-983 @ target-host ] read-state: true
17:27:19,724 [ test-runner:run-tests-983 @ target-host ] regex: true
17:27:20,280 [ test-runner:run-tests-983 @ target-host ] sync
17:27:20,280 [ test-runner:run-tests-983 @ target-host ] script-cmd: sync-drop-fs-cache-${{os}}
17:27:20,280 [ test-runner:run-tests-983 @ target-host ] sync-drop-fs-cache-linux
17:27:20,280 [ test-runner:run-tests-983 @ target-host ] script-cmd: sudo
17:27:20,280 [ test-runner:run-tests-983 @ target-host ] sudo
17:27:20,281 [ test-runner:run-tests-983 @ target-host ] script-cmd: sudo-${{os}}
17:27:20,281 [ test-runner:run-tests-983 @ target-host ] sudo-linux
17:27:21,084 [ test-runner:run-tests-983 @ target-host ] sudo sh -c "echo 3 > /proc/sys/vm/drop_caches"
]3008;start=4a163da6c8ae449ca41b2665987f19b3;user=zakkak;hostname=blanc;machineid=f469a615e9ef4e81b7d5be080a5de373;bootid=0e917e08584a49cb891ef04366e00ace;pid=233372;pidfdid=233373;comm=sudo;targetuser=root;sessionid=c197;type=session\]3008;end=4a163da6c8ae449ca41b2665987f19b3\
17:27:21,488 [ test-runner:run-tests-983 @ target-host ] taskset --cpu-list 0-3 /home/zakkak/spring-quarkus-perf-comparison/spring-quarkus-perf-comparison/quarkus3/target/quarkus3-runner  &>/home/zakkak/spring-quarkus-perf-comparison/logs/measure-rss-quarkus3-native-7.log &
[1] 233402
17:27:21,890 [ test-runner:run-tests-983 @ target-host ] APP_PID=$!
17:27:24,297 [ test-runner:run-tests-983 @ target-host ] sleep 2
17:27:24,715 [ test-runner:run-tests-983 @ target-host ] pmap -x $APP_PID | grep total | awk '{print $4}'
69164
17:27:24,715 [ test-runner:run-tests-983 @ target-host ] set-state: RSS_STARTUP 69164
17:27:24,734 [ test-runner:run-tests-983 @ target-host ] script-cmd: state-array-push
17:27:24,734 [ test-runner:run-tests-983 @ target-host ] state-array-push
17:27:24,778 [ test-runner:run-tests-983 @ target-host ] set-state: RUN.output.results.quarkus3-native.rss.startup [67.6640625,67.65234375,67.51953125,67.515625,67.65234375,67.6015625,67.70703125,67.54296875]
17:27:25,208 [ test-runner:run-tests-983 @ target-host ] curl -s  http://localhost:8080/fruits > /dev/null
17:27:25,614 [ test-runner:run-tests-983 @ target-host ] pmap -x $APP_PID | grep total | awk '{print $4}'
76276
17:27:25,614 [ test-runner:run-tests-983 @ target-host ] set-state: FIRST_REQUEST 76276
17:27:25,635 [ test-runner:run-tests-983 @ target-host ] script-cmd: state-array-push
17:27:25,635 [ test-runner:run-tests-983 @ target-host ] state-array-push
17:27:25,670 [ test-runner:run-tests-983 @ target-host ] set-state: RUN.output.results.quarkus3-native.rss.firstRequest [74.609375,74.59765625,74.46484375,74.4609375,74.6015625,74.546875,74.65625,74.48828125]
17:27:26,172 [ test-runner:run-tests-983 @ target-host ] kill -15 $APP_PID
17:27:28,575 [ test-runner:run-tests-983 @ target-host ] sleep 2
17:27:28,575 [ test-runner:run-tests-983 @ target-host ] script-cmd: stop-test-services
17:27:28,575 [ test-runner:run-tests-983 @ target-host ] stop-test-services
17:27:29,223 [ test-runner:run-tests-983 @ target-host ] /home/zakkak/spring-quarkus-perf-comparison/spring-quarkus-perf-comparison/scripts/infra.sh -d
Using podman to stop containers
-----------------------------------------
[03/11/2026 17:27:28]: Stopping services
-----------------------------------------
Stopping PostgreSQL database 'fruits_db'
fruits_db
17:27:29,278 [ test-runner:run-tests-983 @ target-host ] for-each: ITERATION = 8
17:27:29,280 [ test-runner:run-tests-983 @ target-host ] queue-download: ${{REPO_DIR}}/logs/measure-rss-${{RUNTIME.name}}-${{ITERATION}}.log=/home/zakkak/spring-quarkus-perf-comparison/logs/measure-rss-quarkus3-native-8.log ../../20260311/run-time-initialize-jdk/target-host/
17:27:29,280 [ test-runner:run-tests-983 @ target-host ] script-cmd: start-test-services
17:27:29,280 [ test-runner:run-tests-983 @ target-host ] start-test-services
17:27:40,375 [ test-runner:run-tests-983 @ target-host ] /home/zakkak/spring-quarkus-perf-comparison/spring-quarkus-perf-comparison/scripts/infra.sh -c 3 -p '4-6' -s
Using podman to start containers
-----------------------------------------
[03/11/2026 17:27:29]: Starting services
-----------------------------------------
Starting PostgreSQL database 'fruits_db'
PostgreSQL DB process: 0a98babddcc8df6949970e1010b539ab7b322f79bddb8aa3b9005cffcd5eeab0
Waiting for PostgreSQL to be ready...
localhost:5432 - no response
localhost:5432 - no response
localhost:5432 - accepting connections
17:27:40,375 [ test-runner:run-tests-983 @ target-host ] script-cmd: sync-drop-fs-cache
17:27:40,375 [ test-runner:run-tests-983 @ target-host ] sync-drop-fs-cache
17:27:40,375 [ test-runner:run-tests-983 @ target-host ] read-state: true
17:27:40,376 [ test-runner:run-tests-983 @ target-host ] regex: true
17:27:40,978 [ test-runner:run-tests-983 @ target-host ] sync
17:27:40,979 [ test-runner:run-tests-983 @ target-host ] script-cmd: sync-drop-fs-cache-${{os}}
17:27:40,979 [ test-runner:run-tests-983 @ target-host ] sync-drop-fs-cache-linux
17:27:40,979 [ test-runner:run-tests-983 @ target-host ] script-cmd: sudo
17:27:40,979 [ test-runner:run-tests-983 @ target-host ] sudo
17:27:40,979 [ test-runner:run-tests-983 @ target-host ] script-cmd: sudo-${{os}}
17:27:40,979 [ test-runner:run-tests-983 @ target-host ] sudo-linux
17:27:41,749 [ test-runner:run-tests-983 @ target-host ] sudo sh -c "echo 3 > /proc/sys/vm/drop_caches"
]3008;start=e14ba76279eb438f9978d48895f1ed6a;user=zakkak;hostname=blanc;machineid=f469a615e9ef4e81b7d5be080a5de373;bootid=0e917e08584a49cb891ef04366e00ace;pid=233844;pidfdid=233845;comm=sudo;targetuser=root;sessionid=c198;type=session\]3008;end=e14ba76279eb438f9978d48895f1ed6a\
17:27:42,152 [ test-runner:run-tests-983 @ target-host ] taskset --cpu-list 0-3 /home/zakkak/spring-quarkus-perf-comparison/spring-quarkus-perf-comparison/quarkus3/target/quarkus3-runner  &>/home/zakkak/spring-quarkus-perf-comparison/logs/measure-rss-quarkus3-native-8.log &
[1] 233873
17:27:42,554 [ test-runner:run-tests-983 @ target-host ] APP_PID=$!
17:27:44,976 [ test-runner:run-tests-983 @ target-host ] sleep 2
17:27:45,396 [ test-runner:run-tests-983 @ target-host ] pmap -x $APP_PID | grep total | awk '{print $4}'
69268
17:27:45,396 [ test-runner:run-tests-983 @ target-host ] set-state: RSS_STARTUP 69268
17:27:45,426 [ test-runner:run-tests-983 @ target-host ] script-cmd: state-array-push
17:27:45,426 [ test-runner:run-tests-983 @ target-host ] state-array-push
17:27:45,464 [ test-runner:run-tests-983 @ target-host ] set-state: RUN.output.results.quarkus3-native.rss.startup [67.6640625,67.65234375,67.51953125,67.515625,67.65234375,67.6015625,67.70703125,67.54296875,67.64453125]
17:27:45,901 [ test-runner:run-tests-983 @ target-host ] curl -s  http://localhost:8080/fruits > /dev/null
17:27:46,306 [ test-runner:run-tests-983 @ target-host ] pmap -x $APP_PID | grep total | awk '{print $4}'
76384
17:27:46,306 [ test-runner:run-tests-983 @ target-host ] set-state: FIRST_REQUEST 76384
17:27:46,324 [ test-runner:run-tests-983 @ target-host ] script-cmd: state-array-push
17:27:46,324 [ test-runner:run-tests-983 @ target-host ] state-array-push
17:27:46,369 [ test-runner:run-tests-983 @ target-host ] set-state: RUN.output.results.quarkus3-native.rss.firstRequest [74.609375,74.59765625,74.46484375,74.4609375,74.6015625,74.546875,74.65625,74.48828125,74.59375]
17:27:46,871 [ test-runner:run-tests-983 @ target-host ] kill -15 $APP_PID
17:27:49,274 [ test-runner:run-tests-983 @ target-host ] sleep 2
17:27:49,274 [ test-runner:run-tests-983 @ target-host ] script-cmd: stop-test-services
17:27:49,274 [ test-runner:run-tests-983 @ target-host ] stop-test-services
17:27:49,938 [ test-runner:run-tests-983 @ target-host ] /home/zakkak/spring-quarkus-perf-comparison/spring-quarkus-perf-comparison/scripts/infra.sh -d
Using podman to stop containers
-----------------------------------------
[03/11/2026 17:27:49]: Stopping services
-----------------------------------------
Stopping PostgreSQL database 'fruits_db'
fruits_db
17:27:49,994 [ test-runner:run-tests-983 @ target-host ] for-each: ITERATION = 9
17:27:49,996 [ test-runner:run-tests-983 @ target-host ] queue-download: ${{REPO_DIR}}/logs/measure-rss-${{RUNTIME.name}}-${{ITERATION}}.log=/home/zakkak/spring-quarkus-perf-comparison/logs/measure-rss-quarkus3-native-9.log ../../20260311/run-time-initialize-jdk/target-host/
17:27:49,996 [ test-runner:run-tests-983 @ target-host ] script-cmd: start-test-services
17:27:49,996 [ test-runner:run-tests-983 @ target-host ] start-test-services
17:28:01,087 [ test-runner:run-tests-983 @ target-host ] /home/zakkak/spring-quarkus-perf-comparison/spring-quarkus-perf-comparison/scripts/infra.sh -c 3 -p '4-6' -s
Using podman to start containers
-----------------------------------------
[03/11/2026 17:27:50]: Starting services
-----------------------------------------
Starting PostgreSQL database 'fruits_db'
PostgreSQL DB process: ed003ca8c5c5daa8f046a2891d05986b6736d6521030f0f3fef090e5aa0d442f
Waiting for PostgreSQL to be ready...
localhost:5432 - no response
localhost:5432 - no response
localhost:5432 - accepting connections
17:28:01,088 [ test-runner:run-tests-983 @ target-host ] script-cmd: sync-drop-fs-cache
17:28:01,088 [ test-runner:run-tests-983 @ target-host ] sync-drop-fs-cache
17:28:01,088 [ test-runner:run-tests-983 @ target-host ] read-state: true
17:28:01,088 [ test-runner:run-tests-983 @ target-host ] regex: true
17:28:01,673 [ test-runner:run-tests-983 @ target-host ] sync
17:28:01,674 [ test-runner:run-tests-983 @ target-host ] script-cmd: sync-drop-fs-cache-${{os}}
17:28:01,674 [ test-runner:run-tests-983 @ target-host ] sync-drop-fs-cache-linux
17:28:01,674 [ test-runner:run-tests-983 @ target-host ] script-cmd: sudo
17:28:01,674 [ test-runner:run-tests-983 @ target-host ] sudo
17:28:01,674 [ test-runner:run-tests-983 @ target-host ] script-cmd: sudo-${{os}}
17:28:01,674 [ test-runner:run-tests-983 @ target-host ] sudo-linux
17:28:02,465 [ test-runner:run-tests-983 @ target-host ] sudo sh -c "echo 3 > /proc/sys/vm/drop_caches"
]3008;start=085b846d2e104ed3bbed9f64a59aaa2a;user=zakkak;hostname=blanc;machineid=f469a615e9ef4e81b7d5be080a5de373;bootid=0e917e08584a49cb891ef04366e00ace;pid=234309;pidfdid=234310;comm=sudo;targetuser=root;sessionid=c199;type=session\]3008;end=085b846d2e104ed3bbed9f64a59aaa2a\
17:28:02,868 [ test-runner:run-tests-983 @ target-host ] taskset --cpu-list 0-3 /home/zakkak/spring-quarkus-perf-comparison/spring-quarkus-perf-comparison/quarkus3/target/quarkus3-runner  &>/home/zakkak/spring-quarkus-perf-comparison/logs/measure-rss-quarkus3-native-9.log &
[1] 234336
17:28:03,270 [ test-runner:run-tests-983 @ target-host ] APP_PID=$!
17:28:05,683 [ test-runner:run-tests-983 @ target-host ] sleep 2
17:28:06,094 [ test-runner:run-tests-983 @ target-host ] pmap -x $APP_PID | grep total | awk '{print $4}'
69176
17:28:06,094 [ test-runner:run-tests-983 @ target-host ] set-state: RSS_STARTUP 69176
17:28:06,123 [ test-runner:run-tests-983 @ target-host ] script-cmd: state-array-push
17:28:06,123 [ test-runner:run-tests-983 @ target-host ] state-array-push
17:28:06,160 [ test-runner:run-tests-983 @ target-host ] set-state: RUN.output.results.quarkus3-native.rss.startup [67.6640625,67.65234375,67.51953125,67.515625,67.65234375,67.6015625,67.70703125,67.54296875,67.64453125,67.5546875]
17:28:06,598 [ test-runner:run-tests-983 @ target-host ] curl -s  http://localhost:8080/fruits > /dev/null
17:28:07,004 [ test-runner:run-tests-983 @ target-host ] pmap -x $APP_PID | grep total | awk '{print $4}'
76292
17:28:07,004 [ test-runner:run-tests-983 @ target-host ] set-state: FIRST_REQUEST 76292
17:28:07,024 [ test-runner:run-tests-983 @ target-host ] script-cmd: state-array-push
17:28:07,024 [ test-runner:run-tests-983 @ target-host ] state-array-push
17:28:07,060 [ test-runner:run-tests-983 @ target-host ] set-state: RUN.output.results.quarkus3-native.rss.firstRequest [74.609375,74.59765625,74.46484375,74.4609375,74.6015625,74.546875,74.65625,74.48828125,74.59375,74.50390625]
17:28:07,562 [ test-runner:run-tests-983 @ target-host ] kill -15 $APP_PID
17:28:09,965 [ test-runner:run-tests-983 @ target-host ] sleep 2
17:28:09,965 [ test-runner:run-tests-983 @ target-host ] script-cmd: stop-test-services
17:28:09,965 [ test-runner:run-tests-983 @ target-host ] stop-test-services
17:28:10,614 [ test-runner:run-tests-983 @ target-host ] /home/zakkak/spring-quarkus-perf-comparison/spring-quarkus-perf-comparison/scripts/infra.sh -d
Using podman to stop containers
-----------------------------------------
[03/11/2026 17:28:09]: Stopping services
-----------------------------------------
Stopping PostgreSQL database 'fruits_db'
fruits_db
17:28:10,680 [ test-runner:run-tests-983 @ target-host ] for-each: ITERATION
17:28:10,680 [ test-runner:run-tests-983 @ target-host ] script-cmd: state-array-calc-avg
17:28:10,681 [ test-runner:run-tests-983 @ target-host ] state-array-calc-avg
17:28:10,716 [ test-runner:run-tests-983 @ target-host ] set-state: RUN.output.results.quarkus3-native.rss.avStartupRss 67.60546875
17:28:10,716 [ test-runner:run-tests-983 @ target-host ] script-cmd: state-array-calc-avg
17:28:10,717 [ test-runner:run-tests-983 @ target-host ] state-array-calc-avg
17:28:10,763 [ test-runner:run-tests-983 @ target-host ] set-state: RUN.output.results.quarkus3-native.rss.avFirstRequestRss 74.55234375
17:28:10,763 [ test-runner:run-tests-983 @ target-host ] for-each: TEST = run-load-test
17:28:10,764 [ test-runner:run-tests-983 @ target-host ] script-cmd: ${{TEST}}
17:28:10,764 [ test-runner:run-tests-983 @ target-host ] run-load-test
17:28:10,764 [ test-runner:run-tests-983 @ target-host ] Running workload
17:28:11,166 [ test-runner:run-tests-983 @ target-host ] cd /home/zakkak/spring-quarkus-perf-comparison/spring-quarkus-perf-comparison/quarkus3
17:28:57,004 [ test-runner:run-tests-983 @ target-host ] ./mvnw  clean package -DskipTests -Pnative -Dquarkus.native.additional-build-args-append=--future-defaults=run-time-initialize-jdk
[INFO] Scanning for projects...
[WARNING] Quarkus Maven extension: an explicit 'argLine' is defined in maven-surefire-plugin config, but does not contain '@{argLine}': we will not be able to inject JVM parameters automatically. Please add '@{argLine}' to the argLine configuration you have defined.
[INFO] 
[INFO] -------------------------< org.acme:quarkus3 >--------------------------
[INFO] Building quarkus3 1.0
[INFO]   from pom.xml
[INFO] ------------------------------[ quarkus ]-------------------------------
[INFO] 
[INFO] --- clean:3.2.0:clean (default-clean) @ quarkus3 ---
[INFO] Deleting /home/zakkak/spring-quarkus-perf-comparison/spring-quarkus-perf-comparison/quarkus3/target
[INFO] 
[INFO] --- resources:3.3.1:resources (default-resources) @ quarkus3 ---
[WARNING] Using platform encoding (UTF-8 actually) to copy filtered resources, i.e. build is platform dependent!
[INFO] Copying 2 resources from src/main/resources to target/classes
[INFO] 
[INFO] --- quarkus:3.32.2:generate-code (default-generate-code) @ quarkus3 ---
[INFO] 
[INFO] --- compiler:3.15.0:compile (default-compile) @ quarkus3 ---
[INFO] Recompiling the module because of changed source code.
[WARNING] File encoding has not been set, using platform encoding UTF-8, i.e. build is platform dependent!
[INFO] Compiling 16 source files with javac [debug release 21] to target/classes
[INFO] 
[INFO] --- resources:3.3.1:testResources (default-testResources) @ quarkus3 ---
[WARNING] Using platform encoding (UTF-8 actually) to copy filtered resources, i.e. build is platform dependent!
[INFO] skip non existing resourceDirectory /home/zakkak/spring-quarkus-perf-comparison/spring-quarkus-perf-comparison/quarkus3/src/test/resources
[INFO] 
[INFO] --- quarkus:3.32.2:generate-code-tests (default-generate-code-tests) @ quarkus3 ---
[INFO] 
[INFO] --- compiler:3.15.0:testCompile (default-testCompile) @ quarkus3 ---
[INFO] Recompiling the module because of changed dependency.
[WARNING] File encoding has not been set, using platform encoding UTF-8, i.e. build is platform dependent!
[INFO] Compiling 4 source files with javac [debug release 21] to target/test-classes
[INFO] 
[INFO] --- surefire:3.5.5:test (default-test) @ quarkus3 ---
[INFO] Tests are skipped.
[INFO] 
[INFO] --- quarkus:3.32.2:build (default-build) @ quarkus3 ---
[INFO] [io.quarkus.deployment.pkg.jar.NativeImageSourceJarBuilder] Building native image source jar: /home/zakkak/spring-quarkus-perf-comparison/spring-quarkus-perf-comparison/quarkus3/target/quarkus3-native-image-source-jar/quarkus3-runner.jar
[INFO] [io.quarkus.deployment.pkg.steps.NativeImageBuildStep] Building native image from /home/zakkak/spring-quarkus-perf-comparison/spring-quarkus-perf-comparison/quarkus3/target/quarkus3-native-image-source-jar/quarkus3-runner.jar
[INFO] [io.quarkus.deployment.pkg.steps.NativeImageBuildStep] Running Quarkus native-image plugin on GRAALVM 25.1.0-dev JDK 25.0.1+8-jvmci-25.1-b14
[INFO] [io.quarkus.deployment.pkg.steps.NativeImageBuildRunner] /home/zakkak/code/graal-oracle/sdk/latest_graalvm_home/bin/native-image -J-DCoordinatorEnvironmentBean.transactionStatusManagerEnable=false -J-Dsun.nio.ch.maxUpdateArraySize=100 -J-Djava.util.logging.manager=org.jboss.logmanager.LogManager -J-Dvertx.logger-delegate-factory-class-name=io.quarkus.vertx.core.runtime.VertxLogDelegateFactory -J-Dvertx.disableDnsResolver=true -J-Dio.netty.leakDetection.level=DISABLED -J-Dio.netty.allocator.maxOrder=3 -J-Duser.language=en -J-Duser.country=IE -J-Dlogging.initial-configurator.min-level=500 -H:+UnlockExperimentalVMOptions -H:IncludeLocales=en-IE -H:-UnlockExperimentalVMOptions --enable-native-access=ALL-UNNAMED -J-Dfile.encoding=UTF-8 -J--add-exports=org.graalvm.nativeimage.builder/com.oracle.svm.core.jdk=ALL-UNNAMED --features=io.quarkus.jdbc.postgresql.runtime.graal.SQLXMLFeature,io.quarkus.hibernate.validator.runtime.DisableLoggingFeature,io.quarkus.runner.Feature,io.quarkus.runtime.graal.DisableLoggingFeature,io.quarkus.runtime.graal.JVMChecksFeature,io.quarkus.hibernate.orm.runtime.graal.RegisterServicesForReflectionFeature,io.quarkus.hibernate.orm.runtime.graal.DisableLoggingFeature,org.hibernate.graalvm.internal.GraalVMStaticFeature,io.quarkus.caffeine.runtime.graal.CacheConstructorsFeature,io.quarkus.runtime.graal.SkipConsoleServiceProvidersFeature -J--add-exports=java.security.jgss/sun.security.krb5=ALL-UNNAMED -J--add-exports=java.security.jgss/sun.security.jgss=ALL-UNNAMED -J--add-opens=java.base/java.text=ALL-UNNAMED -J--add-opens=java.base/java.io=ALL-UNNAMED -J--add-opens=java.base/java.lang.invoke=ALL-UNNAMED -J--add-opens=java.base/java.util=ALL-UNNAMED -H:+UnlockExperimentalVMOptions -H:BuildOutputJSONFile=quarkus3-runner-build-output-stats.json -H:-UnlockExperimentalVMOptions -H:+UnlockExperimentalVMOptions -H:+GenerateBuildArtifactsFile -H:-UnlockExperimentalVMOptions --future-defaults=run-time-initialize-jdk -H:+UnlockExperimentalVMOptions -H:+AllowFoldMethods -H:-UnlockExperimentalVMOptions -J-Djava.awt.headless=true --no-fallback --link-at-build-time -H:+UnlockExperimentalVMOptions -H:+ReportExceptionStackTraces -H:-UnlockExperimentalVMOptions -H:-AddAllCharsets --enable-url-protocols=http,https -H:NativeLinkerOption=-no-pie --enable-monitoring=heapdump,threaddump -H:+UnlockExperimentalVMOptions -H:-UseServiceLoaderFeature -H:-UnlockExperimentalVMOptions -J--add-exports=org.graalvm.nativeimage/org.graalvm.nativeimage.impl=ALL-UNNAMED --exclude-config io\.netty\.netty-codec /META-INF/native-image/io\.netty/netty-codec/generated/handlers/reflect-config\.json --exclude-config io\.netty\.netty-handler /META-INF/native-image/io\.netty/netty-handler/generated/handlers/reflect-config\.json quarkus3-runner -jar quarkus3-runner.jar
Warning: Using a deprecated option --no-fallback from command line. No effect, no replacement available
Warning: Option 'FallbackThreshold' is deprecated and might be removed in a future release: It no longer has any effect, and no replacement is available. Please refer to the GraalVM release notes.
Warning: Option 'DynamicProxyConfigurationResources' is deprecated and might be removed in a future release: This can be caused by a proxy-config.json file in your META-INF directory. Consider including proxy configuration in the reflection section of reachability-metadata.json instead.. Please refer to the GraalVM release notes.
========================================================================================================================
GraalVM Native Image: Generating 'quarkus3-runner' (executable)...
========================================================================================================================
For detailed information and explanations on the build output, visit:
https://github.com/oracle/graal/blob/master/docs/reference-manual/native-image/BuildOutput.md
------------------------------------------------------------------------------------------------------------------------
[1/8] Initializing...                                                                                   (4.1s @ 0.44GiB)
 Builder configuration:
 - Java version: 25.0.1+8, vendor version: GraalVM CE 25.1.0-dev+8.1
 - Graal compiler: optimization level: 2, target machine: x86-64-v3
 - C compiler: gcc (redhat, x86_64, 15.2.1)
 - Assertions: disabled, system assertions: disabled
 - 11 user-specific feature(s):
   - io.quarkus.caffeine.runtime.graal.CacheConstructorsFeature
   - io.quarkus.hibernate.orm.runtime.graal.DisableLoggingFeature: Disables INFO logging during the analysis phase
   - io.quarkus.hibernate.orm.runtime.graal.RegisterServicesForReflectionFeature: Makes methods of reachable Hibernate services accessible through Class#getMethods()
   - io.quarkus.hibernate.validator.runtime.DisableLoggingFeature: Disables INFO logging during the analysis phase for the [org.hibernate.validator.internal.util.Version] categories
   - io.quarkus.jdbc.postgresql.runtime.graal.SQLXMLFeature
   - io.quarkus.runner.Feature: Auto-generated class by Quarkus from the existing extensions
   - io.quarkus.runtime.graal.DisableLoggingFeature: Adapts logging during the analysis phase
   - io.quarkus.runtime.graal.JVMChecksFeature
   - io.quarkus.runtime.graal.SkipConsoleServiceProvidersFeature: Skip unsupported console service providers when quarkus.native.auto-service-loader-registration is false
   - org.eclipse.angus.activation.nativeimage.AngusActivationFeature
   - org.hibernate.graalvm.internal.GraalVMStaticFeature: Hibernate ORM's static reflection registrations for GraalVM
 Image configuration:
 - Garbage collector: Serial GC (max heap size: 80% of RAM)
 - Assertions: disabled (class-specific config may apply), system assertions: disabled
------------------------------------------------------------------------------------------------------------------------
 5 experimental option(s) unlocked:
 - '-H:+AllowFoldMethods' (origin(s): command line)
 - '-H:BuildOutputJSONFile' (origin(s): command line)
 - '-H:-UseServiceLoaderFeature' (origin(s): command line)
 - '-H:+GenerateBuildArtifactsFile' (origin(s): command line)
 - '-H:AddOpens' (alternative API option(s): --add-opens java.base/java.lang=ALL-UNNAMED; origin(s): command line)
------------------------------------------------------------------------------------------------------------------------
Build resources:
 - 30.00GiB of memory (48.4% of system memory, capped at 30GiB)
 - 32 thread(s) (100.0% of 32 available processor(s), determined at start)
[2/8] Performing analysis...  [******]                                                                  (8.9s @ 2.22GiB)
   22,686 types,  29,316 fields, and 106,853 methods found reachable
    7,978 types,     169 fields, and   5,212 methods registered for reflection
       63 types,      69 fields, and      55 methods registered for JNI access
      105 resource accesses registered with 188.29KiB total size
        4 native libraries: dl, pthread, rt, z
[3/8] Building universe...                                                                              (2.8s @ 2.31GiB)
[4/8] Parsing methods...      [*]                                                                       (1.2s @ 2.82GiB)
[5/8] Inlining methods...     [****]                                                                    (0.8s @ 2.70GiB)
[6/8] Compiling methods...    [***]                                                                     (8.1s @ 2.15GiB)
[7/8] Laying out methods...   [***]                                                                     (6.1s @ 2.75GiB)
[8/8] Creating image...       [**]                                                                      (4.1s @ 2.11GiB)
  36.22MiB (41.86%) for code area:    71,530 compilation units
  43.94MiB (50.78%) for image heap:  498,821 objects and 16 resources
   6.37MiB ( 7.36%) for other data
  86.53MiB in total image size, 80.75MiB in total file size
------------------------------------------------------------------------------------------------------------------------
Top 10 origins of code area:                                Top 10 object types in image heap:
   1.54MiB java.base/sun.security.ssl                         11.58MiB byte[] for code metadata
   1.05MiB java.base/java.util                                 6.43MiB byte[] for string data
 858.46KiB o.g.n.runtime/com.oracle.svm.core.code              4.33MiB o.g.n.runtime/c.o.s.core.hub.DynamicHubCompanion
 697.47KiB java.base/com.sun.crypto.provider                   4.10MiB java.base/java.lang.String
 637.13KiB jdk.proxy4/jdk.proxy4                               3.37MiB java.base/java.lang.Class
 533.01KiB java.base/java.lang                                 1.44MiB byte[] for reflection metadata
 532.07KiB io.netty.buffer                                     1.13MiB byte[] for general heap data
 506.32KiB java.base/java.lang.invoke                        901.85KiB java.base/java.lang.Object[]
 468.03KiB org.postgresql.jdbc                               832.50KiB java.base/java.lang.reflect.Method
 460.62KiB org.hibernate.query.hql.internal                  800.12KiB o.g.n.runtime/c.o.s.c.h.ImageReflectionMetadata
  27.99MiB for 984 more packages                               9.09MiB for 5198 more object types
------------------------------------------------------------------------------------------------------------------------
Recommendations:
 FUTR: Use '--future-defaults=all' to prepare for future releases.
 HEAP: Set max heap for improved and more predictable memory usage.
 CPU:  Enable more CPU features with '-march=native' for improved performance.
------------------------------------------------------------------------------------------------------------------------
                       3.0s (7.8% of total time) in 338 GCs | Peak RSS: 4.63GiB | CPU load: 15.40
------------------------------------------------------------------------------------------------------------------------
Build artifacts:
 /home/zakkak/spring-quarkus-perf-comparison/spring-quarkus-perf-comparison/quarkus3/target/quarkus3-native-image-source-jar/build-artifacts.json (build_info, 92B)
 /home/zakkak/spring-quarkus-perf-comparison/spring-quarkus-perf-comparison/quarkus3/target/quarkus3-native-image-source-jar/quarkus3-runner (executable, 80.75MiB)
 /home/zakkak/spring-quarkus-perf-comparison/spring-quarkus-perf-comparison/quarkus3/target/quarkus3-native-image-source-jar/quarkus3-runner-build-output-stats.json (build_info, 1.01KiB)
========================================================================================================================
Finished generating 'quarkus3-runner' in 37.4s.

The build process encountered 3 warnings.

[INFO] [io.quarkus.deployment.pkg.steps.NativeImageBuildRunner] objcopy --strip-debug quarkus3-runner
[INFO] [io.quarkus.deployment.QuarkusAugmentor] Quarkus augmentation completed in 41140ms
[INFO] ------------------------------------------------------------------------
[INFO] BUILD SUCCESS
[INFO] ------------------------------------------------------------------------
[INFO] Total time:  44.563 s
[INFO] Finished at: 2026-03-11T17:28:56+02:00
[INFO] ------------------------------------------------------------------------
17:28:57,005 [ test-runner:run-tests-983 @ target-host ] set-state: APP_LOG_REGEX .*quarkus3.+started in.*
17:28:57,061 [ test-runner:run-tests-983 @ target-host ] for-each: ITERATION = 0
17:28:57,061 [ test-runner:run-tests-983 @ target-host ] set-state: LOG_FILE /home/zakkak/spring-quarkus-perf-comparison/logs/load-test-quarkus3-native-0.log
17:28:57,473 [ test-runner:run-tests-983 @ target-host ] touch /home/zakkak/spring-quarkus-perf-comparison/logs/load-test-quarkus3-native-0.log
17:28:57,482 [ test-runner:run-tests-983 @ target-host ] queue-download: ${{REPO_DIR}}/logs/wrk-warmup-${{RUNTIME.name}}-${{ITERATION}}.log=/home/zakkak/spring-quarkus-perf-comparison/logs/wrk-warmup-quarkus3-native-0.log ../../20260311/run-time-initialize-jdk/target-host/
17:28:57,482 [ test-runner:run-tests-983 @ target-host ] queue-download: ${{LOG_FILE}}=/home/zakkak/spring-quarkus-perf-comparison/logs/load-test-quarkus3-native-0.log ../../20260311/run-time-initialize-jdk/target-host/
17:28:57,483 [ test-runner:run-tests-983 @ target-host ] queue-download: ${{REPO_DIR}}/logs/wrk-${{RUNTIME.name}}-${{ITERATION}}.log=/home/zakkak/spring-quarkus-perf-comparison/logs/wrk-quarkus3-native-0.log ../../20260311/run-time-initialize-jdk/target-host/
17:28:57,483 [ test-runner:run-tests-983 @ target-host ] script-cmd: start-test-services
17:28:57,483 [ test-runner:run-tests-983 @ target-host ] start-test-services
17:29:08,555 [ test-runner:run-tests-983 @ target-host ] /home/zakkak/spring-quarkus-perf-comparison/spring-quarkus-perf-comparison/scripts/infra.sh -c 3 -p '4-6' -s
Using podman to start containers
-----------------------------------------
[03/11/2026 17:28:57]: Starting services
-----------------------------------------
Starting PostgreSQL database 'fruits_db'
PostgreSQL DB process: c17f0350c1a0b5475a627f12fca1d44e40dbb76b6e7e153a872811883e8d921c
Waiting for PostgreSQL to be ready...
localhost:5432 - no response
localhost:5432 - no response
localhost:5432 - accepting connections
17:29:08,556 [ test-runner:run-tests-983 @ target-host ] script-cmd: sync-drop-fs-cache
17:29:08,556 [ test-runner:run-tests-983 @ target-host ] sync-drop-fs-cache
17:29:08,556 [ test-runner:run-tests-983 @ target-host ] read-state: true
17:29:08,556 [ test-runner:run-tests-983 @ target-host ] regex: true
17:29:09,055 [ test-runner:run-tests-983 @ target-host ] sync
17:29:09,056 [ test-runner:run-tests-983 @ target-host ] script-cmd: sync-drop-fs-cache-${{os}}
17:29:09,056 [ test-runner:run-tests-983 @ target-host ] sync-drop-fs-cache-linux
17:29:09,056 [ test-runner:run-tests-983 @ target-host ] script-cmd: sudo
17:29:09,056 [ test-runner:run-tests-983 @ target-host ] sudo
17:29:09,056 [ test-runner:run-tests-983 @ target-host ] script-cmd: sudo-${{os}}
17:29:09,056 [ test-runner:run-tests-983 @ target-host ] sudo-linux
17:29:09,921 [ test-runner:run-tests-983 @ target-host ] sudo sh -c "echo 3 > /proc/sys/vm/drop_caches"
]3008;start=47a8b2fbec564e0da3015dd30ca2ea9f;user=zakkak;hostname=blanc;machineid=f469a615e9ef4e81b7d5be080a5de373;bootid=0e917e08584a49cb891ef04366e00ace;pid=235344;pidfdid=235345;comm=sudo;targetuser=root;sessionid=c200;type=session\]3008;end=47a8b2fbec564e0da3015dd30ca2ea9f\
17:29:09,924 [ test-runner:run-tests-983 @ target-host ] set-signal: LOAD_STEADY_STATE_START 1
17:29:09,924 [ test-runner:run-tests-983 @ target-host ] set-signal: LOG_REGEX_REACHED 1
17:29:10,327 [ test-runner:run-tests-983 @ target-host ] taskset --cpu-list 0-3 /home/zakkak/spring-quarkus-perf-comparison/spring-quarkus-perf-comparison/quarkus3/target/quarkus3-runner  &>/home/zakkak/spring-quarkus-perf-comparison/logs/load-test-quarkus3-native-0.log &
[1] 235373
17:29:10,728 [ test-runner:run-tests-983 @ target-host ] PID=$!
17:29:11,130 [ test-runner:run-tests-983 @ target-host ] echo $PID
235373
17:29:11,130 [ test-runner:run-tests-983 @ target-host ] set-state: JVM_PID 235373
17:29:11,131 [ test-runner:run-tests-983 @ target-host ] script-cmd: monitor-processes
17:29:11,131 [ test-runner:run-tests-983 @ target-host ] monitor-processes
17:29:11,131 [ test-runner:run-tests-983 @ target-host ] set-signal: LOAD_TEST_COMPLETE 1
17:29:11,599 [ test-runner:run-tests-983 @ target-host ] script-cmd: monitor-process
17:29:11,600 [ :monitor-process-1906 @ target-host ] monitor-process
17:29:11,600 [ :monitor-process-1906 @ target-host ] queue-download: ${{log_file}}=/home/zakkak/spring-quarkus-perf-comparison/logs/pidstat-quarkus3-native-0.log ../../20260311/run-time-initialize-jdk/target-host/
17:29:11,974 [ test-runner:run-tests-983 @ target-host ] script-cmd: monitor-process
17:29:11,974 [ :monitor-process-1914 @ target-host ] monitor-process
17:29:11,975 [ :monitor-process-1914 @ target-host ] queue-download: ${{log_file}}=/home/zakkak/spring-quarkus-perf-comparison/logs/mpstat-quarkus3-native-0.log ../../20260311/run-time-initialize-jdk/target-host/
17:29:12,103 [ :monitor-process-1906 @ target-host ] taskset --cpu-list 11 pidstat -u -p 235373 1 &>/home/zakkak/spring-quarkus-perf-comparison/logs/pidstat-quarkus3-native-0.log &
[1] 235481
17:29:12,349 [ test-runner:run-tests-983 @ target-host ] script-cmd: monitor-process
17:29:12,349 [ test-runner:run-tests-983 @ target-host ] script-cmd: monitor-postgres
17:29:12,349 [ :monitor-process-1923 @ target-host ] monitor-process
17:29:12,349 [ test-runner:run-tests-983 @ target-host ] monitor-postgres
17:29:12,350 [ :monitor-process-1923 @ target-host ] queue-download: ${{log_file}}=/home/zakkak/spring-quarkus-perf-comparison/logs/vmstat-quarkus3-native-0.log ../../20260311/run-time-initialize-jdk/target-host/
17:29:12,478 [ :monitor-process-1914 @ target-host ] taskset --cpu-list 11 mpstat -P ALL 1 &>/home/zakkak/spring-quarkus-perf-comparison/logs/mpstat-quarkus3-native-0.log &
[1] 235576
17:29:12,505 [ :monitor-process-1906 @ target-host ] PROCESS_PID=$!
17:29:12,752 [ :monitor-process-1923 @ target-host ] taskset --cpu-list 11 vmstat 1 &>/home/zakkak/spring-quarkus-perf-comparison/logs/vmstat-quarkus3-native-0.log &
[1] 235662
17:29:12,789 [ test-runner:run-tests-983 @ target-host ] POSTGRES_PID=$(/home/zakkak/spring-quarkus-perf-comparison/spring-quarkus-perf-comparison/scripts/infra.sh -r)
17:29:12,879 [ :monitor-process-1914 @ target-host ] PROCESS_PID=$!
17:29:12,907 [ :monitor-process-1906 @ target-host ] echo $PROCESS_PID
235481
17:29:12,907 [ :monitor-process-1906 @ target-host ] set-state: PROCESS_PID 235481
17:29:13,153 [ :monitor-process-1923 @ target-host ] PROCESS_PID=$!
17:29:13,191 [ test-runner:run-tests-983 @ target-host ] echo $POSTGRES_PID
235083
17:29:13,191 [ test-runner:run-tests-983 @ target-host ] set-state: POSTGRES_PID 235083
17:29:13,281 [ :monitor-process-1914 @ target-host ] echo $PROCESS_PID
235576
17:29:13,281 [ :monitor-process-1914 @ target-host ] set-state: PROCESS_PID 235576
17:29:13,555 [ :monitor-process-1923 @ target-host ] echo $PROCESS_PID
235662
17:29:13,555 [ :monitor-process-1923 @ target-host ] set-state: PROCESS_PID 235662
17:29:13,566 [ test-runner:run-tests-983 @ target-host ] script-cmd: monitor-process
17:29:13,567 [ :monitor-process-1939 @ target-host ] monitor-process
17:29:13,567 [ test-runner:run-tests-983 @ target-host ] JVM_PID = 235373
17:29:13,567 [ :monitor-process-1939 @ target-host ] queue-download: ${{log_file}}=/home/zakkak/spring-quarkus-perf-comparison/logs/postgres-pidstat-quarkus3-native-0.log ../../20260311/run-time-initialize-jdk/target-host/
17:29:13,567 [ test-runner:run-tests-983 @ target-host ] read-state: none
17:29:13,939 [ test-runner:run-tests-983 @ target-host ] script-cmd: watch-log
17:29:13,939 [ :watch-log-1948 @ target-host ] watch-log
17:29:13,952 [ :watch-log-1948 @ target-host ] regex: ${{log_regex}}
17:29:13,952 [ :watch-log-1948 @ target-host ] ctrlC
17:29:13,952 [ :watch-log-1948 @ target-host ] reached LOG_REGEX_REACHED
17:29:13,952 [ test-runner:run-tests-983 @ target-host ] wait-for: LOG_REGEX_REACHED
17:29:13,952 [ :watch-log-1948 @ target-host ] signal: LOG_REGEX_REACHED
17:29:14,070 [ :monitor-process-1939 @ target-host ] taskset --cpu-list 11 pidstat -u -p $(pgrep -d , -P 235083) 1 &>/home/zakkak/spring-quarkus-perf-comparison/logs/postgres-pidstat-quarkus3-native-0.log &
[1] 235777
17:29:14,354 [ :watch-log-1948 @ target-host ] tail -f /home/zakkak/spring-quarkus-perf-comparison/logs/load-test-quarkus3-native-0.log
__  ____  __  _____   ___  __ ____  ______ 
 --/ __ \/ / / / _ | / _ \/ //_/ / / / __/ 
 -/ /_/ / /_/ / __ |/ , _/ ,< / /_/ /\ \   
--\___\_\____/_/ |_/_/|_/_/|_|\____/___/   
2026-03-11 17:29:10,072 INFO  [io.quarkus] (main) quarkus3 1.0 native (powered by Quarkus 999-SNAPSHOT) started in 0.077s. Listening on: http://0.0.0.0:8080
2026-03-11 17:29:10,072 INFO  [io.quarkus] (main) Profile prod activated. 
2026-03-11 17:29:10,072 INFO  [io.quarkus] (main) Installed features: [agroal, cdi, config-yaml, hibernate-orm, hibernate-orm-panache, hibernate-validator, jdbc-postgresql, narayana-jta, rest, rest-jackson, smallrye-context-propagation, smallrye-health, vertx]
17:29:14,472 [ :monitor-process-1939 @ target-host ] PROCESS_PID=$!
17:29:14,874 [ :monitor-process-1939 @ target-host ] echo $PROCESS_PID
235777
17:29:14,875 [ :monitor-process-1939 @ target-host ] set-state: PROCESS_PID 235777
17:31:23,990 [ test-runner:run-tests-983 @ target-host ] taskset --cpu-list 7-9 jbang -R -XX:+UseNUMA wrk@hyperfoil -t 2 -c 100 -d 2m --timeout 2m http://localhost:8080/fruits 2>&1 >/home/zakkak/spring-quarkus-perf-comparison/logs/wrk-warmup-quarkus3-native-0.log
17:31:53,991 [ test-runner:run-tests-983 @ target-host ] sleep: 30s
17:31:53,991 [ :monitor-process-1914 @ target-host ] reached LOAD_STEADY_STATE_START
17:31:53,991 [ test-runner:run-tests-983 @ target-host ] signal: LOAD_STEADY_STATE_START
17:32:33,631 [ test-runner:run-tests-983 @ target-host ] taskset --cpu-list 7-9 jbang -R -XX:+UseNUMA wrk@hyperfoil -t 2 -c 100 -d 30s --timeout 30s http://localhost:8080/fruits 2>&1 >/home/zakkak/spring-quarkus-perf-comparison/logs/wrk-quarkus3-native-0.log
17:32:34,048 [ test-runner:run-tests-983 @ target-host ] cat /home/zakkak/spring-quarkus-perf-comparison/logs/wrk-quarkus3-native-0.log | grep "Requests/sec" | awk '{print $2}'
16053.21
17:32:34,048 [ test-runner:run-tests-983 @ target-host ] set-state: THROUGHPUT 16053.21
17:32:34,049 [ test-runner:run-tests-983 @ target-host ] script-cmd: state-array-push
17:32:34,049 [ test-runner:run-tests-983 @ target-host ] state-array-push
17:32:34,169 [ test-runner:run-tests-983 @ target-host ] set-state: RUN.output.results.quarkus3-native.load.throughput [16053.21]
17:32:34,573 [ test-runner:run-tests-983 @ target-host ] cat /home/zakkak/spring-quarkus-perf-comparison/logs/wrk-quarkus3-native-0.log | grep "Socket errors:" | sed -E 's/.*connectionErrors ([0-9]+).*/\1/'
17:32:34,574 [ test-runner:run-tests-983 @ target-host ] regex: ^$
17:32:34,574 [ test-runner:run-tests-983 @ target-host ] set-state: CONNECTION_ERRORS 0
17:32:34,574 [ test-runner:run-tests-983 @ target-host ] script-cmd: state-array-push
17:32:34,574 [ test-runner:run-tests-983 @ target-host ] state-array-push
17:32:34,687 [ test-runner:run-tests-983 @ target-host ] set-state: RUN.output.results.quarkus3-native.load.connectionErrors [0]
17:32:35,091 [ test-runner:run-tests-983 @ target-host ] cat /home/zakkak/spring-quarkus-perf-comparison/logs/wrk-quarkus3-native-0.log | grep "Socket errors:" | sed -E 's/.*requestTimeouts ([0-9]+)/\1/'
17:32:35,091 [ test-runner:run-tests-983 @ target-host ] regex: ^$
17:32:35,091 [ test-runner:run-tests-983 @ target-host ] set-state: REQUEST_TIMEOUTS 0
17:32:35,092 [ test-runner:run-tests-983 @ target-host ] script-cmd: state-array-push
17:32:35,092 [ test-runner:run-tests-983 @ target-host ] state-array-push
17:32:35,197 [ test-runner:run-tests-983 @ target-host ] set-state: RUN.output.results.quarkus3-native.load.requestTimeouts [0]
17:32:35,614 [ test-runner:run-tests-983 @ target-host ] pmap -x $PID | grep total | awk '{print $4}'
164516
17:32:35,615 [ test-runner:run-tests-983 @ target-host ] set-state: RSS 164516
17:32:35,634 [ test-runner:run-tests-983 @ target-host ] script-cmd: state-array-push
17:32:35,634 [ test-runner:run-tests-983 @ target-host ] state-array-push
17:32:35,710 [ test-runner:run-tests-983 @ target-host ] set-state: RUN.output.results.quarkus3-native.load.rss [160.66015625]
17:32:35,731 [ test-runner:run-tests-983 @ target-host ] script-cmd: state-array-push
17:32:35,731 [ test-runner:run-tests-983 @ target-host ] state-array-push
17:32:35,806 [ test-runner:run-tests-983 @ target-host ] set-state: RUN.output.results.quarkus3-native.load.throughputDensity [99.92029371003427]
17:32:35,806 [ test-runner:run-tests-983 @ target-host ] reached LOAD_TEST_COMPLETE
17:32:35,806 [ :monitor-process-1906 @ target-host ] wait-for: LOAD_TEST_COMPLETE
17:32:35,806 [ :monitor-process-1914 @ target-host ] wait-for: LOAD_TEST_COMPLETE
17:32:35,806 [ :monitor-process-1923 @ target-host ] wait-for: LOAD_TEST_COMPLETE
17:32:35,807 [ :monitor-process-1939 @ target-host ] wait-for: LOAD_TEST_COMPLETE
17:32:35,807 [ test-runner:run-tests-983 @ target-host ] signal: LOAD_TEST_COMPLETE
17:32:36,208 [ :monitor-process-1906 @ target-host ] kill -15 $PROCESS_PID
bash: kill: (235481) - No such process
17:32:36,208 [ :monitor-process-1914 @ target-host ] kill -15 $PROCESS_PID
bash: kill: (235576) - No such process
17:32:36,209 [ :monitor-process-1939 @ target-host ] kill -15 $PROCESS_PID
bash: kill: (235777) - No such process
17:32:36,309 [ :monitor-process-1923 @ target-host ] kill -15 $PROCESS_PID
17:32:36,309 [ test-runner:run-tests-983 @ target-host ] kill -15 $PID
17:32:38,721 [ test-runner:run-tests-983 @ target-host ] sleep 2
17:32:38,721 [ test-runner:run-tests-983 @ target-host ] script-cmd: stop-test-services
17:32:38,721 [ test-runner:run-tests-983 @ target-host ] stop-test-services
17:32:39,380 [ test-runner:run-tests-983 @ target-host ] /home/zakkak/spring-quarkus-perf-comparison/spring-quarkus-perf-comparison/scripts/infra.sh -d
Using podman to stop containers
-----------------------------------------
[03/11/2026 17:32:38]: Stopping services
-----------------------------------------
Stopping PostgreSQL database 'fruits_db'
fruits_db
17:32:39,434 [ test-runner:run-tests-983 @ target-host ] for-each: ITERATION = 1
17:32:39,434 [ test-runner:run-tests-983 @ target-host ] set-state: LOG_FILE /home/zakkak/spring-quarkus-perf-comparison/logs/load-test-quarkus3-native-1.log
17:32:39,839 [ test-runner:run-tests-983 @ target-host ] touch /home/zakkak/spring-quarkus-perf-comparison/logs/load-test-quarkus3-native-1.log
17:32:39,840 [ test-runner:run-tests-983 @ target-host ] queue-download: ${{REPO_DIR}}/logs/wrk-warmup-${{RUNTIME.name}}-${{ITERATION}}.log=/home/zakkak/spring-quarkus-perf-comparison/logs/wrk-warmup-quarkus3-native-1.log ../../20260311/run-time-initialize-jdk/target-host/
17:32:39,840 [ test-runner:run-tests-983 @ target-host ] queue-download: ${{LOG_FILE}}=/home/zakkak/spring-quarkus-perf-comparison/logs/load-test-quarkus3-native-1.log ../../20260311/run-time-initialize-jdk/target-host/
17:32:39,840 [ test-runner:run-tests-983 @ target-host ] queue-download: ${{REPO_DIR}}/logs/wrk-${{RUNTIME.name}}-${{ITERATION}}.log=/home/zakkak/spring-quarkus-perf-comparison/logs/wrk-quarkus3-native-1.log ../../20260311/run-time-initialize-jdk/target-host/
17:32:39,840 [ test-runner:run-tests-983 @ target-host ] script-cmd: start-test-services
17:32:39,840 [ test-runner:run-tests-983 @ target-host ] start-test-services
17:32:50,943 [ test-runner:run-tests-983 @ target-host ] /home/zakkak/spring-quarkus-perf-comparison/spring-quarkus-perf-comparison/scripts/infra.sh -c 3 -p '4-6' -s
Using podman to start containers
-----------------------------------------
[03/11/2026 17:32:39]: Starting services
-----------------------------------------
Starting PostgreSQL database 'fruits_db'
PostgreSQL DB process: 3294da486bd52aace9519623554af0b4c28461f743cb7c5b56919cc45705f02e
Waiting for PostgreSQL to be ready...
localhost:5432 - no response
localhost:5432 - no response
localhost:5432 - accepting connections
17:32:50,943 [ test-runner:run-tests-983 @ target-host ] script-cmd: sync-drop-fs-cache
17:32:50,943 [ test-runner:run-tests-983 @ target-host ] sync-drop-fs-cache
17:32:50,944 [ test-runner:run-tests-983 @ target-host ] read-state: true
17:32:50,944 [ test-runner:run-tests-983 @ target-host ] regex: true
17:32:51,498 [ test-runner:run-tests-983 @ target-host ] sync
17:32:51,498 [ test-runner:run-tests-983 @ target-host ] script-cmd: sync-drop-fs-cache-${{os}}
17:32:51,498 [ test-runner:run-tests-983 @ target-host ] sync-drop-fs-cache-linux
17:32:51,498 [ test-runner:run-tests-983 @ target-host ] script-cmd: sudo
17:32:51,498 [ test-runner:run-tests-983 @ target-host ] sudo
17:32:51,498 [ test-runner:run-tests-983 @ target-host ] script-cmd: sudo-${{os}}
17:32:51,498 [ test-runner:run-tests-983 @ target-host ] sudo-linux
17:32:52,316 [ test-runner:run-tests-983 @ target-host ] sudo sh -c "echo 3 > /proc/sys/vm/drop_caches"
]3008;start=b1c431da46c44ef6a74d524c1ed56535;user=zakkak;hostname=blanc;machineid=f469a615e9ef4e81b7d5be080a5de373;bootid=0e917e08584a49cb891ef04366e00ace;pid=237200;pidfdid=237201;comm=sudo;targetuser=root;sessionid=c201;type=session\]3008;end=b1c431da46c44ef6a74d524c1ed56535\
17:32:52,317 [ test-runner:run-tests-983 @ target-host ] set-signal: LOAD_STEADY_STATE_START 1
17:32:52,317 [ test-runner:run-tests-983 @ target-host ] set-signal: LOG_REGEX_REACHED 1
17:32:52,720 [ test-runner:run-tests-983 @ target-host ] taskset --cpu-list 0-3 /home/zakkak/spring-quarkus-perf-comparison/spring-quarkus-perf-comparison/quarkus3/target/quarkus3-runner  &>/home/zakkak/spring-quarkus-perf-comparison/logs/load-test-quarkus3-native-1.log &
[1] 237227
17:32:53,122 [ test-runner:run-tests-983 @ target-host ] PID=$!
17:32:53,523 [ test-runner:run-tests-983 @ target-host ] echo $PID
237227
17:32:53,523 [ test-runner:run-tests-983 @ target-host ] set-state: JVM_PID 237227
17:32:53,524 [ test-runner:run-tests-983 @ target-host ] script-cmd: monitor-processes
17:32:53,524 [ test-runner:run-tests-983 @ target-host ] monitor-processes
17:32:53,524 [ test-runner:run-tests-983 @ target-host ] set-signal: LOAD_TEST_COMPLETE 1
17:32:53,991 [ test-runner:run-tests-983 @ target-host ] script-cmd: monitor-process
17:32:53,991 [ :monitor-process-1999 @ target-host ] monitor-process
17:32:54,000 [ :monitor-process-1999 @ target-host ] queue-download: ${{log_file}}=/home/zakkak/spring-quarkus-perf-comparison/logs/pidstat-quarkus3-native-1.log ../../20260311/run-time-initialize-jdk/target-host/
17:32:54,366 [ test-runner:run-tests-983 @ target-host ] script-cmd: monitor-process
17:32:54,366 [ :monitor-process-2007 @ target-host ] monitor-process
17:32:54,366 [ :monitor-process-2007 @ target-host ] queue-download: ${{log_file}}=/home/zakkak/spring-quarkus-perf-comparison/logs/mpstat-quarkus3-native-1.log ../../20260311/run-time-initialize-jdk/target-host/
17:32:54,502 [ :monitor-process-1999 @ target-host ] taskset --cpu-list 11 pidstat -u -p 237227 1 &>/home/zakkak/spring-quarkus-perf-comparison/logs/pidstat-quarkus3-native-1.log &
[1] 237351
17:32:54,740 [ test-runner:run-tests-983 @ target-host ] script-cmd: monitor-process
17:32:54,740 [ test-runner:run-tests-983 @ target-host ] script-cmd: monitor-postgres
17:32:54,740 [ test-runner:run-tests-983 @ target-host ] monitor-postgres
17:32:54,740 [ :monitor-process-2016 @ target-host ] monitor-process
17:32:54,741 [ :monitor-process-2016 @ target-host ] queue-download: ${{log_file}}=/home/zakkak/spring-quarkus-perf-comparison/logs/vmstat-quarkus3-native-1.log ../../20260311/run-time-initialize-jdk/target-host/
17:32:54,869 [ :monitor-process-2007 @ target-host ] taskset --cpu-list 11 mpstat -P ALL 1 &>/home/zakkak/spring-quarkus-perf-comparison/logs/mpstat-quarkus3-native-1.log &
[1] 237428
17:32:54,904 [ :monitor-process-1999 @ target-host ] PROCESS_PID=$!
17:32:55,143 [ :monitor-process-2016 @ target-host ] taskset --cpu-list 11 vmstat 1 &>/home/zakkak/spring-quarkus-perf-comparison/logs/vmstat-quarkus3-native-1.log &
[1] 237513
17:32:55,180 [ test-runner:run-tests-983 @ target-host ] POSTGRES_PID=$(/home/zakkak/spring-quarkus-perf-comparison/spring-quarkus-perf-comparison/scripts/infra.sh -r)
17:32:55,270 [ :monitor-process-2007 @ target-host ] PROCESS_PID=$!
17:32:55,306 [ :monitor-process-1999 @ target-host ] echo $PROCESS_PID
237351
17:32:55,306 [ :monitor-process-1999 @ target-host ] set-state: PROCESS_PID 237351
17:32:55,544 [ :monitor-process-2016 @ target-host ] PROCESS_PID=$!
17:32:55,582 [ test-runner:run-tests-983 @ target-host ] echo $POSTGRES_PID
236942
17:32:55,582 [ test-runner:run-tests-983 @ target-host ] set-state: POSTGRES_PID 236942
17:32:55,672 [ :monitor-process-2007 @ target-host ] echo $PROCESS_PID
237428
17:32:55,672 [ :monitor-process-2007 @ target-host ] set-state: PROCESS_PID 237428
17:32:55,946 [ :monitor-process-2016 @ target-host ] echo $PROCESS_PID
237513
17:32:55,946 [ :monitor-process-2016 @ target-host ] set-state: PROCESS_PID 237513
17:32:55,957 [ test-runner:run-tests-983 @ target-host ] script-cmd: monitor-process
17:32:55,957 [ :monitor-process-2032 @ target-host ] monitor-process
17:32:55,957 [ test-runner:run-tests-983 @ target-host ] JVM_PID = 237227
17:32:55,958 [ :monitor-process-2032 @ target-host ] queue-download: ${{log_file}}=/home/zakkak/spring-quarkus-perf-comparison/logs/postgres-pidstat-quarkus3-native-1.log ../../20260311/run-time-initialize-jdk/target-host/
17:32:55,958 [ test-runner:run-tests-983 @ target-host ] read-state: none
17:32:56,330 [ test-runner:run-tests-983 @ target-host ] script-cmd: watch-log
17:32:56,330 [ :watch-log-2041 @ target-host ] watch-log
17:32:56,340 [ :watch-log-2041 @ target-host ] regex: ${{log_regex}}
17:32:56,340 [ :watch-log-2041 @ target-host ] ctrlC
17:32:56,340 [ :watch-log-2041 @ target-host ] reached LOG_REGEX_REACHED
17:32:56,341 [ test-runner:run-tests-983 @ target-host ] wait-for: LOG_REGEX_REACHED
17:32:56,341 [ :watch-log-2041 @ target-host ] signal: LOG_REGEX_REACHED
17:32:56,460 [ :monitor-process-2032 @ target-host ] taskset --cpu-list 11 pidstat -u -p $(pgrep -d , -P 236942) 1 &>/home/zakkak/spring-quarkus-perf-comparison/logs/postgres-pidstat-quarkus3-native-1.log &
[1] 237628
17:32:56,742 [ :watch-log-2041 @ target-host ] tail -f /home/zakkak/spring-quarkus-perf-comparison/logs/load-test-quarkus3-native-1.log
__  ____  __  _____   ___  __ ____  ______ 
 --/ __ \/ / / / _ | / _ \/ //_/ / / / __/ 
 -/ /_/ / /_/ / __ |/ , _/ ,< / /_/ /\ \   
--\___\_\____/_/ |_/_/|_/_/|_|\____/___/   
2026-03-11 17:32:52,484 INFO  [io.quarkus] (main) quarkus3 1.0 native (powered by Quarkus 999-SNAPSHOT) started in 0.087s. Listening on: http://0.0.0.0:8080
2026-03-11 17:32:52,484 INFO  [io.quarkus] (main) Profile prod activated. 
2026-03-11 17:32:52,484 INFO  [io.quarkus] (main) Installed features: [agroal, cdi, config-yaml, hibernate-orm, hibernate-orm-panache, hibernate-validator, jdbc-postgresql, narayana-jta, rest, rest-jackson, smallrye-context-propagation, smallrye-health, vertx]
17:32:56,862 [ :monitor-process-2032 @ target-host ] PROCESS_PID=$!
17:32:57,264 [ :monitor-process-2032 @ target-host ] echo $PROCESS_PID
237628
17:32:57,264 [ :monitor-process-2032 @ target-host ] set-state: PROCESS_PID 237628
17:35:06,253 [ test-runner:run-tests-983 @ target-host ] taskset --cpu-list 7-9 jbang -R -XX:+UseNUMA wrk@hyperfoil -t 2 -c 100 -d 2m --timeout 2m http://localhost:8080/fruits 2>&1 >/home/zakkak/spring-quarkus-perf-comparison/logs/wrk-warmup-quarkus3-native-1.log
17:35:36,253 [ test-runner:run-tests-983 @ target-host ] sleep: 30s
17:35:36,253 [ :monitor-process-2007 @ target-host ] reached LOAD_STEADY_STATE_START
17:35:36,253 [ test-runner:run-tests-983 @ target-host ] signal: LOAD_STEADY_STATE_START
17:36:15,909 [ test-runner:run-tests-983 @ target-host ] taskset --cpu-list 7-9 jbang -R -XX:+UseNUMA wrk@hyperfoil -t 2 -c 100 -d 30s --timeout 30s http://localhost:8080/fruits 2>&1 >/home/zakkak/spring-quarkus-perf-comparison/logs/wrk-quarkus3-native-1.log
17:36:16,326 [ test-runner:run-tests-983 @ target-host ] cat /home/zakkak/spring-quarkus-perf-comparison/logs/wrk-quarkus3-native-1.log | grep "Requests/sec" | awk '{print $2}'
16061.88
17:36:16,326 [ test-runner:run-tests-983 @ target-host ] set-state: THROUGHPUT 16061.88
17:36:16,326 [ test-runner:run-tests-983 @ target-host ] script-cmd: state-array-push
17:36:16,326 [ test-runner:run-tests-983 @ target-host ] state-array-push
17:36:16,378 [ test-runner:run-tests-983 @ target-host ] set-state: RUN.output.results.quarkus3-native.load.throughput [16053.21,16061.88]
17:36:16,782 [ test-runner:run-tests-983 @ target-host ] cat /home/zakkak/spring-quarkus-perf-comparison/logs/wrk-quarkus3-native-1.log | grep "Socket errors:" | sed -E 's/.*connectionErrors ([0-9]+).*/\1/'
17:36:16,782 [ test-runner:run-tests-983 @ target-host ] regex: ^$
17:36:16,782 [ test-runner:run-tests-983 @ target-host ] set-state: CONNECTION_ERRORS 0
17:36:16,782 [ test-runner:run-tests-983 @ target-host ] script-cmd: state-array-push
17:36:16,782 [ test-runner:run-tests-983 @ target-host ] state-array-push
17:36:16,818 [ test-runner:run-tests-983 @ target-host ] set-state: RUN.output.results.quarkus3-native.load.connectionErrors [0,0]
17:36:17,222 [ test-runner:run-tests-983 @ target-host ] cat /home/zakkak/spring-quarkus-perf-comparison/logs/wrk-quarkus3-native-1.log | grep "Socket errors:" | sed -E 's/.*requestTimeouts ([0-9]+)/\1/'
17:36:17,222 [ test-runner:run-tests-983 @ target-host ] regex: ^$
17:36:17,222 [ test-runner:run-tests-983 @ target-host ] set-state: REQUEST_TIMEOUTS 0
17:36:17,222 [ test-runner:run-tests-983 @ target-host ] script-cmd: state-array-push
17:36:17,222 [ test-runner:run-tests-983 @ target-host ] state-array-push
17:36:17,259 [ test-runner:run-tests-983 @ target-host ] set-state: RUN.output.results.quarkus3-native.load.requestTimeouts [0,0]
17:36:17,676 [ test-runner:run-tests-983 @ target-host ] pmap -x $PID | grep total | awk '{print $4}'
157836
17:36:17,677 [ test-runner:run-tests-983 @ target-host ] set-state: RSS 157836
17:36:17,694 [ test-runner:run-tests-983 @ target-host ] script-cmd: state-array-push
17:36:17,694 [ test-runner:run-tests-983 @ target-host ] state-array-push
17:36:17,731 [ test-runner:run-tests-983 @ target-host ] set-state: RUN.output.results.quarkus3-native.load.rss [160.66015625,154.13671875]
17:36:17,748 [ test-runner:run-tests-983 @ target-host ] script-cmd: state-array-push
17:36:17,748 [ test-runner:run-tests-983 @ target-host ] state-array-push
17:36:17,792 [ test-runner:run-tests-983 @ target-host ] set-state: RUN.output.results.quarkus3-native.load.throughputDensity [99.92029371003427,104.2054101725842]
17:36:17,792 [ test-runner:run-tests-983 @ target-host ] reached LOAD_TEST_COMPLETE
17:36:17,792 [ :monitor-process-1999 @ target-host ] wait-for: LOAD_TEST_COMPLETE
17:36:17,792 [ :monitor-process-2007 @ target-host ] wait-for: LOAD_TEST_COMPLETE
17:36:17,792 [ :monitor-process-2016 @ target-host ] wait-for: LOAD_TEST_COMPLETE
17:36:17,792 [ :monitor-process-2032 @ target-host ] wait-for: LOAD_TEST_COMPLETE
17:36:17,792 [ test-runner:run-tests-983 @ target-host ] signal: LOAD_TEST_COMPLETE
17:36:18,194 [ :monitor-process-1999 @ target-host ] kill -15 $PROCESS_PID
bash: kill: (237351) - No such process
17:36:18,194 [ :monitor-process-2032 @ target-host ] kill -15 $PROCESS_PID
bash: kill: (237628) - No such process
17:36:18,194 [ :monitor-process-2007 @ target-host ] kill -15 $PROCESS_PID
bash: kill: (237428) - No such process
17:36:18,294 [ test-runner:run-tests-983 @ target-host ] kill -15 $PID
17:36:18,295 [ :monitor-process-2016 @ target-host ] kill -15 $PROCESS_PID
17:36:20,706 [ test-runner:run-tests-983 @ target-host ] sleep 2
17:36:20,706 [ test-runner:run-tests-983 @ target-host ] script-cmd: stop-test-services
17:36:20,706 [ test-runner:run-tests-983 @ target-host ] stop-test-services
17:36:21,358 [ test-runner:run-tests-983 @ target-host ] /home/zakkak/spring-quarkus-perf-comparison/spring-quarkus-perf-comparison/scripts/infra.sh -d
Using podman to stop containers
-----------------------------------------
[03/11/2026 17:36:20]: Stopping services
-----------------------------------------
Stopping PostgreSQL database 'fruits_db'
fruits_db
17:36:21,414 [ test-runner:run-tests-983 @ target-host ] for-each: ITERATION = 2
17:36:21,414 [ test-runner:run-tests-983 @ target-host ] set-state: LOG_FILE /home/zakkak/spring-quarkus-perf-comparison/logs/load-test-quarkus3-native-2.log
17:36:21,819 [ test-runner:run-tests-983 @ target-host ] touch /home/zakkak/spring-quarkus-perf-comparison/logs/load-test-quarkus3-native-2.log
17:36:21,820 [ test-runner:run-tests-983 @ target-host ] queue-download: ${{REPO_DIR}}/logs/wrk-warmup-${{RUNTIME.name}}-${{ITERATION}}.log=/home/zakkak/spring-quarkus-perf-comparison/logs/wrk-warmup-quarkus3-native-2.log ../../20260311/run-time-initialize-jdk/target-host/
17:36:21,821 [ test-runner:run-tests-983 @ target-host ] queue-download: ${{LOG_FILE}}=/home/zakkak/spring-quarkus-perf-comparison/logs/load-test-quarkus3-native-2.log ../../20260311/run-time-initialize-jdk/target-host/
17:36:21,821 [ test-runner:run-tests-983 @ target-host ] queue-download: ${{REPO_DIR}}/logs/wrk-${{RUNTIME.name}}-${{ITERATION}}.log=/home/zakkak/spring-quarkus-perf-comparison/logs/wrk-quarkus3-native-2.log ../../20260311/run-time-initialize-jdk/target-host/
17:36:21,821 [ test-runner:run-tests-983 @ target-host ] script-cmd: start-test-services
17:36:21,821 [ test-runner:run-tests-983 @ target-host ] start-test-services
17:36:32,924 [ test-runner:run-tests-983 @ target-host ] /home/zakkak/spring-quarkus-perf-comparison/spring-quarkus-perf-comparison/scripts/infra.sh -c 3 -p '4-6' -s
Using podman to start containers
-----------------------------------------
[03/11/2026 17:36:21]: Starting services
-----------------------------------------
Starting PostgreSQL database 'fruits_db'
PostgreSQL DB process: 68191d74e3f783bd86d3f57b0b858c2f1b734ed6e0e8ce55ce4e7c7435186820
Waiting for PostgreSQL to be ready...
localhost:5432 - no response
localhost:5432 - no response
localhost:5432 - accepting connections
17:36:32,925 [ test-runner:run-tests-983 @ target-host ] script-cmd: sync-drop-fs-cache
17:36:32,925 [ test-runner:run-tests-983 @ target-host ] sync-drop-fs-cache
17:36:32,925 [ test-runner:run-tests-983 @ target-host ] read-state: true
17:36:32,925 [ test-runner:run-tests-983 @ target-host ] regex: true
17:36:33,585 [ test-runner:run-tests-983 @ target-host ] sync
17:36:33,585 [ test-runner:run-tests-983 @ target-host ] script-cmd: sync-drop-fs-cache-${{os}}
17:36:33,585 [ test-runner:run-tests-983 @ target-host ] sync-drop-fs-cache-linux
17:36:33,585 [ test-runner:run-tests-983 @ target-host ] script-cmd: sudo
17:36:33,586 [ test-runner:run-tests-983 @ target-host ] sudo
17:36:33,586 [ test-runner:run-tests-983 @ target-host ] script-cmd: sudo-${{os}}
17:36:33,586 [ test-runner:run-tests-983 @ target-host ] sudo-linux
17:36:34,368 [ test-runner:run-tests-983 @ target-host ] sudo sh -c "echo 3 > /proc/sys/vm/drop_caches"
]3008;start=f4b8d8661c7841b3943ed5b12c10a022;user=zakkak;hostname=blanc;machineid=f469a615e9ef4e81b7d5be080a5de373;bootid=0e917e08584a49cb891ef04366e00ace;pid=239012;pidfdid=239013;comm=sudo;targetuser=root;sessionid=c202;type=session\]3008;end=f4b8d8661c7841b3943ed5b12c10a022\
17:36:34,377 [ test-runner:run-tests-983 @ target-host ] set-signal: LOAD_STEADY_STATE_START 1
17:36:34,377 [ test-runner:run-tests-983 @ target-host ] set-signal: LOG_REGEX_REACHED 1
17:36:34,780 [ test-runner:run-tests-983 @ target-host ] taskset --cpu-list 0-3 /home/zakkak/spring-quarkus-perf-comparison/spring-quarkus-perf-comparison/quarkus3/target/quarkus3-runner  &>/home/zakkak/spring-quarkus-perf-comparison/logs/load-test-quarkus3-native-2.log &
[1] 239039
17:36:35,181 [ test-runner:run-tests-983 @ target-host ] PID=$!
17:36:35,583 [ test-runner:run-tests-983 @ target-host ] echo $PID
239039
17:36:35,583 [ test-runner:run-tests-983 @ target-host ] set-state: JVM_PID 239039
17:36:35,583 [ test-runner:run-tests-983 @ target-host ] script-cmd: monitor-processes
17:36:35,583 [ test-runner:run-tests-983 @ target-host ] monitor-processes
17:36:35,583 [ test-runner:run-tests-983 @ target-host ] set-signal: LOAD_TEST_COMPLETE 1
17:36:36,019 [ test-runner:run-tests-983 @ target-host ] script-cmd: monitor-process
17:36:36,019 [ :monitor-process-2092 @ target-host ] monitor-process
17:36:36,028 [ :monitor-process-2092 @ target-host ] queue-download: ${{log_file}}=/home/zakkak/spring-quarkus-perf-comparison/logs/pidstat-quarkus3-native-2.log ../../20260311/run-time-initialize-jdk/target-host/
17:36:36,393 [ test-runner:run-tests-983 @ target-host ] script-cmd: monitor-process
17:36:36,394 [ :monitor-process-2100 @ target-host ] monitor-process
17:36:36,394 [ :monitor-process-2100 @ target-host ] queue-download: ${{log_file}}=/home/zakkak/spring-quarkus-perf-comparison/logs/mpstat-quarkus3-native-2.log ../../20260311/run-time-initialize-jdk/target-host/
17:36:36,530 [ :monitor-process-2092 @ target-host ] taskset --cpu-list 11 pidstat -u -p 239039 1 &>/home/zakkak/spring-quarkus-perf-comparison/logs/pidstat-quarkus3-native-2.log &
[1] 239165
17:36:36,768 [ test-runner:run-tests-983 @ target-host ] script-cmd: monitor-process
17:36:36,768 [ test-runner:run-tests-983 @ target-host ] script-cmd: monitor-postgres
17:36:36,768 [ test-runner:run-tests-983 @ target-host ] monitor-postgres
17:36:36,768 [ :monitor-process-2109 @ target-host ] monitor-process
17:36:36,768 [ :monitor-process-2109 @ target-host ] queue-download: ${{log_file}}=/home/zakkak/spring-quarkus-perf-comparison/logs/vmstat-quarkus3-native-2.log ../../20260311/run-time-initialize-jdk/target-host/
17:36:36,896 [ :monitor-process-2100 @ target-host ] taskset --cpu-list 11 mpstat -P ALL 1 &>/home/zakkak/spring-quarkus-perf-comparison/logs/mpstat-quarkus3-native-2.log &
[1] 239242
17:36:36,932 [ :monitor-process-2092 @ target-host ] PROCESS_PID=$!
17:36:37,170 [ :monitor-process-2109 @ target-host ] taskset --cpu-list 11 vmstat 1 &>/home/zakkak/spring-quarkus-perf-comparison/logs/vmstat-quarkus3-native-2.log &
[1] 239326
17:36:37,208 [ test-runner:run-tests-983 @ target-host ] POSTGRES_PID=$(/home/zakkak/spring-quarkus-perf-comparison/spring-quarkus-perf-comparison/scripts/infra.sh -r)
17:36:37,298 [ :monitor-process-2100 @ target-host ] PROCESS_PID=$!
17:36:37,333 [ :monitor-process-2092 @ target-host ] echo $PROCESS_PID
239165
17:36:37,334 [ :monitor-process-2092 @ target-host ] set-state: PROCESS_PID 239165
17:36:37,572 [ :monitor-process-2109 @ target-host ] PROCESS_PID=$!
17:36:37,609 [ test-runner:run-tests-983 @ target-host ] echo $POSTGRES_PID
238751
17:36:37,610 [ test-runner:run-tests-983 @ target-host ] set-state: POSTGRES_PID 238751
17:36:37,699 [ :monitor-process-2100 @ target-host ] echo $PROCESS_PID
239242
17:36:37,699 [ :monitor-process-2100 @ target-host ] set-state: PROCESS_PID 239242
17:36:37,973 [ :monitor-process-2109 @ target-host ] echo $PROCESS_PID
239326
17:36:37,973 [ :monitor-process-2109 @ target-host ] set-state: PROCESS_PID 239326
17:36:37,985 [ test-runner:run-tests-983 @ target-host ] script-cmd: monitor-process
17:36:37,985 [ test-runner:run-tests-983 @ target-host ] JVM_PID = 239039
17:36:37,985 [ :monitor-process-2125 @ target-host ] monitor-process
17:36:37,985 [ :monitor-process-2125 @ target-host ] queue-download: ${{log_file}}=/home/zakkak/spring-quarkus-perf-comparison/logs/postgres-pidstat-quarkus3-native-2.log ../../20260311/run-time-initialize-jdk/target-host/
17:36:37,985 [ test-runner:run-tests-983 @ target-host ] read-state: none
17:36:38,358 [ test-runner:run-tests-983 @ target-host ] script-cmd: watch-log
17:36:38,358 [ :watch-log-2134 @ target-host ] watch-log
17:36:38,368 [ :watch-log-2134 @ target-host ] regex: ${{log_regex}}
17:36:38,368 [ :watch-log-2134 @ target-host ] ctrlC
17:36:38,368 [ :watch-log-2134 @ target-host ] reached LOG_REGEX_REACHED
17:36:38,368 [ test-runner:run-tests-983 @ target-host ] wait-for: LOG_REGEX_REACHED
17:36:38,369 [ :watch-log-2134 @ target-host ] signal: LOG_REGEX_REACHED
17:36:38,488 [ :monitor-process-2125 @ target-host ] taskset --cpu-list 11 pidstat -u -p $(pgrep -d , -P 238751) 1 &>/home/zakkak/spring-quarkus-perf-comparison/logs/postgres-pidstat-quarkus3-native-2.log &
[1] 239445
17:36:38,771 [ :watch-log-2134 @ target-host ] tail -f /home/zakkak/spring-quarkus-perf-comparison/logs/load-test-quarkus3-native-2.log
__  ____  __  _____   ___  __ ____  ______ 
 --/ __ \/ / / / _ | / _ \/ //_/ / / / __/ 
 -/ /_/ / /_/ / __ |/ , _/ ,< / /_/ /\ \   
--\___\_\____/_/ |_/_/|_/_/|_|\____/___/   
2026-03-11 17:36:34,511 INFO  [io.quarkus] (main) quarkus3 1.0 native (powered by Quarkus 999-SNAPSHOT) started in 0.076s. Listening on: http://0.0.0.0:8080
2026-03-11 17:36:34,511 INFO  [io.quarkus] (main) Profile prod activated. 
2026-03-11 17:36:34,511 INFO  [io.quarkus] (main) Installed features: [agroal, cdi, config-yaml, hibernate-orm, hibernate-orm-panache, hibernate-validator, jdbc-postgresql, narayana-jta, rest, rest-jackson, smallrye-context-propagation, smallrye-health, vertx]
17:36:38,889 [ :monitor-process-2125 @ target-host ] PROCESS_PID=$!
17:36:39,291 [ :monitor-process-2125 @ target-host ] echo $PROCESS_PID
239445
17:36:39,291 [ :monitor-process-2125 @ target-host ] set-state: PROCESS_PID 239445
17:38:48,272 [ test-runner:run-tests-983 @ target-host ] taskset --cpu-list 7-9 jbang -R -XX:+UseNUMA wrk@hyperfoil -t 2 -c 100 -d 2m --timeout 2m http://localhost:8080/fruits 2>&1 >/home/zakkak/spring-quarkus-perf-comparison/logs/wrk-warmup-quarkus3-native-2.log
17:39:18,273 [ test-runner:run-tests-983 @ target-host ] sleep: 30s
17:39:18,273 [ :monitor-process-2100 @ target-host ] reached LOAD_STEADY_STATE_START
17:39:18,273 [ test-runner:run-tests-983 @ target-host ] signal: LOAD_STEADY_STATE_START
17:39:57,880 [ test-runner:run-tests-983 @ target-host ] taskset --cpu-list 7-9 jbang -R -XX:+UseNUMA wrk@hyperfoil -t 2 -c 100 -d 30s --timeout 30s http://localhost:8080/fruits 2>&1 >/home/zakkak/spring-quarkus-perf-comparison/logs/wrk-quarkus3-native-2.log
17:39:58,296 [ test-runner:run-tests-983 @ target-host ] cat /home/zakkak/spring-quarkus-perf-comparison/logs/wrk-quarkus3-native-2.log | grep "Requests/sec" | awk '{print $2}'
16033.22
17:39:58,296 [ test-runner:run-tests-983 @ target-host ] set-state: THROUGHPUT 16033.22
17:39:58,296 [ test-runner:run-tests-983 @ target-host ] script-cmd: state-array-push
17:39:58,296 [ test-runner:run-tests-983 @ target-host ] state-array-push
17:39:58,344 [ test-runner:run-tests-983 @ target-host ] set-state: RUN.output.results.quarkus3-native.load.throughput [16053.21,16061.88,16033.22]
17:39:58,748 [ test-runner:run-tests-983 @ target-host ] cat /home/zakkak/spring-quarkus-perf-comparison/logs/wrk-quarkus3-native-2.log | grep "Socket errors:" | sed -E 's/.*connectionErrors ([0-9]+).*/\1/'
17:39:58,748 [ test-runner:run-tests-983 @ target-host ] regex: ^$
17:39:58,748 [ test-runner:run-tests-983 @ target-host ] set-state: CONNECTION_ERRORS 0
17:39:58,749 [ test-runner:run-tests-983 @ target-host ] script-cmd: state-array-push
17:39:58,749 [ test-runner:run-tests-983 @ target-host ] state-array-push
17:39:58,789 [ test-runner:run-tests-983 @ target-host ] set-state: RUN.output.results.quarkus3-native.load.connectionErrors [0,0,0]
17:39:59,192 [ test-runner:run-tests-983 @ target-host ] cat /home/zakkak/spring-quarkus-perf-comparison/logs/wrk-quarkus3-native-2.log | grep "Socket errors:" | sed -E 's/.*requestTimeouts ([0-9]+)/\1/'
17:39:59,192 [ test-runner:run-tests-983 @ target-host ] regex: ^$
17:39:59,193 [ test-runner:run-tests-983 @ target-host ] set-state: REQUEST_TIMEOUTS 0
17:39:59,193 [ test-runner:run-tests-983 @ target-host ] script-cmd: state-array-push
17:39:59,193 [ test-runner:run-tests-983 @ target-host ] state-array-push
17:39:59,229 [ test-runner:run-tests-983 @ target-host ] set-state: RUN.output.results.quarkus3-native.load.requestTimeouts [0,0,0]
17:39:59,646 [ test-runner:run-tests-983 @ target-host ] pmap -x $PID | grep total | awk '{print $4}'
158672
17:39:59,646 [ test-runner:run-tests-983 @ target-host ] set-state: RSS 158672
17:39:59,674 [ test-runner:run-tests-983 @ target-host ] script-cmd: state-array-push
17:39:59,674 [ test-runner:run-tests-983 @ target-host ] state-array-push
17:39:59,713 [ test-runner:run-tests-983 @ target-host ] set-state: RUN.output.results.quarkus3-native.load.rss [160.66015625,154.13671875,154.953125]
17:39:59,732 [ test-runner:run-tests-983 @ target-host ] script-cmd: state-array-push
17:39:59,732 [ test-runner:run-tests-983 @ target-host ] state-array-push
17:39:59,782 [ test-runner:run-tests-983 @ target-host ] set-state: RUN.output.results.quarkus3-native.load.throughputDensity [99.92029371003427,104.2054101725842,103.4714207925784]
17:39:59,782 [ test-runner:run-tests-983 @ target-host ] reached LOAD_TEST_COMPLETE
17:39:59,782 [ :monitor-process-2092 @ target-host ] wait-for: LOAD_TEST_COMPLETE
17:39:59,782 [ :monitor-process-2100 @ target-host ] wait-for: LOAD_TEST_COMPLETE
17:39:59,782 [ :monitor-process-2109 @ target-host ] wait-for: LOAD_TEST_COMPLETE
17:39:59,783 [ :monitor-process-2125 @ target-host ] wait-for: LOAD_TEST_COMPLETE
17:39:59,783 [ test-runner:run-tests-983 @ target-host ] signal: LOAD_TEST_COMPLETE
17:40:00,184 [ :monitor-process-2125 @ target-host ] kill -15 $PROCESS_PID
bash: kill: (239445) - No such process
17:40:00,184 [ :monitor-process-2100 @ target-host ] kill -15 $PROCESS_PID
bash: kill: (239242) - No such process
17:40:00,184 [ :monitor-process-2092 @ target-host ] kill -15 $PROCESS_PID
bash: kill: (239165) - No such process
17:40:00,285 [ test-runner:run-tests-983 @ target-host ] kill -15 $PID
17:40:00,285 [ :monitor-process-2109 @ target-host ] kill -15 $PROCESS_PID
17:40:02,696 [ test-runner:run-tests-983 @ target-host ] sleep 2
17:40:02,696 [ test-runner:run-tests-983 @ target-host ] script-cmd: stop-test-services
17:40:02,696 [ test-runner:run-tests-983 @ target-host ] stop-test-services
17:40:03,346 [ test-runner:run-tests-983 @ target-host ] /home/zakkak/spring-quarkus-perf-comparison/spring-quarkus-perf-comparison/scripts/infra.sh -d
Using podman to stop containers
-----------------------------------------
[03/11/2026 17:40:02]: Stopping services
-----------------------------------------
Stopping PostgreSQL database 'fruits_db'
fruits_db
17:40:03,428 [ test-runner:run-tests-983 @ target-host ] for-each: ITERATION = 3
17:40:03,429 [ test-runner:run-tests-983 @ target-host ] set-state: LOG_FILE /home/zakkak/spring-quarkus-perf-comparison/logs/load-test-quarkus3-native-3.log
17:40:03,840 [ test-runner:run-tests-983 @ target-host ] touch /home/zakkak/spring-quarkus-perf-comparison/logs/load-test-quarkus3-native-3.log
17:40:03,841 [ test-runner:run-tests-983 @ target-host ] queue-download: ${{REPO_DIR}}/logs/wrk-warmup-${{RUNTIME.name}}-${{ITERATION}}.log=/home/zakkak/spring-quarkus-perf-comparison/logs/wrk-warmup-quarkus3-native-3.log ../../20260311/run-time-initialize-jdk/target-host/
17:40:03,841 [ test-runner:run-tests-983 @ target-host ] queue-download: ${{LOG_FILE}}=/home/zakkak/spring-quarkus-perf-comparison/logs/load-test-quarkus3-native-3.log ../../20260311/run-time-initialize-jdk/target-host/
17:40:03,842 [ test-runner:run-tests-983 @ target-host ] queue-download: ${{REPO_DIR}}/logs/wrk-${{RUNTIME.name}}-${{ITERATION}}.log=/home/zakkak/spring-quarkus-perf-comparison/logs/wrk-quarkus3-native-3.log ../../20260311/run-time-initialize-jdk/target-host/
17:40:03,842 [ test-runner:run-tests-983 @ target-host ] script-cmd: start-test-services
17:40:03,842 [ test-runner:run-tests-983 @ target-host ] start-test-services
17:40:14,947 [ test-runner:run-tests-983 @ target-host ] /home/zakkak/spring-quarkus-perf-comparison/spring-quarkus-perf-comparison/scripts/infra.sh -c 3 -p '4-6' -s
Using podman to start containers
-----------------------------------------
[03/11/2026 17:40:03]: Starting services
-----------------------------------------
Starting PostgreSQL database 'fruits_db'
PostgreSQL DB process: 221cb88ac86b481bd65a48328f13689c9d4abf0f6e01f1162453fe04791f836d
Waiting for PostgreSQL to be ready...
localhost:5432 - no response
localhost:5432 - no response
localhost:5432 - accepting connections
17:40:14,947 [ test-runner:run-tests-983 @ target-host ] script-cmd: sync-drop-fs-cache
17:40:14,947 [ test-runner:run-tests-983 @ target-host ] sync-drop-fs-cache
17:40:14,948 [ test-runner:run-tests-983 @ target-host ] read-state: true
17:40:14,948 [ test-runner:run-tests-983 @ target-host ] regex: true
17:40:15,462 [ test-runner:run-tests-983 @ target-host ] sync
17:40:15,463 [ test-runner:run-tests-983 @ target-host ] script-cmd: sync-drop-fs-cache-${{os}}
17:40:15,463 [ test-runner:run-tests-983 @ target-host ] sync-drop-fs-cache-linux
17:40:15,463 [ test-runner:run-tests-983 @ target-host ] script-cmd: sudo
17:40:15,463 [ test-runner:run-tests-983 @ target-host ] sudo
17:40:15,464 [ test-runner:run-tests-983 @ target-host ] script-cmd: sudo-${{os}}
17:40:15,464 [ test-runner:run-tests-983 @ target-host ] sudo-linux
17:40:16,247 [ test-runner:run-tests-983 @ target-host ] sudo sh -c "echo 3 > /proc/sys/vm/drop_caches"
]3008;start=19b2dfbc5ab9448981342a485ffd4160;user=zakkak;hostname=blanc;machineid=f469a615e9ef4e81b7d5be080a5de373;bootid=0e917e08584a49cb891ef04366e00ace;pid=240852;pidfdid=240853;comm=sudo;targetuser=root;sessionid=c203;type=session\]3008;end=19b2dfbc5ab9448981342a485ffd4160\
17:40:16,256 [ test-runner:run-tests-983 @ target-host ] set-signal: LOAD_STEADY_STATE_START 1
17:40:16,256 [ test-runner:run-tests-983 @ target-host ] set-signal: LOG_REGEX_REACHED 1
17:40:16,659 [ test-runner:run-tests-983 @ target-host ] taskset --cpu-list 0-3 /home/zakkak/spring-quarkus-perf-comparison/spring-quarkus-perf-comparison/quarkus3/target/quarkus3-runner  &>/home/zakkak/spring-quarkus-perf-comparison/logs/load-test-quarkus3-native-3.log &
[1] 240881
17:40:17,061 [ test-runner:run-tests-983 @ target-host ] PID=$!
17:40:17,462 [ test-runner:run-tests-983 @ target-host ] echo $PID
240881
17:40:17,462 [ test-runner:run-tests-983 @ target-host ] set-state: JVM_PID 240881
17:40:17,463 [ test-runner:run-tests-983 @ target-host ] script-cmd: monitor-processes
17:40:17,472 [ test-runner:run-tests-983 @ target-host ] monitor-processes
17:40:17,472 [ test-runner:run-tests-983 @ target-host ] set-signal: LOAD_TEST_COMPLETE 1
17:40:17,937 [ test-runner:run-tests-983 @ target-host ] script-cmd: monitor-process
17:40:17,937 [ :monitor-process-2185 @ target-host ] monitor-process
17:40:17,946 [ :monitor-process-2185 @ target-host ] queue-download: ${{log_file}}=/home/zakkak/spring-quarkus-perf-comparison/logs/pidstat-quarkus3-native-3.log ../../20260311/run-time-initialize-jdk/target-host/
17:40:18,312 [ test-runner:run-tests-983 @ target-host ] script-cmd: monitor-process
17:40:18,312 [ :monitor-process-2193 @ target-host ] monitor-process
17:40:18,313 [ :monitor-process-2193 @ target-host ] queue-download: ${{log_file}}=/home/zakkak/spring-quarkus-perf-comparison/logs/mpstat-quarkus3-native-3.log ../../20260311/run-time-initialize-jdk/target-host/
17:40:18,448 [ :monitor-process-2185 @ target-host ] taskset --cpu-list 11 pidstat -u -p 240881 1 &>/home/zakkak/spring-quarkus-perf-comparison/logs/pidstat-quarkus3-native-3.log &
[1] 241006
17:40:18,687 [ test-runner:run-tests-983 @ target-host ] script-cmd: monitor-process
17:40:18,687 [ test-runner:run-tests-983 @ target-host ] script-cmd: monitor-postgres
17:40:18,687 [ test-runner:run-tests-983 @ target-host ] monitor-postgres
17:40:18,687 [ :monitor-process-2202 @ target-host ] monitor-process
17:40:18,687 [ :monitor-process-2202 @ target-host ] queue-download: ${{log_file}}=/home/zakkak/spring-quarkus-perf-comparison/logs/vmstat-quarkus3-native-3.log ../../20260311/run-time-initialize-jdk/target-host/
17:40:18,815 [ :monitor-process-2193 @ target-host ] taskset --cpu-list 11 mpstat -P ALL 1 &>/home/zakkak/spring-quarkus-perf-comparison/logs/mpstat-quarkus3-native-3.log &
[1] 241083
17:40:18,850 [ :monitor-process-2185 @ target-host ] PROCESS_PID=$!
17:40:19,090 [ :monitor-process-2202 @ target-host ] taskset --cpu-list 11 vmstat 1 &>/home/zakkak/spring-quarkus-perf-comparison/logs/vmstat-quarkus3-native-3.log &
[1] 241168
17:40:19,128 [ test-runner:run-tests-983 @ target-host ] POSTGRES_PID=$(/home/zakkak/spring-quarkus-perf-comparison/spring-quarkus-perf-comparison/scripts/infra.sh -r)
17:40:19,217 [ :monitor-process-2193 @ target-host ] PROCESS_PID=$!
17:40:19,251 [ :monitor-process-2185 @ target-host ] echo $PROCESS_PID
241006
17:40:19,252 [ :monitor-process-2185 @ target-host ] set-state: PROCESS_PID 241006
17:40:19,491 [ :monitor-process-2202 @ target-host ] PROCESS_PID=$!
17:40:19,529 [ test-runner:run-tests-983 @ target-host ] echo $POSTGRES_PID
240579
17:40:19,529 [ test-runner:run-tests-983 @ target-host ] set-state: POSTGRES_PID 240579
17:40:19,618 [ :monitor-process-2193 @ target-host ] echo $PROCESS_PID
241083
17:40:19,618 [ :monitor-process-2193 @ target-host ] set-state: PROCESS_PID 241083
17:40:19,893 [ :monitor-process-2202 @ target-host ] echo $PROCESS_PID
241168
17:40:19,893 [ :monitor-process-2202 @ target-host ] set-state: PROCESS_PID 241168
17:40:19,905 [ test-runner:run-tests-983 @ target-host ] script-cmd: monitor-process
17:40:19,905 [ :monitor-process-2218 @ target-host ] monitor-process
17:40:19,905 [ test-runner:run-tests-983 @ target-host ] JVM_PID = 240881
17:40:19,905 [ :monitor-process-2218 @ target-host ] queue-download: ${{log_file}}=/home/zakkak/spring-quarkus-perf-comparison/logs/postgres-pidstat-quarkus3-native-3.log ../../20260311/run-time-initialize-jdk/target-host/
17:40:19,905 [ test-runner:run-tests-983 @ target-host ] read-state: none
17:40:20,277 [ test-runner:run-tests-983 @ target-host ] script-cmd: watch-log
17:40:20,277 [ :watch-log-2227 @ target-host ] watch-log
17:40:20,287 [ :watch-log-2227 @ target-host ] regex: ${{log_regex}}
17:40:20,288 [ :watch-log-2227 @ target-host ] ctrlC
17:40:20,288 [ :watch-log-2227 @ target-host ] reached LOG_REGEX_REACHED
17:40:20,288 [ test-runner:run-tests-983 @ target-host ] wait-for: LOG_REGEX_REACHED
17:40:20,288 [ :watch-log-2227 @ target-host ] signal: LOG_REGEX_REACHED
17:40:20,408 [ :monitor-process-2218 @ target-host ] taskset --cpu-list 11 pidstat -u -p $(pgrep -d , -P 240579) 1 &>/home/zakkak/spring-quarkus-perf-comparison/logs/postgres-pidstat-quarkus3-native-3.log &
[1] 241282
17:40:20,690 [ :watch-log-2227 @ target-host ] tail -f /home/zakkak/spring-quarkus-perf-comparison/logs/load-test-quarkus3-native-3.log
__  ____  __  _____   ___  __ ____  ______ 
 --/ __ \/ / / / _ | / _ \/ //_/ / / / __/ 
 -/ /_/ / /_/ / __ |/ , _/ ,< / /_/ /\ \   
--\___\_\____/_/ |_/_/|_/_/|_|\____/___/   
2026-03-11 17:40:16,428 INFO  [io.quarkus] (main) quarkus3 1.0 native (powered by Quarkus 999-SNAPSHOT) started in 0.089s. Listening on: http://0.0.0.0:8080
2026-03-11 17:40:16,428 INFO  [io.quarkus] (main) Profile prod activated. 
2026-03-11 17:40:16,428 INFO  [io.quarkus] (main) Installed features: [agroal, cdi, config-yaml, hibernate-orm, hibernate-orm-panache, hibernate-validator, jdbc-postgresql, narayana-jta, rest, rest-jackson, smallrye-context-propagation, smallrye-health, vertx]
17:40:20,809 [ :monitor-process-2218 @ target-host ] PROCESS_PID=$!
17:40:21,211 [ :monitor-process-2218 @ target-host ] echo $PROCESS_PID
241282
17:40:21,212 [ :monitor-process-2218 @ target-host ] set-state: PROCESS_PID 241282
17:42:30,158 [ test-runner:run-tests-983 @ target-host ] taskset --cpu-list 7-9 jbang -R -XX:+UseNUMA wrk@hyperfoil -t 2 -c 100 -d 2m --timeout 2m http://localhost:8080/fruits 2>&1 >/home/zakkak/spring-quarkus-perf-comparison/logs/wrk-warmup-quarkus3-native-3.log
17:43:00,159 [ test-runner:run-tests-983 @ target-host ] sleep: 30s
17:43:00,159 [ :monitor-process-2193 @ target-host ] reached LOAD_STEADY_STATE_START
17:43:00,159 [ test-runner:run-tests-983 @ target-host ] signal: LOAD_STEADY_STATE_START
17:43:39,783 [ test-runner:run-tests-983 @ target-host ] taskset --cpu-list 7-9 jbang -R -XX:+UseNUMA wrk@hyperfoil -t 2 -c 100 -d 30s --timeout 30s http://localhost:8080/fruits 2>&1 >/home/zakkak/spring-quarkus-perf-comparison/logs/wrk-quarkus3-native-3.log
17:43:40,199 [ test-runner:run-tests-983 @ target-host ] cat /home/zakkak/spring-quarkus-perf-comparison/logs/wrk-quarkus3-native-3.log | grep "Requests/sec" | awk '{print $2}'
16270.12
17:43:40,199 [ test-runner:run-tests-983 @ target-host ] set-state: THROUGHPUT 16270.12
17:43:40,199 [ test-runner:run-tests-983 @ target-host ] script-cmd: state-array-push
17:43:40,200 [ test-runner:run-tests-983 @ target-host ] state-array-push
17:43:40,262 [ test-runner:run-tests-983 @ target-host ] set-state: RUN.output.results.quarkus3-native.load.throughput [16053.21,16061.88,16033.22,16270.12]
17:43:40,666 [ test-runner:run-tests-983 @ target-host ] cat /home/zakkak/spring-quarkus-perf-comparison/logs/wrk-quarkus3-native-3.log | grep "Socket errors:" | sed -E 's/.*connectionErrors ([0-9]+).*/\1/'
17:43:40,666 [ test-runner:run-tests-983 @ target-host ] regex: ^$
17:43:40,666 [ test-runner:run-tests-983 @ target-host ] set-state: CONNECTION_ERRORS 0
17:43:40,666 [ test-runner:run-tests-983 @ target-host ] script-cmd: state-array-push
17:43:40,666 [ test-runner:run-tests-983 @ target-host ] state-array-push
17:43:40,725 [ test-runner:run-tests-983 @ target-host ] set-state: RUN.output.results.quarkus3-native.load.connectionErrors [0,0,0,0]
17:43:41,129 [ test-runner:run-tests-983 @ target-host ] cat /home/zakkak/spring-quarkus-perf-comparison/logs/wrk-quarkus3-native-3.log | grep "Socket errors:" | sed -E 's/.*requestTimeouts ([0-9]+)/\1/'
17:43:41,129 [ test-runner:run-tests-983 @ target-host ] regex: ^$
17:43:41,129 [ test-runner:run-tests-983 @ target-host ] set-state: REQUEST_TIMEOUTS 0
17:43:41,129 [ test-runner:run-tests-983 @ target-host ] script-cmd: state-array-push
17:43:41,129 [ test-runner:run-tests-983 @ target-host ] state-array-push
17:43:41,184 [ test-runner:run-tests-983 @ target-host ] set-state: RUN.output.results.quarkus3-native.load.requestTimeouts [0,0,0,0]
17:43:41,595 [ test-runner:run-tests-983 @ target-host ] pmap -x $PID | grep total | awk '{print $4}'
161432
17:43:41,595 [ test-runner:run-tests-983 @ target-host ] set-state: RSS 161432
17:43:41,624 [ test-runner:run-tests-983 @ target-host ] script-cmd: state-array-push
17:43:41,624 [ test-runner:run-tests-983 @ target-host ] state-array-push
17:43:41,677 [ test-runner:run-tests-983 @ target-host ] set-state: RUN.output.results.quarkus3-native.load.rss [160.66015625,154.13671875,154.953125,157.6484375]
17:43:41,702 [ test-runner:run-tests-983 @ target-host ] script-cmd: state-array-push
17:43:41,702 [ test-runner:run-tests-983 @ target-host ] state-array-push
17:43:41,737 [ test-runner:run-tests-983 @ target-host ] set-state: RUN.output.results.quarkus3-native.load.throughputDensity [99.92029371003427,104.2054101725842,103.4714207925784,103.20508251152188]
17:43:41,737 [ test-runner:run-tests-983 @ target-host ] reached LOAD_TEST_COMPLETE
17:43:41,738 [ :monitor-process-2185 @ target-host ] wait-for: LOAD_TEST_COMPLETE
17:43:41,738 [ :monitor-process-2193 @ target-host ] wait-for: LOAD_TEST_COMPLETE
17:43:41,738 [ :monitor-process-2202 @ target-host ] wait-for: LOAD_TEST_COMPLETE
17:43:41,738 [ :monitor-process-2218 @ target-host ] wait-for: LOAD_TEST_COMPLETE
17:43:41,738 [ test-runner:run-tests-983 @ target-host ] signal: LOAD_TEST_COMPLETE
17:43:42,139 [ :monitor-process-2218 @ target-host ] kill -15 $PROCESS_PID
bash: kill: (241282) - No such process
17:43:42,140 [ :monitor-process-2193 @ target-host ] kill -15 $PROCESS_PID
bash: kill: (241083) - No such process
17:43:42,140 [ :monitor-process-2185 @ target-host ] kill -15 $PROCESS_PID
bash: kill: (241006) - No such process
17:43:42,239 [ test-runner:run-tests-983 @ target-host ] kill -15 $PID
17:43:42,240 [ :monitor-process-2202 @ target-host ] kill -15 $PROCESS_PID
17:43:44,650 [ test-runner:run-tests-983 @ target-host ] sleep 2
17:43:44,651 [ test-runner:run-tests-983 @ target-host ] script-cmd: stop-test-services
17:43:44,651 [ test-runner:run-tests-983 @ target-host ] stop-test-services
17:43:45,312 [ test-runner:run-tests-983 @ target-host ] /home/zakkak/spring-quarkus-perf-comparison/spring-quarkus-perf-comparison/scripts/infra.sh -d
Using podman to stop containers
-----------------------------------------
[03/11/2026 17:43:44]: Stopping services
-----------------------------------------
Stopping PostgreSQL database 'fruits_db'
fruits_db
17:43:45,371 [ test-runner:run-tests-983 @ target-host ] for-each: ITERATION = 4
17:43:45,371 [ test-runner:run-tests-983 @ target-host ] set-state: LOG_FILE /home/zakkak/spring-quarkus-perf-comparison/logs/load-test-quarkus3-native-4.log
17:43:45,778 [ test-runner:run-tests-983 @ target-host ] touch /home/zakkak/spring-quarkus-perf-comparison/logs/load-test-quarkus3-native-4.log
17:43:45,778 [ test-runner:run-tests-983 @ target-host ] queue-download: ${{REPO_DIR}}/logs/wrk-warmup-${{RUNTIME.name}}-${{ITERATION}}.log=/home/zakkak/spring-quarkus-perf-comparison/logs/wrk-warmup-quarkus3-native-4.log ../../20260311/run-time-initialize-jdk/target-host/
17:43:45,779 [ test-runner:run-tests-983 @ target-host ] queue-download: ${{LOG_FILE}}=/home/zakkak/spring-quarkus-perf-comparison/logs/load-test-quarkus3-native-4.log ../../20260311/run-time-initialize-jdk/target-host/
17:43:45,779 [ test-runner:run-tests-983 @ target-host ] queue-download: ${{REPO_DIR}}/logs/wrk-${{RUNTIME.name}}-${{ITERATION}}.log=/home/zakkak/spring-quarkus-perf-comparison/logs/wrk-quarkus3-native-4.log ../../20260311/run-time-initialize-jdk/target-host/
17:43:45,779 [ test-runner:run-tests-983 @ target-host ] script-cmd: start-test-services
17:43:45,779 [ test-runner:run-tests-983 @ target-host ] start-test-services
17:43:56,899 [ test-runner:run-tests-983 @ target-host ] /home/zakkak/spring-quarkus-perf-comparison/spring-quarkus-perf-comparison/scripts/infra.sh -c 3 -p '4-6' -s
Using podman to start containers
-----------------------------------------
[03/11/2026 17:43:45]: Starting services
-----------------------------------------
Starting PostgreSQL database 'fruits_db'
PostgreSQL DB process: dabca8ead1ddb5a932d947bb021a3a0b4c9cfca3d1bf50671535b16574f479af
Waiting for PostgreSQL to be ready...
localhost:5432 - no response
localhost:5432 - no response
localhost:5432 - accepting connections
17:43:56,899 [ test-runner:run-tests-983 @ target-host ] script-cmd: sync-drop-fs-cache
17:43:56,899 [ test-runner:run-tests-983 @ target-host ] sync-drop-fs-cache
17:43:56,899 [ test-runner:run-tests-983 @ target-host ] read-state: true
17:43:56,899 [ test-runner:run-tests-983 @ target-host ] regex: true
17:43:57,506 [ test-runner:run-tests-983 @ target-host ] sync
17:43:57,506 [ test-runner:run-tests-983 @ target-host ] script-cmd: sync-drop-fs-cache-${{os}}
17:43:57,506 [ test-runner:run-tests-983 @ target-host ] sync-drop-fs-cache-linux
17:43:57,507 [ test-runner:run-tests-983 @ target-host ] script-cmd: sudo
17:43:57,507 [ test-runner:run-tests-983 @ target-host ] sudo
17:43:57,507 [ test-runner:run-tests-983 @ target-host ] script-cmd: sudo-${{os}}
17:43:57,507 [ test-runner:run-tests-983 @ target-host ] sudo-linux
17:43:58,314 [ test-runner:run-tests-983 @ target-host ] sudo sh -c "echo 3 > /proc/sys/vm/drop_caches"
]3008;start=3a8d57e3ae4b489ab8cf6beffc007d33;user=zakkak;hostname=blanc;machineid=f469a615e9ef4e81b7d5be080a5de373;bootid=0e917e08584a49cb891ef04366e00ace;pid=242680;pidfdid=242681;comm=sudo;targetuser=root;sessionid=c204;type=session\]3008;end=3a8d57e3ae4b489ab8cf6beffc007d33\
17:43:58,316 [ test-runner:run-tests-983 @ target-host ] set-signal: LOAD_STEADY_STATE_START 1
17:43:58,316 [ test-runner:run-tests-983 @ target-host ] set-signal: LOG_REGEX_REACHED 1
17:43:58,719 [ test-runner:run-tests-983 @ target-host ] taskset --cpu-list 0-3 /home/zakkak/spring-quarkus-perf-comparison/spring-quarkus-perf-comparison/quarkus3/target/quarkus3-runner  &>/home/zakkak/spring-quarkus-perf-comparison/logs/load-test-quarkus3-native-4.log &
[1] 242708
17:43:59,120 [ test-runner:run-tests-983 @ target-host ] PID=$!
17:43:59,522 [ test-runner:run-tests-983 @ target-host ] echo $PID
242708
17:43:59,522 [ test-runner:run-tests-983 @ target-host ] set-state: JVM_PID 242708
17:43:59,522 [ test-runner:run-tests-983 @ target-host ] script-cmd: monitor-processes
17:43:59,522 [ test-runner:run-tests-983 @ target-host ] monitor-processes
17:43:59,522 [ test-runner:run-tests-983 @ target-host ] set-signal: LOAD_TEST_COMPLETE 1
17:43:59,963 [ test-runner:run-tests-983 @ target-host ] script-cmd: monitor-process
17:43:59,963 [ :monitor-process-2278 @ target-host ] monitor-process
17:43:59,964 [ :monitor-process-2278 @ target-host ] queue-download: ${{log_file}}=/home/zakkak/spring-quarkus-perf-comparison/logs/pidstat-quarkus3-native-4.log ../../20260311/run-time-initialize-jdk/target-host/
17:44:00,337 [ test-runner:run-tests-983 @ target-host ] script-cmd: monitor-process
17:44:00,337 [ :monitor-process-2286 @ target-host ] monitor-process
17:44:00,337 [ :monitor-process-2286 @ target-host ] queue-download: ${{log_file}}=/home/zakkak/spring-quarkus-perf-comparison/logs/mpstat-quarkus3-native-4.log ../../20260311/run-time-initialize-jdk/target-host/
17:44:00,467 [ :monitor-process-2278 @ target-host ] taskset --cpu-list 11 pidstat -u -p 242708 1 &>/home/zakkak/spring-quarkus-perf-comparison/logs/pidstat-quarkus3-native-4.log &
[1] 242829
17:44:00,712 [ test-runner:run-tests-983 @ target-host ] script-cmd: monitor-process
17:44:00,712 [ test-runner:run-tests-983 @ target-host ] script-cmd: monitor-postgres
17:44:00,712 [ test-runner:run-tests-983 @ target-host ] monitor-postgres
17:44:00,712 [ :monitor-process-2295 @ target-host ] monitor-process
17:44:00,712 [ :monitor-process-2295 @ target-host ] queue-download: ${{log_file}}=/home/zakkak/spring-quarkus-perf-comparison/logs/vmstat-quarkus3-native-4.log ../../20260311/run-time-initialize-jdk/target-host/
17:44:00,840 [ :monitor-process-2286 @ target-host ] taskset --cpu-list 11 mpstat -P ALL 1 &>/home/zakkak/spring-quarkus-perf-comparison/logs/mpstat-quarkus3-native-4.log &
[1] 242911
17:44:00,868 [ :monitor-process-2278 @ target-host ] PROCESS_PID=$!
17:44:01,114 [ :monitor-process-2295 @ target-host ] taskset --cpu-list 11 vmstat 1 &>/home/zakkak/spring-quarkus-perf-comparison/logs/vmstat-quarkus3-native-4.log &
[1] 242994
17:44:01,146 [ test-runner:run-tests-983 @ target-host ] POSTGRES_PID=$(/home/zakkak/spring-quarkus-perf-comparison/spring-quarkus-perf-comparison/scripts/infra.sh -r)
17:44:01,241 [ :monitor-process-2286 @ target-host ] PROCESS_PID=$!
17:44:01,270 [ :monitor-process-2278 @ target-host ] echo $PROCESS_PID
242829
17:44:01,270 [ :monitor-process-2278 @ target-host ] set-state: PROCESS_PID 242829
17:44:01,515 [ :monitor-process-2295 @ target-host ] PROCESS_PID=$!
17:44:01,548 [ test-runner:run-tests-983 @ target-host ] echo $POSTGRES_PID
242411
17:44:01,548 [ test-runner:run-tests-983 @ target-host ] set-state: POSTGRES_PID 242411
17:44:01,642 [ :monitor-process-2286 @ target-host ] echo $PROCESS_PID
242911
17:44:01,643 [ :monitor-process-2286 @ target-host ] set-state: PROCESS_PID 242911
17:44:01,917 [ :monitor-process-2295 @ target-host ] echo $PROCESS_PID
242994
17:44:01,917 [ :monitor-process-2295 @ target-host ] set-state: PROCESS_PID 242994
17:44:01,917 [ test-runner:run-tests-983 @ target-host ] script-cmd: monitor-process
17:44:01,917 [ :monitor-process-2311 @ target-host ] monitor-process
17:44:01,918 [ test-runner:run-tests-983 @ target-host ] JVM_PID = 242708
17:44:01,918 [ :monitor-process-2311 @ target-host ] queue-download: ${{log_file}}=/home/zakkak/spring-quarkus-perf-comparison/logs/postgres-pidstat-quarkus3-native-4.log ../../20260311/run-time-initialize-jdk/target-host/
17:44:01,918 [ test-runner:run-tests-983 @ target-host ] read-state: none
17:44:02,289 [ test-runner:run-tests-983 @ target-host ] script-cmd: watch-log
17:44:02,289 [ :watch-log-2320 @ target-host ] watch-log
17:44:02,299 [ :watch-log-2320 @ target-host ] regex: ${{log_regex}}
17:44:02,299 [ :watch-log-2320 @ target-host ] ctrlC
17:44:02,299 [ :watch-log-2320 @ target-host ] reached LOG_REGEX_REACHED
17:44:02,300 [ test-runner:run-tests-983 @ target-host ] wait-for: LOG_REGEX_REACHED
17:44:02,300 [ :watch-log-2320 @ target-host ] signal: LOG_REGEX_REACHED
17:44:02,420 [ :monitor-process-2311 @ target-host ] taskset --cpu-list 11 pidstat -u -p $(pgrep -d , -P 242411) 1 &>/home/zakkak/spring-quarkus-perf-comparison/logs/postgres-pidstat-quarkus3-native-4.log &
[1] 243108
17:44:02,701 [ :watch-log-2320 @ target-host ] tail -f /home/zakkak/spring-quarkus-perf-comparison/logs/load-test-quarkus3-native-4.log
__  ____  __  _____   ___  __ ____  ______ 
 --/ __ \/ / / / _ | / _ \/ //_/ / / / __/ 
 -/ /_/ / /_/ / __ |/ , _/ ,< / /_/ /\ \   
--\___\_\____/_/ |_/_/|_/_/|_|\____/___/   
2026-03-11 17:43:58,491 INFO  [io.quarkus] (main) quarkus3 1.0 native (powered by Quarkus 999-SNAPSHOT) started in 0.090s. Listening on: http://0.0.0.0:8080
2026-03-11 17:43:58,491 INFO  [io.quarkus] (main) Profile prod activated. 
2026-03-11 17:43:58,491 INFO  [io.quarkus] (main) Installed features: [agroal, cdi, config-yaml, hibernate-orm, hibernate-orm-panache, hibernate-validator, jdbc-postgresql, narayana-jta, rest, rest-jackson, smallrye-context-propagation, smallrye-health, vertx]
17:44:02,822 [ :monitor-process-2311 @ target-host ] PROCESS_PID=$!
17:44:03,223 [ :monitor-process-2311 @ target-host ] echo $PROCESS_PID
243108
17:44:03,223 [ :monitor-process-2311 @ target-host ] set-state: PROCESS_PID 243108
17:46:12,231 [ test-runner:run-tests-983 @ target-host ] taskset --cpu-list 7-9 jbang -R -XX:+UseNUMA wrk@hyperfoil -t 2 -c 100 -d 2m --timeout 2m http://localhost:8080/fruits 2>&1 >/home/zakkak/spring-quarkus-perf-comparison/logs/wrk-warmup-quarkus3-native-4.log
17:46:42,231 [ test-runner:run-tests-983 @ target-host ] sleep: 30s
17:46:42,231 [ :monitor-process-2286 @ target-host ] reached LOAD_STEADY_STATE_START
17:46:42,231 [ test-runner:run-tests-983 @ target-host ] signal: LOAD_STEADY_STATE_START
17:47:21,880 [ test-runner:run-tests-983 @ target-host ] taskset --cpu-list 7-9 jbang -R -XX:+UseNUMA wrk@hyperfoil -t 2 -c 100 -d 30s --timeout 30s http://localhost:8080/fruits 2>&1 >/home/zakkak/spring-quarkus-perf-comparison/logs/wrk-quarkus3-native-4.log
17:47:22,295 [ test-runner:run-tests-983 @ target-host ] cat /home/zakkak/spring-quarkus-perf-comparison/logs/wrk-quarkus3-native-4.log | grep "Requests/sec" | awk '{print $2}'
16000.47
17:47:22,295 [ test-runner:run-tests-983 @ target-host ] set-state: THROUGHPUT 16000.47
17:47:22,296 [ test-runner:run-tests-983 @ target-host ] script-cmd: state-array-push
17:47:22,296 [ test-runner:run-tests-983 @ target-host ] state-array-push
17:47:22,342 [ test-runner:run-tests-983 @ target-host ] set-state: RUN.output.results.quarkus3-native.load.throughput [16053.21,16061.88,16033.22,16270.12,16000.47]
17:47:22,746 [ test-runner:run-tests-983 @ target-host ] cat /home/zakkak/spring-quarkus-perf-comparison/logs/wrk-quarkus3-native-4.log | grep "Socket errors:" | sed -E 's/.*connectionErrors ([0-9]+).*/\1/'
17:47:22,746 [ test-runner:run-tests-983 @ target-host ] regex: ^$
17:47:22,746 [ test-runner:run-tests-983 @ target-host ] set-state: CONNECTION_ERRORS 0
17:47:22,746 [ test-runner:run-tests-983 @ target-host ] script-cmd: state-array-push
17:47:22,746 [ test-runner:run-tests-983 @ target-host ] state-array-push
17:47:22,780 [ test-runner:run-tests-983 @ target-host ] set-state: RUN.output.results.quarkus3-native.load.connectionErrors [0,0,0,0,0]
17:47:23,184 [ test-runner:run-tests-983 @ target-host ] cat /home/zakkak/spring-quarkus-perf-comparison/logs/wrk-quarkus3-native-4.log | grep "Socket errors:" | sed -E 's/.*requestTimeouts ([0-9]+)/\1/'
17:47:23,184 [ test-runner:run-tests-983 @ target-host ] regex: ^$
17:47:23,184 [ test-runner:run-tests-983 @ target-host ] set-state: REQUEST_TIMEOUTS 0
17:47:23,184 [ test-runner:run-tests-983 @ target-host ] script-cmd: state-array-push
17:47:23,184 [ test-runner:run-tests-983 @ target-host ] state-array-push
17:47:23,221 [ test-runner:run-tests-983 @ target-host ] set-state: RUN.output.results.quarkus3-native.load.requestTimeouts [0,0,0,0,0]
17:47:23,639 [ test-runner:run-tests-983 @ target-host ] pmap -x $PID | grep total | awk '{print $4}'
160616
17:47:23,639 [ test-runner:run-tests-983 @ target-host ] set-state: RSS 160616
17:47:23,657 [ test-runner:run-tests-983 @ target-host ] script-cmd: state-array-push
17:47:23,657 [ test-runner:run-tests-983 @ target-host ] state-array-push
17:47:23,698 [ test-runner:run-tests-983 @ target-host ] set-state: RUN.output.results.quarkus3-native.load.rss [160.66015625,154.13671875,154.953125,157.6484375,156.8515625]
17:47:23,729 [ test-runner:run-tests-983 @ target-host ] script-cmd: state-array-push
17:47:23,729 [ test-runner:run-tests-983 @ target-host ] state-array-push
17:47:23,769 [ test-runner:run-tests-983 @ target-host ] set-state: RUN.output.results.quarkus3-native.load.throughputDensity [99.92029371003427,104.2054101725842,103.4714207925784,103.20508251152188,102.01026846640434]
17:47:23,769 [ test-runner:run-tests-983 @ target-host ] reached LOAD_TEST_COMPLETE
17:47:23,769 [ :monitor-process-2278 @ target-host ] wait-for: LOAD_TEST_COMPLETE
17:47:23,769 [ :monitor-process-2286 @ target-host ] wait-for: LOAD_TEST_COMPLETE
17:47:23,769 [ :monitor-process-2295 @ target-host ] wait-for: LOAD_TEST_COMPLETE
17:47:23,769 [ :monitor-process-2311 @ target-host ] wait-for: LOAD_TEST_COMPLETE
17:47:23,769 [ test-runner:run-tests-983 @ target-host ] signal: LOAD_TEST_COMPLETE
17:47:24,171 [ :monitor-process-2311 @ target-host ] kill -15 $PROCESS_PID
bash: kill: (243108) - No such process
17:47:24,171 [ :monitor-process-2286 @ target-host ] kill -15 $PROCESS_PID
bash: kill: (242911) - No such process
17:47:24,171 [ :monitor-process-2278 @ target-host ] kill -15 $PROCESS_PID
bash: kill: (242829) - No such process
17:47:24,271 [ test-runner:run-tests-983 @ target-host ] kill -15 $PID
17:47:24,271 [ :monitor-process-2295 @ target-host ] kill -15 $PROCESS_PID
17:47:26,682 [ test-runner:run-tests-983 @ target-host ] sleep 2
17:47:26,682 [ test-runner:run-tests-983 @ target-host ] script-cmd: stop-test-services
17:47:26,682 [ test-runner:run-tests-983 @ target-host ] stop-test-services
17:47:27,332 [ test-runner:run-tests-983 @ target-host ] /home/zakkak/spring-quarkus-perf-comparison/spring-quarkus-perf-comparison/scripts/infra.sh -d
Using podman to stop containers
-----------------------------------------
[03/11/2026 17:47:26]: Stopping services
-----------------------------------------
Stopping PostgreSQL database 'fruits_db'
fruits_db
17:47:27,392 [ test-runner:run-tests-983 @ target-host ] for-each: ITERATION = 5
17:47:27,392 [ test-runner:run-tests-983 @ target-host ] set-state: LOG_FILE /home/zakkak/spring-quarkus-perf-comparison/logs/load-test-quarkus3-native-5.log
17:47:27,804 [ test-runner:run-tests-983 @ target-host ] touch /home/zakkak/spring-quarkus-perf-comparison/logs/load-test-quarkus3-native-5.log
17:47:27,804 [ test-runner:run-tests-983 @ target-host ] queue-download: ${{REPO_DIR}}/logs/wrk-warmup-${{RUNTIME.name}}-${{ITERATION}}.log=/home/zakkak/spring-quarkus-perf-comparison/logs/wrk-warmup-quarkus3-native-5.log ../../20260311/run-time-initialize-jdk/target-host/
17:47:27,804 [ test-runner:run-tests-983 @ target-host ] queue-download: ${{LOG_FILE}}=/home/zakkak/spring-quarkus-perf-comparison/logs/load-test-quarkus3-native-5.log ../../20260311/run-time-initialize-jdk/target-host/
17:47:27,805 [ test-runner:run-tests-983 @ target-host ] queue-download: ${{REPO_DIR}}/logs/wrk-${{RUNTIME.name}}-${{ITERATION}}.log=/home/zakkak/spring-quarkus-perf-comparison/logs/wrk-quarkus3-native-5.log ../../20260311/run-time-initialize-jdk/target-host/
17:47:27,805 [ test-runner:run-tests-983 @ target-host ] script-cmd: start-test-services
17:47:27,805 [ test-runner:run-tests-983 @ target-host ] start-test-services
17:47:38,889 [ test-runner:run-tests-983 @ target-host ] /home/zakkak/spring-quarkus-perf-comparison/spring-quarkus-perf-comparison/scripts/infra.sh -c 3 -p '4-6' -s
Using podman to start containers
-----------------------------------------
[03/11/2026 17:47:27]: Starting services
-----------------------------------------
Starting PostgreSQL database 'fruits_db'
PostgreSQL DB process: 1e5037bd4aa95c2d27f9ce1aa15efa592d7c302ca023ecfa1492ba2b17614953
Waiting for PostgreSQL to be ready...
localhost:5432 - no response
localhost:5432 - no response
localhost:5432 - accepting connections
17:47:38,890 [ test-runner:run-tests-983 @ target-host ] script-cmd: sync-drop-fs-cache
17:47:38,890 [ test-runner:run-tests-983 @ target-host ] sync-drop-fs-cache
17:47:38,890 [ test-runner:run-tests-983 @ target-host ] read-state: true
17:47:38,890 [ test-runner:run-tests-983 @ target-host ] regex: true
17:47:39,412 [ test-runner:run-tests-983 @ target-host ] sync
17:47:39,412 [ test-runner:run-tests-983 @ target-host ] script-cmd: sync-drop-fs-cache-${{os}}
17:47:39,412 [ test-runner:run-tests-983 @ target-host ] sync-drop-fs-cache-linux
17:47:39,412 [ test-runner:run-tests-983 @ target-host ] script-cmd: sudo
17:47:39,412 [ test-runner:run-tests-983 @ target-host ] sudo
17:47:39,412 [ test-runner:run-tests-983 @ target-host ] script-cmd: sudo-${{os}}
17:47:39,412 [ test-runner:run-tests-983 @ target-host ] sudo-linux
17:47:40,206 [ test-runner:run-tests-983 @ target-host ] sudo sh -c "echo 3 > /proc/sys/vm/drop_caches"
]3008;start=8b0a4fbe6dba467bba2fbdfbd3f58590;user=zakkak;hostname=blanc;machineid=f469a615e9ef4e81b7d5be080a5de373;bootid=0e917e08584a49cb891ef04366e00ace;pid=244527;pidfdid=244528;comm=sudo;targetuser=root;sessionid=c205;type=session\]3008;end=8b0a4fbe6dba467bba2fbdfbd3f58590\
17:47:40,206 [ test-runner:run-tests-983 @ target-host ] set-signal: LOAD_STEADY_STATE_START 1
17:47:40,206 [ test-runner:run-tests-983 @ target-host ] set-signal: LOG_REGEX_REACHED 1
17:47:40,609 [ test-runner:run-tests-983 @ target-host ] taskset --cpu-list 0-3 /home/zakkak/spring-quarkus-perf-comparison/spring-quarkus-perf-comparison/quarkus3/target/quarkus3-runner  &>/home/zakkak/spring-quarkus-perf-comparison/logs/load-test-quarkus3-native-5.log &
[1] 244563
17:47:41,010 [ test-runner:run-tests-983 @ target-host ] PID=$!
17:47:41,412 [ test-runner:run-tests-983 @ target-host ] echo $PID
244563
17:47:41,412 [ test-runner:run-tests-983 @ target-host ] set-state: JVM_PID 244563
17:47:41,412 [ test-runner:run-tests-983 @ target-host ] script-cmd: monitor-processes
17:47:41,412 [ test-runner:run-tests-983 @ target-host ] monitor-processes
17:47:41,412 [ test-runner:run-tests-983 @ target-host ] set-signal: LOAD_TEST_COMPLETE 1
17:47:41,860 [ test-runner:run-tests-983 @ target-host ] script-cmd: monitor-process
17:47:41,860 [ :monitor-process-2371 @ target-host ] monitor-process
17:47:41,869 [ :monitor-process-2371 @ target-host ] queue-download: ${{log_file}}=/home/zakkak/spring-quarkus-perf-comparison/logs/pidstat-quarkus3-native-5.log ../../20260311/run-time-initialize-jdk/target-host/
17:47:42,235 [ test-runner:run-tests-983 @ target-host ] script-cmd: monitor-process
17:47:42,235 [ :monitor-process-2379 @ target-host ] monitor-process
17:47:42,235 [ :monitor-process-2379 @ target-host ] queue-download: ${{log_file}}=/home/zakkak/spring-quarkus-perf-comparison/logs/mpstat-quarkus3-native-5.log ../../20260311/run-time-initialize-jdk/target-host/
17:47:42,371 [ :monitor-process-2371 @ target-host ] taskset --cpu-list 11 pidstat -u -p 244563 1 &>/home/zakkak/spring-quarkus-perf-comparison/logs/pidstat-quarkus3-native-5.log &
[1] 244687
17:47:42,609 [ test-runner:run-tests-983 @ target-host ] script-cmd: monitor-process
17:47:42,609 [ test-runner:run-tests-983 @ target-host ] script-cmd: monitor-postgres
17:47:42,609 [ test-runner:run-tests-983 @ target-host ] monitor-postgres
17:47:42,609 [ :monitor-process-2388 @ target-host ] monitor-process
17:47:42,609 [ :monitor-process-2388 @ target-host ] queue-download: ${{log_file}}=/home/zakkak/spring-quarkus-perf-comparison/logs/vmstat-quarkus3-native-5.log ../../20260311/run-time-initialize-jdk/target-host/
17:47:42,737 [ :monitor-process-2379 @ target-host ] taskset --cpu-list 11 mpstat -P ALL 1 &>/home/zakkak/spring-quarkus-perf-comparison/logs/mpstat-quarkus3-native-5.log &
[1] 244764
17:47:42,773 [ :monitor-process-2371 @ target-host ] PROCESS_PID=$!
17:47:43,012 [ :monitor-process-2388 @ target-host ] taskset --cpu-list 11 vmstat 1 &>/home/zakkak/spring-quarkus-perf-comparison/logs/vmstat-quarkus3-native-5.log &
[1] 244849
17:47:43,050 [ test-runner:run-tests-983 @ target-host ] POSTGRES_PID=$(/home/zakkak/spring-quarkus-perf-comparison/spring-quarkus-perf-comparison/scripts/infra.sh -r)
17:47:43,139 [ :monitor-process-2379 @ target-host ] PROCESS_PID=$!
17:47:43,174 [ :monitor-process-2371 @ target-host ] echo $PROCESS_PID
244687
17:47:43,174 [ :monitor-process-2371 @ target-host ] set-state: PROCESS_PID 244687
17:47:43,413 [ :monitor-process-2388 @ target-host ] PROCESS_PID=$!
17:47:43,451 [ test-runner:run-tests-983 @ target-host ] echo $POSTGRES_PID
244242
17:47:43,451 [ test-runner:run-tests-983 @ target-host ] set-state: POSTGRES_PID 244242
17:47:43,540 [ :monitor-process-2379 @ target-host ] echo $PROCESS_PID
244764
17:47:43,540 [ :monitor-process-2379 @ target-host ] set-state: PROCESS_PID 244764
17:47:43,815 [ :monitor-process-2388 @ target-host ] echo $PROCESS_PID
244849
17:47:43,815 [ :monitor-process-2388 @ target-host ] set-state: PROCESS_PID 244849
17:47:43,826 [ test-runner:run-tests-983 @ target-host ] script-cmd: monitor-process
17:47:43,826 [ test-runner:run-tests-983 @ target-host ] JVM_PID = 244563
17:47:43,826 [ :monitor-process-2404 @ target-host ] monitor-process
17:47:43,826 [ test-runner:run-tests-983 @ target-host ] read-state: none
17:47:43,826 [ :monitor-process-2404 @ target-host ] queue-download: ${{log_file}}=/home/zakkak/spring-quarkus-perf-comparison/logs/postgres-pidstat-quarkus3-native-5.log ../../20260311/run-time-initialize-jdk/target-host/
17:47:44,198 [ test-runner:run-tests-983 @ target-host ] script-cmd: watch-log
17:47:44,198 [ :watch-log-2413 @ target-host ] watch-log
17:47:44,208 [ :watch-log-2413 @ target-host ] regex: ${{log_regex}}
17:47:44,209 [ :watch-log-2413 @ target-host ] ctrlC
17:47:44,209 [ :watch-log-2413 @ target-host ] reached LOG_REGEX_REACHED
17:47:44,209 [ test-runner:run-tests-983 @ target-host ] wait-for: LOG_REGEX_REACHED
17:47:44,209 [ :watch-log-2413 @ target-host ] signal: LOG_REGEX_REACHED
17:47:44,329 [ :monitor-process-2404 @ target-host ] taskset --cpu-list 11 pidstat -u -p $(pgrep -d , -P 244242) 1 &>/home/zakkak/spring-quarkus-perf-comparison/logs/postgres-pidstat-quarkus3-native-5.log &
[1] 244963
17:47:44,610 [ :watch-log-2413 @ target-host ] tail -f /home/zakkak/spring-quarkus-perf-comparison/logs/load-test-quarkus3-native-5.log
__  ____  __  _____   ___  __ ____  ______ 
 --/ __ \/ / / / _ | / _ \/ //_/ / / / __/ 
 -/ /_/ / /_/ / __ |/ , _/ ,< / /_/ /\ \   
--\___\_\____/_/ |_/_/|_/_/|_|\____/___/   
2026-03-11 17:47:40,342 INFO  [io.quarkus] (main) quarkus3 1.0 native (powered by Quarkus 999-SNAPSHOT) started in 0.074s. Listening on: http://0.0.0.0:8080
2026-03-11 17:47:40,342 INFO  [io.quarkus] (main) Profile prod activated. 
2026-03-11 17:47:40,342 INFO  [io.quarkus] (main) Installed features: [agroal, cdi, config-yaml, hibernate-orm, hibernate-orm-panache, hibernate-validator, jdbc-postgresql, narayana-jta, rest, rest-jackson, smallrye-context-propagation, smallrye-health, vertx]
17:47:44,731 [ :monitor-process-2404 @ target-host ] PROCESS_PID=$!
17:47:45,132 [ :monitor-process-2404 @ target-host ] echo $PROCESS_PID
244963
17:47:45,133 [ :monitor-process-2404 @ target-host ] set-state: PROCESS_PID 244963
17:49:54,122 [ test-runner:run-tests-983 @ target-host ] taskset --cpu-list 7-9 jbang -R -XX:+UseNUMA wrk@hyperfoil -t 2 -c 100 -d 2m --timeout 2m http://localhost:8080/fruits 2>&1 >/home/zakkak/spring-quarkus-perf-comparison/logs/wrk-warmup-quarkus3-native-5.log
17:50:24,123 [ test-runner:run-tests-983 @ target-host ] sleep: 30s
17:50:24,123 [ :monitor-process-2379 @ target-host ] reached LOAD_STEADY_STATE_START
17:50:24,123 [ test-runner:run-tests-983 @ target-host ] signal: LOAD_STEADY_STATE_START
17:51:03,825 [ test-runner:run-tests-983 @ target-host ] taskset --cpu-list 7-9 jbang -R -XX:+UseNUMA wrk@hyperfoil -t 2 -c 100 -d 30s --timeout 30s http://localhost:8080/fruits 2>&1 >/home/zakkak/spring-quarkus-perf-comparison/logs/wrk-quarkus3-native-5.log
17:51:04,240 [ test-runner:run-tests-983 @ target-host ] cat /home/zakkak/spring-quarkus-perf-comparison/logs/wrk-quarkus3-native-5.log | grep "Requests/sec" | awk '{print $2}'
16439.42
17:51:04,240 [ test-runner:run-tests-983 @ target-host ] set-state: THROUGHPUT 16439.42
17:51:04,240 [ test-runner:run-tests-983 @ target-host ] script-cmd: state-array-push
17:51:04,240 [ test-runner:run-tests-983 @ target-host ] state-array-push
17:51:04,286 [ test-runner:run-tests-983 @ target-host ] set-state: RUN.output.results.quarkus3-native.load.throughput [16053.21,16061.88,16033.22,16270.12,16000.47,16439.42]
17:51:04,690 [ test-runner:run-tests-983 @ target-host ] cat /home/zakkak/spring-quarkus-perf-comparison/logs/wrk-quarkus3-native-5.log | grep "Socket errors:" | sed -E 's/.*connectionErrors ([0-9]+).*/\1/'
17:51:04,690 [ test-runner:run-tests-983 @ target-host ] regex: ^$
17:51:04,690 [ test-runner:run-tests-983 @ target-host ] set-state: CONNECTION_ERRORS 0
17:51:04,690 [ test-runner:run-tests-983 @ target-host ] script-cmd: state-array-push
17:51:04,690 [ test-runner:run-tests-983 @ target-host ] state-array-push
17:51:04,727 [ test-runner:run-tests-983 @ target-host ] set-state: RUN.output.results.quarkus3-native.load.connectionErrors [0,0,0,0,0,0]
17:51:05,130 [ test-runner:run-tests-983 @ target-host ] cat /home/zakkak/spring-quarkus-perf-comparison/logs/wrk-quarkus3-native-5.log | grep "Socket errors:" | sed -E 's/.*requestTimeouts ([0-9]+)/\1/'
17:51:05,130 [ test-runner:run-tests-983 @ target-host ] regex: ^$
17:51:05,130 [ test-runner:run-tests-983 @ target-host ] set-state: REQUEST_TIMEOUTS 0
17:51:05,131 [ test-runner:run-tests-983 @ target-host ] script-cmd: state-array-push
17:51:05,131 [ test-runner:run-tests-983 @ target-host ] state-array-push
17:51:05,165 [ test-runner:run-tests-983 @ target-host ] set-state: RUN.output.results.quarkus3-native.load.requestTimeouts [0,0,0,0,0,0]
17:51:05,583 [ test-runner:run-tests-983 @ target-host ] pmap -x $PID | grep total | awk '{print $4}'
159916
17:51:05,583 [ test-runner:run-tests-983 @ target-host ] set-state: RSS 159916
17:51:05,608 [ test-runner:run-tests-983 @ target-host ] script-cmd: state-array-push
17:51:05,608 [ test-runner:run-tests-983 @ target-host ] state-array-push
17:51:05,644 [ test-runner:run-tests-983 @ target-host ] set-state: RUN.output.results.quarkus3-native.load.rss [160.66015625,154.13671875,154.953125,157.6484375,156.8515625,156.16796875]
17:51:05,661 [ test-runner:run-tests-983 @ target-host ] script-cmd: state-array-push
17:51:05,661 [ test-runner:run-tests-983 @ target-host ] state-array-push
17:51:05,697 [ test-runner:run-tests-983 @ target-host ] set-state: RUN.output.results.quarkus3-native.load.throughputDensity [99.92029371003427,104.2054101725842,103.4714207925784,103.20508251152188,102.01026846640434,105.2675534655694]
17:51:05,697 [ test-runner:run-tests-983 @ target-host ] reached LOAD_TEST_COMPLETE
17:51:05,697 [ :monitor-process-2371 @ target-host ] wait-for: LOAD_TEST_COMPLETE
17:51:05,697 [ :monitor-process-2379 @ target-host ] wait-for: LOAD_TEST_COMPLETE
17:51:05,697 [ :monitor-process-2388 @ target-host ] wait-for: LOAD_TEST_COMPLETE
17:51:05,697 [ :monitor-process-2404 @ target-host ] wait-for: LOAD_TEST_COMPLETE
17:51:05,697 [ test-runner:run-tests-983 @ target-host ] signal: LOAD_TEST_COMPLETE
17:51:06,099 [ :monitor-process-2404 @ target-host ] kill -15 $PROCESS_PID
bash: kill: (244963) - No such process
17:51:06,099 [ :monitor-process-2371 @ target-host ] kill -15 $PROCESS_PID
bash: kill: (244687) - No such process
17:51:06,099 [ :monitor-process-2379 @ target-host ] kill -15 $PROCESS_PID
bash: kill: (244764) - No such process
17:51:06,199 [ test-runner:run-tests-983 @ target-host ] kill -15 $PID
17:51:06,199 [ :monitor-process-2388 @ target-host ] kill -15 $PROCESS_PID
17:51:08,610 [ test-runner:run-tests-983 @ target-host ] sleep 2
17:51:08,610 [ test-runner:run-tests-983 @ target-host ] script-cmd: stop-test-services
17:51:08,610 [ test-runner:run-tests-983 @ target-host ] stop-test-services
17:51:09,258 [ test-runner:run-tests-983 @ target-host ] /home/zakkak/spring-quarkus-perf-comparison/spring-quarkus-perf-comparison/scripts/infra.sh -d
Using podman to stop containers
-----------------------------------------
[03/11/2026 17:51:08]: Stopping services
-----------------------------------------
Stopping PostgreSQL database 'fruits_db'
fruits_db
17:51:09,310 [ test-runner:run-tests-983 @ target-host ] for-each: ITERATION = 6
17:51:09,310 [ test-runner:run-tests-983 @ target-host ] set-state: LOG_FILE /home/zakkak/spring-quarkus-perf-comparison/logs/load-test-quarkus3-native-6.log
17:51:09,722 [ test-runner:run-tests-983 @ target-host ] touch /home/zakkak/spring-quarkus-perf-comparison/logs/load-test-quarkus3-native-6.log
17:51:09,722 [ test-runner:run-tests-983 @ target-host ] queue-download: ${{REPO_DIR}}/logs/wrk-warmup-${{RUNTIME.name}}-${{ITERATION}}.log=/home/zakkak/spring-quarkus-perf-comparison/logs/wrk-warmup-quarkus3-native-6.log ../../20260311/run-time-initialize-jdk/target-host/
17:51:09,722 [ test-runner:run-tests-983 @ target-host ] queue-download: ${{LOG_FILE}}=/home/zakkak/spring-quarkus-perf-comparison/logs/load-test-quarkus3-native-6.log ../../20260311/run-time-initialize-jdk/target-host/
17:51:09,722 [ test-runner:run-tests-983 @ target-host ] queue-download: ${{REPO_DIR}}/logs/wrk-${{RUNTIME.name}}-${{ITERATION}}.log=/home/zakkak/spring-quarkus-perf-comparison/logs/wrk-quarkus3-native-6.log ../../20260311/run-time-initialize-jdk/target-host/
17:51:09,722 [ test-runner:run-tests-983 @ target-host ] script-cmd: start-test-services
17:51:09,722 [ test-runner:run-tests-983 @ target-host ] start-test-services
17:51:20,833 [ test-runner:run-tests-983 @ target-host ] /home/zakkak/spring-quarkus-perf-comparison/spring-quarkus-perf-comparison/scripts/infra.sh -c 3 -p '4-6' -s
Using podman to start containers
-----------------------------------------
[03/11/2026 17:51:09]: Starting services
-----------------------------------------
Starting PostgreSQL database 'fruits_db'
PostgreSQL DB process: 86768ed5b8a6380ace6027f58e6e112ca793e4ce0006aea833938e1581bfab9d
Waiting for PostgreSQL to be ready...
localhost:5432 - no response
localhost:5432 - no response
localhost:5432 - accepting connections
17:51:20,833 [ test-runner:run-tests-983 @ target-host ] script-cmd: sync-drop-fs-cache
17:51:20,833 [ test-runner:run-tests-983 @ target-host ] sync-drop-fs-cache
17:51:20,833 [ test-runner:run-tests-983 @ target-host ] read-state: true
17:51:20,833 [ test-runner:run-tests-983 @ target-host ] regex: true
17:51:21,307 [ test-runner:run-tests-983 @ target-host ] sync
17:51:21,307 [ test-runner:run-tests-983 @ target-host ] script-cmd: sync-drop-fs-cache-${{os}}
17:51:21,307 [ test-runner:run-tests-983 @ target-host ] sync-drop-fs-cache-linux
17:51:21,307 [ test-runner:run-tests-983 @ target-host ] script-cmd: sudo
17:51:21,307 [ test-runner:run-tests-983 @ target-host ] sudo
17:51:21,307 [ test-runner:run-tests-983 @ target-host ] script-cmd: sudo-${{os}}
17:51:21,308 [ test-runner:run-tests-983 @ target-host ] sudo-linux
17:51:22,104 [ test-runner:run-tests-983 @ target-host ] sudo sh -c "echo 3 > /proc/sys/vm/drop_caches"
]3008;start=c210adf8b625408ea9da56c381445ca3;user=zakkak;hostname=blanc;machineid=f469a615e9ef4e81b7d5be080a5de373;bootid=0e917e08584a49cb891ef04366e00ace;pid=246355;pidfdid=246356;comm=sudo;targetuser=root;sessionid=c206;type=session\]3008;end=c210adf8b625408ea9da56c381445ca3\
17:51:22,113 [ test-runner:run-tests-983 @ target-host ] set-signal: LOAD_STEADY_STATE_START 1
17:51:22,113 [ test-runner:run-tests-983 @ target-host ] set-signal: LOG_REGEX_REACHED 1
17:51:22,516 [ test-runner:run-tests-983 @ target-host ] taskset --cpu-list 0-3 /home/zakkak/spring-quarkus-perf-comparison/spring-quarkus-perf-comparison/quarkus3/target/quarkus3-runner  &>/home/zakkak/spring-quarkus-perf-comparison/logs/load-test-quarkus3-native-6.log &
[1] 246384
17:51:22,917 [ test-runner:run-tests-983 @ target-host ] PID=$!
17:51:23,319 [ test-runner:run-tests-983 @ target-host ] echo $PID
246384
17:51:23,319 [ test-runner:run-tests-983 @ target-host ] set-state: JVM_PID 246384
17:51:23,319 [ test-runner:run-tests-983 @ target-host ] script-cmd: monitor-processes
17:51:23,319 [ test-runner:run-tests-983 @ target-host ] monitor-processes
17:51:23,319 [ test-runner:run-tests-983 @ target-host ] set-signal: LOAD_TEST_COMPLETE 1
17:51:23,773 [ test-runner:run-tests-983 @ target-host ] script-cmd: monitor-process
17:51:23,773 [ :monitor-process-2464 @ target-host ] monitor-process
17:51:23,782 [ :monitor-process-2464 @ target-host ] queue-download: ${{log_file}}=/home/zakkak/spring-quarkus-perf-comparison/logs/pidstat-quarkus3-native-6.log ../../20260311/run-time-initialize-jdk/target-host/
17:51:24,148 [ test-runner:run-tests-983 @ target-host ] script-cmd: monitor-process
17:51:24,148 [ :monitor-process-2472 @ target-host ] monitor-process
17:51:24,148 [ :monitor-process-2472 @ target-host ] queue-download: ${{log_file}}=/home/zakkak/spring-quarkus-perf-comparison/logs/mpstat-quarkus3-native-6.log ../../20260311/run-time-initialize-jdk/target-host/
17:51:24,284 [ :monitor-process-2464 @ target-host ] taskset --cpu-list 11 pidstat -u -p 246384 1 &>/home/zakkak/spring-quarkus-perf-comparison/logs/pidstat-quarkus3-native-6.log &
[1] 246509
17:51:24,522 [ test-runner:run-tests-983 @ target-host ] script-cmd: monitor-process
17:51:24,522 [ test-runner:run-tests-983 @ target-host ] script-cmd: monitor-postgres
17:51:24,532 [ test-runner:run-tests-983 @ target-host ] monitor-postgres
17:51:24,532 [ :monitor-process-2481 @ target-host ] monitor-process
17:51:24,532 [ :monitor-process-2481 @ target-host ] queue-download: ${{log_file}}=/home/zakkak/spring-quarkus-perf-comparison/logs/vmstat-quarkus3-native-6.log ../../20260311/run-time-initialize-jdk/target-host/
17:51:24,651 [ :monitor-process-2472 @ target-host ] taskset --cpu-list 11 mpstat -P ALL 1 &>/home/zakkak/spring-quarkus-perf-comparison/logs/mpstat-quarkus3-native-6.log &
[1] 246586
17:51:24,686 [ :monitor-process-2464 @ target-host ] PROCESS_PID=$!
17:51:24,935 [ :monitor-process-2481 @ target-host ] taskset --cpu-list 11 vmstat 1 &>/home/zakkak/spring-quarkus-perf-comparison/logs/vmstat-quarkus3-native-6.log &
[1] 246671
17:51:24,964 [ test-runner:run-tests-983 @ target-host ] POSTGRES_PID=$(/home/zakkak/spring-quarkus-perf-comparison/spring-quarkus-perf-comparison/scripts/infra.sh -r)
17:51:25,052 [ :monitor-process-2472 @ target-host ] PROCESS_PID=$!
17:51:25,087 [ :monitor-process-2464 @ target-host ] echo $PROCESS_PID
246509
17:51:25,087 [ :monitor-process-2464 @ target-host ] set-state: PROCESS_PID 246509
17:51:25,336 [ :monitor-process-2481 @ target-host ] PROCESS_PID=$!
17:51:25,366 [ test-runner:run-tests-983 @ target-host ] echo $POSTGRES_PID
246086
17:51:25,366 [ test-runner:run-tests-983 @ target-host ] set-state: POSTGRES_PID 246086
17:51:25,454 [ :monitor-process-2472 @ target-host ] echo $PROCESS_PID
246586
17:51:25,454 [ :monitor-process-2472 @ target-host ] set-state: PROCESS_PID 246586
17:51:25,738 [ :monitor-process-2481 @ target-host ] echo $PROCESS_PID
246671
17:51:25,738 [ :monitor-process-2481 @ target-host ] set-state: PROCESS_PID 246671
17:51:25,741 [ test-runner:run-tests-983 @ target-host ] script-cmd: monitor-process
17:51:25,742 [ :monitor-process-2497 @ target-host ] monitor-process
17:51:25,742 [ test-runner:run-tests-983 @ target-host ] JVM_PID = 246384
17:51:25,742 [ :monitor-process-2497 @ target-host ] queue-download: ${{log_file}}=/home/zakkak/spring-quarkus-perf-comparison/logs/postgres-pidstat-quarkus3-native-6.log ../../20260311/run-time-initialize-jdk/target-host/
17:51:25,742 [ test-runner:run-tests-983 @ target-host ] read-state: none
17:51:26,113 [ test-runner:run-tests-983 @ target-host ] script-cmd: watch-log
17:51:26,113 [ :watch-log-2506 @ target-host ] watch-log
17:51:26,124 [ :watch-log-2506 @ target-host ] regex: ${{log_regex}}
17:51:26,124 [ :watch-log-2506 @ target-host ] ctrlC
17:51:26,124 [ :watch-log-2506 @ target-host ] reached LOG_REGEX_REACHED
17:51:26,124 [ test-runner:run-tests-983 @ target-host ] wait-for: LOG_REGEX_REACHED
17:51:26,124 [ :watch-log-2506 @ target-host ] signal: LOG_REGEX_REACHED
17:51:26,245 [ :monitor-process-2497 @ target-host ] taskset --cpu-list 11 pidstat -u -p $(pgrep -d , -P 246086) 1 &>/home/zakkak/spring-quarkus-perf-comparison/logs/postgres-pidstat-quarkus3-native-6.log &
[1] 246790
17:51:26,525 [ :watch-log-2506 @ target-host ] tail -f /home/zakkak/spring-quarkus-perf-comparison/logs/load-test-quarkus3-native-6.log
__  ____  __  _____   ___  __ ____  ______ 
 --/ __ \/ / / / _ | / _ \/ //_/ / / / __/ 
 -/ /_/ / /_/ / __ |/ , _/ ,< / /_/ /\ \   
--\___\_\____/_/ |_/_/|_/_/|_|\____/___/   
2026-03-11 17:51:22,279 INFO  [io.quarkus] (main) quarkus3 1.0 native (powered by Quarkus 999-SNAPSHOT) started in 0.081s. Listening on: http://0.0.0.0:8080
2026-03-11 17:51:22,279 INFO  [io.quarkus] (main) Profile prod activated. 
2026-03-11 17:51:22,279 INFO  [io.quarkus] (main) Installed features: [agroal, cdi, config-yaml, hibernate-orm, hibernate-orm-panache, hibernate-validator, jdbc-postgresql, narayana-jta, rest, rest-jackson, smallrye-context-propagation, smallrye-health, vertx]
17:51:26,646 [ :monitor-process-2497 @ target-host ] PROCESS_PID=$!
17:51:27,048 [ :monitor-process-2497 @ target-host ] echo $PROCESS_PID
246790
17:51:27,048 [ :monitor-process-2497 @ target-host ] set-state: PROCESS_PID 246790
17:53:36,018 [ test-runner:run-tests-983 @ target-host ] taskset --cpu-list 7-9 jbang -R -XX:+UseNUMA wrk@hyperfoil -t 2 -c 100 -d 2m --timeout 2m http://localhost:8080/fruits 2>&1 >/home/zakkak/spring-quarkus-perf-comparison/logs/wrk-warmup-quarkus3-native-6.log
17:54:06,018 [ test-runner:run-tests-983 @ target-host ] sleep: 30s
17:54:06,018 [ :monitor-process-2472 @ target-host ] reached LOAD_STEADY_STATE_START
17:54:06,018 [ test-runner:run-tests-983 @ target-host ] signal: LOAD_STEADY_STATE_START
17:54:45,653 [ test-runner:run-tests-983 @ target-host ] taskset --cpu-list 7-9 jbang -R -XX:+UseNUMA wrk@hyperfoil -t 2 -c 100 -d 30s --timeout 30s http://localhost:8080/fruits 2>&1 >/home/zakkak/spring-quarkus-perf-comparison/logs/wrk-quarkus3-native-6.log
17:54:46,069 [ test-runner:run-tests-983 @ target-host ] cat /home/zakkak/spring-quarkus-perf-comparison/logs/wrk-quarkus3-native-6.log | grep "Requests/sec" | awk '{print $2}'
16109.73
17:54:46,069 [ test-runner:run-tests-983 @ target-host ] set-state: THROUGHPUT 16109.73
17:54:46,070 [ test-runner:run-tests-983 @ target-host ] script-cmd: state-array-push
17:54:46,070 [ test-runner:run-tests-983 @ target-host ] state-array-push
17:54:46,133 [ test-runner:run-tests-983 @ target-host ] set-state: RUN.output.results.quarkus3-native.load.throughput [16053.21,16061.88,16033.22,16270.12,16000.47,16439.42,16109.73]
17:54:46,537 [ test-runner:run-tests-983 @ target-host ] cat /home/zakkak/spring-quarkus-perf-comparison/logs/wrk-quarkus3-native-6.log | grep "Socket errors:" | sed -E 's/.*connectionErrors ([0-9]+).*/\1/'
17:54:46,537 [ test-runner:run-tests-983 @ target-host ] regex: ^$
17:54:46,537 [ test-runner:run-tests-983 @ target-host ] set-state: CONNECTION_ERRORS 0
17:54:46,537 [ test-runner:run-tests-983 @ target-host ] script-cmd: state-array-push
17:54:46,537 [ test-runner:run-tests-983 @ target-host ] state-array-push
17:54:46,590 [ test-runner:run-tests-983 @ target-host ] set-state: RUN.output.results.quarkus3-native.load.connectionErrors [0,0,0,0,0,0,0]
17:54:46,994 [ test-runner:run-tests-983 @ target-host ] cat /home/zakkak/spring-quarkus-perf-comparison/logs/wrk-quarkus3-native-6.log | grep "Socket errors:" | sed -E 's/.*requestTimeouts ([0-9]+)/\1/'
17:54:46,994 [ test-runner:run-tests-983 @ target-host ] regex: ^$
17:54:46,994 [ test-runner:run-tests-983 @ target-host ] set-state: REQUEST_TIMEOUTS 0
17:54:46,994 [ test-runner:run-tests-983 @ target-host ] script-cmd: state-array-push
17:54:46,994 [ test-runner:run-tests-983 @ target-host ] state-array-push
17:54:47,050 [ test-runner:run-tests-983 @ target-host ] set-state: RUN.output.results.quarkus3-native.load.requestTimeouts [0,0,0,0,0,0,0]
17:54:47,468 [ test-runner:run-tests-983 @ target-host ] pmap -x $PID | grep total | awk '{print $4}'
163356
17:54:47,468 [ test-runner:run-tests-983 @ target-host ] set-state: RSS 163356
17:54:47,497 [ test-runner:run-tests-983 @ target-host ] script-cmd: state-array-push
17:54:47,497 [ test-runner:run-tests-983 @ target-host ] state-array-push
17:54:47,555 [ test-runner:run-tests-983 @ target-host ] set-state: RUN.output.results.quarkus3-native.load.rss [160.66015625,154.13671875,154.953125,157.6484375,156.8515625,156.16796875,159.52734375]
17:54:47,583 [ test-runner:run-tests-983 @ target-host ] script-cmd: state-array-push
17:54:47,583 [ test-runner:run-tests-983 @ target-host ] state-array-push
17:54:47,640 [ test-runner:run-tests-983 @ target-host ] set-state: RUN.output.results.quarkus3-native.load.throughputDensity [99.92029371003427,104.2054101725842,103.4714207925784,103.20508251152188,102.01026846640434,105.2675534655694,100.98412987585397]
17:54:47,640 [ test-runner:run-tests-983 @ target-host ] reached LOAD_TEST_COMPLETE
17:54:47,640 [ :monitor-process-2464 @ target-host ] wait-for: LOAD_TEST_COMPLETE
17:54:47,640 [ :monitor-process-2472 @ target-host ] wait-for: LOAD_TEST_COMPLETE
17:54:47,640 [ :monitor-process-2481 @ target-host ] wait-for: LOAD_TEST_COMPLETE
17:54:47,640 [ :monitor-process-2497 @ target-host ] wait-for: LOAD_TEST_COMPLETE
17:54:47,640 [ test-runner:run-tests-983 @ target-host ] signal: LOAD_TEST_COMPLETE
17:54:48,042 [ :monitor-process-2497 @ target-host ] kill -15 $PROCESS_PID
bash: kill: (246790) - No such process
17:54:48,042 [ :monitor-process-2472 @ target-host ] kill -15 $PROCESS_PID
bash: kill: (246586) - No such process
17:54:48,042 [ :monitor-process-2464 @ target-host ] kill -15 $PROCESS_PID
bash: kill: (246509) - No such process
17:54:48,142 [ test-runner:run-tests-983 @ target-host ] kill -15 $PID
17:54:48,142 [ :monitor-process-2481 @ target-host ] kill -15 $PROCESS_PID
17:54:50,553 [ test-runner:run-tests-983 @ target-host ] sleep 2
17:54:50,553 [ test-runner:run-tests-983 @ target-host ] script-cmd: stop-test-services
17:54:50,553 [ test-runner:run-tests-983 @ target-host ] stop-test-services
17:54:51,242 [ test-runner:run-tests-983 @ target-host ] /home/zakkak/spring-quarkus-perf-comparison/spring-quarkus-perf-comparison/scripts/infra.sh -d
Using podman to stop containers
-----------------------------------------
[03/11/2026 17:54:50]: Stopping services
-----------------------------------------
Stopping PostgreSQL database 'fruits_db'
fruits_db
17:54:51,327 [ test-runner:run-tests-983 @ target-host ] for-each: ITERATION = 7
17:54:51,328 [ test-runner:run-tests-983 @ target-host ] set-state: LOG_FILE /home/zakkak/spring-quarkus-perf-comparison/logs/load-test-quarkus3-native-7.log
17:54:51,732 [ test-runner:run-tests-983 @ target-host ] touch /home/zakkak/spring-quarkus-perf-comparison/logs/load-test-quarkus3-native-7.log
17:54:51,732 [ test-runner:run-tests-983 @ target-host ] queue-download: ${{REPO_DIR}}/logs/wrk-warmup-${{RUNTIME.name}}-${{ITERATION}}.log=/home/zakkak/spring-quarkus-perf-comparison/logs/wrk-warmup-quarkus3-native-7.log ../../20260311/run-time-initialize-jdk/target-host/
17:54:51,733 [ test-runner:run-tests-983 @ target-host ] queue-download: ${{LOG_FILE}}=/home/zakkak/spring-quarkus-perf-comparison/logs/load-test-quarkus3-native-7.log ../../20260311/run-time-initialize-jdk/target-host/
17:54:51,733 [ test-runner:run-tests-983 @ target-host ] queue-download: ${{REPO_DIR}}/logs/wrk-${{RUNTIME.name}}-${{ITERATION}}.log=/home/zakkak/spring-quarkus-perf-comparison/logs/wrk-quarkus3-native-7.log ../../20260311/run-time-initialize-jdk/target-host/
17:54:51,733 [ test-runner:run-tests-983 @ target-host ] script-cmd: start-test-services
17:54:51,733 [ test-runner:run-tests-983 @ target-host ] start-test-services
17:54:57,645 [ test-runner:run-tests-983 @ target-host ] /home/zakkak/spring-quarkus-perf-comparison/spring-quarkus-perf-comparison/scripts/infra.sh -c 3 -p '4-6' -s
Using podman to start containers
-----------------------------------------
[03/11/2026 17:54:51]: Starting services
-----------------------------------------
Starting PostgreSQL database 'fruits_db'
PostgreSQL DB process: 9c6b1efe0c1b0e283abe4ca9fa3c38027168f83d6508fe18e8c9d6cbfb136242
Waiting for PostgreSQL to be ready...
localhost:5432 - no response
localhost:5432 - accepting connections
17:54:57,645 [ test-runner:run-tests-983 @ target-host ] script-cmd: sync-drop-fs-cache
17:54:57,645 [ test-runner:run-tests-983 @ target-host ] sync-drop-fs-cache
17:54:57,645 [ test-runner:run-tests-983 @ target-host ] read-state: true
17:54:57,645 [ test-runner:run-tests-983 @ target-host ] regex: true
17:54:58,111 [ test-runner:run-tests-983 @ target-host ] sync
17:54:58,111 [ test-runner:run-tests-983 @ target-host ] script-cmd: sync-drop-fs-cache-${{os}}
17:54:58,111 [ test-runner:run-tests-983 @ target-host ] sync-drop-fs-cache-linux
17:54:58,111 [ test-runner:run-tests-983 @ target-host ] script-cmd: sudo
17:54:58,111 [ test-runner:run-tests-983 @ target-host ] sudo
17:54:58,111 [ test-runner:run-tests-983 @ target-host ] script-cmd: sudo-${{os}}
17:54:58,111 [ test-runner:run-tests-983 @ target-host ] sudo-linux
17:54:58,897 [ test-runner:run-tests-983 @ target-host ] sudo sh -c "echo 3 > /proc/sys/vm/drop_caches"
]3008;start=1e57c6326fc44feab903216c9e18bb35;user=zakkak;hostname=blanc;machineid=f469a615e9ef4e81b7d5be080a5de373;bootid=0e917e08584a49cb891ef04366e00ace;pid=248111;pidfdid=248112;comm=sudo;targetuser=root;sessionid=c207;type=session\]3008;end=1e57c6326fc44feab903216c9e18bb35\
17:54:58,905 [ test-runner:run-tests-983 @ target-host ] set-signal: LOAD_STEADY_STATE_START 1
17:54:58,905 [ test-runner:run-tests-983 @ target-host ] set-signal: LOG_REGEX_REACHED 1
17:54:59,308 [ test-runner:run-tests-983 @ target-host ] taskset --cpu-list 0-3 /home/zakkak/spring-quarkus-perf-comparison/spring-quarkus-perf-comparison/quarkus3/target/quarkus3-runner  &>/home/zakkak/spring-quarkus-perf-comparison/logs/load-test-quarkus3-native-7.log &
[1] 248140
17:54:59,709 [ test-runner:run-tests-983 @ target-host ] PID=$!
17:55:00,111 [ test-runner:run-tests-983 @ target-host ] echo $PID
248140
17:55:00,111 [ test-runner:run-tests-983 @ target-host ] set-state: JVM_PID 248140
17:55:00,111 [ test-runner:run-tests-983 @ target-host ] script-cmd: monitor-processes
17:55:00,111 [ test-runner:run-tests-983 @ target-host ] monitor-processes
17:55:00,111 [ test-runner:run-tests-983 @ target-host ] set-signal: LOAD_TEST_COMPLETE 1
17:55:00,565 [ test-runner:run-tests-983 @ target-host ] script-cmd: monitor-process
17:55:00,566 [ :monitor-process-2557 @ target-host ] monitor-process
17:55:00,569 [ :monitor-process-2557 @ target-host ] queue-download: ${{log_file}}=/home/zakkak/spring-quarkus-perf-comparison/logs/pidstat-quarkus3-native-7.log ../../20260311/run-time-initialize-jdk/target-host/
17:55:00,936 [ test-runner:run-tests-983 @ target-host ] script-cmd: monitor-process
17:55:00,936 [ :monitor-process-2565 @ target-host ] monitor-process
17:55:00,936 [ :monitor-process-2565 @ target-host ] queue-download: ${{log_file}}=/home/zakkak/spring-quarkus-perf-comparison/logs/mpstat-quarkus3-native-7.log ../../20260311/run-time-initialize-jdk/target-host/
17:55:01,072 [ :monitor-process-2557 @ target-host ] taskset --cpu-list 11 pidstat -u -p 248140 1 &>/home/zakkak/spring-quarkus-perf-comparison/logs/pidstat-quarkus3-native-7.log &
[1] 248247
17:55:01,311 [ test-runner:run-tests-983 @ target-host ] script-cmd: monitor-process
17:55:01,311 [ test-runner:run-tests-983 @ target-host ] script-cmd: monitor-postgres
17:55:01,311 [ test-runner:run-tests-983 @ target-host ] monitor-postgres
17:55:01,311 [ :monitor-process-2574 @ target-host ] monitor-process
17:55:01,311 [ :monitor-process-2574 @ target-host ] queue-download: ${{log_file}}=/home/zakkak/spring-quarkus-perf-comparison/logs/vmstat-quarkus3-native-7.log ../../20260311/run-time-initialize-jdk/target-host/
17:55:01,439 [ :monitor-process-2565 @ target-host ] taskset --cpu-list 11 mpstat -P ALL 1 &>/home/zakkak/spring-quarkus-perf-comparison/logs/mpstat-quarkus3-native-7.log &
[1] 248340
17:55:01,473 [ :monitor-process-2557 @ target-host ] PROCESS_PID=$!
17:55:01,713 [ :monitor-process-2574 @ target-host ] taskset --cpu-list 11 vmstat 1 &>/home/zakkak/spring-quarkus-perf-comparison/logs/vmstat-quarkus3-native-7.log &
[1] 248425
17:55:01,752 [ test-runner:run-tests-983 @ target-host ] POSTGRES_PID=$(/home/zakkak/spring-quarkus-perf-comparison/spring-quarkus-perf-comparison/scripts/infra.sh -r)
17:55:01,840 [ :monitor-process-2565 @ target-host ] PROCESS_PID=$!
17:55:01,875 [ :monitor-process-2557 @ target-host ] echo $PROCESS_PID
248247
17:55:01,875 [ :monitor-process-2557 @ target-host ] set-state: PROCESS_PID 248247
17:55:02,115 [ :monitor-process-2574 @ target-host ] PROCESS_PID=$!
17:55:02,153 [ test-runner:run-tests-983 @ target-host ] echo $POSTGRES_PID
247921
17:55:02,153 [ test-runner:run-tests-983 @ target-host ] set-state: POSTGRES_PID 247921
17:55:02,242 [ :monitor-process-2565 @ target-host ] echo $PROCESS_PID
248340
17:55:02,242 [ :monitor-process-2565 @ target-host ] set-state: PROCESS_PID 248340
17:55:02,516 [ :monitor-process-2574 @ target-host ] echo $PROCESS_PID
248425
17:55:02,516 [ :monitor-process-2574 @ target-host ] set-state: PROCESS_PID 248425
17:55:02,528 [ test-runner:run-tests-983 @ target-host ] script-cmd: monitor-process
17:55:02,528 [ test-runner:run-tests-983 @ target-host ] JVM_PID = 248140
17:55:02,528 [ :monitor-process-2590 @ target-host ] monitor-process
17:55:02,528 [ test-runner:run-tests-983 @ target-host ] read-state: none
17:55:02,528 [ :monitor-process-2590 @ target-host ] queue-download: ${{log_file}}=/home/zakkak/spring-quarkus-perf-comparison/logs/postgres-pidstat-quarkus3-native-7.log ../../20260311/run-time-initialize-jdk/target-host/
17:55:02,900 [ test-runner:run-tests-983 @ target-host ] script-cmd: watch-log
17:55:02,900 [ :watch-log-2599 @ target-host ] watch-log
17:55:02,904 [ :watch-log-2599 @ target-host ] regex: ${{log_regex}}
17:55:02,904 [ :watch-log-2599 @ target-host ] ctrlC
17:55:02,904 [ :watch-log-2599 @ target-host ] reached LOG_REGEX_REACHED
17:55:02,904 [ test-runner:run-tests-983 @ target-host ] wait-for: LOG_REGEX_REACHED
17:55:02,904 [ :watch-log-2599 @ target-host ] signal: LOG_REGEX_REACHED
17:55:03,031 [ :monitor-process-2590 @ target-host ] taskset --cpu-list 11 pidstat -u -p $(pgrep -d , -P 247921) 1 &>/home/zakkak/spring-quarkus-perf-comparison/logs/postgres-pidstat-quarkus3-native-7.log &
[1] 248540
17:55:03,306 [ :watch-log-2599 @ target-host ] tail -f /home/zakkak/spring-quarkus-perf-comparison/logs/load-test-quarkus3-native-7.log
__  ____  __  _____   ___  __ ____  ______ 
 --/ __ \/ / / / _ | / _ \/ //_/ / / / __/ 
 -/ /_/ / /_/ / __ |/ , _/ ,< / /_/ /\ \   
--\___\_\____/_/ |_/_/|_/_/|_|\____/___/   
2026-03-11 17:54:59,080 INFO  [io.quarkus] (main) quarkus3 1.0 native (powered by Quarkus 999-SNAPSHOT) started in 0.088s. Listening on: http://0.0.0.0:8080
2026-03-11 17:54:59,080 INFO  [io.quarkus] (main) Profile prod activated. 
2026-03-11 17:54:59,080 INFO  [io.quarkus] (main) Installed features: [agroal, cdi, config-yaml, hibernate-orm, hibernate-orm-panache, hibernate-validator, jdbc-postgresql, narayana-jta, rest, rest-jackson, smallrye-context-propagation, smallrye-health, vertx]
17:55:03,432 [ :monitor-process-2590 @ target-host ] PROCESS_PID=$!
17:55:03,834 [ :monitor-process-2590 @ target-host ] echo $PROCESS_PID
248540
17:55:03,834 [ :monitor-process-2590 @ target-host ] set-state: PROCESS_PID 248540
17:57:13,338 [ test-runner:run-tests-983 @ target-host ] taskset --cpu-list 7-9 jbang -R -XX:+UseNUMA wrk@hyperfoil -t 2 -c 100 -d 2m --timeout 2m http://localhost:8080/fruits 2>&1 >/home/zakkak/spring-quarkus-perf-comparison/logs/wrk-warmup-quarkus3-native-7.log
17:57:43,339 [ test-runner:run-tests-983 @ target-host ] sleep: 30s
17:57:43,339 [ :monitor-process-2565 @ target-host ] reached LOAD_STEADY_STATE_START
17:57:43,339 [ test-runner:run-tests-983 @ target-host ] signal: LOAD_STEADY_STATE_START
17:58:22,999 [ test-runner:run-tests-983 @ target-host ] taskset --cpu-list 7-9 jbang -R -XX:+UseNUMA wrk@hyperfoil -t 2 -c 100 -d 30s --timeout 30s http://localhost:8080/fruits 2>&1 >/home/zakkak/spring-quarkus-perf-comparison/logs/wrk-quarkus3-native-7.log
17:58:23,415 [ test-runner:run-tests-983 @ target-host ] cat /home/zakkak/spring-quarkus-perf-comparison/logs/wrk-quarkus3-native-7.log | grep "Requests/sec" | awk '{print $2}'
16398.44
17:58:23,416 [ test-runner:run-tests-983 @ target-host ] set-state: THROUGHPUT 16398.44
17:58:23,416 [ test-runner:run-tests-983 @ target-host ] script-cmd: state-array-push
17:58:23,416 [ test-runner:run-tests-983 @ target-host ] state-array-push
17:58:23,461 [ test-runner:run-tests-983 @ target-host ] set-state: RUN.output.results.quarkus3-native.load.throughput [16053.21,16061.88,16033.22,16270.12,16000.47,16439.42,16109.73,16398.44]
17:58:23,864 [ test-runner:run-tests-983 @ target-host ] cat /home/zakkak/spring-quarkus-perf-comparison/logs/wrk-quarkus3-native-7.log | grep "Socket errors:" | sed -E 's/.*connectionErrors ([0-9]+).*/\1/'
17:58:23,864 [ test-runner:run-tests-983 @ target-host ] regex: ^$
17:58:23,864 [ test-runner:run-tests-983 @ target-host ] set-state: CONNECTION_ERRORS 0
17:58:23,864 [ test-runner:run-tests-983 @ target-host ] script-cmd: state-array-push
17:58:23,865 [ test-runner:run-tests-983 @ target-host ] state-array-push
17:58:23,902 [ test-runner:run-tests-983 @ target-host ] set-state: RUN.output.results.quarkus3-native.load.connectionErrors [0,0,0,0,0,0,0,0]
17:58:24,306 [ test-runner:run-tests-983 @ target-host ] cat /home/zakkak/spring-quarkus-perf-comparison/logs/wrk-quarkus3-native-7.log | grep "Socket errors:" | sed -E 's/.*requestTimeouts ([0-9]+)/\1/'
17:58:24,306 [ test-runner:run-tests-983 @ target-host ] regex: ^$
17:58:24,306 [ test-runner:run-tests-983 @ target-host ] set-state: REQUEST_TIMEOUTS 0
17:58:24,306 [ test-runner:run-tests-983 @ target-host ] script-cmd: state-array-push
17:58:24,306 [ test-runner:run-tests-983 @ target-host ] state-array-push
17:58:24,340 [ test-runner:run-tests-983 @ target-host ] set-state: RUN.output.results.quarkus3-native.load.requestTimeouts [0,0,0,0,0,0,0,0]
17:58:24,758 [ test-runner:run-tests-983 @ target-host ] pmap -x $PID | grep total | awk '{print $4}'
160948
17:58:24,758 [ test-runner:run-tests-983 @ target-host ] set-state: RSS 160948
17:58:24,775 [ test-runner:run-tests-983 @ target-host ] script-cmd: state-array-push
17:58:24,775 [ test-runner:run-tests-983 @ target-host ] state-array-push
17:58:24,811 [ test-runner:run-tests-983 @ target-host ] set-state: RUN.output.results.quarkus3-native.load.rss [160.66015625,154.13671875,154.953125,157.6484375,156.8515625,156.16796875,159.52734375,157.17578125]
17:58:24,828 [ test-runner:run-tests-983 @ target-host ] script-cmd: state-array-push
17:58:24,828 [ test-runner:run-tests-983 @ target-host ] state-array-push
17:58:24,867 [ test-runner:run-tests-983 @ target-host ] set-state: RUN.output.results.quarkus3-native.load.throughputDensity [99.92029371003427,104.2054101725842,103.4714207925784,103.20508251152188,102.01026846640434,105.2675534655694,100.98412987585397,104.33184978999428]
17:58:24,867 [ test-runner:run-tests-983 @ target-host ] reached LOAD_TEST_COMPLETE
17:58:24,867 [ :monitor-process-2557 @ target-host ] wait-for: LOAD_TEST_COMPLETE
17:58:24,867 [ :monitor-process-2565 @ target-host ] wait-for: LOAD_TEST_COMPLETE
17:58:24,867 [ :monitor-process-2574 @ target-host ] wait-for: LOAD_TEST_COMPLETE
17:58:24,867 [ :monitor-process-2590 @ target-host ] wait-for: LOAD_TEST_COMPLETE
17:58:24,867 [ test-runner:run-tests-983 @ target-host ] signal: LOAD_TEST_COMPLETE
17:58:25,271 [ :monitor-process-2557 @ target-host ] kill -15 $PROCESS_PID
bash: kill: (248247) - No such process
17:58:25,271 [ :monitor-process-2565 @ target-host ] kill -15 $PROCESS_PID
bash: kill: (248340) - No such process
17:58:25,271 [ :monitor-process-2590 @ target-host ] kill -15 $PROCESS_PID
bash: kill: (248540) - No such process
17:58:25,371 [ test-runner:run-tests-983 @ target-host ] kill -15 $PID
17:58:25,372 [ :monitor-process-2574 @ target-host ] kill -15 $PROCESS_PID
17:58:27,783 [ test-runner:run-tests-983 @ target-host ] sleep 2
17:58:27,783 [ test-runner:run-tests-983 @ target-host ] script-cmd: stop-test-services
17:58:27,783 [ test-runner:run-tests-983 @ target-host ] stop-test-services
17:58:28,443 [ test-runner:run-tests-983 @ target-host ] /home/zakkak/spring-quarkus-perf-comparison/spring-quarkus-perf-comparison/scripts/infra.sh -d
Using podman to stop containers
-----------------------------------------
[03/11/2026 17:58:27]: Stopping services
-----------------------------------------
Stopping PostgreSQL database 'fruits_db'
fruits_db
17:58:28,500 [ test-runner:run-tests-983 @ target-host ] for-each: ITERATION = 8
17:58:28,500 [ test-runner:run-tests-983 @ target-host ] set-state: LOG_FILE /home/zakkak/spring-quarkus-perf-comparison/logs/load-test-quarkus3-native-8.log
17:58:28,906 [ test-runner:run-tests-983 @ target-host ] touch /home/zakkak/spring-quarkus-perf-comparison/logs/load-test-quarkus3-native-8.log
17:58:28,906 [ test-runner:run-tests-983 @ target-host ] queue-download: ${{REPO_DIR}}/logs/wrk-warmup-${{RUNTIME.name}}-${{ITERATION}}.log=/home/zakkak/spring-quarkus-perf-comparison/logs/wrk-warmup-quarkus3-native-8.log ../../20260311/run-time-initialize-jdk/target-host/
17:58:28,906 [ test-runner:run-tests-983 @ target-host ] queue-download: ${{LOG_FILE}}=/home/zakkak/spring-quarkus-perf-comparison/logs/load-test-quarkus3-native-8.log ../../20260311/run-time-initialize-jdk/target-host/
17:58:28,906 [ test-runner:run-tests-983 @ target-host ] queue-download: ${{REPO_DIR}}/logs/wrk-${{RUNTIME.name}}-${{ITERATION}}.log=/home/zakkak/spring-quarkus-perf-comparison/logs/wrk-quarkus3-native-8.log ../../20260311/run-time-initialize-jdk/target-host/
17:58:28,906 [ test-runner:run-tests-983 @ target-host ] script-cmd: start-test-services
17:58:28,906 [ test-runner:run-tests-983 @ target-host ] start-test-services
17:58:40,006 [ test-runner:run-tests-983 @ target-host ] /home/zakkak/spring-quarkus-perf-comparison/spring-quarkus-perf-comparison/scripts/infra.sh -c 3 -p '4-6' -s
Using podman to start containers
-----------------------------------------
[03/11/2026 17:58:28]: Starting services
-----------------------------------------
Starting PostgreSQL database 'fruits_db'
PostgreSQL DB process: 8ecd55a494e3d61358fa7c97fc1ded7ad5dd44e309b5be3b392b93f834393ca1
Waiting for PostgreSQL to be ready...
localhost:5432 - no response
localhost:5432 - no response
localhost:5432 - accepting connections
17:58:40,006 [ test-runner:run-tests-983 @ target-host ] script-cmd: sync-drop-fs-cache
17:58:40,006 [ test-runner:run-tests-983 @ target-host ] sync-drop-fs-cache
17:58:40,007 [ test-runner:run-tests-983 @ target-host ] read-state: true
17:58:40,007 [ test-runner:run-tests-983 @ target-host ] regex: true
17:58:40,471 [ test-runner:run-tests-983 @ target-host ] sync
17:58:40,472 [ test-runner:run-tests-983 @ target-host ] script-cmd: sync-drop-fs-cache-${{os}}
17:58:40,472 [ test-runner:run-tests-983 @ target-host ] sync-drop-fs-cache-linux
17:58:40,472 [ test-runner:run-tests-983 @ target-host ] script-cmd: sudo
17:58:40,472 [ test-runner:run-tests-983 @ target-host ] sudo
17:58:40,472 [ test-runner:run-tests-983 @ target-host ] script-cmd: sudo-${{os}}
17:58:40,472 [ test-runner:run-tests-983 @ target-host ] sudo-linux
17:58:41,251 [ test-runner:run-tests-983 @ target-host ] sudo sh -c "echo 3 > /proc/sys/vm/drop_caches"
]3008;start=e0591ae5ec56487ab328b151324ad872;user=zakkak;hostname=blanc;machineid=f469a615e9ef4e81b7d5be080a5de373;bootid=0e917e08584a49cb891ef04366e00ace;pid=249950;pidfdid=249951;comm=sudo;targetuser=root;sessionid=c208;type=session\]3008;end=e0591ae5ec56487ab328b151324ad872\
17:58:41,260 [ test-runner:run-tests-983 @ target-host ] set-signal: LOAD_STEADY_STATE_START 1
17:58:41,260 [ test-runner:run-tests-983 @ target-host ] set-signal: LOG_REGEX_REACHED 1
17:58:41,663 [ test-runner:run-tests-983 @ target-host ] taskset --cpu-list 0-3 /home/zakkak/spring-quarkus-perf-comparison/spring-quarkus-perf-comparison/quarkus3/target/quarkus3-runner  &>/home/zakkak/spring-quarkus-perf-comparison/logs/load-test-quarkus3-native-8.log &
[1] 249980
17:58:42,064 [ test-runner:run-tests-983 @ target-host ] PID=$!
17:58:42,466 [ test-runner:run-tests-983 @ target-host ] echo $PID
249980
17:58:42,466 [ test-runner:run-tests-983 @ target-host ] set-state: JVM_PID 249980
17:58:42,466 [ test-runner:run-tests-983 @ target-host ] script-cmd: monitor-processes
17:58:42,466 [ test-runner:run-tests-983 @ target-host ] monitor-processes
17:58:42,466 [ test-runner:run-tests-983 @ target-host ] set-signal: LOAD_TEST_COMPLETE 1
17:58:42,944 [ test-runner:run-tests-983 @ target-host ] script-cmd: monitor-process
17:58:42,945 [ :monitor-process-2650 @ target-host ] monitor-process
17:58:42,953 [ :monitor-process-2650 @ target-host ] queue-download: ${{log_file}}=/home/zakkak/spring-quarkus-perf-comparison/logs/pidstat-quarkus3-native-8.log ../../20260311/run-time-initialize-jdk/target-host/
17:58:43,320 [ test-runner:run-tests-983 @ target-host ] script-cmd: monitor-process
17:58:43,320 [ :monitor-process-2658 @ target-host ] monitor-process
17:58:43,320 [ :monitor-process-2658 @ target-host ] queue-download: ${{log_file}}=/home/zakkak/spring-quarkus-perf-comparison/logs/mpstat-quarkus3-native-8.log ../../20260311/run-time-initialize-jdk/target-host/
17:58:43,456 [ :monitor-process-2650 @ target-host ] taskset --cpu-list 11 pidstat -u -p 249980 1 &>/home/zakkak/spring-quarkus-perf-comparison/logs/pidstat-quarkus3-native-8.log &
[1] 250104
17:58:43,694 [ test-runner:run-tests-983 @ target-host ] script-cmd: monitor-process
17:58:43,694 [ test-runner:run-tests-983 @ target-host ] script-cmd: monitor-postgres
17:58:43,694 [ test-runner:run-tests-983 @ target-host ] monitor-postgres
17:58:43,694 [ :monitor-process-2667 @ target-host ] monitor-process
17:58:43,694 [ :monitor-process-2667 @ target-host ] queue-download: ${{log_file}}=/home/zakkak/spring-quarkus-perf-comparison/logs/vmstat-quarkus3-native-8.log ../../20260311/run-time-initialize-jdk/target-host/
17:58:43,822 [ :monitor-process-2658 @ target-host ] taskset --cpu-list 11 mpstat -P ALL 1 &>/home/zakkak/spring-quarkus-perf-comparison/logs/mpstat-quarkus3-native-8.log &
[1] 250181
17:58:43,857 [ :monitor-process-2650 @ target-host ] PROCESS_PID=$!
17:58:44,096 [ :monitor-process-2667 @ target-host ] taskset --cpu-list 11 vmstat 1 &>/home/zakkak/spring-quarkus-perf-comparison/logs/vmstat-quarkus3-native-8.log &
[1] 250264
17:58:44,134 [ test-runner:run-tests-983 @ target-host ] POSTGRES_PID=$(/home/zakkak/spring-quarkus-perf-comparison/spring-quarkus-perf-comparison/scripts/infra.sh -r)
17:58:44,224 [ :monitor-process-2658 @ target-host ] PROCESS_PID=$!
17:58:44,259 [ :monitor-process-2650 @ target-host ] echo $PROCESS_PID
250104
17:58:44,259 [ :monitor-process-2650 @ target-host ] set-state: PROCESS_PID 250104
17:58:44,497 [ :monitor-process-2667 @ target-host ] PROCESS_PID=$!
17:58:44,535 [ test-runner:run-tests-983 @ target-host ] echo $POSTGRES_PID
249684
17:58:44,536 [ test-runner:run-tests-983 @ target-host ] set-state: POSTGRES_PID 249684
17:58:44,625 [ :monitor-process-2658 @ target-host ] echo $PROCESS_PID
250181
17:58:44,625 [ :monitor-process-2658 @ target-host ] set-state: PROCESS_PID 250181
17:58:44,899 [ :monitor-process-2667 @ target-host ] echo $PROCESS_PID
250264
17:58:44,899 [ :monitor-process-2667 @ target-host ] set-state: PROCESS_PID 250264
17:58:44,911 [ test-runner:run-tests-983 @ target-host ] script-cmd: monitor-process
17:58:44,911 [ test-runner:run-tests-983 @ target-host ] JVM_PID = 249980
17:58:44,911 [ :monitor-process-2683 @ target-host ] monitor-process
17:58:44,911 [ test-runner:run-tests-983 @ target-host ] read-state: none
17:58:44,911 [ :monitor-process-2683 @ target-host ] queue-download: ${{log_file}}=/home/zakkak/spring-quarkus-perf-comparison/logs/postgres-pidstat-quarkus3-native-8.log ../../20260311/run-time-initialize-jdk/target-host/
17:58:45,283 [ test-runner:run-tests-983 @ target-host ] script-cmd: watch-log
17:58:45,283 [ :watch-log-2692 @ target-host ] watch-log
17:58:45,293 [ :watch-log-2692 @ target-host ] regex: ${{log_regex}}
17:58:45,293 [ :watch-log-2692 @ target-host ] ctrlC
17:58:45,293 [ :watch-log-2692 @ target-host ] reached LOG_REGEX_REACHED
17:58:45,293 [ test-runner:run-tests-983 @ target-host ] wait-for: LOG_REGEX_REACHED
17:58:45,294 [ :watch-log-2692 @ target-host ] signal: LOG_REGEX_REACHED
17:58:45,414 [ :monitor-process-2683 @ target-host ] taskset --cpu-list 11 pidstat -u -p $(pgrep -d , -P 249684) 1 &>/home/zakkak/spring-quarkus-perf-comparison/logs/postgres-pidstat-quarkus3-native-8.log &
[1] 250380
17:58:45,695 [ :watch-log-2692 @ target-host ] tail -f /home/zakkak/spring-quarkus-perf-comparison/logs/load-test-quarkus3-native-8.log
__  ____  __  _____   ___  __ ____  ______ 
 --/ __ \/ / / / _ | / _ \/ //_/ / / / __/ 
 -/ /_/ / /_/ / __ |/ , _/ ,< / /_/ /\ \   
--\___\_\____/_/ |_/_/|_/_/|_|\____/___/   
2026-03-11 17:58:41,437 INFO  [io.quarkus] (main) quarkus3 1.0 native (powered by Quarkus 999-SNAPSHOT) started in 0.091s. Listening on: http://0.0.0.0:8080
2026-03-11 17:58:41,437 INFO  [io.quarkus] (main) Profile prod activated. 
2026-03-11 17:58:41,437 INFO  [io.quarkus] (main) Installed features: [agroal, cdi, config-yaml, hibernate-orm, hibernate-orm-panache, hibernate-validator, jdbc-postgresql, narayana-jta, rest, rest-jackson, smallrye-context-propagation, smallrye-health, vertx]
17:58:45,815 [ :monitor-process-2683 @ target-host ] PROCESS_PID=$!
17:58:46,217 [ :monitor-process-2683 @ target-host ] echo $PROCESS_PID
250380
17:58:46,217 [ :monitor-process-2683 @ target-host ] set-state: PROCESS_PID 250380
18:00:55,205 [ test-runner:run-tests-983 @ target-host ] taskset --cpu-list 7-9 jbang -R -XX:+UseNUMA wrk@hyperfoil -t 2 -c 100 -d 2m --timeout 2m http://localhost:8080/fruits 2>&1 >/home/zakkak/spring-quarkus-perf-comparison/logs/wrk-warmup-quarkus3-native-8.log
18:01:25,206 [ test-runner:run-tests-983 @ target-host ] sleep: 30s
18:01:25,206 [ :monitor-process-2658 @ target-host ] reached LOAD_STEADY_STATE_START
18:01:25,206 [ test-runner:run-tests-983 @ target-host ] signal: LOAD_STEADY_STATE_START
18:02:04,881 [ test-runner:run-tests-983 @ target-host ] taskset --cpu-list 7-9 jbang -R -XX:+UseNUMA wrk@hyperfoil -t 2 -c 100 -d 30s --timeout 30s http://localhost:8080/fruits 2>&1 >/home/zakkak/spring-quarkus-perf-comparison/logs/wrk-quarkus3-native-8.log
18:02:05,297 [ test-runner:run-tests-983 @ target-host ] cat /home/zakkak/spring-quarkus-perf-comparison/logs/wrk-quarkus3-native-8.log | grep "Requests/sec" | awk '{print $2}'
16098.75
18:02:05,297 [ test-runner:run-tests-983 @ target-host ] set-state: THROUGHPUT 16098.75
18:02:05,297 [ test-runner:run-tests-983 @ target-host ] script-cmd: state-array-push
18:02:05,297 [ test-runner:run-tests-983 @ target-host ] state-array-push
18:02:05,343 [ test-runner:run-tests-983 @ target-host ] set-state: RUN.output.results.quarkus3-native.load.throughput [16053.21,16061.88,16033.22,16270.12,16000.47,16439.42,16109.73,16398.44,16098.75]
18:02:05,747 [ test-runner:run-tests-983 @ target-host ] cat /home/zakkak/spring-quarkus-perf-comparison/logs/wrk-quarkus3-native-8.log | grep "Socket errors:" | sed -E 's/.*connectionErrors ([0-9]+).*/\1/'
18:02:05,747 [ test-runner:run-tests-983 @ target-host ] regex: ^$
18:02:05,747 [ test-runner:run-tests-983 @ target-host ] set-state: CONNECTION_ERRORS 0
18:02:05,747 [ test-runner:run-tests-983 @ target-host ] script-cmd: state-array-push
18:02:05,747 [ test-runner:run-tests-983 @ target-host ] state-array-push
18:02:05,781 [ test-runner:run-tests-983 @ target-host ] set-state: RUN.output.results.quarkus3-native.load.connectionErrors [0,0,0,0,0,0,0,0,0]
18:02:06,185 [ test-runner:run-tests-983 @ target-host ] cat /home/zakkak/spring-quarkus-perf-comparison/logs/wrk-quarkus3-native-8.log | grep "Socket errors:" | sed -E 's/.*requestTimeouts ([0-9]+)/\1/'
18:02:06,185 [ test-runner:run-tests-983 @ target-host ] regex: ^$
18:02:06,185 [ test-runner:run-tests-983 @ target-host ] set-state: REQUEST_TIMEOUTS 0
18:02:06,185 [ test-runner:run-tests-983 @ target-host ] script-cmd: state-array-push
18:02:06,185 [ test-runner:run-tests-983 @ target-host ] state-array-push
18:02:06,221 [ test-runner:run-tests-983 @ target-host ] set-state: RUN.output.results.quarkus3-native.load.requestTimeouts [0,0,0,0,0,0,0,0,0]
18:02:06,639 [ test-runner:run-tests-983 @ target-host ] pmap -x $PID | grep total | awk '{print $4}'
165708
18:02:06,639 [ test-runner:run-tests-983 @ target-host ] set-state: RSS 165708
18:02:06,657 [ test-runner:run-tests-983 @ target-host ] script-cmd: state-array-push
18:02:06,657 [ test-runner:run-tests-983 @ target-host ] state-array-push
18:02:06,699 [ test-runner:run-tests-983 @ target-host ] set-state: RUN.output.results.quarkus3-native.load.rss [160.66015625,154.13671875,154.953125,157.6484375,156.8515625,156.16796875,159.52734375,157.17578125,161.82421875]
18:02:06,724 [ test-runner:run-tests-983 @ target-host ] script-cmd: state-array-push
18:02:06,725 [ test-runner:run-tests-983 @ target-host ] state-array-push
18:02:06,761 [ test-runner:run-tests-983 @ target-host ] set-state: RUN.output.results.quarkus3-native.load.throughputDensity [99.92029371003427,104.2054101725842,103.4714207925784,103.20508251152188,102.01026846640434,105.2675534655694,100.98412987585397,104.33184978999428,99.48294590484467]
18:02:06,761 [ test-runner:run-tests-983 @ target-host ] reached LOAD_TEST_COMPLETE
18:02:06,761 [ :monitor-process-2650 @ target-host ] wait-for: LOAD_TEST_COMPLETE
18:02:06,761 [ :monitor-process-2658 @ target-host ] wait-for: LOAD_TEST_COMPLETE
18:02:06,761 [ :monitor-process-2667 @ target-host ] wait-for: LOAD_TEST_COMPLETE
18:02:06,761 [ :monitor-process-2683 @ target-host ] wait-for: LOAD_TEST_COMPLETE
18:02:06,761 [ test-runner:run-tests-983 @ target-host ] signal: LOAD_TEST_COMPLETE
18:02:07,163 [ :monitor-process-2683 @ target-host ] kill -15 $PROCESS_PID
bash: kill: (250380) - No such process
18:02:07,163 [ :monitor-process-2658 @ target-host ] kill -15 $PROCESS_PID
bash: kill: (250181) - No such process
18:02:07,163 [ :monitor-process-2650 @ target-host ] kill -15 $PROCESS_PID
bash: kill: (250104) - No such process
18:02:07,263 [ test-runner:run-tests-983 @ target-host ] kill -15 $PID
18:02:07,263 [ :monitor-process-2667 @ target-host ] kill -15 $PROCESS_PID
18:02:09,674 [ test-runner:run-tests-983 @ target-host ] sleep 2
18:02:09,674 [ test-runner:run-tests-983 @ target-host ] script-cmd: stop-test-services
18:02:09,674 [ test-runner:run-tests-983 @ target-host ] stop-test-services
18:02:10,336 [ test-runner:run-tests-983 @ target-host ] /home/zakkak/spring-quarkus-perf-comparison/spring-quarkus-perf-comparison/scripts/infra.sh -d
Using podman to stop containers
-----------------------------------------
[03/11/2026 18:02:09]: Stopping services
-----------------------------------------
Stopping PostgreSQL database 'fruits_db'
fruits_db
18:02:10,388 [ test-runner:run-tests-983 @ target-host ] for-each: ITERATION = 9
18:02:10,388 [ test-runner:run-tests-983 @ target-host ] set-state: LOG_FILE /home/zakkak/spring-quarkus-perf-comparison/logs/load-test-quarkus3-native-9.log
18:02:10,794 [ test-runner:run-tests-983 @ target-host ] touch /home/zakkak/spring-quarkus-perf-comparison/logs/load-test-quarkus3-native-9.log
18:02:10,794 [ test-runner:run-tests-983 @ target-host ] queue-download: ${{REPO_DIR}}/logs/wrk-warmup-${{RUNTIME.name}}-${{ITERATION}}.log=/home/zakkak/spring-quarkus-perf-comparison/logs/wrk-warmup-quarkus3-native-9.log ../../20260311/run-time-initialize-jdk/target-host/
18:02:10,794 [ test-runner:run-tests-983 @ target-host ] queue-download: ${{LOG_FILE}}=/home/zakkak/spring-quarkus-perf-comparison/logs/load-test-quarkus3-native-9.log ../../20260311/run-time-initialize-jdk/target-host/
18:02:10,794 [ test-runner:run-tests-983 @ target-host ] queue-download: ${{REPO_DIR}}/logs/wrk-${{RUNTIME.name}}-${{ITERATION}}.log=/home/zakkak/spring-quarkus-perf-comparison/logs/wrk-quarkus3-native-9.log ../../20260311/run-time-initialize-jdk/target-host/
18:02:10,794 [ test-runner:run-tests-983 @ target-host ] script-cmd: start-test-services
18:02:10,794 [ test-runner:run-tests-983 @ target-host ] start-test-services
18:02:21,927 [ test-runner:run-tests-983 @ target-host ] /home/zakkak/spring-quarkus-perf-comparison/spring-quarkus-perf-comparison/scripts/infra.sh -c 3 -p '4-6' -s
Using podman to start containers
-----------------------------------------
[03/11/2026 18:02:10]: Starting services
-----------------------------------------
Starting PostgreSQL database 'fruits_db'
PostgreSQL DB process: efeddf936910893b11b23c2d2348a1cc64261c13d6367e3b2234ce5357bab8e6
Waiting for PostgreSQL to be ready...
localhost:5432 - no response
localhost:5432 - no response
localhost:5432 - accepting connections
18:02:21,927 [ test-runner:run-tests-983 @ target-host ] script-cmd: sync-drop-fs-cache
18:02:21,927 [ test-runner:run-tests-983 @ target-host ] sync-drop-fs-cache
18:02:21,927 [ test-runner:run-tests-983 @ target-host ] read-state: true
18:02:21,927 [ test-runner:run-tests-983 @ target-host ] regex: true
18:02:22,481 [ test-runner:run-tests-983 @ target-host ] sync
18:02:22,481 [ test-runner:run-tests-983 @ target-host ] script-cmd: sync-drop-fs-cache-${{os}}
18:02:22,481 [ test-runner:run-tests-983 @ target-host ] sync-drop-fs-cache-linux
18:02:22,481 [ test-runner:run-tests-983 @ target-host ] script-cmd: sudo
18:02:22,481 [ test-runner:run-tests-983 @ target-host ] sudo
18:02:22,481 [ test-runner:run-tests-983 @ target-host ] script-cmd: sudo-${{os}}
18:02:22,481 [ test-runner:run-tests-983 @ target-host ] sudo-linux
18:02:23,298 [ test-runner:run-tests-983 @ target-host ] sudo sh -c "echo 3 > /proc/sys/vm/drop_caches"
]3008;start=91d8e58f2e184017b944c94a85e1e12c;user=zakkak;hostname=blanc;machineid=f469a615e9ef4e81b7d5be080a5de373;bootid=0e917e08584a49cb891ef04366e00ace;pid=251790;pidfdid=251791;comm=sudo;targetuser=root;sessionid=c209;type=session\]3008;end=91d8e58f2e184017b944c94a85e1e12c\
18:02:23,299 [ test-runner:run-tests-983 @ target-host ] set-signal: LOAD_STEADY_STATE_START 1
18:02:23,299 [ test-runner:run-tests-983 @ target-host ] set-signal: LOG_REGEX_REACHED 1
18:02:23,701 [ test-runner:run-tests-983 @ target-host ] taskset --cpu-list 0-3 /home/zakkak/spring-quarkus-perf-comparison/spring-quarkus-perf-comparison/quarkus3/target/quarkus3-runner  &>/home/zakkak/spring-quarkus-perf-comparison/logs/load-test-quarkus3-native-9.log &
[1] 251819
18:02:24,103 [ test-runner:run-tests-983 @ target-host ] PID=$!
18:02:24,504 [ test-runner:run-tests-983 @ target-host ] echo $PID
251819
18:02:24,504 [ test-runner:run-tests-983 @ target-host ] set-state: JVM_PID 251819
18:02:24,505 [ test-runner:run-tests-983 @ target-host ] script-cmd: monitor-processes
18:02:24,505 [ test-runner:run-tests-983 @ target-host ] monitor-processes
18:02:24,505 [ test-runner:run-tests-983 @ target-host ] set-signal: LOAD_TEST_COMPLETE 1
18:02:24,962 [ test-runner:run-tests-983 @ target-host ] script-cmd: monitor-process
18:02:24,962 [ :monitor-process-2743 @ target-host ] monitor-process
18:02:24,971 [ :monitor-process-2743 @ target-host ] queue-download: ${{log_file}}=/home/zakkak/spring-quarkus-perf-comparison/logs/pidstat-quarkus3-native-9.log ../../20260311/run-time-initialize-jdk/target-host/
18:02:25,337 [ test-runner:run-tests-983 @ target-host ] script-cmd: monitor-process
18:02:25,337 [ :monitor-process-2751 @ target-host ] monitor-process
18:02:25,337 [ :monitor-process-2751 @ target-host ] queue-download: ${{log_file}}=/home/zakkak/spring-quarkus-perf-comparison/logs/mpstat-quarkus3-native-9.log ../../20260311/run-time-initialize-jdk/target-host/
18:02:25,473 [ :monitor-process-2743 @ target-host ] taskset --cpu-list 11 pidstat -u -p 251819 1 &>/home/zakkak/spring-quarkus-perf-comparison/logs/pidstat-quarkus3-native-9.log &
[1] 251944
18:02:25,711 [ test-runner:run-tests-983 @ target-host ] script-cmd: monitor-process
18:02:25,711 [ test-runner:run-tests-983 @ target-host ] script-cmd: monitor-postgres
18:02:25,711 [ test-runner:run-tests-983 @ target-host ] monitor-postgres
18:02:25,711 [ :monitor-process-2760 @ target-host ] monitor-process
18:02:25,711 [ :monitor-process-2760 @ target-host ] queue-download: ${{log_file}}=/home/zakkak/spring-quarkus-perf-comparison/logs/vmstat-quarkus3-native-9.log ../../20260311/run-time-initialize-jdk/target-host/
18:02:25,839 [ :monitor-process-2751 @ target-host ] taskset --cpu-list 11 mpstat -P ALL 1 &>/home/zakkak/spring-quarkus-perf-comparison/logs/mpstat-quarkus3-native-9.log &
[1] 252023
18:02:25,875 [ :monitor-process-2743 @ target-host ] PROCESS_PID=$!
18:02:26,113 [ :monitor-process-2760 @ target-host ] taskset --cpu-list 11 vmstat 1 &>/home/zakkak/spring-quarkus-perf-comparison/logs/vmstat-quarkus3-native-9.log &
[1] 252106
18:02:26,143 [ test-runner:run-tests-983 @ target-host ] POSTGRES_PID=$(/home/zakkak/spring-quarkus-perf-comparison/spring-quarkus-perf-comparison/scripts/infra.sh -r)
18:02:26,241 [ :monitor-process-2751 @ target-host ] PROCESS_PID=$!
18:02:26,276 [ :monitor-process-2743 @ target-host ] echo $PROCESS_PID
251944
18:02:26,276 [ :monitor-process-2743 @ target-host ] set-state: PROCESS_PID 251944
18:02:26,515 [ :monitor-process-2760 @ target-host ] PROCESS_PID=$!
18:02:26,545 [ test-runner:run-tests-983 @ target-host ] echo $POSTGRES_PID
251516
18:02:26,545 [ test-runner:run-tests-983 @ target-host ] set-state: POSTGRES_PID 251516
18:02:26,642 [ :monitor-process-2751 @ target-host ] echo $PROCESS_PID
252023
18:02:26,642 [ :monitor-process-2751 @ target-host ] set-state: PROCESS_PID 252023
18:02:26,916 [ :monitor-process-2760 @ target-host ] echo $PROCESS_PID
252106
18:02:26,916 [ :monitor-process-2760 @ target-host ] set-state: PROCESS_PID 252106
18:02:26,920 [ test-runner:run-tests-983 @ target-host ] script-cmd: monitor-process
18:02:26,921 [ test-runner:run-tests-983 @ target-host ] JVM_PID = 251819
18:02:26,921 [ :monitor-process-2776 @ target-host ] monitor-process
18:02:26,921 [ test-runner:run-tests-983 @ target-host ] read-state: none
18:02:26,921 [ :monitor-process-2776 @ target-host ] queue-download: ${{log_file}}=/home/zakkak/spring-quarkus-perf-comparison/logs/postgres-pidstat-quarkus3-native-9.log ../../20260311/run-time-initialize-jdk/target-host/
18:02:27,292 [ test-runner:run-tests-983 @ target-host ] script-cmd: watch-log
18:02:27,292 [ :watch-log-2785 @ target-host ] watch-log
18:02:27,302 [ :watch-log-2785 @ target-host ] regex: ${{log_regex}}
18:02:27,302 [ :watch-log-2785 @ target-host ] ctrlC
18:02:27,303 [ :watch-log-2785 @ target-host ] reached LOG_REGEX_REACHED
18:02:27,303 [ test-runner:run-tests-983 @ target-host ] wait-for: LOG_REGEX_REACHED
18:02:27,303 [ :watch-log-2785 @ target-host ] signal: LOG_REGEX_REACHED
18:02:27,423 [ :monitor-process-2776 @ target-host ] taskset --cpu-list 11 pidstat -u -p $(pgrep -d , -P 251516) 1 &>/home/zakkak/spring-quarkus-perf-comparison/logs/postgres-pidstat-quarkus3-native-9.log &
[1] 252220
18:02:27,704 [ :watch-log-2785 @ target-host ] tail -f /home/zakkak/spring-quarkus-perf-comparison/logs/load-test-quarkus3-native-9.log
__  ____  __  _____   ___  __ ____  ______ 
 --/ __ \/ / / / _ | / _ \/ //_/ / / / __/ 
 -/ /_/ / /_/ / __ |/ , _/ ,< / /_/ /\ \   
--\___\_\____/_/ |_/_/|_/_/|_|\____/___/   
2026-03-11 18:02:23,480 INFO  [io.quarkus] (main) quarkus3 1.0 native (powered by Quarkus 999-SNAPSHOT) started in 0.095s. Listening on: http://0.0.0.0:8080
2026-03-11 18:02:23,480 INFO  [io.quarkus] (main) Profile prod activated. 
2026-03-11 18:02:23,480 INFO  [io.quarkus] (main) Installed features: [agroal, cdi, config-yaml, hibernate-orm, hibernate-orm-panache, hibernate-validator, jdbc-postgresql, narayana-jta, rest, rest-jackson, smallrye-context-propagation, smallrye-health, vertx]
18:02:27,825 [ :monitor-process-2776 @ target-host ] PROCESS_PID=$!
18:02:28,227 [ :monitor-process-2776 @ target-host ] echo $PROCESS_PID
252220
18:02:28,227 [ :monitor-process-2776 @ target-host ] set-state: PROCESS_PID 252220
18:04:37,252 [ test-runner:run-tests-983 @ target-host ] taskset --cpu-list 7-9 jbang -R -XX:+UseNUMA wrk@hyperfoil -t 2 -c 100 -d 2m --timeout 2m http://localhost:8080/fruits 2>&1 >/home/zakkak/spring-quarkus-perf-comparison/logs/wrk-warmup-quarkus3-native-9.log
18:05:07,252 [ test-runner:run-tests-983 @ target-host ] sleep: 30s
18:05:07,252 [ :monitor-process-2751 @ target-host ] reached LOAD_STEADY_STATE_START
18:05:07,252 [ test-runner:run-tests-983 @ target-host ] signal: LOAD_STEADY_STATE_START
18:05:46,884 [ test-runner:run-tests-983 @ target-host ] taskset --cpu-list 7-9 jbang -R -XX:+UseNUMA wrk@hyperfoil -t 2 -c 100 -d 30s --timeout 30s http://localhost:8080/fruits 2>&1 >/home/zakkak/spring-quarkus-perf-comparison/logs/wrk-quarkus3-native-9.log
18:05:47,300 [ test-runner:run-tests-983 @ target-host ] cat /home/zakkak/spring-quarkus-perf-comparison/logs/wrk-quarkus3-native-9.log | grep "Requests/sec" | awk '{print $2}'
16226.56
18:05:47,301 [ test-runner:run-tests-983 @ target-host ] set-state: THROUGHPUT 16226.56
18:05:47,301 [ test-runner:run-tests-983 @ target-host ] script-cmd: state-array-push
18:05:47,301 [ test-runner:run-tests-983 @ target-host ] state-array-push
18:05:47,356 [ test-runner:run-tests-983 @ target-host ] set-state: RUN.output.results.quarkus3-native.load.throughput [16053.21,16061.88,16033.22,16270.12,16000.47,16439.42,16109.73,16398.44,16098.75,16226.56]
18:05:47,760 [ test-runner:run-tests-983 @ target-host ] cat /home/zakkak/spring-quarkus-perf-comparison/logs/wrk-quarkus3-native-9.log | grep "Socket errors:" | sed -E 's/.*connectionErrors ([0-9]+).*/\1/'
18:05:47,760 [ test-runner:run-tests-983 @ target-host ] regex: ^$
18:05:47,761 [ test-runner:run-tests-983 @ target-host ] set-state: CONNECTION_ERRORS 0
18:05:47,761 [ test-runner:run-tests-983 @ target-host ] script-cmd: state-array-push
18:05:47,761 [ test-runner:run-tests-983 @ target-host ] state-array-push
18:05:47,801 [ test-runner:run-tests-983 @ target-host ] set-state: RUN.output.results.quarkus3-native.load.connectionErrors [0,0,0,0,0,0,0,0,0,0]
18:05:48,205 [ test-runner:run-tests-983 @ target-host ] cat /home/zakkak/spring-quarkus-perf-comparison/logs/wrk-quarkus3-native-9.log | grep "Socket errors:" | sed -E 's/.*requestTimeouts ([0-9]+)/\1/'
18:05:48,205 [ test-runner:run-tests-983 @ target-host ] regex: ^$
18:05:48,205 [ test-runner:run-tests-983 @ target-host ] set-state: REQUEST_TIMEOUTS 0
18:05:48,205 [ test-runner:run-tests-983 @ target-host ] script-cmd: state-array-push
18:05:48,205 [ test-runner:run-tests-983 @ target-host ] state-array-push
18:05:48,240 [ test-runner:run-tests-983 @ target-host ] set-state: RUN.output.results.quarkus3-native.load.requestTimeouts [0,0,0,0,0,0,0,0,0,0]
18:05:48,657 [ test-runner:run-tests-983 @ target-host ] pmap -x $PID | grep total | awk '{print $4}'
165192
18:05:48,657 [ test-runner:run-tests-983 @ target-host ] set-state: RSS 165192
18:05:48,682 [ test-runner:run-tests-983 @ target-host ] script-cmd: state-array-push
18:05:48,682 [ test-runner:run-tests-983 @ target-host ] state-array-push
18:05:48,737 [ test-runner:run-tests-983 @ target-host ] set-state: RUN.output.results.quarkus3-native.load.rss [160.66015625,154.13671875,154.953125,157.6484375,156.8515625,156.16796875,159.52734375,157.17578125,161.82421875,161.3203125]
18:05:48,765 [ test-runner:run-tests-983 @ target-host ] script-cmd: state-array-push
18:05:48,765 [ test-runner:run-tests-983 @ target-host ] state-array-push
18:05:48,821 [ test-runner:run-tests-983 @ target-host ] set-state: RUN.output.results.quarkus3-native.load.throughputDensity [99.92029371003427,104.2054101725842,103.4714207925784,103.20508251152188,102.01026846640434,105.2675534655694,100.98412987585397,104.33184978999428,99.48294590484467,100.58596929633396]
18:05:48,822 [ :monitor-process-2751 @ target-host ] reached LOAD_TEST_COMPLETE
18:05:48,822 [ :monitor-process-2743 @ target-host ] wait-for: LOAD_TEST_COMPLETE
18:05:48,822 [ :monitor-process-2751 @ target-host ] wait-for: LOAD_TEST_COMPLETE
18:05:48,822 [ :monitor-process-2760 @ target-host ] wait-for: LOAD_TEST_COMPLETE
18:05:48,822 [ :monitor-process-2776 @ target-host ] wait-for: LOAD_TEST_COMPLETE
18:05:48,822 [ test-runner:run-tests-983 @ target-host ] signal: LOAD_TEST_COMPLETE
18:05:49,224 [ :monitor-process-2776 @ target-host ] kill -15 $PROCESS_PID
bash: kill: (252220) - No such process
18:05:49,224 [ :monitor-process-2751 @ target-host ] kill -15 $PROCESS_PID
bash: kill: (252023) - No such process
18:05:49,224 [ :monitor-process-2743 @ target-host ] kill -15 $PROCESS_PID
bash: kill: (251944) - No such process
18:05:49,324 [ :monitor-process-2760 @ target-host ] kill -15 $PROCESS_PID
18:05:49,324 [ test-runner:run-tests-983 @ target-host ] kill -15 $PID
18:05:51,736 [ test-runner:run-tests-983 @ target-host ] sleep 2
18:05:51,736 [ test-runner:run-tests-983 @ target-host ] script-cmd: stop-test-services
18:05:51,736 [ test-runner:run-tests-983 @ target-host ] stop-test-services
18:05:52,403 [ test-runner:run-tests-983 @ target-host ] /home/zakkak/spring-quarkus-perf-comparison/spring-quarkus-perf-comparison/scripts/infra.sh -d
Using podman to stop containers
-----------------------------------------
[03/11/2026 18:05:51]: Stopping services
-----------------------------------------
Stopping PostgreSQL database 'fruits_db'
fruits_db
18:05:52,482 [ test-runner:run-tests-983 @ target-host ] for-each: ITERATION
18:05:52,483 [ test-runner:run-tests-983 @ target-host ] script-cmd: state-array-calc-avg
18:05:52,483 [ test-runner:run-tests-983 @ target-host ] state-array-calc-avg
18:05:52,536 [ test-runner:run-tests-983 @ target-host ] set-state: RUN.output.results.quarkus3-native.load.avThroughput 16169.179999999998
18:05:52,536 [ test-runner:run-tests-983 @ target-host ] script-cmd: state-array-calc-avg
18:05:52,536 [ test-runner:run-tests-983 @ target-host ] state-array-calc-avg
18:05:52,589 [ test-runner:run-tests-983 @ target-host ] set-state: RUN.output.results.quarkus3-native.load.avMaxRss 158.0265625
18:05:52,589 [ test-runner:run-tests-983 @ target-host ] script-cmd: state-array-calc-max
18:05:52,589 [ test-runner:run-tests-983 @ target-host ] state-array-calc-max
18:05:52,662 [ test-runner:run-tests-983 @ target-host ] set-state: RUN.output.results.quarkus3-native.load.maxThroughputDensity 105.2675534655694
18:05:52,662 [ test-runner:run-tests-983 @ target-host ] script-cmd: state-array-calc-avg
18:05:52,662 [ test-runner:run-tests-983 @ target-host ] state-array-calc-avg
18:05:52,713 [ test-runner:run-tests-983 @ target-host ] set-state: RUN.output.results.quarkus3-native.load.avConnectionErrors 0
18:05:52,713 [ test-runner:run-tests-983 @ target-host ] script-cmd: state-array-calc-avg
18:05:52,713 [ test-runner:run-tests-983 @ target-host ] state-array-calc-avg
18:05:52,747 [ test-runner:run-tests-983 @ target-host ] set-state: RUN.output.results.quarkus3-native.load.avRequestTimeouts 0
18:05:52,747 [ test-runner:run-tests-983 @ target-host ] for-each: TEST
18:05:52,747 [ test-runner:run-tests-983 @ target-host ] for-each: RUNTIME
18:05:53,203 [ test-runner:cleanup-2817 @ target-host ] cleanup
18:05:53,203 [ test-runner:cleanup-2817 @ target-host ] script-cmd: stop-timestamp
18:05:53,203 [ test-runner:cleanup-2817 @ target-host ] stop-timestamp
18:05:53,605 [ test-runner:cleanup-2817 @ target-host ] date -u +%FT%TZ
2026-03-11T16:05:53Z
18:05:53,605 [ test-runner:cleanup-2817 @ target-host ] set-state: RUN.output.timing.stop 2026-03-11T16:05:53Z
18:05:53,605 [ test-runner:cleanup-2817 @ target-host ] script-cmd: download-metrics
18:05:53,605 [ test-runner:cleanup-2817 @ target-host ] download-metrics
18:05:54,016 [ test-runner:cleanup-2817 @ target-host ] mkdir -p /tmp
18:05:54,016 [ test-runner:cleanup-2817 @ target-host ] script-cmd: sudo
18:05:54,016 [ test-runner:cleanup-2817 @ target-host ] sudo
18:05:54,017 [ test-runner:cleanup-2817 @ target-host ] script-cmd: sudo-${{os}}
18:05:54,017 [ test-runner:cleanup-2817 @ target-host ] sudo-linux
18:05:54,682 [ test-runner:cleanup-2817 @ target-host ] sudo rm -Rf /tmp/metrics.json
]3008;start=08918603edee472ba422bc040e35ecaa;user=zakkak;hostname=blanc;machineid=f469a615e9ef4e81b7d5be080a5de373;bootid=0e917e08584a49cb891ef04366e00ace;pid=253495;pidfdid=253496;comm=sudo;targetuser=root;sessionid=c210;type=session\]3008;end=08918603edee472ba422bc040e35ecaa\
18:05:54,683 [ test-runner:cleanup-2817 @ target-host ] set-state: RUN.output.config {"jvm":{"home":"/home/zakkak/jvms/jdk-21.0.9+10","version":"25.0.2-tem","graalvm":{"home":"/home/zakkak/code/graal-oracle/sdk/latest_graalvm_home","version":"25.0.2-graalce"},"memory":"","args":""},"quarkus":{"version":"999-SNAPSHOT","build_config_args":"","native_build_options":"-Dquarkus.native.additional-build-args-append=--future-defaults=run-time-initialize-jdk"},"springboot3":{"version":"","native_build_options":""},"springboot4":{"version":"","native_build_options":""},"resources":{"cpu":{"app":"0-3","db":"4-6","load_generator":"7-9","1st_request":10,"monitor":11},"app_cpus":4},"profiler":{"name":"none","events":"cpu"},"repo":{"branch":"main","url":"https://github.com/quarkusio/spring-quarkus-perf-comparison.git","scenario":"tuned","commit":"14e9ae9b8bc5ec009f5c1108ca2171ce3867ffb2","short_commit":"14e9ae9","scenarioName":"Tuned"},"num_iterations":10}
18:05:54,683 [ test-runner:cleanup-2817 @ target-host ] set-state: RUN.output.env {"run":{"host":{"user":"zakkak","name":"LOCAL","target":"LOCAL"}},"host":{"os":"Fedora Linux 43 (Workstation Edition)","type":"ASUS System Product Name","kernel":"6.18.16-200.fc43.x86_64","cpu":"AMD Ryzen 9 7950X 16-Core Processor (32 cpus)","gpu":"Advanced Micro Devices, Inc. [AMD/ATI] Raphael","memory":"61Gi"}}
18:05:55,091 [ test-runner:cleanup-2817 @ target-host ] echo '{"timing":{"start":"2026-03-11T15:12:14Z","stop":"2026-03-11T16:05:53Z"},"results":{"quarkus3-native":{"build":{"timings":[45.03,44.58,45.26,44.52,44.73,44.91,44.36,45.06,44.39,44.49],"native":{"rss":[4.6,4.74,4.74,4.54,4.7,4.43,4.61,4.24,4.6,4.69],"binarySize":86.53},"avBuildTime":44.733,"avNativeRSS":4.589,"classCount":"22,683","fieldCount":"29,316","methodCount":"106,848","reflectionClassCount":"7,978","reflectionFieldCount":169,"reflectionMethodCount":"5,216"},"startup":{"timings":[80,38,41,32,40,40,32,42,41,41],"avStartTime":42.7},"rss":{"startup":[67.6640625,67.65234375,67.51953125,67.515625,67.65234375,67.6015625,67.70703125,67.54296875,67.64453125,67.5546875],"firstRequest":[74.609375,74.59765625,74.46484375,74.4609375,74.6015625,74.546875,74.65625,74.48828125,74.59375,74.50390625],"avStartupRss":67.60546875,"avFirstRequestRss":74.55234375},"load":{"throughput":[16053.21,16061.88,16033.22,16270.12,16000.47,16439.42,16109.73,16398.44,16098.75,16226.56],"connectionErrors":[0,0,0,0,0,0,0,0,0,0],"requestTimeouts":[0,0,0,0,0,0,0,0,0,0],"rss":[160.66015625,154.13671875,154.953125,157.6484375,156.8515625,156.16796875,159.52734375,157.17578125,161.82421875,161.3203125],"throughputDensity":[99.92029371003427,104.2054101725842,103.4714207925784,103.20508251152188,102.01026846640434,105.2675534655694,100.98412987585397,104.33184978999428,99.48294590484467,100.58596929633396],"avThroughput":16169.179999999998,"avMaxRss":158.0265625,"maxThroughputDensity":105.2675534655694,"avConnectionErrors":0,"avRequestTimeouts":0}}},"config":{"jvm":{"args":"","memory":"","graalvm":{"version":"25.0.2-graalce","home":"/home/zakkak/code/graal-oracle/sdk/latest_graalvm_home"},"version":"25.0.2-tem","home":"/home/zakkak/jvms/jdk-21.0.9+10"},"num_iterations":10,"quarkus":{"build_config_args":"","native_build_options":"-Dquarkus.native.additional-build-args-append=--future-defaults=run-time-initialize-jdk","version":"999-SNAPSHOT"},"repo":{"short_commit":"14e9ae9","scenario":"tuned","commit":"14e9ae9b8bc5ec009f5c1108ca2171ce3867ffb2","branch":"main","scenarioName":"Tuned","url":"https://github.com/quarkusio/spring-quarkus-perf-comparison.git"},"springboot3":{"native_build_options":"","version":""},"springboot4":{"native_build_options":"","version":""},"resources":{"cpu":{"app":"0-3","1st_request":10,"monitor":11,"load_generator":"7-9","db":"4-6"},"app_cpus":4},"profiler":{"name":"none","events":"cpu"}},"env":{"host":{"memory":"61Gi","os":"Fedora Linux 43 (Workstation Edition)","kernel":"6.18.16-200.fc43.x86_64","cpu":"AMD Ryzen 9 7950X 16-Core Processor (32 cpus)","type":"ASUS System Product Name","gpu":"Advanced Micro Devices, Inc. [AMD/ATI] Raphael"},"run":{"host":{"name":"LOCAL","user":"zakkak","target":"LOCAL"}}}}' > /tmp/metrics.json
18:05:55,092 [ test-runner:cleanup-2817 @ target-host ] queue-download: ${{METRICS_DIR}}/metrics.json=/tmp/metrics.json ../../20260311/run-time-initialize-jdk/target-host/
18:05:55,092 [ test-runner:cleanup-2817 @ target-host ] script-cmd: stop-test-services
18:05:55,092 [ test-runner:cleanup-2817 @ target-host ] stop-test-services
18:05:55,519 [ test-runner:cleanup-2817 @ target-host ] /home/zakkak/spring-quarkus-perf-comparison/spring-quarkus-perf-comparison/scripts/infra.sh -d
Using podman to stop containers
-----------------------------------------
[03/11/2026 18:05:55]: Stopping services
-----------------------------------------
Stopping PostgreSQL database 'fruits_db'
Error: no container with name or ID "fruits_db" found: no such container
18:05:55,524 [ test-runner:run-tests-983 @ target-host ] run-1773241920126 closing state:
 env = {"run":{"host":{"user":"zakkak","name":"LOCAL","target":"LOCAL"}},"host":{"os":"Fedora Linux 43 (Workstation Edition)","type":"ASUS System Product Name","kernel":"6.18.16-200.fc43.x86_64","cpu":"AMD Ryzen 9 7950X 16-Core Processor (32 cpus)","gpu":"Advanced Micro Devices, Inc. [AMD/ATI] Raphael","memory":"61Gi"}}
 config = {"jvm":{"home":"/home/zakkak/jvms/jdk-21.0.9+10","version":"25.0.2-tem","graalvm":{"home":"/home/zakkak/code/graal-oracle/sdk/latest_graalvm_home","version":"25.0.2-graalce"},"memory":"","args":""},"quarkus":{"version":"999-SNAPSHOT","build_config_args":"","native_build_options":"-Dquarkus.native.additional-build-args-append=--future-defaults=run-time-initialize-jdk"},"springboot3":{"version":"","native_build_options":""},"springboot4":{"version":"","native_build_options":""},"resources":{"cpu":{"app":"0-3","db":"4-6","load_generator":"7-9","1st_request":"10","monitor":"11"},"app_cpus":"4"},"profiler":{"name":"none","events":"cpu"},"repo":{"branch":"main","url":"https://github.com/quarkusio/spring-quarkus-perf-comparison.git","scenario":"tuned","commit":"14e9ae9b8bc5ec009f5c1108ca2171ce3867ffb2","short_commit":"14e9ae9","scenarioName":"Tuned"},"num_iterations":"10"}
 APP_CMD_PREFIX = taskset --cpu-list ${{config.resources.cpu.app}}
 LOAD_GEN_CMD_PREFIX = taskset --cpu-list ${{config.resources.cpu.load_generator}}
 MONITOR_CMD_PREFIX = taskset --cpu-list ${{config.resources.cpu.monitor}}
 WRK_BIN = ${{LOAD_GEN_CMD_PREFIX}} jbang -R -XX:+UseNUMA wrk@hyperfoil
 DROP_OS_FILESYSTEM_CACHES = true
 PAUSE_TIME = 2
 PROFILER_JVM_ARGS = 
 BASE_JAVA_CMD = ${{APP_CMD_PREFIX}} java ${{config.jvm.memory}} ${{config.jvm.args}} ${{PROFILER_JVM_ARGS}}
 TESTS = ["measure-build-times","measure-time-to-first-request","measure-rss","run-load-test"]
 RUNTIMES = ["quarkus3-native"]
 TARGET_URL = http://localhost:8080/fruits
 QUARKUS-PLATFORM-ARTIFACT-ID = quarkus-bom
 PROJ_REPO_NAME = spring-quarkus-perf-comparison
 METRICS_DIR = /tmp
 ASYNC_PROFILER = async-profiler
 RUNTIMECMDS = [{"updateScript":"update-quarkus-version","runCmd":"${{BASE_JAVA_CMD}} -jar ${{QUARKUS3_DIR}}/target/quarkus-app/quarkus-run.jar","updateVersion":"${{config.quarkus.version}}","buildCmd":"./mvnw ${{config.quarkus.build_config_args}} clean package -DskipTests","name":"quarkus3-jvm","type":"jvm","dir":"${{QUARKUS3_DIR}}","logFileStartedRegex":".*quarkus3.+started in.*"},{"updateScript":"update-quarkus-version","runCmd":"${{BASE_JAVA_CMD}} -jar ${{QUARKUS3_VIRTUAL_DIR}}/target/quarkus-app/quarkus-run.jar","updateVersion":"${{config.quarkus.version}}","buildCmd":"./mvnw ${{config.quarkus.build_config_args}} clean package -DskipTests","name":"quarkus3-virtual","type":"jvm","dir":"${{QUARKUS3_VIRTUAL_DIR}}","logFileStartedRegex":".*quarkus3.+started in.*"},{"updateScript":"update-quarkus-version","runCmd":"${{APP_CMD_PREFIX}} ${{QUARKUS3_DIR}}/target/quarkus3-runner ${{config.jvm.memory}}","updateVersion":"${{config.quarkus.version}}","buildCmd":"./mvnw ${{config.quarkus.build_config_args}} clean package -DskipTests -Pnative ${{config.quarkus.native_build_options}}","name":"quarkus3-native","type":"native","dir":"${{QUARKUS3_DIR}}","logFileStartedRegex":".*quarkus3.+started in.*"},{"updateScript":"update-spring-boot-version","runCmd":"${{BASE_JAVA_CMD}} -jar ${{SPRING3_BOOT_DIR}}/target/springboot3.jar","updateVersion":"${{config.springboot3.version}}","buildCmd":"./mvnw clean package -DskipTests","name":"spring3-jvm","type":"jvm","dir":"${{SPRING3_BOOT_DIR}}","logFileStartedRegex":".*Started SpringBoot3Application in.+seconds.*"},{"updateScript":"update-spring-boot-version","runCmd":"${{BASE_JAVA_CMD}} -Dspring.threads.virtual.enabled=true -jar ${{SPRING3_BOOT_DIR}}/target/springboot3.jar","updateVersion":"${{config.springboot3.version}}","buildCmd":"./mvnw clean package -DskipTests -Dspring.threads.virtual.enabled=true","name":"spring3-virtual","type":"jvm","dir":"${{SPRING3_BOOT_DIR}}","logFileStartedRegex":".*Started SpringBoot3Application in.+seconds.*"},{"updateScript":"update-spring-boot-version","runCmd":"${{BASE_JAVA_CMD}} -Dspring.aot.enabled=true -jar ${{SPRING3_BOOT_DIR}}/target/springboot3.jar","updateVersion":"${{config.springboot3.version}}","buildCmd":"./mvnw clean compile spring-boot:process-aot package -DskipTests","name":"spring3-jvm-aot","type":"jvm","dir":"${{SPRING3_BOOT_DIR}}","logFileStartedRegex":".*Started SpringBoot3Application in.+seconds.*"},{"updateScript":"update-spring-boot-version","runCmd":"${{APP_CMD_PREFIX}} ${{SPRING3_BOOT_DIR}}/target/springboot3 ${{config.jvm.memory}}","updateVersion":"${{config.springboot3.version}}","buildCmd":"./mvnw clean -Pnative -DskipTests native:compile package ${{config.springboot3.native_build_options}}","name":"spring3-native","type":"native","dir":"${{SPRING3_BOOT_DIR}}","logFileStartedRegex":".*Started SpringBoot3Application in.+seconds.*"},{"updateScript":"update-spring-boot-version","runCmd":"${{BASE_JAVA_CMD}} -jar ${{SPRING4_BOOT_DIR}}/target/springboot4.jar","updateVersion":"${{config.springboot4.version}}","buildCmd":"./mvnw clean package -DskipTests","name":"spring4-jvm","type":"jvm","dir":"${{SPRING4_BOOT_DIR}}","logFileStartedRegex":".*Started SpringBoot4Application in.+seconds.*"},{"updateScript":"update-spring-boot-version","runCmd":"${{BASE_JAVA_CMD}} -Dspring.threads.virtual.enabled=true -jar ${{SPRING4_BOOT_DIR}}/target/springboot4.jar","updateVersion":"${{config.springboot4.version}}","buildCmd":"./mvnw clean package -DskipTests -Dspring.threads.virtual.enabled=true","name":"spring4-virtual","type":"jvm","dir":"${{SPRING4_BOOT_DIR}}","logFileStartedRegex":".*Started SpringBoot4Application in.+seconds.*"},{"updateScript":"update-spring-boot-version","runCmd":"${{BASE_JAVA_CMD}} -Dspring.aot.enabled=true -jar ${{SPRING4_BOOT_DIR}}/target/springboot4.jar","updateVersion":"${{config.springboot4.version}}","buildCmd":"./mvnw clean compile spring-boot:process-aot package -DskipTests","name":"spring4-jvm-aot","type":"jvm","dir":"${{SPRING4_BOOT_DIR}}","logFileStartedRegex":".*Started SpringBoot4Application in.+seconds.*"},{"updateScript":"update-spring-boot-version","runCmd":"${{APP_CMD_PREFIX}} ${{SPRING4_BOOT_DIR}}/target/springboot4 ${{config.jvm.memory}}","updateVersion":"${{config.springboot4.version}}","buildCmd":"./mvnw clean -Pnative -DskipTests native:compile package ${{config.springboot4.native_build_options}}","name":"spring4-native","type":"native","dir":"${{SPRING4_BOOT_DIR}}","logFileStartedRegex":".*Started SpringBoot4Application in.+seconds.*"}]
 BASE_DIR = /home/zakkak
 REPO_DIR = /home/zakkak/spring-quarkus-perf-comparison
 PROJ_REPO_DIR = /home/zakkak/spring-quarkus-perf-comparison/spring-quarkus-perf-comparison
 SCRIPTS_DIR = /home/zakkak/spring-quarkus-perf-comparison/spring-quarkus-perf-comparison/scripts/perf-lab
 HELPER_SCRIPTS_DIR = /home/zakkak/spring-quarkus-perf-comparison/spring-quarkus-perf-comparison/scripts/perf-lab/scripts
 SPRING3_BOOT_DIR = /home/zakkak/spring-quarkus-perf-comparison/spring-quarkus-perf-comparison/springboot3
 SPRING4_BOOT_DIR = /home/zakkak/spring-quarkus-perf-comparison/spring-quarkus-perf-comparison/springboot4
 QUARKUS3_DIR = /home/zakkak/spring-quarkus-perf-comparison/spring-quarkus-perf-comparison/quarkus3
 QUARKUS3_VIRTUAL_DIR = /home/zakkak/spring-quarkus-perf-comparison/spring-quarkus-perf-comparison/quarkus3-virtual
 ASYNC_PROFILER_DIR = /home/zakkak/async-profiler
 os = linux
 output = {"timing":{"start":"2026-03-11T15:12:14Z","stop":"2026-03-11T16:05:53Z"},"results":{"quarkus3-native":{"build":{"timings":["45.03","44.58","45.26","44.52","44.73","44.91","44.36","45.06","44.39","44.49"],"native":{"rss":["4.6","4.74","4.74","4.54","4.7","4.43","4.61","4.24","4.6","4.69"],"binarySize":"86.53"},"avBuildTime":"44.733","avNativeRSS":"4.589","classCount":"22,683","fieldCount":"29,316","methodCount":"106,848","reflectionClassCount":"7,978","reflectionFieldCount":"169","reflectionMethodCount":"5,216"},"startup":{"timings":["80","38","41","32","40","40","32","42","41","41"],"avStartTime":"42.7"},"rss":{"startup":["67.6640625","67.65234375","67.51953125","67.515625","67.65234375","67.6015625","67.70703125","67.54296875","67.64453125","67.5546875"],"firstRequest":["74.609375","74.59765625","74.46484375","74.4609375","74.6015625","74.546875","74.65625","74.48828125","74.59375","74.50390625"],"avStartupRss":"67.60546875","avFirstRequestRss":"74.55234375"},"load":{"throughput":["16053.21","16061.88","16033.22","16270.12","16000.47","16439.42","16109.73","16398.44","16098.75","16226.56"],"connectionErrors":["0","0","0","0","0","0","0","0","0","0"],"requestTimeouts":["0","0","0","0","0","0","0","0","0","0"],"rss":["160.66015625","154.13671875","154.953125","157.6484375","156.8515625","156.16796875","159.52734375","157.17578125","161.82421875","161.3203125"],"throughputDensity":["99.92029371003427","104.2054101725842","103.4714207925784","103.20508251152188","102.01026846640434","105.2675534655694","100.98412987585397","104.33184978999428","99.48294590484467","100.58596929633396"],"avThroughput":"16169.179999999998","avMaxRss":"158.0265625","maxThroughputDensity":"105.2675534655694","avConnectionErrors":"0","avRequestTimeouts":"0"}}},"config":{"jvm":{"args":"","memory":"","graalvm":{"version":"25.0.2-graalce","home":"/home/zakkak/code/graal-oracle/sdk/latest_graalvm_home"},"version":"25.0.2-tem","home":"/home/zakkak/jvms/jdk-21.0.9+10"},"num_iterations":"10","quarkus":{"build_config_args":"","native_build_options":"-Dquarkus.native.additional-build-args-append=--future-defaults=run-time-initialize-jdk","version":"999-SNAPSHOT"},"repo":{"short_commit":"14e9ae9","scenario":"tuned","commit":"14e9ae9b8bc5ec009f5c1108ca2171ce3867ffb2","branch":"main","scenarioName":"Tuned","url":"https://github.com/quarkusio/spring-quarkus-perf-comparison.git"},"springboot3":{"native_build_options":"","version":""},"springboot4":{"native_build_options":"","version":""},"resources":{"cpu":{"app":"0-3","1st_request":"10","monitor":"11","load_generator":"7-9","db":"4-6"},"app_cpus":"4"},"profiler":{"name":"none","events":"cpu"}},"env":{"host":{"memory":"61Gi","os":"Fedora Linux 43 (Workstation Edition)","kernel":"6.18.16-200.fc43.x86_64","cpu":"AMD Ryzen 9 7950X 16-Core Processor (32 cpus)","type":"ASUS System Product Name","gpu":"Advanced Micro Devices, Inc. [AMD/ATI] Raphael"},"run":{"host":{"name":"LOCAL","user":"zakkak","target":"LOCAL"}}}}
 SHELL_PID = 217283
 LOCAL : 
   run-tests : 
     id=983 : 
       RUNTIMECMD = {"updateScript":"update-quarkus-version","runCmd":"taskset --cpu-list 0-3 /home/zakkak/spring-quarkus-perf-comparison/spring-quarkus-perf-comparison/quarkus3/target/quarkus3-runner ","updateVersion":"999-SNAPSHOT","buildCmd":"./mvnw  clean package -DskipTests -Pnative -Dquarkus.native.additional-build-args-append=--future-defaults=run-time-initialize-jdk","name":"quarkus3-native","type":"native","dir":"/home/zakkak/spring-quarkus-perf-comparison/spring-quarkus-perf-comparison/quarkus3","logFileStartedRegex":".*quarkus3.+started in.*"}
       TYPE = native
       BUILD_TIME = 44.49
       NATIVE_BUILD_RSS = 4.69
       START_TIME = 41
       RSS_STARTUP = 69176
       FIRST_REQUEST = 76292
       APP_LOG_REGEX = .*quarkus3.+started in.*
       LOG_FILE = /home/zakkak/spring-quarkus-perf-comparison/logs/load-test-quarkus3-native-9.log
       JVM_PID = 251819
       POSTGRES_PID = 251516
       THROUGHPUT = 16226.56
       CONNECTION_ERRORS = 0
       REQUEST_TIMEOUTS = 0
       RSS = 165192
   cleanup : 
     id=2817 : 
   setup : 
     id=807 : 

