16:18:32,600 [ :- @  ] run-1773238712384 starting state:
 env = {"run":{"host":{"user":"zakkak","name":"LOCAL","target":"LOCAL"}}}
 config = {"jvm":{"home":"/home/zakkak/jvms/jdk-21.0.9+10","version":"25.0.2-tem","graalvm":{"home":"/home/zakkak/code/graal-oracle/sdk/latest_graalvm_home","version":"25.0.2-graalce"},"memory":"","args":""},"quarkus":{"version":"999-SNAPSHOT","build_config_args":"","native_build_options":"-Dquarkus.native.additional-build-args-append=--future-defaults=none"},"springboot3":{"version":"","native_build_options":""},"springboot4":{"version":"","native_build_options":""},"resources":{"cpu":{"app":"0-3","db":"4-6","load_generator":"7-9","1st_request":"10","monitor":"11"},"app_cpus":"4"},"profiler":{"name":"none","events":"cpu"},"repo":{"branch":"main","url":"https://github.com/quarkusio/spring-quarkus-perf-comparison.git","scenario":"tuned"},"num_iterations":"10"}
 APP_CMD_PREFIX = taskset --cpu-list ${{config.resources.cpu.app}}
 LOAD_GEN_CMD_PREFIX = taskset --cpu-list ${{config.resources.cpu.load_generator}}
 MONITOR_CMD_PREFIX = taskset --cpu-list ${{config.resources.cpu.monitor}}
 WRK_BIN = ${{LOAD_GEN_CMD_PREFIX}} jbang -R -XX:+UseNUMA wrk@hyperfoil
 DROP_OS_FILESYSTEM_CACHES = true
 PAUSE_TIME = 2
 PROFILER_JVM_ARGS = 
 BASE_JAVA_CMD = ${{APP_CMD_PREFIX}} java ${{config.jvm.memory}} ${{config.jvm.args}} ${{PROFILER_JVM_ARGS}}
 TESTS = ["measure-build-times","measure-time-to-first-request","measure-rss","run-load-test"]
 RUNTIMES = ["quarkus3-native"]
 TARGET_URL = http://localhost:8080/fruits
 QUARKUS-PLATFORM-ARTIFACT-ID = quarkus-bom
 PROJ_REPO_NAME = spring-quarkus-perf-comparison
 METRICS_DIR = /tmp
 ASYNC_PROFILER = async-profiler
 RUNTIMECMDS = [{"updateScript":"update-quarkus-version","runCmd":"${{BASE_JAVA_CMD}} -jar ${{QUARKUS3_DIR}}/target/quarkus-app/quarkus-run.jar","updateVersion":"${{config.quarkus.version}}","buildCmd":"./mvnw ${{config.quarkus.build_config_args}} clean package -DskipTests","name":"quarkus3-jvm","type":"jvm","dir":"${{QUARKUS3_DIR}}","logFileStartedRegex":".*quarkus3.+started in.*"},{"updateScript":"update-quarkus-version","runCmd":"${{BASE_JAVA_CMD}} -jar ${{QUARKUS3_VIRTUAL_DIR}}/target/quarkus-app/quarkus-run.jar","updateVersion":"${{config.quarkus.version}}","buildCmd":"./mvnw ${{config.quarkus.build_config_args}} clean package -DskipTests","name":"quarkus3-virtual","type":"jvm","dir":"${{QUARKUS3_VIRTUAL_DIR}}","logFileStartedRegex":".*quarkus3.+started in.*"},{"updateScript":"update-quarkus-version","runCmd":"${{APP_CMD_PREFIX}} ${{QUARKUS3_DIR}}/target/quarkus3-runner ${{config.jvm.memory}}","updateVersion":"${{config.quarkus.version}}","buildCmd":"./mvnw ${{config.quarkus.build_config_args}} clean package -DskipTests -Pnative ${{config.quarkus.native_build_options}}","name":"quarkus3-native","type":"native","dir":"${{QUARKUS3_DIR}}","logFileStartedRegex":".*quarkus3.+started in.*"},{"updateScript":"update-spring-boot-version","runCmd":"${{BASE_JAVA_CMD}} -jar ${{SPRING3_BOOT_DIR}}/target/springboot3.jar","updateVersion":"${{config.springboot3.version}}","buildCmd":"./mvnw clean package -DskipTests","name":"spring3-jvm","type":"jvm","dir":"${{SPRING3_BOOT_DIR}}","logFileStartedRegex":".*Started SpringBoot3Application in.+seconds.*"},{"updateScript":"update-spring-boot-version","runCmd":"${{BASE_JAVA_CMD}} -Dspring.threads.virtual.enabled=true -jar ${{SPRING3_BOOT_DIR}}/target/springboot3.jar","updateVersion":"${{config.springboot3.version}}","buildCmd":"./mvnw clean package -DskipTests -Dspring.threads.virtual.enabled=true","name":"spring3-virtual","type":"jvm","dir":"${{SPRING3_BOOT_DIR}}","logFileStartedRegex":".*Started SpringBoot3Application in.+seconds.*"},{"updateScript":"update-spring-boot-version","runCmd":"${{BASE_JAVA_CMD}} -Dspring.aot.enabled=true -jar ${{SPRING3_BOOT_DIR}}/target/springboot3.jar","updateVersion":"${{config.springboot3.version}}","buildCmd":"./mvnw clean compile spring-boot:process-aot package -DskipTests","name":"spring3-jvm-aot","type":"jvm","dir":"${{SPRING3_BOOT_DIR}}","logFileStartedRegex":".*Started SpringBoot3Application in.+seconds.*"},{"updateScript":"update-spring-boot-version","runCmd":"${{APP_CMD_PREFIX}} ${{SPRING3_BOOT_DIR}}/target/springboot3 ${{config.jvm.memory}}","updateVersion":"${{config.springboot3.version}}","buildCmd":"./mvnw clean -Pnative -DskipTests native:compile package ${{config.springboot3.native_build_options}}","name":"spring3-native","type":"native","dir":"${{SPRING3_BOOT_DIR}}","logFileStartedRegex":".*Started SpringBoot3Application in.+seconds.*"},{"updateScript":"update-spring-boot-version","runCmd":"${{BASE_JAVA_CMD}} -jar ${{SPRING4_BOOT_DIR}}/target/springboot4.jar","updateVersion":"${{config.springboot4.version}}","buildCmd":"./mvnw clean package -DskipTests","name":"spring4-jvm","type":"jvm","dir":"${{SPRING4_BOOT_DIR}}","logFileStartedRegex":".*Started SpringBoot4Application in.+seconds.*"},{"updateScript":"update-spring-boot-version","runCmd":"${{BASE_JAVA_CMD}} -Dspring.threads.virtual.enabled=true -jar ${{SPRING4_BOOT_DIR}}/target/springboot4.jar","updateVersion":"${{config.springboot4.version}}","buildCmd":"./mvnw clean package -DskipTests -Dspring.threads.virtual.enabled=true","name":"spring4-virtual","type":"jvm","dir":"${{SPRING4_BOOT_DIR}}","logFileStartedRegex":".*Started SpringBoot4Application in.+seconds.*"},{"updateScript":"update-spring-boot-version","runCmd":"${{BASE_JAVA_CMD}} -Dspring.aot.enabled=true -jar ${{SPRING4_BOOT_DIR}}/target/springboot4.jar","updateVersion":"${{config.springboot4.version}}","buildCmd":"./mvnw clean compile spring-boot:process-aot package -DskipTests","name":"spring4-jvm-aot","type":"jvm","dir":"${{SPRING4_BOOT_DIR}}","logFileStartedRegex":".*Started SpringBoot4Application in.+seconds.*"},{"updateScript":"update-spring-boot-version","runCmd":"${{APP_CMD_PREFIX}} ${{SPRING4_BOOT_DIR}}/target/springboot4 ${{config.jvm.memory}}","updateVersion":"${{config.springboot4.version}}","buildCmd":"./mvnw clean -Pnative -DskipTests native:compile package ${{config.springboot4.native_build_options}}","name":"spring4-native","type":"native","dir":"${{SPRING4_BOOT_DIR}}","logFileStartedRegex":".*Started SpringBoot4Application in.+seconds.*"}]

16:18:32,890 [ test-runner:setup-807 @ target-host ] setup
16:18:33,005 [ test-runner:setup-807 @ target-host ] start-env:
16:18:33,005 [ test-runner:setup-807 @ target-host ] script-cmd: update-state
16:18:33,006 [ test-runner:setup-807 @ target-host ] update-state
16:18:33,410 [ test-runner:setup-807 @ target-host ] echo $(realpath ~)
/home/zakkak
16:18:33,410 [ test-runner:setup-807 @ target-host ] set-state: RUN.BASE_DIR /home/zakkak
16:18:33,411 [ test-runner:setup-807 @ target-host ] set-state: RUN.REPO_DIR /home/zakkak/spring-quarkus-perf-comparison
16:18:33,412 [ test-runner:setup-807 @ target-host ] set-state: RUN.PROJ_REPO_DIR /home/zakkak/spring-quarkus-perf-comparison/spring-quarkus-perf-comparison
16:18:33,413 [ test-runner:setup-807 @ target-host ] set-state: RUN.SCRIPTS_DIR /home/zakkak/spring-quarkus-perf-comparison/spring-quarkus-perf-comparison/scripts/perf-lab
16:18:33,413 [ test-runner:setup-807 @ target-host ] set-state: RUN.HELPER_SCRIPTS_DIR /home/zakkak/spring-quarkus-perf-comparison/spring-quarkus-perf-comparison/scripts/perf-lab/scripts
16:18:33,414 [ test-runner:setup-807 @ target-host ] set-state: RUN.SPRING3_BOOT_DIR /home/zakkak/spring-quarkus-perf-comparison/spring-quarkus-perf-comparison/springboot3
16:18:33,415 [ test-runner:setup-807 @ target-host ] set-state: RUN.SPRING4_BOOT_DIR /home/zakkak/spring-quarkus-perf-comparison/spring-quarkus-perf-comparison/springboot4
16:18:33,416 [ test-runner:setup-807 @ target-host ] set-state: RUN.QUARKUS3_DIR /home/zakkak/spring-quarkus-perf-comparison/spring-quarkus-perf-comparison/quarkus3
16:18:33,417 [ test-runner:setup-807 @ target-host ] set-state: RUN.QUARKUS3_VIRTUAL_DIR /home/zakkak/spring-quarkus-perf-comparison/spring-quarkus-perf-comparison/quarkus3-virtual
16:18:33,417 [ test-runner:setup-807 @ target-host ] set-state: RUN.ASYNC_PROFILER_DIR /home/zakkak/async-profiler
16:18:33,417 [ test-runner:setup-807 @ target-host ] script-cmd: detect-os
16:18:33,418 [ test-runner:setup-807 @ target-host ] detect-os
16:18:33,821 [ test-runner:setup-807 @ target-host ] uname -a
Linux blanc 6.18.16-200.fc43.x86_64 #1 SMP PREEMPT_DYNAMIC Wed Mar  4 19:13:32 UTC 2026 x86_64 GNU/Linux
16:18:33,822 [ test-runner:setup-807 @ target-host ] regex: .*Linux.*
16:18:33,822 [ test-runner:setup-807 @ target-host ] set-state: RUN.os linux
16:18:33,822 [ test-runner:setup-807 @ target-host ] script-cmd: capture-system-info
16:18:33,823 [ test-runner:setup-807 @ target-host ] capture-system-info
16:18:33,823 [ test-runner:setup-807 @ target-host ] script-cmd: capture-system-info-${{os}}
16:18:33,823 [ test-runner:setup-807 @ target-host ] capture-system-info-linux
16:18:34,227 [ test-runner:setup-807 @ target-host ] grep '^PRETTY_NAME=' /etc/os-release | cut -d= -f2 | tr -d '"'
Fedora Linux 43 (Workstation Edition)
16:18:34,227 [ test-runner:setup-807 @ target-host ] set-state: RUN.env.host.os Fedora Linux 43 (Workstation Edition)
16:18:34,639 [ test-runner:setup-807 @ target-host ] cat /sys/class/dmi/id/sys_vendor /sys/class/dmi/id/product_name 2>/dev/null | paste -sd ' ' || echo 'Unknown'
ASUS System Product Name
16:18:34,639 [ test-runner:setup-807 @ target-host ] set-state: RUN.env.host.type ASUS System Product Name
16:18:35,042 [ test-runner:setup-807 @ target-host ] uname -r
6.18.16-200.fc43.x86_64
16:18:35,042 [ test-runner:setup-807 @ target-host ] set-state: RUN.env.host.kernel 6.18.16-200.fc43.x86_64
16:18:35,466 [ test-runner:setup-807 @ target-host ] lscpu | awk -F: '/^Model name:/ {model=$2} /^CPU\(s):/ {cpus=$2} END {gsub(/^[ \t]+|[ \t]+$/, "", model); gsub(/^[ \t]+|[ \t]+$/, "", cpus); print model " (" cpus " cpus)"}'

AMD Ryzen 9 7950X 16-Core Processor (32 cpus)
16:18:35,466 [ test-runner:setup-807 @ target-host ] set-state: RUN.env.host.cpu AMD Ryzen 9 7950X 16-Core Processor (32 cpus)
16:18:35,902 [ test-runner:setup-807 @ target-host ] lspci | grep -iE 'vga|3d|display' | sed 's/.*: //; s/ (rev.*)$//' | head -n1
Advanced Micro Devices, Inc. [AMD/ATI] Raphael
16:18:35,903 [ test-runner:setup-807 @ target-host ] set-state: RUN.env.host.gpu Advanced Micro Devices, Inc. [AMD/ATI] Raphael
16:18:36,314 [ test-runner:setup-807 @ target-host ] free -h | grep '^Mem:' | awk '{print $2}'
61Gi
16:18:36,315 [ test-runner:setup-807 @ target-host ] set-state: RUN.env.host.memory 61Gi
16:18:36,315 [ test-runner:setup-807 @ target-host ] script-cmd: config-env
16:18:36,315 [ test-runner:setup-807 @ target-host ] config-env
16:18:36,316 [ test-runner:setup-807 @ target-host ] script-cmd: sudo
16:18:36,316 [ test-runner:setup-807 @ target-host ] sudo
16:18:36,316 [ test-runner:setup-807 @ target-host ] script-cmd: sudo-${{os}}
16:18:36,317 [ test-runner:setup-807 @ target-host ] sudo-linux
16:18:36,946 [ test-runner:setup-807 @ target-host ] sudo rm -Rf /home/zakkak/spring-quarkus-perf-comparison/logs
]3008;start=19d85801a1f74928b0b5fa6f76587ef9;user=zakkak;hostname=blanc;machineid=f469a615e9ef4e81b7d5be080a5de373;bootid=0e917e08584a49cb891ef04366e00ace;pid=179719;pidfdid=179720;comm=sudo;targetuser=root;sessionid=c125;type=session\]3008;end=19d85801a1f74928b0b5fa6f76587ef9\
16:18:37,350 [ test-runner:setup-807 @ target-host ] mkdir -p /home/zakkak/spring-quarkus-perf-comparison/logs
16:18:37,351 [ test-runner:setup-807 @ target-host ] script-cmd: ensure-requirements
16:18:37,351 [ test-runner:setup-807 @ target-host ] ensure-requirements
16:18:37,351 [ test-runner:setup-807 @ target-host ] script-cmd: ensure-graalvm
16:18:37,352 [ test-runner:setup-807 @ target-host ] ensure-graalvm
16:18:37,352 [ test-runner:setup-807 @ target-host ] read-state: /home/zakkak/code/graal-oracle/sdk/latest_graalvm_home
16:18:37,353 [ test-runner:setup-807 @ target-host ] 
16:18:37,353 [ test-runner:setup-807 @ target-host ] Using locally installed GraalVM from /home/zakkak/code/graal-oracle/sdk/latest_graalvm_home
16:18:37,756 [ test-runner:setup-807 @ target-host ] export GRAALVM_HOME=/home/zakkak/code/graal-oracle/sdk/latest_graalvm_home
16:18:38,159 [ test-runner:setup-807 @ target-host ] test -d "$GRAALVM_HOME"
16:18:38,160 [ test-runner:setup-807 @ target-host ] regex: .*
16:18:38,570 [ test-runner:setup-807 @ target-host ] test -x "$GRAALVM_HOME/bin/native-image"
16:18:38,571 [ test-runner:setup-807 @ target-host ] regex: .*
16:18:38,571 [ test-runner:setup-807 @ target-host ] Showing GraalVM version
16:18:39,054 [ test-runner:setup-807 @ target-host ] $GRAALVM_HOME/bin/java -version
openjdk version "25.0.1" 2025-10-21
OpenJDK Runtime Environment GraalVM CE 25.1.0-dev+8.1 (build 25.0.1+8-jvmci-25.1-b14)
OpenJDK 64-Bit Server VM GraalVM CE 25.1.0-dev+8.1 (build 25.0.1+8-jvmci-25.1-b14, mixed mode, sharing)
16:18:39,054 [ test-runner:setup-807 @ target-host ] script-cmd: ensure-java
16:18:39,054 [ test-runner:setup-807 @ target-host ] ensure-java
16:18:39,055 [ test-runner:setup-807 @ target-host ] read-state: /home/zakkak/jvms/jdk-21.0.9+10
16:18:39,055 [ test-runner:setup-807 @ target-host ] 
16:18:39,055 [ test-runner:setup-807 @ target-host ] Using locally installed Java from /home/zakkak/jvms/jdk-21.0.9+10
16:18:39,458 [ test-runner:setup-807 @ target-host ] export JAVA_HOME=/home/zakkak/jvms/jdk-21.0.9+10
16:18:39,860 [ test-runner:setup-807 @ target-host ] export PATH=$JAVA_HOME/bin:$PATH
16:18:40,261 [ test-runner:setup-807 @ target-host ] test -d "$JAVA_HOME"
16:18:40,262 [ test-runner:setup-807 @ target-host ] regex: .*
16:18:40,664 [ test-runner:setup-807 @ target-host ] test -x "$JAVA_HOME/bin/java"
16:18:40,664 [ test-runner:setup-807 @ target-host ] regex: .*
16:18:40,664 [ test-runner:setup-807 @ target-host ] Showing Java version
16:18:41,087 [ test-runner:setup-807 @ target-host ] java -version
openjdk version "21.0.9" 2025-10-21 LTS
OpenJDK Runtime Environment Temurin-21.0.9+10 (build 21.0.9+10-LTS)
OpenJDK 64-Bit Server VM Temurin-21.0.9+10 (build 21.0.9+10-LTS, mixed mode, sharing)
16:18:41,087 [ test-runner:setup-807 @ target-host ] script-cmd: ensure-git
16:18:41,087 [ test-runner:setup-807 @ target-host ] ensure-git
16:18:41,088 [ test-runner:setup-807 @ target-host ] script-cmd: ensure-git-${{os}}
16:18:41,088 [ test-runner:setup-807 @ target-host ] ensure-git-linux
16:18:41,088 [ test-runner:setup-807 @ target-host ] script-cmd: check-and-install-package
16:18:41,088 [ test-runner:setup-807 @ target-host ] check-and-install-package
16:18:41,501 [ test-runner:setup-807 @ target-host ] which git
/usr/bin/git
16:18:41,502 [ test-runner:setup-807 @ target-host ] script-cmd: ensure-gcc
16:18:41,502 [ test-runner:setup-807 @ target-host ] ensure-gcc
16:18:41,502 [ test-runner:setup-807 @ target-host ] script-cmd: ensure-gcc-${{os}}
16:18:41,502 [ test-runner:setup-807 @ target-host ] ensure-gcc-linux
16:18:41,503 [ test-runner:setup-807 @ target-host ] script-cmd: check-and-install-package
16:18:41,503 [ test-runner:setup-807 @ target-host ] check-and-install-package
16:18:41,915 [ test-runner:setup-807 @ target-host ] which gcc
/usr/bin/gcc
16:18:41,916 [ test-runner:setup-807 @ target-host ] script-cmd: ensure-jbang
16:18:41,916 [ test-runner:setup-807 @ target-host ] ensure-jbang
16:18:41,916 [ test-runner:setup-807 @ target-host ] script-cmd: ensure-jbang-${{os}}
16:18:41,916 [ test-runner:setup-807 @ target-host ] ensure-jbang-linux
16:18:42,320 [ test-runner:setup-807 @ target-host ] which jbang
~/.sdkman/candidates/jbang/current/bin/jbang
16:18:42,321 [ test-runner:setup-807 @ target-host ] script-cmd: ensure-jvm-opts
16:18:42,321 [ test-runner:setup-807 @ target-host ] ensure-jvm-opts
16:18:42,321 [ test-runner:setup-807 @ target-host ] read-state: config.profiler.name
16:18:42,321 [ test-runner:setup-807 @ target-host ] script-cmd: clone-repo
16:18:42,321 [ test-runner:setup-807 @ target-host ] clone-repo
16:18:42,322 [ test-runner:setup-807 @ target-host ] script-cmd: sudo
16:18:42,322 [ test-runner:setup-807 @ target-host ] sudo
16:18:42,322 [ test-runner:setup-807 @ target-host ] script-cmd: sudo-${{os}}
16:18:42,322 [ test-runner:setup-807 @ target-host ] sudo-linux
16:18:42,766 [ test-runner:setup-807 @ target-host ] sudo rm -Rf /home/zakkak/spring-quarkus-perf-comparison/logs
]3008;start=b7754d52fbf94950b771f63609f91714;user=zakkak;hostname=blanc;machineid=f469a615e9ef4e81b7d5be080a5de373;bootid=0e917e08584a49cb891ef04366e00ace;pid=179816;pidfdid=179817;comm=sudo;targetuser=root;sessionid=c126;type=session\]3008;end=b7754d52fbf94950b771f63609f91714\
16:18:43,170 [ test-runner:setup-807 @ target-host ] mkdir -p /home/zakkak/spring-quarkus-perf-comparison/logs
16:18:43,572 [ test-runner:setup-807 @ target-host ] cd /home/zakkak/spring-quarkus-perf-comparison
16:18:43,573 [ test-runner:setup-807 @ target-host ] Cloning project repo main@https://github.com/quarkusio/spring-quarkus-perf-comparison.git
16:18:43,976 [ test-runner:setup-807 @ target-host ] git clone -b main https://github.com/quarkusio/spring-quarkus-perf-comparison.git
fatal: destination path 'spring-quarkus-perf-comparison' already exists and is not an empty directory.
16:18:44,378 [ test-runner:setup-807 @ target-host ] cd spring-quarkus-perf-comparison
16:18:44,378 [ test-runner:setup-807 @ target-host ] Checked out repo
16:18:44,790 [ test-runner:setup-807 @ target-host ] git remote get-url origin
https://github.com/quarkusio/spring-quarkus-perf-comparison.git
16:18:45,193 [ test-runner:setup-807 @ target-host ] git branch --show-current
main
16:18:45,194 [ test-runner:setup-807 @ target-host ] script-cmd: capture-repo-info
16:18:45,194 [ test-runner:setup-807 @ target-host ] capture-repo-info
16:18:45,596 [ test-runner:setup-807 @ target-host ] cd /home/zakkak/spring-quarkus-perf-comparison/spring-quarkus-perf-comparison
16:18:45,999 [ test-runner:setup-807 @ target-host ] git rev-parse HEAD
14e9ae9b8bc5ec009f5c1108ca2171ce3867ffb2
16:18:45,999 [ test-runner:setup-807 @ target-host ] set-state: RUN.config.repo.commit 14e9ae9b8bc5ec009f5c1108ca2171ce3867ffb2
16:18:46,411 [ test-runner:setup-807 @ target-host ] git rev-parse --short HEAD
14e9ae9
16:18:46,411 [ test-runner:setup-807 @ target-host ] set-state: RUN.config.repo.short_commit 14e9ae9
16:18:46,411 [ test-runner:setup-807 @ target-host ] read-state: tuned
16:18:46,412 [ test-runner:setup-807 @ target-host ] 
16:18:46,412 [ test-runner:setup-807 @ target-host ] regex: tuned
16:18:46,412 [ test-runner:setup-807 @ target-host ] set-state: RUN.config.repo.scenarioName Tuned
16:18:46,412 [ test-runner:setup-807 @ target-host ] script-cmd: stop-test-services
16:18:46,412 [ test-runner:setup-807 @ target-host ] stop-test-services
16:18:46,839 [ test-runner:setup-807 @ target-host ] /home/zakkak/spring-quarkus-perf-comparison/spring-quarkus-perf-comparison/scripts/infra.sh -d
Using podman to stop containers
-----------------------------------------
[03/11/2026 16:18:46]: Stopping services
-----------------------------------------
Stopping PostgreSQL database 'fruits_db'
Error: no container with name or ID "fruits_db" found: no such container
16:18:46,839 [ test-runner:setup-807 @ target-host ] script-cmd: start-timestamp
16:18:46,840 [ test-runner:setup-807 @ target-host ] start-timestamp
16:18:47,242 [ test-runner:setup-807 @ target-host ] date -u +%FT%TZ
2026-03-11T14:18:46Z
16:18:47,243 [ test-runner:setup-807 @ target-host ] set-state: RUN.output.timing.start 2026-03-11T14:18:46Z
16:18:47,349 [ test-runner:setup-807 @ target-host ] stop-env: export PATH="/home/zakkak/jvms/jdk-21.0.9+10/bin:/home/zakkak/.jbang/bin:/home/zakkak/.local/bin:/home/zakkak/bin:/home/zakkak/.npm-global/bin:/home/zakkak/.jbang/bin:/home/zakkak/.sdkman/candidates/quarkus/current/bin:/home/zakkak/.sdkman/candidates/maven/current/bin:/home/zakkak/.sdkman/candidates/jreleaser/current/bin:/home/zakkak/.sdkman/candidates/jbang/current/bin:/home/zakkak/.sdkman/candidates/java/current/bin:/home/zakkak/.sdkman/candidates/gradle/current/bin:/home/zakkak/.local/share/JetBrains/Toolbox/apps/intellij-idea-ultimate/bin:/home/zakkak/bin:/home/zakkak/.local/bin:/home/zakkak/.cargo/bin:/usr/local/bin:/usr/bin"  JAVA_HOME="/home/zakkak/jvms/jdk-21.0.9+10"  GRAALVM_HOME="/home/zakkak/code/graal-oracle/sdk/latest_graalvm_home"
16:18:47,725 [ test-runner:run-tests-983 @ target-host ] script-cmd: run-tests
16:18:47,725 [ test-runner:run-tests-983 @ target-host ] run-tests
16:18:48,147 [ test-runner:run-tests-983 @ target-host ] java -version
openjdk version "21.0.9" 2025-10-21 LTS
OpenJDK Runtime Environment Temurin-21.0.9+10 (build 21.0.9+10-LTS)
OpenJDK 64-Bit Server VM Temurin-21.0.9+10 (build 21.0.9+10-LTS, mixed mode, sharing)
16:18:48,549 [ test-runner:run-tests-983 @ target-host ] echo $$
179883
16:18:48,549 [ test-runner:run-tests-983 @ target-host ] set-state: RUN.SHELL_PID 179883
16:18:49,054 [ test-runner:run-tests-983 @ target-host ] for-each: RUNTIME = quarkus3-native
16:18:49,062 [ test-runner:run-tests-983 @ target-host ] set-state: RUNTIMECMD {"updateScript":"update-quarkus-version","runCmd":"taskset --cpu-list 0-3 /home/zakkak/spring-quarkus-perf-comparison/spring-quarkus-perf-comparison/quarkus3/target/quarkus3-runner ","updateVersion":"999-SNAPSHOT","buildCmd":"./mvnw  clean package -DskipTests -Pnative -Dquarkus.native.additional-build-args-append=--future-defaults=none","name":"quarkus3-native","type":"native","dir":"/home/zakkak/spring-quarkus-perf-comparison/spring-quarkus-perf-comparison/quarkus3","logFileStartedRegex":".*quarkus3.+started in.*"}
16:18:49,062 [ test-runner:run-tests-983 @ target-host ] Updating version: 999-SNAPSHOT
16:18:49,063 [ test-runner:run-tests-983 @ target-host ] script-cmd: ${{RUNTIMECMD.updateScript:abort-script-not-found}}
16:18:49,063 [ test-runner:run-tests-983 @ target-host ] update-quarkus-version
16:18:49,063 [ test-runner:run-tests-983 @ target-host ] script-cmd: check-dependency-exists
16:18:49,063 [ test-runner:run-tests-983 @ target-host ] check-dependency-exists
16:18:49,466 [ test-runner:run-tests-983 @ target-host ] cd /home/zakkak/spring-quarkus-perf-comparison/spring-quarkus-perf-comparison/quarkus3
16:18:51,691 [ test-runner:run-tests-983 @ target-host ] ./mvnw dependency:get -Dartifact=io.quarkus:quarkus-bom:999-SNAPSHOT -Dpackaging=pom
[INFO] Scanning for projects...
[WARNING] Quarkus Maven extension: an explicit 'argLine' is defined in maven-surefire-plugin config, but does not contain '@{argLine}': we will not be able to inject JVM parameters automatically. Please add '@{argLine}' to the argLine configuration you have defined.
[INFO] 
[INFO] -------------------------< org.acme:quarkus3 >--------------------------
[INFO] Building quarkus3 1.0
[INFO]   from pom.xml
[INFO] ------------------------------[ quarkus ]-------------------------------
[INFO] 
[INFO] --- dependency:3.7.0:get (default-cli) @ quarkus3 ---
[INFO] Resolving io.quarkus:quarkus-bom:pom:999-SNAPSHOT with transitive dependencies
[INFO] ------------------------------------------------------------------------
[INFO] BUILD SUCCESS
[INFO] ------------------------------------------------------------------------
[INFO] Total time:  1.052 s
[INFO] Finished at: 2026-03-11T16:18:51+02:00
[INFO] ------------------------------------------------------------------------
16:18:51,691 [ test-runner:run-tests-983 @ target-host ] 
16:18:51,692 [ test-runner:run-tests-983 @ target-host ] Artifact io.quarkus:quarkus-bom:999-SNAPSHOT is available in maven central
16:18:53,685 [ test-runner:run-tests-983 @ target-host ] ./mvnw versions:set-property -Dproperty=quarkus.platform.version -DnewVersion=999-SNAPSHOT
[INFO] Scanning for projects...
[WARNING] Quarkus Maven extension: an explicit 'argLine' is defined in maven-surefire-plugin config, but does not contain '@{argLine}': we will not be able to inject JVM parameters automatically. Please add '@{argLine}' to the argLine configuration you have defined.
[INFO] 
[INFO] -------------------------< org.acme:quarkus3 >--------------------------
[INFO] Building quarkus3 1.0
[INFO]   from pom.xml
[INFO] ------------------------------[ quarkus ]-------------------------------
[INFO] 
[INFO] --- versions:2.21.0:set-property (default-cli) @ quarkus3 ---
[INFO] ------------------------------------------------------------------------
[INFO] BUILD SUCCESS
[INFO] ------------------------------------------------------------------------
[INFO] Total time:  0.926 s
[INFO] Finished at: 2026-03-11T16:18:53+02:00
[INFO] ------------------------------------------------------------------------
16:18:53,686 [ test-runner:run-tests-983 @ target-host ] Testing: quarkus3-native
16:18:53,694 [ test-runner:run-tests-983 @ target-host ] for-each: TEST = measure-build-times
16:18:53,695 [ test-runner:run-tests-983 @ target-host ] script-cmd: ${{TEST}}
16:18:53,695 [ test-runner:run-tests-983 @ target-host ] measure-build-times
16:18:53,695 [ test-runner:run-tests-983 @ target-host ] Build times
16:18:54,097 [ test-runner:run-tests-983 @ target-host ] cd /home/zakkak/spring-quarkus-perf-comparison/spring-quarkus-perf-comparison/quarkus3
16:18:54,097 [ test-runner:run-tests-983 @ target-host ] JVM version
16:18:54,519 [ test-runner:run-tests-983 @ target-host ] java -version
openjdk version "21.0.9" 2025-10-21 LTS
OpenJDK Runtime Environment Temurin-21.0.9+10 (build 21.0.9+10-LTS)
OpenJDK 64-Bit Server VM Temurin-21.0.9+10 (build 21.0.9+10-LTS, mixed mode, sharing)
16:18:54,520 [ test-runner:run-tests-983 @ target-host ] Graal VM Version
16:18:54,956 [ test-runner:run-tests-983 @ target-host ] $GRAALVM_HOME/bin/java -version
openjdk version "25.0.1" 2025-10-21
OpenJDK Runtime Environment GraalVM CE 25.1.0-dev+8.1 (build 25.0.1+8-jvmci-25.1-b14)
OpenJDK 64-Bit Server VM GraalVM CE 25.1.0-dev+8.1 (build 25.0.1+8-jvmci-25.1-b14, mixed mode, sharing)
16:18:54,956 [ test-runner:run-tests-983 @ target-host ] set-state: TYPE native
16:18:55,399 [ test-runner:run-tests-983 @ target-host ] for-each: ITERATION = 0
16:18:55,400 [ test-runner:run-tests-983 @ target-host ] queue-download: ${{REPO_DIR}}/logs/build-times-${{RUNTIME.name}}-${{ITERATION}}.log=/home/zakkak/spring-quarkus-perf-comparison/logs/build-times-quarkus3-native-0.log ../../20260311/none/target-host/
16:18:55,400 [ test-runner:run-tests-983 @ target-host ] script-cmd: sync-drop-fs-cache
16:18:55,400 [ test-runner:run-tests-983 @ target-host ] sync-drop-fs-cache
16:18:55,401 [ test-runner:run-tests-983 @ target-host ] read-state: true
16:18:55,401 [ test-runner:run-tests-983 @ target-host ] regex: true
16:18:55,856 [ test-runner:run-tests-983 @ target-host ] sync
16:18:55,856 [ test-runner:run-tests-983 @ target-host ] script-cmd: sync-drop-fs-cache-${{os}}
16:18:55,856 [ test-runner:run-tests-983 @ target-host ] sync-drop-fs-cache-linux
16:18:55,857 [ test-runner:run-tests-983 @ target-host ] script-cmd: sudo
16:18:55,857 [ test-runner:run-tests-983 @ target-host ] sudo
16:18:55,857 [ test-runner:run-tests-983 @ target-host ] script-cmd: sudo-${{os}}
16:18:55,857 [ test-runner:run-tests-983 @ target-host ] sudo-linux
16:18:57,643 [ test-runner:run-tests-983 @ target-host ] sudo sh -c "echo 3 > /proc/sys/vm/drop_caches"
]3008;start=c1776ba9af34421eb3acc6f40d4ef3fc;user=zakkak;hostname=blanc;machineid=f469a615e9ef4e81b7d5be080a5de373;bootid=0e917e08584a49cb891ef04366e00ace;pid=180530;pidfdid=180531;comm=sudo;targetuser=root;sessionid=c127;type=session\]3008;end=c1776ba9af34421eb3acc6f40d4ef3fc\
16:19:13,784 [ test-runner:run-tests-983 @ target-host ] /usr/bin/time -p ./mvnw  clean package -DskipTests -Pnative -Dquarkus.native.additional-build-args-append=--future-defaults=none 2>&1 >/home/zakkak/spring-quarkus-perf-comparison/logs/build-times-quarkus3-native-0.log | grep real | awk '{print $2}'
15.73
16:19:13,785 [ test-runner:run-tests-983 @ target-host ] set-state: BUILD_TIME 15.73
16:19:13,785 [ test-runner:run-tests-983 @ target-host ] script-cmd: state-array-push
16:19:13,785 [ test-runner:run-tests-983 @ target-host ] state-array-push
16:19:14,067 [ test-runner:run-tests-983 @ target-host ] set-state: RUN.output.results.quarkus3-native.build.timings [15.73]
16:19:14,067 [ test-runner:run-tests-983 @ target-host ] read-state: native
16:19:14,067 [ test-runner:run-tests-983 @ target-host ] regex: native
16:19:14,473 [ test-runner:run-tests-983 @ target-host ] sed -n 's/.*Peak RSS: \([0-9.]*\)\(GB\|GiB\).*/\1/p' /home/zakkak/spring-quarkus-perf-comparison/logs/build-times-quarkus3-native-0.log
2.04
16:19:14,473 [ test-runner:run-tests-983 @ target-host ] set-state: NATIVE_BUILD_RSS 2.04
16:19:14,474 [ test-runner:run-tests-983 @ target-host ] script-cmd: state-array-push
16:19:14,474 [ test-runner:run-tests-983 @ target-host ] state-array-push
16:19:14,649 [ test-runner:run-tests-983 @ target-host ] set-state: RUN.output.results.quarkus3-native.build.native.rss [2.04]
16:19:14,765 [ test-runner:run-tests-983 @ target-host ] for-each: ITERATION = 1
16:19:14,765 [ test-runner:run-tests-983 @ target-host ] queue-download: ${{REPO_DIR}}/logs/build-times-${{RUNTIME.name}}-${{ITERATION}}.log=/home/zakkak/spring-quarkus-perf-comparison/logs/build-times-quarkus3-native-1.log ../../20260311/none/target-host/
16:19:14,765 [ test-runner:run-tests-983 @ target-host ] script-cmd: sync-drop-fs-cache
16:19:14,765 [ test-runner:run-tests-983 @ target-host ] sync-drop-fs-cache
16:19:14,766 [ test-runner:run-tests-983 @ target-host ] read-state: true
16:19:14,766 [ test-runner:run-tests-983 @ target-host ] regex: true
16:19:15,459 [ test-runner:run-tests-983 @ target-host ] sync
16:19:15,459 [ test-runner:run-tests-983 @ target-host ] script-cmd: sync-drop-fs-cache-${{os}}
16:19:15,459 [ test-runner:run-tests-983 @ target-host ] sync-drop-fs-cache-linux
16:19:15,459 [ test-runner:run-tests-983 @ target-host ] script-cmd: sudo
16:19:15,459 [ test-runner:run-tests-983 @ target-host ] sudo
16:19:15,460 [ test-runner:run-tests-983 @ target-host ] script-cmd: sudo-${{os}}
16:19:15,460 [ test-runner:run-tests-983 @ target-host ] sudo-linux
16:19:16,287 [ test-runner:run-tests-983 @ target-host ] sudo sh -c "echo 3 > /proc/sys/vm/drop_caches"
]3008;start=4295e116afff4e63b21ad2acf4342825;user=zakkak;hostname=blanc;machineid=f469a615e9ef4e81b7d5be080a5de373;bootid=0e917e08584a49cb891ef04366e00ace;pid=181130;pidfdid=181131;comm=sudo;targetuser=root;sessionid=c128;type=session\]3008;end=4295e116afff4e63b21ad2acf4342825\
16:20:01,714 [ test-runner:run-tests-983 @ target-host ] /usr/bin/time -p ./mvnw  clean package -DskipTests -Pnative -Dquarkus.native.additional-build-args-append=--future-defaults=none 2>&1 >/home/zakkak/spring-quarkus-perf-comparison/logs/build-times-quarkus3-native-1.log | grep real | awk '{print $2}'
45.00
16:20:01,714 [ test-runner:run-tests-983 @ target-host ] set-state: BUILD_TIME 45.00
16:20:01,715 [ test-runner:run-tests-983 @ target-host ] script-cmd: state-array-push
16:20:01,715 [ test-runner:run-tests-983 @ target-host ] state-array-push
16:20:01,779 [ test-runner:run-tests-983 @ target-host ] set-state: RUN.output.results.quarkus3-native.build.timings [15.73,45]
16:20:01,779 [ test-runner:run-tests-983 @ target-host ] read-state: native
16:20:01,779 [ test-runner:run-tests-983 @ target-host ] regex: native
16:20:02,183 [ test-runner:run-tests-983 @ target-host ] sed -n 's/.*Peak RSS: \([0-9.]*\)\(GB\|GiB\).*/\1/p' /home/zakkak/spring-quarkus-perf-comparison/logs/build-times-quarkus3-native-1.log
4.83
16:20:02,183 [ test-runner:run-tests-983 @ target-host ] set-state: NATIVE_BUILD_RSS 4.83
16:20:02,183 [ test-runner:run-tests-983 @ target-host ] script-cmd: state-array-push
16:20:02,183 [ test-runner:run-tests-983 @ target-host ] state-array-push
16:20:02,240 [ test-runner:run-tests-983 @ target-host ] set-state: RUN.output.results.quarkus3-native.build.native.rss [2.04,4.83]
16:20:02,339 [ test-runner:run-tests-983 @ target-host ] for-each: ITERATION = 2
16:20:02,340 [ test-runner:run-tests-983 @ target-host ] queue-download: ${{REPO_DIR}}/logs/build-times-${{RUNTIME.name}}-${{ITERATION}}.log=/home/zakkak/spring-quarkus-perf-comparison/logs/build-times-quarkus3-native-2.log ../../20260311/none/target-host/
16:20:02,340 [ test-runner:run-tests-983 @ target-host ] script-cmd: sync-drop-fs-cache
16:20:02,340 [ test-runner:run-tests-983 @ target-host ] sync-drop-fs-cache
16:20:02,340 [ test-runner:run-tests-983 @ target-host ] read-state: true
16:20:02,340 [ test-runner:run-tests-983 @ target-host ] regex: true
16:20:02,949 [ test-runner:run-tests-983 @ target-host ] sync
16:20:02,950 [ test-runner:run-tests-983 @ target-host ] script-cmd: sync-drop-fs-cache-${{os}}
16:20:02,950 [ test-runner:run-tests-983 @ target-host ] sync-drop-fs-cache-linux
16:20:02,950 [ test-runner:run-tests-983 @ target-host ] script-cmd: sudo
16:20:02,950 [ test-runner:run-tests-983 @ target-host ] sudo
16:20:02,950 [ test-runner:run-tests-983 @ target-host ] script-cmd: sudo-${{os}}
16:20:02,950 [ test-runner:run-tests-983 @ target-host ] sudo-linux
16:20:03,806 [ test-runner:run-tests-983 @ target-host ] sudo sh -c "echo 3 > /proc/sys/vm/drop_caches"
]3008;start=c20b23d5fd8344a38cc5e84b96c0bb98;user=zakkak;hostname=blanc;machineid=f469a615e9ef4e81b7d5be080a5de373;bootid=0e917e08584a49cb891ef04366e00ace;pid=182257;pidfdid=182258;comm=sudo;targetuser=root;sessionid=c129;type=session\]3008;end=c20b23d5fd8344a38cc5e84b96c0bb98\
16:20:48,858 [ test-runner:run-tests-983 @ target-host ] /usr/bin/time -p ./mvnw  clean package -DskipTests -Pnative -Dquarkus.native.additional-build-args-append=--future-defaults=none 2>&1 >/home/zakkak/spring-quarkus-perf-comparison/logs/build-times-quarkus3-native-2.log | grep real | awk '{print $2}'
44.64
16:20:48,858 [ test-runner:run-tests-983 @ target-host ] set-state: BUILD_TIME 44.64
16:20:48,858 [ test-runner:run-tests-983 @ target-host ] script-cmd: state-array-push
16:20:48,858 [ test-runner:run-tests-983 @ target-host ] state-array-push
16:20:48,915 [ test-runner:run-tests-983 @ target-host ] set-state: RUN.output.results.quarkus3-native.build.timings [15.73,45,44.64]
16:20:48,915 [ test-runner:run-tests-983 @ target-host ] read-state: native
16:20:48,915 [ test-runner:run-tests-983 @ target-host ] regex: native
16:20:49,319 [ test-runner:run-tests-983 @ target-host ] sed -n 's/.*Peak RSS: \([0-9.]*\)\(GB\|GiB\).*/\1/p' /home/zakkak/spring-quarkus-perf-comparison/logs/build-times-quarkus3-native-2.log
4.76
16:20:49,320 [ test-runner:run-tests-983 @ target-host ] set-state: NATIVE_BUILD_RSS 4.76
16:20:49,320 [ test-runner:run-tests-983 @ target-host ] script-cmd: state-array-push
16:20:49,320 [ test-runner:run-tests-983 @ target-host ] state-array-push
16:20:49,373 [ test-runner:run-tests-983 @ target-host ] set-state: RUN.output.results.quarkus3-native.build.native.rss [2.04,4.83,4.76]
16:20:49,454 [ test-runner:run-tests-983 @ target-host ] for-each: ITERATION = 3
16:20:49,455 [ test-runner:run-tests-983 @ target-host ] queue-download: ${{REPO_DIR}}/logs/build-times-${{RUNTIME.name}}-${{ITERATION}}.log=/home/zakkak/spring-quarkus-perf-comparison/logs/build-times-quarkus3-native-3.log ../../20260311/none/target-host/
16:20:49,455 [ test-runner:run-tests-983 @ target-host ] script-cmd: sync-drop-fs-cache
16:20:49,455 [ test-runner:run-tests-983 @ target-host ] sync-drop-fs-cache
16:20:49,455 [ test-runner:run-tests-983 @ target-host ] read-state: true
16:20:49,455 [ test-runner:run-tests-983 @ target-host ] regex: true
16:20:50,005 [ test-runner:run-tests-983 @ target-host ] sync
16:20:50,006 [ test-runner:run-tests-983 @ target-host ] script-cmd: sync-drop-fs-cache-${{os}}
16:20:50,006 [ test-runner:run-tests-983 @ target-host ] sync-drop-fs-cache-linux
16:20:50,006 [ test-runner:run-tests-983 @ target-host ] script-cmd: sudo
16:20:50,006 [ test-runner:run-tests-983 @ target-host ] sudo
16:20:50,006 [ test-runner:run-tests-983 @ target-host ] script-cmd: sudo-${{os}}
16:20:50,006 [ test-runner:run-tests-983 @ target-host ] sudo-linux
16:20:50,861 [ test-runner:run-tests-983 @ target-host ] sudo sh -c "echo 3 > /proc/sys/vm/drop_caches"
]3008;start=ecf24881a47e459683c5e031ce4b3e69;user=zakkak;hostname=blanc;machineid=f469a615e9ef4e81b7d5be080a5de373;bootid=0e917e08584a49cb891ef04366e00ace;pid=182866;pidfdid=182867;comm=sudo;targetuser=root;sessionid=c130;type=session\]3008;end=ecf24881a47e459683c5e031ce4b3e69\
16:21:35,772 [ test-runner:run-tests-983 @ target-host ] /usr/bin/time -p ./mvnw  clean package -DskipTests -Pnative -Dquarkus.native.additional-build-args-append=--future-defaults=none 2>&1 >/home/zakkak/spring-quarkus-perf-comparison/logs/build-times-quarkus3-native-3.log | grep real | awk '{print $2}'
44.49
16:21:35,772 [ test-runner:run-tests-983 @ target-host ] set-state: BUILD_TIME 44.49
16:21:35,772 [ test-runner:run-tests-983 @ target-host ] script-cmd: state-array-push
16:21:35,772 [ test-runner:run-tests-983 @ target-host ] state-array-push
16:21:35,828 [ test-runner:run-tests-983 @ target-host ] set-state: RUN.output.results.quarkus3-native.build.timings [15.73,45,44.64,44.49]
16:21:35,828 [ test-runner:run-tests-983 @ target-host ] read-state: native
16:21:35,829 [ test-runner:run-tests-983 @ target-host ] regex: native
16:21:36,233 [ test-runner:run-tests-983 @ target-host ] sed -n 's/.*Peak RSS: \([0-9.]*\)\(GB\|GiB\).*/\1/p' /home/zakkak/spring-quarkus-perf-comparison/logs/build-times-quarkus3-native-3.log
4.71
16:21:36,233 [ test-runner:run-tests-983 @ target-host ] set-state: NATIVE_BUILD_RSS 4.71
16:21:36,234 [ test-runner:run-tests-983 @ target-host ] script-cmd: state-array-push
16:21:36,234 [ test-runner:run-tests-983 @ target-host ] state-array-push
16:21:36,286 [ test-runner:run-tests-983 @ target-host ] set-state: RUN.output.results.quarkus3-native.build.native.rss [2.04,4.83,4.76,4.71]
16:21:36,358 [ test-runner:run-tests-983 @ target-host ] for-each: ITERATION = 4
16:21:36,359 [ test-runner:run-tests-983 @ target-host ] queue-download: ${{REPO_DIR}}/logs/build-times-${{RUNTIME.name}}-${{ITERATION}}.log=/home/zakkak/spring-quarkus-perf-comparison/logs/build-times-quarkus3-native-4.log ../../20260311/none/target-host/
16:21:36,359 [ test-runner:run-tests-983 @ target-host ] script-cmd: sync-drop-fs-cache
16:21:36,359 [ test-runner:run-tests-983 @ target-host ] sync-drop-fs-cache
16:21:36,359 [ test-runner:run-tests-983 @ target-host ] read-state: true
16:21:36,359 [ test-runner:run-tests-983 @ target-host ] regex: true
16:21:36,896 [ test-runner:run-tests-983 @ target-host ] sync
16:21:36,896 [ test-runner:run-tests-983 @ target-host ] script-cmd: sync-drop-fs-cache-${{os}}
16:21:36,897 [ test-runner:run-tests-983 @ target-host ] sync-drop-fs-cache-linux
16:21:36,897 [ test-runner:run-tests-983 @ target-host ] script-cmd: sudo
16:21:36,897 [ test-runner:run-tests-983 @ target-host ] sudo
16:21:36,898 [ test-runner:run-tests-983 @ target-host ] script-cmd: sudo-${{os}}
16:21:36,898 [ test-runner:run-tests-983 @ target-host ] sudo-linux
16:21:37,712 [ test-runner:run-tests-983 @ target-host ] sudo sh -c "echo 3 > /proc/sys/vm/drop_caches"
]3008;start=e249ad06bc874edb86e101112857b4e2;user=zakkak;hostname=blanc;machineid=f469a615e9ef4e81b7d5be080a5de373;bootid=0e917e08584a49cb891ef04366e00ace;pid=183481;pidfdid=183482;comm=sudo;targetuser=root;sessionid=c131;type=session\]3008;end=e249ad06bc874edb86e101112857b4e2\
16:22:22,943 [ test-runner:run-tests-983 @ target-host ] /usr/bin/time -p ./mvnw  clean package -DskipTests -Pnative -Dquarkus.native.additional-build-args-append=--future-defaults=none 2>&1 >/home/zakkak/spring-quarkus-perf-comparison/logs/build-times-quarkus3-native-4.log | grep real | awk '{print $2}'
44.82
16:22:22,943 [ test-runner:run-tests-983 @ target-host ] set-state: BUILD_TIME 44.82
16:22:22,944 [ test-runner:run-tests-983 @ target-host ] script-cmd: state-array-push
16:22:22,944 [ test-runner:run-tests-983 @ target-host ] state-array-push
16:22:22,996 [ test-runner:run-tests-983 @ target-host ] set-state: RUN.output.results.quarkus3-native.build.timings [15.73,45,44.64,44.49,44.82]
16:22:22,997 [ test-runner:run-tests-983 @ target-host ] read-state: native
16:22:22,997 [ test-runner:run-tests-983 @ target-host ] regex: native
16:22:23,401 [ test-runner:run-tests-983 @ target-host ] sed -n 's/.*Peak RSS: \([0-9.]*\)\(GB\|GiB\).*/\1/p' /home/zakkak/spring-quarkus-perf-comparison/logs/build-times-quarkus3-native-4.log
4.58
16:22:23,401 [ test-runner:run-tests-983 @ target-host ] set-state: NATIVE_BUILD_RSS 4.58
16:22:23,401 [ test-runner:run-tests-983 @ target-host ] script-cmd: state-array-push
16:22:23,401 [ test-runner:run-tests-983 @ target-host ] state-array-push
16:22:23,449 [ test-runner:run-tests-983 @ target-host ] set-state: RUN.output.results.quarkus3-native.build.native.rss [2.04,4.83,4.76,4.71,4.58]
16:22:23,519 [ test-runner:run-tests-983 @ target-host ] for-each: ITERATION = 5
16:22:23,520 [ test-runner:run-tests-983 @ target-host ] queue-download: ${{REPO_DIR}}/logs/build-times-${{RUNTIME.name}}-${{ITERATION}}.log=/home/zakkak/spring-quarkus-perf-comparison/logs/build-times-quarkus3-native-5.log ../../20260311/none/target-host/
16:22:23,520 [ test-runner:run-tests-983 @ target-host ] script-cmd: sync-drop-fs-cache
16:22:23,520 [ test-runner:run-tests-983 @ target-host ] sync-drop-fs-cache
16:22:23,520 [ test-runner:run-tests-983 @ target-host ] read-state: true
16:22:23,520 [ test-runner:run-tests-983 @ target-host ] regex: true
16:22:24,078 [ test-runner:run-tests-983 @ target-host ] sync
16:22:24,078 [ test-runner:run-tests-983 @ target-host ] script-cmd: sync-drop-fs-cache-${{os}}
16:22:24,078 [ test-runner:run-tests-983 @ target-host ] sync-drop-fs-cache-linux
16:22:24,078 [ test-runner:run-tests-983 @ target-host ] script-cmd: sudo
16:22:24,078 [ test-runner:run-tests-983 @ target-host ] sudo
16:22:24,078 [ test-runner:run-tests-983 @ target-host ] script-cmd: sudo-${{os}}
16:22:24,078 [ test-runner:run-tests-983 @ target-host ] sudo-linux
16:22:24,900 [ test-runner:run-tests-983 @ target-host ] sudo sh -c "echo 3 > /proc/sys/vm/drop_caches"
]3008;start=76f67b09fdfa477a8c262cbd924a282a;user=zakkak;hostname=blanc;machineid=f469a615e9ef4e81b7d5be080a5de373;bootid=0e917e08584a49cb891ef04366e00ace;pid=184104;pidfdid=184105;comm=sudo;targetuser=root;sessionid=c132;type=session\]3008;end=76f67b09fdfa477a8c262cbd924a282a\
16:23:09,623 [ test-runner:run-tests-983 @ target-host ] /usr/bin/time -p ./mvnw  clean package -DskipTests -Pnative -Dquarkus.native.additional-build-args-append=--future-defaults=none 2>&1 >/home/zakkak/spring-quarkus-perf-comparison/logs/build-times-quarkus3-native-5.log | grep real | awk '{print $2}'
44.31
16:23:09,623 [ test-runner:run-tests-983 @ target-host ] set-state: BUILD_TIME 44.31
16:23:09,624 [ test-runner:run-tests-983 @ target-host ] script-cmd: state-array-push
16:23:09,624 [ test-runner:run-tests-983 @ target-host ] state-array-push
16:23:09,677 [ test-runner:run-tests-983 @ target-host ] set-state: RUN.output.results.quarkus3-native.build.timings [15.73,45,44.64,44.49,44.82,44.31]
16:23:09,677 [ test-runner:run-tests-983 @ target-host ] read-state: native
16:23:09,677 [ test-runner:run-tests-983 @ target-host ] regex: native
16:23:10,081 [ test-runner:run-tests-983 @ target-host ] sed -n 's/.*Peak RSS: \([0-9.]*\)\(GB\|GiB\).*/\1/p' /home/zakkak/spring-quarkus-perf-comparison/logs/build-times-quarkus3-native-5.log
4.65
16:23:10,081 [ test-runner:run-tests-983 @ target-host ] set-state: NATIVE_BUILD_RSS 4.65
16:23:10,081 [ test-runner:run-tests-983 @ target-host ] script-cmd: state-array-push
16:23:10,082 [ test-runner:run-tests-983 @ target-host ] state-array-push
16:23:10,134 [ test-runner:run-tests-983 @ target-host ] set-state: RUN.output.results.quarkus3-native.build.native.rss [2.04,4.83,4.76,4.71,4.58,4.65]
16:23:10,201 [ test-runner:run-tests-983 @ target-host ] for-each: ITERATION = 6
16:23:10,202 [ test-runner:run-tests-983 @ target-host ] queue-download: ${{REPO_DIR}}/logs/build-times-${{RUNTIME.name}}-${{ITERATION}}.log=/home/zakkak/spring-quarkus-perf-comparison/logs/build-times-quarkus3-native-6.log ../../20260311/none/target-host/
16:23:10,202 [ test-runner:run-tests-983 @ target-host ] script-cmd: sync-drop-fs-cache
16:23:10,202 [ test-runner:run-tests-983 @ target-host ] sync-drop-fs-cache
16:23:10,202 [ test-runner:run-tests-983 @ target-host ] read-state: true
16:23:10,202 [ test-runner:run-tests-983 @ target-host ] regex: true
16:23:10,739 [ test-runner:run-tests-983 @ target-host ] sync
16:23:10,739 [ test-runner:run-tests-983 @ target-host ] script-cmd: sync-drop-fs-cache-${{os}}
16:23:10,739 [ test-runner:run-tests-983 @ target-host ] sync-drop-fs-cache-linux
16:23:10,740 [ test-runner:run-tests-983 @ target-host ] script-cmd: sudo
16:23:10,740 [ test-runner:run-tests-983 @ target-host ] sudo
16:23:10,740 [ test-runner:run-tests-983 @ target-host ] script-cmd: sudo-${{os}}
16:23:10,740 [ test-runner:run-tests-983 @ target-host ] sudo-linux
16:23:11,602 [ test-runner:run-tests-983 @ target-host ] sudo sh -c "echo 3 > /proc/sys/vm/drop_caches"
]3008;start=60e87778917b40f0914f4c53452fbe08;user=zakkak;hostname=blanc;machineid=f469a615e9ef4e81b7d5be080a5de373;bootid=0e917e08584a49cb891ef04366e00ace;pid=184727;pidfdid=184728;comm=sudo;targetuser=root;sessionid=c133;type=session\]3008;end=60e87778917b40f0914f4c53452fbe08\
16:23:56,190 [ test-runner:run-tests-983 @ target-host ] /usr/bin/time -p ./mvnw  clean package -DskipTests -Pnative -Dquarkus.native.additional-build-args-append=--future-defaults=none 2>&1 >/home/zakkak/spring-quarkus-perf-comparison/logs/build-times-quarkus3-native-6.log | grep real | awk '{print $2}'
44.17
16:23:56,190 [ test-runner:run-tests-983 @ target-host ] set-state: BUILD_TIME 44.17
16:23:56,191 [ test-runner:run-tests-983 @ target-host ] script-cmd: state-array-push
16:23:56,191 [ test-runner:run-tests-983 @ target-host ] state-array-push
16:23:56,244 [ test-runner:run-tests-983 @ target-host ] set-state: RUN.output.results.quarkus3-native.build.timings [15.73,45,44.64,44.49,44.82,44.31,44.17]
16:23:56,244 [ test-runner:run-tests-983 @ target-host ] read-state: native
16:23:56,245 [ test-runner:run-tests-983 @ target-host ] regex: native
16:23:56,649 [ test-runner:run-tests-983 @ target-host ] sed -n 's/.*Peak RSS: \([0-9.]*\)\(GB\|GiB\).*/\1/p' /home/zakkak/spring-quarkus-perf-comparison/logs/build-times-quarkus3-native-6.log
4.78
16:23:56,649 [ test-runner:run-tests-983 @ target-host ] set-state: NATIVE_BUILD_RSS 4.78
16:23:56,650 [ test-runner:run-tests-983 @ target-host ] script-cmd: state-array-push
16:23:56,650 [ test-runner:run-tests-983 @ target-host ] state-array-push
16:23:56,699 [ test-runner:run-tests-983 @ target-host ] set-state: RUN.output.results.quarkus3-native.build.native.rss [2.04,4.83,4.76,4.71,4.58,4.65,4.78]
16:23:56,769 [ test-runner:run-tests-983 @ target-host ] for-each: ITERATION = 7
16:23:56,769 [ test-runner:run-tests-983 @ target-host ] queue-download: ${{REPO_DIR}}/logs/build-times-${{RUNTIME.name}}-${{ITERATION}}.log=/home/zakkak/spring-quarkus-perf-comparison/logs/build-times-quarkus3-native-7.log ../../20260311/none/target-host/
16:23:56,769 [ test-runner:run-tests-983 @ target-host ] script-cmd: sync-drop-fs-cache
16:23:56,769 [ test-runner:run-tests-983 @ target-host ] sync-drop-fs-cache
16:23:56,770 [ test-runner:run-tests-983 @ target-host ] read-state: true
16:23:56,770 [ test-runner:run-tests-983 @ target-host ] regex: true
16:23:57,330 [ test-runner:run-tests-983 @ target-host ] sync
16:23:57,330 [ test-runner:run-tests-983 @ target-host ] script-cmd: sync-drop-fs-cache-${{os}}
16:23:57,330 [ test-runner:run-tests-983 @ target-host ] sync-drop-fs-cache-linux
16:23:57,330 [ test-runner:run-tests-983 @ target-host ] script-cmd: sudo
16:23:57,330 [ test-runner:run-tests-983 @ target-host ] sudo
16:23:57,330 [ test-runner:run-tests-983 @ target-host ] script-cmd: sudo-${{os}}
16:23:57,331 [ test-runner:run-tests-983 @ target-host ] sudo-linux
16:23:58,208 [ test-runner:run-tests-983 @ target-host ] sudo sh -c "echo 3 > /proc/sys/vm/drop_caches"
]3008;start=3be591c403e64a3086cbe2ae3ebf468e;user=zakkak;hostname=blanc;machineid=f469a615e9ef4e81b7d5be080a5de373;bootid=0e917e08584a49cb891ef04366e00ace;pid=185397;pidfdid=185398;comm=sudo;targetuser=root;sessionid=c134;type=session\]3008;end=3be591c403e64a3086cbe2ae3ebf468e\
16:24:42,741 [ test-runner:run-tests-983 @ target-host ] /usr/bin/time -p ./mvnw  clean package -DskipTests -Pnative -Dquarkus.native.additional-build-args-append=--future-defaults=none 2>&1 >/home/zakkak/spring-quarkus-perf-comparison/logs/build-times-quarkus3-native-7.log | grep real | awk '{print $2}'
44.11
16:24:42,742 [ test-runner:run-tests-983 @ target-host ] set-state: BUILD_TIME 44.11
16:24:42,742 [ test-runner:run-tests-983 @ target-host ] script-cmd: state-array-push
16:24:42,742 [ test-runner:run-tests-983 @ target-host ] state-array-push
16:24:42,792 [ test-runner:run-tests-983 @ target-host ] set-state: RUN.output.results.quarkus3-native.build.timings [15.73,45,44.64,44.49,44.82,44.31,44.17,44.11]
16:24:42,792 [ test-runner:run-tests-983 @ target-host ] read-state: native
16:24:42,792 [ test-runner:run-tests-983 @ target-host ] regex: native
16:24:43,196 [ test-runner:run-tests-983 @ target-host ] sed -n 's/.*Peak RSS: \([0-9.]*\)\(GB\|GiB\).*/\1/p' /home/zakkak/spring-quarkus-perf-comparison/logs/build-times-quarkus3-native-7.log
4.55
16:24:43,197 [ test-runner:run-tests-983 @ target-host ] set-state: NATIVE_BUILD_RSS 4.55
16:24:43,197 [ test-runner:run-tests-983 @ target-host ] script-cmd: state-array-push
16:24:43,197 [ test-runner:run-tests-983 @ target-host ] state-array-push
16:24:43,242 [ test-runner:run-tests-983 @ target-host ] set-state: RUN.output.results.quarkus3-native.build.native.rss [2.04,4.83,4.76,4.71,4.58,4.65,4.78,4.55]
16:24:43,310 [ test-runner:run-tests-983 @ target-host ] for-each: ITERATION = 8
16:24:43,310 [ test-runner:run-tests-983 @ target-host ] queue-download: ${{REPO_DIR}}/logs/build-times-${{RUNTIME.name}}-${{ITERATION}}.log=/home/zakkak/spring-quarkus-perf-comparison/logs/build-times-quarkus3-native-8.log ../../20260311/none/target-host/
16:24:43,310 [ test-runner:run-tests-983 @ target-host ] script-cmd: sync-drop-fs-cache
16:24:43,310 [ test-runner:run-tests-983 @ target-host ] sync-drop-fs-cache
16:24:43,310 [ test-runner:run-tests-983 @ target-host ] read-state: true
16:24:43,310 [ test-runner:run-tests-983 @ target-host ] regex: true
16:24:43,855 [ test-runner:run-tests-983 @ target-host ] sync
16:24:43,855 [ test-runner:run-tests-983 @ target-host ] script-cmd: sync-drop-fs-cache-${{os}}
16:24:43,856 [ test-runner:run-tests-983 @ target-host ] sync-drop-fs-cache-linux
16:24:43,856 [ test-runner:run-tests-983 @ target-host ] script-cmd: sudo
16:24:43,856 [ test-runner:run-tests-983 @ target-host ] sudo
16:24:43,856 [ test-runner:run-tests-983 @ target-host ] script-cmd: sudo-${{os}}
16:24:43,856 [ test-runner:run-tests-983 @ target-host ] sudo-linux
16:24:44,704 [ test-runner:run-tests-983 @ target-host ] sudo sh -c "echo 3 > /proc/sys/vm/drop_caches"
]3008;start=46403aec3ddd4cce9da6ceaf9024aec7;user=zakkak;hostname=blanc;machineid=f469a615e9ef4e81b7d5be080a5de373;bootid=0e917e08584a49cb891ef04366e00ace;pid=186035;pidfdid=186036;comm=sudo;targetuser=root;sessionid=c135;type=session\]3008;end=46403aec3ddd4cce9da6ceaf9024aec7\
16:25:29,291 [ test-runner:run-tests-983 @ target-host ] /usr/bin/time -p ./mvnw  clean package -DskipTests -Pnative -Dquarkus.native.additional-build-args-append=--future-defaults=none 2>&1 >/home/zakkak/spring-quarkus-perf-comparison/logs/build-times-quarkus3-native-8.log | grep real | awk '{print $2}'
44.17
16:25:29,292 [ test-runner:run-tests-983 @ target-host ] set-state: BUILD_TIME 44.17
16:25:29,292 [ test-runner:run-tests-983 @ target-host ] script-cmd: state-array-push
16:25:29,292 [ test-runner:run-tests-983 @ target-host ] state-array-push
16:25:29,343 [ test-runner:run-tests-983 @ target-host ] set-state: RUN.output.results.quarkus3-native.build.timings [15.73,45,44.64,44.49,44.82,44.31,44.17,44.11,44.17]
16:25:29,344 [ test-runner:run-tests-983 @ target-host ] read-state: native
16:25:29,344 [ test-runner:run-tests-983 @ target-host ] regex: native
16:25:29,749 [ test-runner:run-tests-983 @ target-host ] sed -n 's/.*Peak RSS: \([0-9.]*\)\(GB\|GiB\).*/\1/p' /home/zakkak/spring-quarkus-perf-comparison/logs/build-times-quarkus3-native-8.log
4.85
16:25:29,749 [ test-runner:run-tests-983 @ target-host ] set-state: NATIVE_BUILD_RSS 4.85
16:25:29,749 [ test-runner:run-tests-983 @ target-host ] script-cmd: state-array-push
16:25:29,749 [ test-runner:run-tests-983 @ target-host ] state-array-push
16:25:29,792 [ test-runner:run-tests-983 @ target-host ] set-state: RUN.output.results.quarkus3-native.build.native.rss [2.04,4.83,4.76,4.71,4.58,4.65,4.78,4.55,4.85]
16:25:29,855 [ test-runner:run-tests-983 @ target-host ] for-each: ITERATION = 9
16:25:29,855 [ test-runner:run-tests-983 @ target-host ] queue-download: ${{REPO_DIR}}/logs/build-times-${{RUNTIME.name}}-${{ITERATION}}.log=/home/zakkak/spring-quarkus-perf-comparison/logs/build-times-quarkus3-native-9.log ../../20260311/none/target-host/
16:25:29,855 [ test-runner:run-tests-983 @ target-host ] script-cmd: sync-drop-fs-cache
16:25:29,855 [ test-runner:run-tests-983 @ target-host ] sync-drop-fs-cache
16:25:29,855 [ test-runner:run-tests-983 @ target-host ] read-state: true
16:25:29,855 [ test-runner:run-tests-983 @ target-host ] regex: true
16:25:30,392 [ test-runner:run-tests-983 @ target-host ] sync
16:25:30,392 [ test-runner:run-tests-983 @ target-host ] script-cmd: sync-drop-fs-cache-${{os}}
16:25:30,392 [ test-runner:run-tests-983 @ target-host ] sync-drop-fs-cache-linux
16:25:30,392 [ test-runner:run-tests-983 @ target-host ] script-cmd: sudo
16:25:30,392 [ test-runner:run-tests-983 @ target-host ] sudo
16:25:30,392 [ test-runner:run-tests-983 @ target-host ] script-cmd: sudo-${{os}}
16:25:30,393 [ test-runner:run-tests-983 @ target-host ] sudo-linux
16:25:31,221 [ test-runner:run-tests-983 @ target-host ] sudo sh -c "echo 3 > /proc/sys/vm/drop_caches"
]3008;start=ca77df68f16440cb8dd32439313107a1;user=zakkak;hostname=blanc;machineid=f469a615e9ef4e81b7d5be080a5de373;bootid=0e917e08584a49cb891ef04366e00ace;pid=186647;pidfdid=186648;comm=sudo;targetuser=root;sessionid=c136;type=session\]3008;end=ca77df68f16440cb8dd32439313107a1\
16:26:16,148 [ test-runner:run-tests-983 @ target-host ] /usr/bin/time -p ./mvnw  clean package -DskipTests -Pnative -Dquarkus.native.additional-build-args-append=--future-defaults=none 2>&1 >/home/zakkak/spring-quarkus-perf-comparison/logs/build-times-quarkus3-native-9.log | grep real | awk '{print $2}'
44.51
16:26:16,148 [ test-runner:run-tests-983 @ target-host ] set-state: BUILD_TIME 44.51
16:26:16,148 [ test-runner:run-tests-983 @ target-host ] script-cmd: state-array-push
16:26:16,148 [ test-runner:run-tests-983 @ target-host ] state-array-push
16:26:16,193 [ test-runner:run-tests-983 @ target-host ] set-state: RUN.output.results.quarkus3-native.build.timings [15.73,45,44.64,44.49,44.82,44.31,44.17,44.11,44.17,44.51]
16:26:16,193 [ test-runner:run-tests-983 @ target-host ] read-state: native
16:26:16,193 [ test-runner:run-tests-983 @ target-host ] regex: native
16:26:16,597 [ test-runner:run-tests-983 @ target-host ] sed -n 's/.*Peak RSS: \([0-9.]*\)\(GB\|GiB\).*/\1/p' /home/zakkak/spring-quarkus-perf-comparison/logs/build-times-quarkus3-native-9.log
4.74
16:26:16,598 [ test-runner:run-tests-983 @ target-host ] set-state: NATIVE_BUILD_RSS 4.74
16:26:16,598 [ test-runner:run-tests-983 @ target-host ] script-cmd: state-array-push
16:26:16,598 [ test-runner:run-tests-983 @ target-host ] state-array-push
16:26:16,642 [ test-runner:run-tests-983 @ target-host ] set-state: RUN.output.results.quarkus3-native.build.native.rss [2.04,4.83,4.76,4.71,4.58,4.65,4.78,4.55,4.85,4.74]
16:26:16,703 [ test-runner:run-tests-983 @ target-host ] for-each: ITERATION
16:26:16,703 [ test-runner:run-tests-983 @ target-host ] script-cmd: state-array-calc-avg
16:26:16,703 [ test-runner:run-tests-983 @ target-host ] state-array-calc-avg
16:26:16,749 [ test-runner:run-tests-983 @ target-host ] set-state: RUN.output.results.quarkus3-native.build.avBuildTime 41.595000000000006
16:26:16,749 [ test-runner:run-tests-983 @ target-host ] read-state: native
16:26:16,749 [ test-runner:run-tests-983 @ target-host ] regex: native
16:26:16,749 [ test-runner:run-tests-983 @ target-host ] script-cmd: state-array-calc-avg
16:26:16,749 [ test-runner:run-tests-983 @ target-host ] state-array-calc-avg
16:26:16,793 [ test-runner:run-tests-983 @ target-host ] set-state: RUN.output.results.quarkus3-native.build.avNativeRSS 4.449
16:26:17,197 [ test-runner:run-tests-983 @ target-host ] sed -n 's/^[[:space:]]*\([0-9.]*\)\(MB\|MiB\) in total image size.*/\1/p' /home/zakkak/spring-quarkus-perf-comparison/logs/build-times-quarkus3-native-0.log
16:26:17,198 [ test-runner:run-tests-983 @ target-host ] set-state: RUN.output.results.quarkus3-native.build.native.binarySize ""
16:26:17,602 [ test-runner:run-tests-983 @ target-host ] cat /home/zakkak/spring-quarkus-perf-comparison/logs/build-times-quarkus3-native-0.log | grep "types.*fields.*methods found reachable" | awk '{print $1}'
7,977
16:26:17,603 [ test-runner:run-tests-983 @ target-host ] set-state: RUN.output.results.quarkus3-native.build.classCount 7,977
16:26:18,007 [ test-runner:run-tests-983 @ target-host ] cat /home/zakkak/spring-quarkus-perf-comparison/logs/build-times-quarkus3-native-0.log | grep "types.*fields.*methods found reachable" | awk '{print $3}'
8,248
16:26:18,007 [ test-runner:run-tests-983 @ target-host ] set-state: RUN.output.results.quarkus3-native.build.fieldCount 8,248
16:26:18,411 [ test-runner:run-tests-983 @ target-host ] cat /home/zakkak/spring-quarkus-perf-comparison/logs/build-times-quarkus3-native-0.log | grep "types.*fields.*methods found reachable" | awk '{print $6}'
31,001
16:26:18,411 [ test-runner:run-tests-983 @ target-host ] set-state: RUN.output.results.quarkus3-native.build.methodCount 31,001
16:26:18,815 [ test-runner:run-tests-983 @ target-host ] cat /home/zakkak/spring-quarkus-perf-comparison/logs/build-times-quarkus3-native-0.log | grep "types.*fields.*methods registered for reflection" | awk '{print $1}'
3,738
16:26:18,815 [ test-runner:run-tests-983 @ target-host ] set-state: RUN.output.results.quarkus3-native.build.reflectionClassCount 3,738
16:26:19,219 [ test-runner:run-tests-983 @ target-host ] cat /home/zakkak/spring-quarkus-perf-comparison/logs/build-times-quarkus3-native-0.log | grep "types.*fields.*methods registered for reflection" | awk '{print $3}'
127
16:26:19,219 [ test-runner:run-tests-983 @ target-host ] set-state: RUN.output.results.quarkus3-native.build.reflectionFieldCount 127
16:26:19,623 [ test-runner:run-tests-983 @ target-host ] cat /home/zakkak/spring-quarkus-perf-comparison/logs/build-times-quarkus3-native-0.log | grep "types.*fields.*methods registered for reflection" | awk '{print $6}'
4,498
16:26:19,623 [ test-runner:run-tests-983 @ target-host ] set-state: RUN.output.results.quarkus3-native.build.reflectionMethodCount 4,498
16:26:19,623 [ test-runner:run-tests-983 @ target-host ] for-each: TEST = measure-time-to-first-request
16:26:19,624 [ test-runner:run-tests-983 @ target-host ] script-cmd: ${{TEST}}
16:26:19,624 [ test-runner:run-tests-983 @ target-host ] measure-time-to-first-request
16:26:19,624 [ test-runner:run-tests-983 @ target-host ] Measuring Time to first request
16:26:20,046 [ test-runner:run-tests-983 @ target-host ] java -version
openjdk version "21.0.9" 2025-10-21 LTS
OpenJDK Runtime Environment Temurin-21.0.9+10 (build 21.0.9+10-LTS)
OpenJDK 64-Bit Server VM Temurin-21.0.9+10 (build 21.0.9+10-LTS, mixed mode, sharing)
16:26:20,447 [ test-runner:run-tests-983 @ target-host ] cd /home/zakkak/spring-quarkus-perf-comparison/spring-quarkus-perf-comparison/quarkus3
16:27:04,331 [ test-runner:run-tests-983 @ target-host ] ./mvnw  clean package -DskipTests -Pnative -Dquarkus.native.additional-build-args-append=--future-defaults=none
[INFO] Scanning for projects...
[WARNING] Quarkus Maven extension: an explicit 'argLine' is defined in maven-surefire-plugin config, but does not contain '@{argLine}': we will not be able to inject JVM parameters automatically. Please add '@{argLine}' to the argLine configuration you have defined.
[INFO] 
[INFO] -------------------------< org.acme:quarkus3 >--------------------------
[INFO] Building quarkus3 1.0
[INFO]   from pom.xml
[INFO] ------------------------------[ quarkus ]-------------------------------
[INFO] 
[INFO] --- clean:3.2.0:clean (default-clean) @ quarkus3 ---
[INFO] Deleting /home/zakkak/spring-quarkus-perf-comparison/spring-quarkus-perf-comparison/quarkus3/target
[INFO] 
[INFO] --- resources:3.3.1:resources (default-resources) @ quarkus3 ---
[WARNING] Using platform encoding (UTF-8 actually) to copy filtered resources, i.e. build is platform dependent!
[INFO] Copying 2 resources from src/main/resources to target/classes
[INFO] 
[INFO] --- quarkus:3.32.2:generate-code (default-generate-code) @ quarkus3 ---
[INFO] 
[INFO] --- compiler:3.15.0:compile (default-compile) @ quarkus3 ---
[INFO] Recompiling the module because of changed source code.
[WARNING] File encoding has not been set, using platform encoding UTF-8, i.e. build is platform dependent!
[INFO] Compiling 16 source files with javac [debug release 21] to target/classes
[INFO] 
[INFO] --- resources:3.3.1:testResources (default-testResources) @ quarkus3 ---
[WARNING] Using platform encoding (UTF-8 actually) to copy filtered resources, i.e. build is platform dependent!
[INFO] skip non existing resourceDirectory /home/zakkak/spring-quarkus-perf-comparison/spring-quarkus-perf-comparison/quarkus3/src/test/resources
[INFO] 
[INFO] --- quarkus:3.32.2:generate-code-tests (default-generate-code-tests) @ quarkus3 ---
[INFO] 
[INFO] --- compiler:3.15.0:testCompile (default-testCompile) @ quarkus3 ---
[INFO] Recompiling the module because of changed dependency.
[WARNING] File encoding has not been set, using platform encoding UTF-8, i.e. build is platform dependent!
[INFO] Compiling 4 source files with javac [debug release 21] to target/test-classes
[INFO] 
[INFO] --- surefire:3.5.5:test (default-test) @ quarkus3 ---
[INFO] Tests are skipped.
[INFO] 
[INFO] --- quarkus:3.32.2:build (default-build) @ quarkus3 ---
[INFO] [io.quarkus.deployment.pkg.jar.NativeImageSourceJarBuilder] Building native image source jar: /home/zakkak/spring-quarkus-perf-comparison/spring-quarkus-perf-comparison/quarkus3/target/quarkus3-native-image-source-jar/quarkus3-runner.jar
[INFO] [io.quarkus.deployment.pkg.steps.NativeImageBuildStep] Building native image from /home/zakkak/spring-quarkus-perf-comparison/spring-quarkus-perf-comparison/quarkus3/target/quarkus3-native-image-source-jar/quarkus3-runner.jar
[INFO] [io.quarkus.deployment.pkg.steps.NativeImageBuildStep] Running Quarkus native-image plugin on GRAALVM 25.1.0-dev JDK 25.0.1+8-jvmci-25.1-b14
[INFO] [io.quarkus.deployment.pkg.steps.NativeImageBuildRunner] /home/zakkak/code/graal-oracle/sdk/latest_graalvm_home/bin/native-image -J-DCoordinatorEnvironmentBean.transactionStatusManagerEnable=false -J-Dsun.nio.ch.maxUpdateArraySize=100 -J-Djava.util.logging.manager=org.jboss.logmanager.LogManager -J-Dvertx.logger-delegate-factory-class-name=io.quarkus.vertx.core.runtime.VertxLogDelegateFactory -J-Dvertx.disableDnsResolver=true -J-Dio.netty.leakDetection.level=DISABLED -J-Dio.netty.allocator.maxOrder=3 -J-Duser.language=en -J-Duser.country=IE -J-Dlogging.initial-configurator.min-level=500 -H:+UnlockExperimentalVMOptions -H:IncludeLocales=en-IE -H:-UnlockExperimentalVMOptions --enable-native-access=ALL-UNNAMED -J-Dfile.encoding=UTF-8 -J--add-exports=org.graalvm.nativeimage.builder/com.oracle.svm.core.jdk=ALL-UNNAMED --features=io.quarkus.jdbc.postgresql.runtime.graal.SQLXMLFeature,io.quarkus.hibernate.validator.runtime.DisableLoggingFeature,io.quarkus.runner.Feature,io.quarkus.runtime.graal.DisableLoggingFeature,io.quarkus.runtime.graal.JVMChecksFeature,io.quarkus.hibernate.orm.runtime.graal.RegisterServicesForReflectionFeature,io.quarkus.hibernate.orm.runtime.graal.DisableLoggingFeature,org.hibernate.graalvm.internal.GraalVMStaticFeature,io.quarkus.caffeine.runtime.graal.CacheConstructorsFeature,io.quarkus.runtime.graal.SkipConsoleServiceProvidersFeature -J--add-exports=java.security.jgss/sun.security.krb5=ALL-UNNAMED -J--add-exports=java.security.jgss/sun.security.jgss=ALL-UNNAMED -J--add-opens=java.base/java.text=ALL-UNNAMED -J--add-opens=java.base/java.io=ALL-UNNAMED -J--add-opens=java.base/java.lang.invoke=ALL-UNNAMED -J--add-opens=java.base/java.util=ALL-UNNAMED -H:+UnlockExperimentalVMOptions -H:BuildOutputJSONFile=quarkus3-runner-build-output-stats.json -H:-UnlockExperimentalVMOptions -H:+UnlockExperimentalVMOptions -H:+GenerateBuildArtifactsFile -H:-UnlockExperimentalVMOptions --future-defaults=none -H:+UnlockExperimentalVMOptions -H:+AllowFoldMethods -H:-UnlockExperimentalVMOptions -J-Djava.awt.headless=true --no-fallback --link-at-build-time -H:+UnlockExperimentalVMOptions -H:+ReportExceptionStackTraces -H:-UnlockExperimentalVMOptions -H:-AddAllCharsets --enable-url-protocols=http,https -H:NativeLinkerOption=-no-pie --enable-monitoring=heapdump,threaddump -H:+UnlockExperimentalVMOptions -H:-UseServiceLoaderFeature -H:-UnlockExperimentalVMOptions -J--add-exports=org.graalvm.nativeimage/org.graalvm.nativeimage.impl=ALL-UNNAMED --exclude-config io\.netty\.netty-codec /META-INF/native-image/io\.netty/netty-codec/generated/handlers/reflect-config\.json --exclude-config io\.netty\.netty-handler /META-INF/native-image/io\.netty/netty-handler/generated/handlers/reflect-config\.json quarkus3-runner -jar quarkus3-runner.jar
Warning: Using a deprecated option --no-fallback from command line. No effect, no replacement available
Warning: Option 'FallbackThreshold' is deprecated and might be removed in a future release: It no longer has any effect, and no replacement is available. Please refer to the GraalVM release notes.
Warning: Option 'DynamicProxyConfigurationResources' is deprecated and might be removed in a future release: This can be caused by a proxy-config.json file in your META-INF directory. Consider including proxy configuration in the reflection section of reachability-metadata.json instead.. Please refer to the GraalVM release notes.
========================================================================================================================
GraalVM Native Image: Generating 'quarkus3-runner' (executable)...
========================================================================================================================
For detailed information and explanations on the build output, visit:
https://github.com/oracle/graal/blob/master/docs/reference-manual/native-image/BuildOutput.md
------------------------------------------------------------------------------------------------------------------------
[1/8] Initializing...                                                                                   (3.9s @ 0.45GiB)
 Builder configuration:
 - Java version: 25.0.1+8, vendor version: GraalVM CE 25.1.0-dev+8.1
 - Graal compiler: optimization level: 2, target machine: x86-64-v3
 - C compiler: gcc (redhat, x86_64, 15.2.1)
 - Assertions: disabled, system assertions: disabled
 - 11 user-specific feature(s):
   - io.quarkus.caffeine.runtime.graal.CacheConstructorsFeature
   - io.quarkus.hibernate.orm.runtime.graal.DisableLoggingFeature: Disables INFO logging during the analysis phase
   - io.quarkus.hibernate.orm.runtime.graal.RegisterServicesForReflectionFeature: Makes methods of reachable Hibernate services accessible through Class#getMethods()
   - io.quarkus.hibernate.validator.runtime.DisableLoggingFeature: Disables INFO logging during the analysis phase for the [org.hibernate.validator.internal.util.Version] categories
   - io.quarkus.jdbc.postgresql.runtime.graal.SQLXMLFeature
   - io.quarkus.runner.Feature: Auto-generated class by Quarkus from the existing extensions
   - io.quarkus.runtime.graal.DisableLoggingFeature: Adapts logging during the analysis phase
   - io.quarkus.runtime.graal.JVMChecksFeature
   - io.quarkus.runtime.graal.SkipConsoleServiceProvidersFeature: Skip unsupported console service providers when quarkus.native.auto-service-loader-registration is false
   - org.eclipse.angus.activation.nativeimage.AngusActivationFeature
   - org.hibernate.graalvm.internal.GraalVMStaticFeature: Hibernate ORM's static reflection registrations for GraalVM
 Image configuration:
 - Garbage collector: Serial GC (max heap size: 80% of RAM)
 - Assertions: disabled (class-specific config may apply), system assertions: disabled
------------------------------------------------------------------------------------------------------------------------
 5 experimental option(s) unlocked:
 - '-H:+AllowFoldMethods' (origin(s): command line)
 - '-H:BuildOutputJSONFile' (origin(s): command line)
 - '-H:-UseServiceLoaderFeature' (origin(s): command line)
 - '-H:+GenerateBuildArtifactsFile' (origin(s): command line)
 - '-H:AddOpens' (alternative API option(s): --add-opens java.base/java.lang=ALL-UNNAMED; origin(s): command line)
------------------------------------------------------------------------------------------------------------------------
Build resources:
 - 30.00GiB of memory (48.4% of system memory, capped at 30GiB)
 - 32 thread(s) (100.0% of 32 available processor(s), determined at start)
[2/8] Performing analysis...  [********]                                                                (9.0s @ 2.04GiB)
   22,653 types,  29,175 fields, and 106,492 methods found reachable
    7,964 types,     169 fields, and   5,223 methods registered for reflection
       63 types,      69 fields, and      55 methods registered for JNI access
      105 resource accesses registered with 188.29KiB total size
        4 native libraries: dl, pthread, rt, z
[3/8] Building universe...                                                                              (2.8s @ 2.52GiB)
[4/8] Parsing methods...      [*]                                                                       (1.2s @ 3.04GiB)
[5/8] Inlining methods...     [****]                                                                    (0.7s @ 2.88GiB)
[6/8] Compiling methods...    [***]                                                                     (7.9s @ 2.02GiB)
[7/8] Laying out methods...   [***]                                                                     (5.8s @ 2.63GiB)
[8/8] Creating image...       [**]                                                                      (3.7s @ 3.07GiB)
  36.03MiB (41.77%) for code area:    71,246 compilation units
  43.88MiB (50.87%) for image heap:  500,387 objects and 16 resources
   6.35MiB ( 7.36%) for other data
  86.25MiB in total image size, 80.50MiB in total file size
------------------------------------------------------------------------------------------------------------------------
Top 10 origins of code area:                                Top 10 object types in image heap:
   1.52MiB java.base/sun.security.ssl                         11.52MiB byte[] for code metadata
   1.05MiB java.base/java.util                                 6.43MiB byte[] for string data
 852.68KiB o.g.n.runtime/com.oracle.svm.core.code              4.32MiB o.g.n.runtime/c.o.s.core.hub.DynamicHubCompanion
 697.23KiB java.base/com.sun.crypto.provider                   4.11MiB java.base/java.lang.String
 637.13KiB jdk.proxy4/jdk.proxy4                               3.36MiB java.base/java.lang.Class
 533.01KiB java.base/java.lang                                 1.43MiB byte[] for reflection metadata
 532.07KiB io.netty.buffer                                     1.31MiB byte[] for general heap data
 506.32KiB java.base/java.lang.invoke                        905.32KiB java.base/java.lang.Object[]
 468.03KiB org.postgresql.jdbc                               832.50KiB java.base/java.lang.reflect.Method
 460.62KiB org.hibernate.query.hql.internal                  798.87KiB o.g.n.runtime/c.o.s.c.h.ImageReflectionMetadata
  27.83MiB for 984 more packages                               8.90MiB for 5204 more object types
------------------------------------------------------------------------------------------------------------------------
Recommendations:
 FUTR: Use '--future-defaults=all' to prepare for future releases.
 HEAP: Set max heap for improved and more predictable memory usage.
 CPU:  Enable more CPU features with '-march=native' for improved performance.
------------------------------------------------------------------------------------------------------------------------
                       2.7s (7.3% of total time) in 283 GCs | Peak RSS: 4.71GiB | CPU load: 15.79
------------------------------------------------------------------------------------------------------------------------
Build artifacts:
 /home/zakkak/spring-quarkus-perf-comparison/spring-quarkus-perf-comparison/quarkus3/target/quarkus3-native-image-source-jar/build-artifacts.json (build_info, 92B)
 /home/zakkak/spring-quarkus-perf-comparison/spring-quarkus-perf-comparison/quarkus3/target/quarkus3-native-image-source-jar/quarkus3-runner (executable, 80.50MiB)
 /home/zakkak/spring-quarkus-perf-comparison/spring-quarkus-perf-comparison/quarkus3/target/quarkus3-native-image-source-jar/quarkus3-runner-build-output-stats.json (build_info, 1.00KiB)
========================================================================================================================
Finished generating 'quarkus3-runner' in 36.5s.

The build process encountered 3 warnings.

[INFO] [io.quarkus.deployment.pkg.steps.NativeImageBuildRunner] objcopy --strip-debug quarkus3-runner
[INFO] [io.quarkus.deployment.QuarkusAugmentor] Quarkus augmentation completed in 39882ms
[INFO] ------------------------------------------------------------------------
[INFO] BUILD SUCCESS
[INFO] ------------------------------------------------------------------------
[INFO] Total time:  42.774 s
[INFO] Finished at: 2026-03-11T16:27:03+02:00
[INFO] ------------------------------------------------------------------------
16:27:04,377 [ test-runner:run-tests-983 @ target-host ] for-each: ITERATION = 0
16:27:04,378 [ test-runner:run-tests-983 @ target-host ] queue-download: ${{REPO_DIR}}/logs/measure-time-to-first-request-${{RUNTIME.name}}-${{ITERATION}}.log=/home/zakkak/spring-quarkus-perf-comparison/logs/measure-time-to-first-request-quarkus3-native-0.log ../../20260311/none/target-host/
16:27:04,378 [ test-runner:run-tests-983 @ target-host ] script-cmd: start-test-services
16:27:04,378 [ test-runner:run-tests-983 @ target-host ] start-test-services
16:27:15,529 [ test-runner:run-tests-983 @ target-host ] /home/zakkak/spring-quarkus-perf-comparison/spring-quarkus-perf-comparison/scripts/infra.sh -c 3 -p '4-6' -s
Using podman to start containers
-----------------------------------------
[03/11/2026 16:27:04]: Starting services
-----------------------------------------
Starting PostgreSQL database 'fruits_db'
PostgreSQL DB process: b857d7b43c066c09ef1ec8094d565451aa8da5afc8a5961b9b5122dda1099a50
Waiting for PostgreSQL to be ready...
localhost:5432 - no response
localhost:5432 - no response
localhost:5432 - accepting connections
16:27:15,529 [ test-runner:run-tests-983 @ target-host ] script-cmd: sync-drop-fs-cache
16:27:15,529 [ test-runner:run-tests-983 @ target-host ] sync-drop-fs-cache
16:27:15,529 [ test-runner:run-tests-983 @ target-host ] read-state: true
16:27:15,529 [ test-runner:run-tests-983 @ target-host ] regex: true
16:27:16,033 [ test-runner:run-tests-983 @ target-host ] sync
16:27:16,033 [ test-runner:run-tests-983 @ target-host ] script-cmd: sync-drop-fs-cache-${{os}}
16:27:16,033 [ test-runner:run-tests-983 @ target-host ] sync-drop-fs-cache-linux
16:27:16,033 [ test-runner:run-tests-983 @ target-host ] script-cmd: sudo
16:27:16,033 [ test-runner:run-tests-983 @ target-host ] sudo
16:27:16,034 [ test-runner:run-tests-983 @ target-host ] script-cmd: sudo-${{os}}
16:27:16,034 [ test-runner:run-tests-983 @ target-host ] sudo-linux
16:27:16,896 [ test-runner:run-tests-983 @ target-host ] sudo sh -c "echo 3 > /proc/sys/vm/drop_caches"
]3008;start=60a5f599c56649b99422a476eae01fad;user=zakkak;hostname=blanc;machineid=f469a615e9ef4e81b7d5be080a5de373;bootid=0e917e08584a49cb891ef04366e00ace;pid=188186;pidfdid=188187;comm=sudo;targetuser=root;sessionid=c137;type=session\]3008;end=60a5f599c56649b99422a476eae01fad\
16:27:17,302 [ test-runner:run-tests-983 @ target-host ] taskset --cpu-list 0-3 /home/zakkak/spring-quarkus-perf-comparison/spring-quarkus-perf-comparison/quarkus3/target/quarkus3-runner  &>/home/zakkak/spring-quarkus-perf-comparison/logs/measure-time-to-first-request-quarkus3-native-0.log &
[1] 188216
16:27:17,704 [ test-runner:run-tests-983 @ target-host ] APP_PID=$!
16:27:18,148 [ test-runner:run-tests-983 @ target-host ] timeout 60s bash -c "taskset --cpu-list 10 /home/zakkak/spring-quarkus-perf-comparison/spring-quarkus-perf-comparison/scripts/perf-lab/scripts/time-to-1st-request.sh http://localhost:8080/fruits"
32
16:27:18,148 [ test-runner:run-tests-983 @ target-host ] 
16:27:18,148 [ test-runner:run-tests-983 @ target-host ] set-state: START_TIME 32
16:27:18,650 [ test-runner:run-tests-983 @ target-host ] kill -15 $APP_PID
16:27:18,651 [ test-runner:run-tests-983 @ target-host ] script-cmd: state-array-push
16:27:18,651 [ test-runner:run-tests-983 @ target-host ] state-array-push
16:27:18,736 [ test-runner:run-tests-983 @ target-host ] set-state: RUN.output.results.quarkus3-native.startup.timings [32]
16:27:21,139 [ test-runner:run-tests-983 @ target-host ] sleep 2
16:27:21,139 [ test-runner:run-tests-983 @ target-host ] script-cmd: stop-test-services
16:27:21,139 [ test-runner:run-tests-983 @ target-host ] stop-test-services
16:27:21,782 [ test-runner:run-tests-983 @ target-host ] /home/zakkak/spring-quarkus-perf-comparison/spring-quarkus-perf-comparison/scripts/infra.sh -d
Using podman to stop containers
-----------------------------------------
[03/11/2026 16:27:21]: Stopping services
-----------------------------------------
Stopping PostgreSQL database 'fruits_db'
fruits_db
16:27:21,841 [ test-runner:run-tests-983 @ target-host ] for-each: ITERATION = 1
16:27:21,844 [ test-runner:run-tests-983 @ target-host ] queue-download: ${{REPO_DIR}}/logs/measure-time-to-first-request-${{RUNTIME.name}}-${{ITERATION}}.log=/home/zakkak/spring-quarkus-perf-comparison/logs/measure-time-to-first-request-quarkus3-native-1.log ../../20260311/none/target-host/
16:27:21,844 [ test-runner:run-tests-983 @ target-host ] script-cmd: start-test-services
16:27:21,844 [ test-runner:run-tests-983 @ target-host ] start-test-services
16:27:32,932 [ test-runner:run-tests-983 @ target-host ] /home/zakkak/spring-quarkus-perf-comparison/spring-quarkus-perf-comparison/scripts/infra.sh -c 3 -p '4-6' -s
Using podman to start containers
-----------------------------------------
[03/11/2026 16:27:21]: Starting services
-----------------------------------------
Starting PostgreSQL database 'fruits_db'
PostgreSQL DB process: 0e000d11875ed97c82f934c3f0037e7c9bc108be51dbeb494e9c118a239b758a
Waiting for PostgreSQL to be ready...
localhost:5432 - no response
localhost:5432 - no response
localhost:5432 - accepting connections
16:27:32,932 [ test-runner:run-tests-983 @ target-host ] script-cmd: sync-drop-fs-cache
16:27:32,932 [ test-runner:run-tests-983 @ target-host ] sync-drop-fs-cache
16:27:32,932 [ test-runner:run-tests-983 @ target-host ] read-state: true
16:27:32,932 [ test-runner:run-tests-983 @ target-host ] regex: true
16:27:33,496 [ test-runner:run-tests-983 @ target-host ] sync
16:27:33,497 [ test-runner:run-tests-983 @ target-host ] script-cmd: sync-drop-fs-cache-${{os}}
16:27:33,497 [ test-runner:run-tests-983 @ target-host ] sync-drop-fs-cache-linux
16:27:33,497 [ test-runner:run-tests-983 @ target-host ] script-cmd: sudo
16:27:33,497 [ test-runner:run-tests-983 @ target-host ] sudo
16:27:33,497 [ test-runner:run-tests-983 @ target-host ] script-cmd: sudo-${{os}}
16:27:33,497 [ test-runner:run-tests-983 @ target-host ] sudo-linux
16:27:34,263 [ test-runner:run-tests-983 @ target-host ] sudo sh -c "echo 3 > /proc/sys/vm/drop_caches"
]3008;start=f605d86ccb704049a0dad259317d90b4;user=zakkak;hostname=blanc;machineid=f469a615e9ef4e81b7d5be080a5de373;bootid=0e917e08584a49cb891ef04366e00ace;pid=188636;pidfdid=188637;comm=sudo;targetuser=root;sessionid=c138;type=session\]3008;end=f605d86ccb704049a0dad259317d90b4\
16:27:34,666 [ test-runner:run-tests-983 @ target-host ] taskset --cpu-list 0-3 /home/zakkak/spring-quarkus-perf-comparison/spring-quarkus-perf-comparison/quarkus3/target/quarkus3-runner  &>/home/zakkak/spring-quarkus-perf-comparison/logs/measure-time-to-first-request-quarkus3-native-1.log &
[1] 188666
16:27:35,068 [ test-runner:run-tests-983 @ target-host ] APP_PID=$!
16:27:35,516 [ test-runner:run-tests-983 @ target-host ] timeout 60s bash -c "taskset --cpu-list 10 /home/zakkak/spring-quarkus-perf-comparison/spring-quarkus-perf-comparison/scripts/perf-lab/scripts/time-to-1st-request.sh http://localhost:8080/fruits"
32
16:27:35,516 [ test-runner:run-tests-983 @ target-host ] 
16:27:35,516 [ test-runner:run-tests-983 @ target-host ] set-state: START_TIME 32
16:27:36,018 [ test-runner:run-tests-983 @ target-host ] kill -15 $APP_PID
16:27:36,018 [ test-runner:run-tests-983 @ target-host ] script-cmd: state-array-push
16:27:36,018 [ test-runner:run-tests-983 @ target-host ] state-array-push
16:27:36,067 [ test-runner:run-tests-983 @ target-host ] set-state: RUN.output.results.quarkus3-native.startup.timings [32,32]
16:27:38,471 [ test-runner:run-tests-983 @ target-host ] sleep 2
16:27:38,471 [ test-runner:run-tests-983 @ target-host ] script-cmd: stop-test-services
16:27:38,471 [ test-runner:run-tests-983 @ target-host ] stop-test-services
16:27:39,110 [ test-runner:run-tests-983 @ target-host ] /home/zakkak/spring-quarkus-perf-comparison/spring-quarkus-perf-comparison/scripts/infra.sh -d
Using podman to stop containers
-----------------------------------------
[03/11/2026 16:27:38]: Stopping services
-----------------------------------------
Stopping PostgreSQL database 'fruits_db'
fruits_db
16:27:39,167 [ test-runner:run-tests-983 @ target-host ] for-each: ITERATION = 2
16:27:39,168 [ test-runner:run-tests-983 @ target-host ] queue-download: ${{REPO_DIR}}/logs/measure-time-to-first-request-${{RUNTIME.name}}-${{ITERATION}}.log=/home/zakkak/spring-quarkus-perf-comparison/logs/measure-time-to-first-request-quarkus3-native-2.log ../../20260311/none/target-host/
16:27:39,168 [ test-runner:run-tests-983 @ target-host ] script-cmd: start-test-services
16:27:39,168 [ test-runner:run-tests-983 @ target-host ] start-test-services
16:27:50,291 [ test-runner:run-tests-983 @ target-host ] /home/zakkak/spring-quarkus-perf-comparison/spring-quarkus-perf-comparison/scripts/infra.sh -c 3 -p '4-6' -s
Using podman to start containers
-----------------------------------------
[03/11/2026 16:27:39]: Starting services
-----------------------------------------
Starting PostgreSQL database 'fruits_db'
PostgreSQL DB process: 4541cfe3bf568349b3bc0af46a5c81d3380e364666aee42a9f952e2858802861
Waiting for PostgreSQL to be ready...
localhost:5432 - no response
localhost:5432 - no response
localhost:5432 - accepting connections
16:27:50,291 [ test-runner:run-tests-983 @ target-host ] script-cmd: sync-drop-fs-cache
16:27:50,291 [ test-runner:run-tests-983 @ target-host ] sync-drop-fs-cache
16:27:50,292 [ test-runner:run-tests-983 @ target-host ] read-state: true
16:27:50,292 [ test-runner:run-tests-983 @ target-host ] regex: true
16:27:50,908 [ test-runner:run-tests-983 @ target-host ] sync
16:27:50,908 [ test-runner:run-tests-983 @ target-host ] script-cmd: sync-drop-fs-cache-${{os}}
16:27:50,908 [ test-runner:run-tests-983 @ target-host ] sync-drop-fs-cache-linux
16:27:50,908 [ test-runner:run-tests-983 @ target-host ] script-cmd: sudo
16:27:50,908 [ test-runner:run-tests-983 @ target-host ] sudo
16:27:50,908 [ test-runner:run-tests-983 @ target-host ] script-cmd: sudo-${{os}}
16:27:50,908 [ test-runner:run-tests-983 @ target-host ] sudo-linux
16:27:51,696 [ test-runner:run-tests-983 @ target-host ] sudo sh -c "echo 3 > /proc/sys/vm/drop_caches"
]3008;start=a9bf9636f6c04654a298c5842d660784;user=zakkak;hostname=blanc;machineid=f469a615e9ef4e81b7d5be080a5de373;bootid=0e917e08584a49cb891ef04366e00ace;pid=189094;pidfdid=189095;comm=sudo;targetuser=root;sessionid=c139;type=session\]3008;end=a9bf9636f6c04654a298c5842d660784\
16:27:52,107 [ test-runner:run-tests-983 @ target-host ] taskset --cpu-list 0-3 /home/zakkak/spring-quarkus-perf-comparison/spring-quarkus-perf-comparison/quarkus3/target/quarkus3-runner  &>/home/zakkak/spring-quarkus-perf-comparison/logs/measure-time-to-first-request-quarkus3-native-2.log &
[1] 189123
16:27:52,509 [ test-runner:run-tests-983 @ target-host ] APP_PID=$!
16:27:52,962 [ test-runner:run-tests-983 @ target-host ] timeout 60s bash -c "taskset --cpu-list 10 /home/zakkak/spring-quarkus-perf-comparison/spring-quarkus-perf-comparison/scripts/perf-lab/scripts/time-to-1st-request.sh http://localhost:8080/fruits"
33
16:27:52,962 [ test-runner:run-tests-983 @ target-host ] 
16:27:52,962 [ test-runner:run-tests-983 @ target-host ] set-state: START_TIME 33
16:27:53,464 [ test-runner:run-tests-983 @ target-host ] kill -15 $APP_PID
16:27:53,464 [ test-runner:run-tests-983 @ target-host ] script-cmd: state-array-push
16:27:53,464 [ test-runner:run-tests-983 @ target-host ] state-array-push
16:27:53,513 [ test-runner:run-tests-983 @ target-host ] set-state: RUN.output.results.quarkus3-native.startup.timings [32,32,33]
16:27:55,916 [ test-runner:run-tests-983 @ target-host ] sleep 2
16:27:55,916 [ test-runner:run-tests-983 @ target-host ] script-cmd: stop-test-services
16:27:55,916 [ test-runner:run-tests-983 @ target-host ] stop-test-services
16:27:56,553 [ test-runner:run-tests-983 @ target-host ] /home/zakkak/spring-quarkus-perf-comparison/spring-quarkus-perf-comparison/scripts/infra.sh -d
Using podman to stop containers
-----------------------------------------
[03/11/2026 16:27:55]: Stopping services
-----------------------------------------
Stopping PostgreSQL database 'fruits_db'
fruits_db
16:27:56,611 [ test-runner:run-tests-983 @ target-host ] for-each: ITERATION = 3
16:27:56,620 [ test-runner:run-tests-983 @ target-host ] queue-download: ${{REPO_DIR}}/logs/measure-time-to-first-request-${{RUNTIME.name}}-${{ITERATION}}.log=/home/zakkak/spring-quarkus-perf-comparison/logs/measure-time-to-first-request-quarkus3-native-3.log ../../20260311/none/target-host/
16:27:56,620 [ test-runner:run-tests-983 @ target-host ] script-cmd: start-test-services
16:27:56,620 [ test-runner:run-tests-983 @ target-host ] start-test-services
16:28:07,692 [ test-runner:run-tests-983 @ target-host ] /home/zakkak/spring-quarkus-perf-comparison/spring-quarkus-perf-comparison/scripts/infra.sh -c 3 -p '4-6' -s
Using podman to start containers
-----------------------------------------
[03/11/2026 16:27:56]: Starting services
-----------------------------------------
Starting PostgreSQL database 'fruits_db'
PostgreSQL DB process: 6bf4b1a4574c4fc1c03d537d717846db6b8ac09444e90b7b6c6f1c96c3a04e54
Waiting for PostgreSQL to be ready...
localhost:5432 - no response
localhost:5432 - no response
localhost:5432 - accepting connections
16:28:07,692 [ test-runner:run-tests-983 @ target-host ] script-cmd: sync-drop-fs-cache
16:28:07,692 [ test-runner:run-tests-983 @ target-host ] sync-drop-fs-cache
16:28:07,692 [ test-runner:run-tests-983 @ target-host ] read-state: true
16:28:07,692 [ test-runner:run-tests-983 @ target-host ] regex: true
16:28:08,253 [ test-runner:run-tests-983 @ target-host ] sync
16:28:08,253 [ test-runner:run-tests-983 @ target-host ] script-cmd: sync-drop-fs-cache-${{os}}
16:28:08,253 [ test-runner:run-tests-983 @ target-host ] sync-drop-fs-cache-linux
16:28:08,253 [ test-runner:run-tests-983 @ target-host ] script-cmd: sudo
16:28:08,253 [ test-runner:run-tests-983 @ target-host ] sudo
16:28:08,254 [ test-runner:run-tests-983 @ target-host ] script-cmd: sudo-${{os}}
16:28:08,254 [ test-runner:run-tests-983 @ target-host ] sudo-linux
16:28:09,023 [ test-runner:run-tests-983 @ target-host ] sudo sh -c "echo 3 > /proc/sys/vm/drop_caches"
]3008;start=38f2d832ffe84982822b83b46b830706;user=zakkak;hostname=blanc;machineid=f469a615e9ef4e81b7d5be080a5de373;bootid=0e917e08584a49cb891ef04366e00ace;pid=189548;pidfdid=189549;comm=sudo;targetuser=root;sessionid=c140;type=session\]3008;end=38f2d832ffe84982822b83b46b830706\
16:28:09,426 [ test-runner:run-tests-983 @ target-host ] taskset --cpu-list 0-3 /home/zakkak/spring-quarkus-perf-comparison/spring-quarkus-perf-comparison/quarkus3/target/quarkus3-runner  &>/home/zakkak/spring-quarkus-perf-comparison/logs/measure-time-to-first-request-quarkus3-native-3.log &
[1] 189577
16:28:09,828 [ test-runner:run-tests-983 @ target-host ] APP_PID=$!
16:28:10,281 [ test-runner:run-tests-983 @ target-host ] timeout 60s bash -c "taskset --cpu-list 10 /home/zakkak/spring-quarkus-perf-comparison/spring-quarkus-perf-comparison/scripts/perf-lab/scripts/time-to-1st-request.sh http://localhost:8080/fruits"
32
16:28:10,281 [ test-runner:run-tests-983 @ target-host ] 
16:28:10,281 [ test-runner:run-tests-983 @ target-host ] set-state: START_TIME 32
16:28:10,783 [ test-runner:run-tests-983 @ target-host ] kill -15 $APP_PID
16:28:10,784 [ test-runner:run-tests-983 @ target-host ] script-cmd: state-array-push
16:28:10,784 [ test-runner:run-tests-983 @ target-host ] state-array-push
16:28:10,831 [ test-runner:run-tests-983 @ target-host ] set-state: RUN.output.results.quarkus3-native.startup.timings [32,32,33,32]
16:28:13,234 [ test-runner:run-tests-983 @ target-host ] sleep 2
16:28:13,234 [ test-runner:run-tests-983 @ target-host ] script-cmd: stop-test-services
16:28:13,234 [ test-runner:run-tests-983 @ target-host ] stop-test-services
16:28:13,872 [ test-runner:run-tests-983 @ target-host ] /home/zakkak/spring-quarkus-perf-comparison/spring-quarkus-perf-comparison/scripts/infra.sh -d
Using podman to stop containers
-----------------------------------------
[03/11/2026 16:28:13]: Stopping services
-----------------------------------------
Stopping PostgreSQL database 'fruits_db'
fruits_db
16:28:13,941 [ test-runner:run-tests-983 @ target-host ] for-each: ITERATION = 4
16:28:13,950 [ test-runner:run-tests-983 @ target-host ] queue-download: ${{REPO_DIR}}/logs/measure-time-to-first-request-${{RUNTIME.name}}-${{ITERATION}}.log=/home/zakkak/spring-quarkus-perf-comparison/logs/measure-time-to-first-request-quarkus3-native-4.log ../../20260311/none/target-host/
16:28:13,950 [ test-runner:run-tests-983 @ target-host ] script-cmd: start-test-services
16:28:13,951 [ test-runner:run-tests-983 @ target-host ] start-test-services
16:28:25,044 [ test-runner:run-tests-983 @ target-host ] /home/zakkak/spring-quarkus-perf-comparison/spring-quarkus-perf-comparison/scripts/infra.sh -c 3 -p '4-6' -s
Using podman to start containers
-----------------------------------------
[03/11/2026 16:28:13]: Starting services
-----------------------------------------
Starting PostgreSQL database 'fruits_db'
PostgreSQL DB process: e48a25690bc71dba20870908638c409f1146284dc0110385e6671f35c17b5ba4
Waiting for PostgreSQL to be ready...
localhost:5432 - no response
localhost:5432 - no response
localhost:5432 - accepting connections
16:28:25,044 [ test-runner:run-tests-983 @ target-host ] script-cmd: sync-drop-fs-cache
16:28:25,044 [ test-runner:run-tests-983 @ target-host ] sync-drop-fs-cache
16:28:25,044 [ test-runner:run-tests-983 @ target-host ] read-state: true
16:28:25,045 [ test-runner:run-tests-983 @ target-host ] regex: true
16:28:25,645 [ test-runner:run-tests-983 @ target-host ] sync
16:28:25,645 [ test-runner:run-tests-983 @ target-host ] script-cmd: sync-drop-fs-cache-${{os}}
16:28:25,645 [ test-runner:run-tests-983 @ target-host ] sync-drop-fs-cache-linux
16:28:25,645 [ test-runner:run-tests-983 @ target-host ] script-cmd: sudo
16:28:25,645 [ test-runner:run-tests-983 @ target-host ] sudo
16:28:25,645 [ test-runner:run-tests-983 @ target-host ] script-cmd: sudo-${{os}}
16:28:25,645 [ test-runner:run-tests-983 @ target-host ] sudo-linux
16:28:26,408 [ test-runner:run-tests-983 @ target-host ] sudo sh -c "echo 3 > /proc/sys/vm/drop_caches"
]3008;start=0da47d77ac2e4b1da0b146381d07b4c6;user=zakkak;hostname=blanc;machineid=f469a615e9ef4e81b7d5be080a5de373;bootid=0e917e08584a49cb891ef04366e00ace;pid=190008;pidfdid=190009;comm=sudo;targetuser=root;sessionid=c141;type=session\]3008;end=0da47d77ac2e4b1da0b146381d07b4c6\
16:28:26,820 [ test-runner:run-tests-983 @ target-host ] taskset --cpu-list 0-3 /home/zakkak/spring-quarkus-perf-comparison/spring-quarkus-perf-comparison/quarkus3/target/quarkus3-runner  &>/home/zakkak/spring-quarkus-perf-comparison/logs/measure-time-to-first-request-quarkus3-native-4.log &
[1] 190041
16:28:27,221 [ test-runner:run-tests-983 @ target-host ] APP_PID=$!
16:28:27,674 [ test-runner:run-tests-983 @ target-host ] timeout 60s bash -c "taskset --cpu-list 10 /home/zakkak/spring-quarkus-perf-comparison/spring-quarkus-perf-comparison/scripts/perf-lab/scripts/time-to-1st-request.sh http://localhost:8080/fruits"
32
16:28:27,674 [ test-runner:run-tests-983 @ target-host ] 
16:28:27,674 [ test-runner:run-tests-983 @ target-host ] set-state: START_TIME 32
16:28:28,176 [ test-runner:run-tests-983 @ target-host ] kill -15 $APP_PID
16:28:28,176 [ test-runner:run-tests-983 @ target-host ] script-cmd: state-array-push
16:28:28,176 [ test-runner:run-tests-983 @ target-host ] state-array-push
16:28:28,225 [ test-runner:run-tests-983 @ target-host ] set-state: RUN.output.results.quarkus3-native.startup.timings [32,32,33,32,32]
16:28:30,628 [ test-runner:run-tests-983 @ target-host ] sleep 2
16:28:30,628 [ test-runner:run-tests-983 @ target-host ] script-cmd: stop-test-services
16:28:30,628 [ test-runner:run-tests-983 @ target-host ] stop-test-services
16:28:31,255 [ test-runner:run-tests-983 @ target-host ] /home/zakkak/spring-quarkus-perf-comparison/spring-quarkus-perf-comparison/scripts/infra.sh -d
Using podman to stop containers
-----------------------------------------
[03/11/2026 16:28:30]: Stopping services
-----------------------------------------
Stopping PostgreSQL database 'fruits_db'
fruits_db
16:28:31,312 [ test-runner:run-tests-983 @ target-host ] for-each: ITERATION = 5
16:28:31,321 [ test-runner:run-tests-983 @ target-host ] queue-download: ${{REPO_DIR}}/logs/measure-time-to-first-request-${{RUNTIME.name}}-${{ITERATION}}.log=/home/zakkak/spring-quarkus-perf-comparison/logs/measure-time-to-first-request-quarkus3-native-5.log ../../20260311/none/target-host/
16:28:31,321 [ test-runner:run-tests-983 @ target-host ] script-cmd: start-test-services
16:28:31,321 [ test-runner:run-tests-983 @ target-host ] start-test-services
16:28:42,428 [ test-runner:run-tests-983 @ target-host ] /home/zakkak/spring-quarkus-perf-comparison/spring-quarkus-perf-comparison/scripts/infra.sh -c 3 -p '4-6' -s
Using podman to start containers
-----------------------------------------
[03/11/2026 16:28:31]: Starting services
-----------------------------------------
Starting PostgreSQL database 'fruits_db'
PostgreSQL DB process: 8bcacbf5143f32489099c29e1b5ff4a83b6ca0e7f56f69690cf5529f0fde5fbe
Waiting for PostgreSQL to be ready...
localhost:5432 - no response
localhost:5432 - no response
localhost:5432 - accepting connections
16:28:42,428 [ test-runner:run-tests-983 @ target-host ] script-cmd: sync-drop-fs-cache
16:28:42,428 [ test-runner:run-tests-983 @ target-host ] sync-drop-fs-cache
16:28:42,428 [ test-runner:run-tests-983 @ target-host ] read-state: true
16:28:42,429 [ test-runner:run-tests-983 @ target-host ] regex: true
16:28:42,973 [ test-runner:run-tests-983 @ target-host ] sync
16:28:42,973 [ test-runner:run-tests-983 @ target-host ] script-cmd: sync-drop-fs-cache-${{os}}
16:28:42,973 [ test-runner:run-tests-983 @ target-host ] sync-drop-fs-cache-linux
16:28:42,973 [ test-runner:run-tests-983 @ target-host ] script-cmd: sudo
16:28:42,973 [ test-runner:run-tests-983 @ target-host ] sudo
16:28:42,973 [ test-runner:run-tests-983 @ target-host ] script-cmd: sudo-${{os}}
16:28:42,973 [ test-runner:run-tests-983 @ target-host ] sudo-linux
16:28:43,738 [ test-runner:run-tests-983 @ target-host ] sudo sh -c "echo 3 > /proc/sys/vm/drop_caches"
]3008;start=a5dec001191c4e95bd38be817e59a682;user=zakkak;hostname=blanc;machineid=f469a615e9ef4e81b7d5be080a5de373;bootid=0e917e08584a49cb891ef04366e00ace;pid=190463;pidfdid=190464;comm=sudo;targetuser=root;sessionid=c142;type=session\]3008;end=a5dec001191c4e95bd38be817e59a682\
16:28:44,149 [ test-runner:run-tests-983 @ target-host ] taskset --cpu-list 0-3 /home/zakkak/spring-quarkus-perf-comparison/spring-quarkus-perf-comparison/quarkus3/target/quarkus3-runner  &>/home/zakkak/spring-quarkus-perf-comparison/logs/measure-time-to-first-request-quarkus3-native-5.log &
[1] 190491
16:28:44,551 [ test-runner:run-tests-983 @ target-host ] APP_PID=$!
16:28:45,004 [ test-runner:run-tests-983 @ target-host ] timeout 60s bash -c "taskset --cpu-list 10 /home/zakkak/spring-quarkus-perf-comparison/spring-quarkus-perf-comparison/scripts/perf-lab/scripts/time-to-1st-request.sh http://localhost:8080/fruits"
33
16:28:45,004 [ test-runner:run-tests-983 @ target-host ] 
16:28:45,004 [ test-runner:run-tests-983 @ target-host ] set-state: START_TIME 33
16:28:45,506 [ test-runner:run-tests-983 @ target-host ] kill -15 $APP_PID
16:28:45,506 [ test-runner:run-tests-983 @ target-host ] script-cmd: state-array-push
16:28:45,506 [ test-runner:run-tests-983 @ target-host ] state-array-push
16:28:45,555 [ test-runner:run-tests-983 @ target-host ] set-state: RUN.output.results.quarkus3-native.startup.timings [32,32,33,32,32,33]
16:28:47,958 [ test-runner:run-tests-983 @ target-host ] sleep 2
16:28:47,958 [ test-runner:run-tests-983 @ target-host ] script-cmd: stop-test-services
16:28:47,959 [ test-runner:run-tests-983 @ target-host ] stop-test-services
16:28:48,597 [ test-runner:run-tests-983 @ target-host ] /home/zakkak/spring-quarkus-perf-comparison/spring-quarkus-perf-comparison/scripts/infra.sh -d
Using podman to stop containers
-----------------------------------------
[03/11/2026 16:28:47]: Stopping services
-----------------------------------------
Stopping PostgreSQL database 'fruits_db'
fruits_db
16:28:48,656 [ test-runner:run-tests-983 @ target-host ] for-each: ITERATION = 6
16:28:48,665 [ test-runner:run-tests-983 @ target-host ] queue-download: ${{REPO_DIR}}/logs/measure-time-to-first-request-${{RUNTIME.name}}-${{ITERATION}}.log=/home/zakkak/spring-quarkus-perf-comparison/logs/measure-time-to-first-request-quarkus3-native-6.log ../../20260311/none/target-host/
16:28:48,665 [ test-runner:run-tests-983 @ target-host ] script-cmd: start-test-services
16:28:48,665 [ test-runner:run-tests-983 @ target-host ] start-test-services
16:28:59,758 [ test-runner:run-tests-983 @ target-host ] /home/zakkak/spring-quarkus-perf-comparison/spring-quarkus-perf-comparison/scripts/infra.sh -c 3 -p '4-6' -s
Using podman to start containers
-----------------------------------------
[03/11/2026 16:28:48]: Starting services
-----------------------------------------
Starting PostgreSQL database 'fruits_db'
PostgreSQL DB process: 6fcbeb290d260be56ce43f8ca32fa32cb668c90e7d7d52a0d95e20db45ed9794
Waiting for PostgreSQL to be ready...
localhost:5432 - no response
localhost:5432 - no response
localhost:5432 - accepting connections
16:28:59,758 [ test-runner:run-tests-983 @ target-host ] script-cmd: sync-drop-fs-cache
16:28:59,758 [ test-runner:run-tests-983 @ target-host ] sync-drop-fs-cache
16:28:59,759 [ test-runner:run-tests-983 @ target-host ] read-state: true
16:28:59,759 [ test-runner:run-tests-983 @ target-host ] regex: true
16:29:00,348 [ test-runner:run-tests-983 @ target-host ] sync
16:29:00,348 [ test-runner:run-tests-983 @ target-host ] script-cmd: sync-drop-fs-cache-${{os}}
16:29:00,349 [ test-runner:run-tests-983 @ target-host ] sync-drop-fs-cache-linux
16:29:00,349 [ test-runner:run-tests-983 @ target-host ] script-cmd: sudo
16:29:00,349 [ test-runner:run-tests-983 @ target-host ] sudo
16:29:00,349 [ test-runner:run-tests-983 @ target-host ] script-cmd: sudo-${{os}}
16:29:00,349 [ test-runner:run-tests-983 @ target-host ] sudo-linux
16:29:01,127 [ test-runner:run-tests-983 @ target-host ] sudo sh -c "echo 3 > /proc/sys/vm/drop_caches"
]3008;start=ca972e802d7b44b4863fed37da733f7d;user=zakkak;hostname=blanc;machineid=f469a615e9ef4e81b7d5be080a5de373;bootid=0e917e08584a49cb891ef04366e00ace;pid=190914;pidfdid=190915;comm=sudo;targetuser=root;sessionid=c143;type=session\]3008;end=ca972e802d7b44b4863fed37da733f7d\
16:29:01,539 [ test-runner:run-tests-983 @ target-host ] taskset --cpu-list 0-3 /home/zakkak/spring-quarkus-perf-comparison/spring-quarkus-perf-comparison/quarkus3/target/quarkus3-runner  &>/home/zakkak/spring-quarkus-perf-comparison/logs/measure-time-to-first-request-quarkus3-native-6.log &
[1] 190943
16:29:01,940 [ test-runner:run-tests-983 @ target-host ] APP_PID=$!
16:29:02,394 [ test-runner:run-tests-983 @ target-host ] timeout 60s bash -c "taskset --cpu-list 10 /home/zakkak/spring-quarkus-perf-comparison/spring-quarkus-perf-comparison/scripts/perf-lab/scripts/time-to-1st-request.sh http://localhost:8080/fruits"
33
16:29:02,394 [ test-runner:run-tests-983 @ target-host ] 
16:29:02,394 [ test-runner:run-tests-983 @ target-host ] set-state: START_TIME 33
16:29:02,896 [ test-runner:run-tests-983 @ target-host ] kill -15 $APP_PID
16:29:02,897 [ test-runner:run-tests-983 @ target-host ] script-cmd: state-array-push
16:29:02,897 [ test-runner:run-tests-983 @ target-host ] state-array-push
16:29:02,947 [ test-runner:run-tests-983 @ target-host ] set-state: RUN.output.results.quarkus3-native.startup.timings [32,32,33,32,32,33,33]
16:29:05,350 [ test-runner:run-tests-983 @ target-host ] sleep 2
16:29:05,350 [ test-runner:run-tests-983 @ target-host ] script-cmd: stop-test-services
16:29:05,350 [ test-runner:run-tests-983 @ target-host ] stop-test-services
16:29:05,987 [ test-runner:run-tests-983 @ target-host ] /home/zakkak/spring-quarkus-perf-comparison/spring-quarkus-perf-comparison/scripts/infra.sh -d
Using podman to stop containers
-----------------------------------------
[03/11/2026 16:29:05]: Stopping services
-----------------------------------------
Stopping PostgreSQL database 'fruits_db'
fruits_db
16:29:06,056 [ test-runner:run-tests-983 @ target-host ] for-each: ITERATION = 7
16:29:06,065 [ test-runner:run-tests-983 @ target-host ] queue-download: ${{REPO_DIR}}/logs/measure-time-to-first-request-${{RUNTIME.name}}-${{ITERATION}}.log=/home/zakkak/spring-quarkus-perf-comparison/logs/measure-time-to-first-request-quarkus3-native-7.log ../../20260311/none/target-host/
16:29:06,065 [ test-runner:run-tests-983 @ target-host ] script-cmd: start-test-services
16:29:06,065 [ test-runner:run-tests-983 @ target-host ] start-test-services
16:29:17,142 [ test-runner:run-tests-983 @ target-host ] /home/zakkak/spring-quarkus-perf-comparison/spring-quarkus-perf-comparison/scripts/infra.sh -c 3 -p '4-6' -s
Using podman to start containers
-----------------------------------------
[03/11/2026 16:29:06]: Starting services
-----------------------------------------
Starting PostgreSQL database 'fruits_db'
PostgreSQL DB process: d75f8be9bc0b0a9a40bdd409c62fdc84bc1006cbc64a8c2e563b1a2f212fbb61
Waiting for PostgreSQL to be ready...
localhost:5432 - no response
localhost:5432 - no response
localhost:5432 - accepting connections
16:29:17,142 [ test-runner:run-tests-983 @ target-host ] script-cmd: sync-drop-fs-cache
16:29:17,142 [ test-runner:run-tests-983 @ target-host ] sync-drop-fs-cache
16:29:17,142 [ test-runner:run-tests-983 @ target-host ] read-state: true
16:29:17,142 [ test-runner:run-tests-983 @ target-host ] regex: true
16:29:17,688 [ test-runner:run-tests-983 @ target-host ] sync
16:29:17,688 [ test-runner:run-tests-983 @ target-host ] script-cmd: sync-drop-fs-cache-${{os}}
16:29:17,688 [ test-runner:run-tests-983 @ target-host ] sync-drop-fs-cache-linux
16:29:17,688 [ test-runner:run-tests-983 @ target-host ] script-cmd: sudo
16:29:17,688 [ test-runner:run-tests-983 @ target-host ] sudo
16:29:17,689 [ test-runner:run-tests-983 @ target-host ] script-cmd: sudo-${{os}}
16:29:17,689 [ test-runner:run-tests-983 @ target-host ] sudo-linux
16:29:18,461 [ test-runner:run-tests-983 @ target-host ] sudo sh -c "echo 3 > /proc/sys/vm/drop_caches"
]3008;start=37e78f88b4904857a6df851394b67904;user=zakkak;hostname=blanc;machineid=f469a615e9ef4e81b7d5be080a5de373;bootid=0e917e08584a49cb891ef04366e00ace;pid=191372;pidfdid=191373;comm=sudo;targetuser=root;sessionid=c144;type=session\]3008;end=37e78f88b4904857a6df851394b67904\
16:29:18,865 [ test-runner:run-tests-983 @ target-host ] taskset --cpu-list 0-3 /home/zakkak/spring-quarkus-perf-comparison/spring-quarkus-perf-comparison/quarkus3/target/quarkus3-runner  &>/home/zakkak/spring-quarkus-perf-comparison/logs/measure-time-to-first-request-quarkus3-native-7.log &
[1] 191402
16:29:19,266 [ test-runner:run-tests-983 @ target-host ] APP_PID=$!
16:29:19,719 [ test-runner:run-tests-983 @ target-host ] timeout 60s bash -c "taskset --cpu-list 10 /home/zakkak/spring-quarkus-perf-comparison/spring-quarkus-perf-comparison/scripts/perf-lab/scripts/time-to-1st-request.sh http://localhost:8080/fruits"
32
16:29:19,719 [ test-runner:run-tests-983 @ target-host ] 
16:29:19,719 [ test-runner:run-tests-983 @ target-host ] set-state: START_TIME 32
16:29:20,221 [ test-runner:run-tests-983 @ target-host ] kill -15 $APP_PID
16:29:20,221 [ test-runner:run-tests-983 @ target-host ] script-cmd: state-array-push
16:29:20,221 [ test-runner:run-tests-983 @ target-host ] state-array-push
16:29:20,271 [ test-runner:run-tests-983 @ target-host ] set-state: RUN.output.results.quarkus3-native.startup.timings [32,32,33,32,32,33,33,32]
16:29:22,675 [ test-runner:run-tests-983 @ target-host ] sleep 2
16:29:22,675 [ test-runner:run-tests-983 @ target-host ] script-cmd: stop-test-services
16:29:22,675 [ test-runner:run-tests-983 @ target-host ] stop-test-services
16:29:23,313 [ test-runner:run-tests-983 @ target-host ] /home/zakkak/spring-quarkus-perf-comparison/spring-quarkus-perf-comparison/scripts/infra.sh -d
Using podman to stop containers
-----------------------------------------
[03/11/2026 16:29:22]: Stopping services
-----------------------------------------
Stopping PostgreSQL database 'fruits_db'
fruits_db
16:29:23,370 [ test-runner:run-tests-983 @ target-host ] for-each: ITERATION = 8
16:29:23,379 [ test-runner:run-tests-983 @ target-host ] queue-download: ${{REPO_DIR}}/logs/measure-time-to-first-request-${{RUNTIME.name}}-${{ITERATION}}.log=/home/zakkak/spring-quarkus-perf-comparison/logs/measure-time-to-first-request-quarkus3-native-8.log ../../20260311/none/target-host/
16:29:23,379 [ test-runner:run-tests-983 @ target-host ] script-cmd: start-test-services
16:29:23,379 [ test-runner:run-tests-983 @ target-host ] start-test-services
16:29:34,453 [ test-runner:run-tests-983 @ target-host ] /home/zakkak/spring-quarkus-perf-comparison/spring-quarkus-perf-comparison/scripts/infra.sh -c 3 -p '4-6' -s
Using podman to start containers
-----------------------------------------
[03/11/2026 16:29:23]: Starting services
-----------------------------------------
Starting PostgreSQL database 'fruits_db'
PostgreSQL DB process: d0001dac4196e4b72f5620376f42b43a75b60ad88979b84e516cca304fa353f7
Waiting for PostgreSQL to be ready...
localhost:5432 - no response
localhost:5432 - no response
localhost:5432 - accepting connections
16:29:34,453 [ test-runner:run-tests-983 @ target-host ] script-cmd: sync-drop-fs-cache
16:29:34,453 [ test-runner:run-tests-983 @ target-host ] sync-drop-fs-cache
16:29:34,454 [ test-runner:run-tests-983 @ target-host ] read-state: true
16:29:34,454 [ test-runner:run-tests-983 @ target-host ] regex: true
16:29:35,053 [ test-runner:run-tests-983 @ target-host ] sync
16:29:35,053 [ test-runner:run-tests-983 @ target-host ] script-cmd: sync-drop-fs-cache-${{os}}
16:29:35,053 [ test-runner:run-tests-983 @ target-host ] sync-drop-fs-cache-linux
16:29:35,053 [ test-runner:run-tests-983 @ target-host ] script-cmd: sudo
16:29:35,053 [ test-runner:run-tests-983 @ target-host ] sudo
16:29:35,053 [ test-runner:run-tests-983 @ target-host ] script-cmd: sudo-${{os}}
16:29:35,053 [ test-runner:run-tests-983 @ target-host ] sudo-linux
16:29:35,840 [ test-runner:run-tests-983 @ target-host ] sudo sh -c "echo 3 > /proc/sys/vm/drop_caches"
]3008;start=65b4f400a2eb4b03bde36371a11a329d;user=zakkak;hostname=blanc;machineid=f469a615e9ef4e81b7d5be080a5de373;bootid=0e917e08584a49cb891ef04366e00ace;pid=191829;pidfdid=191830;comm=sudo;targetuser=root;sessionid=c145;type=session\]3008;end=65b4f400a2eb4b03bde36371a11a329d\
16:29:36,253 [ test-runner:run-tests-983 @ target-host ] taskset --cpu-list 0-3 /home/zakkak/spring-quarkus-perf-comparison/spring-quarkus-perf-comparison/quarkus3/target/quarkus3-runner  &>/home/zakkak/spring-quarkus-perf-comparison/logs/measure-time-to-first-request-quarkus3-native-8.log &
[1] 191856
16:29:36,654 [ test-runner:run-tests-983 @ target-host ] APP_PID=$!
16:29:37,100 [ test-runner:run-tests-983 @ target-host ] timeout 60s bash -c "taskset --cpu-list 10 /home/zakkak/spring-quarkus-perf-comparison/spring-quarkus-perf-comparison/scripts/perf-lab/scripts/time-to-1st-request.sh http://localhost:8080/fruits"
34
16:29:37,101 [ test-runner:run-tests-983 @ target-host ] 
16:29:37,101 [ test-runner:run-tests-983 @ target-host ] set-state: START_TIME 34
16:29:37,603 [ test-runner:run-tests-983 @ target-host ] kill -15 $APP_PID
16:29:37,603 [ test-runner:run-tests-983 @ target-host ] script-cmd: state-array-push
16:29:37,603 [ test-runner:run-tests-983 @ target-host ] state-array-push
16:29:37,646 [ test-runner:run-tests-983 @ target-host ] set-state: RUN.output.results.quarkus3-native.startup.timings [32,32,33,32,32,33,33,32,34]
16:29:40,049 [ test-runner:run-tests-983 @ target-host ] sleep 2
16:29:40,049 [ test-runner:run-tests-983 @ target-host ] script-cmd: stop-test-services
16:29:40,049 [ test-runner:run-tests-983 @ target-host ] stop-test-services
16:29:40,689 [ test-runner:run-tests-983 @ target-host ] /home/zakkak/spring-quarkus-perf-comparison/spring-quarkus-perf-comparison/scripts/infra.sh -d
Using podman to stop containers
-----------------------------------------
[03/11/2026 16:29:40]: Stopping services
-----------------------------------------
Stopping PostgreSQL database 'fruits_db'
fruits_db
16:29:40,757 [ test-runner:run-tests-983 @ target-host ] for-each: ITERATION = 9
16:29:40,766 [ test-runner:run-tests-983 @ target-host ] queue-download: ${{REPO_DIR}}/logs/measure-time-to-first-request-${{RUNTIME.name}}-${{ITERATION}}.log=/home/zakkak/spring-quarkus-perf-comparison/logs/measure-time-to-first-request-quarkus3-native-9.log ../../20260311/none/target-host/
16:29:40,766 [ test-runner:run-tests-983 @ target-host ] script-cmd: start-test-services
16:29:40,766 [ test-runner:run-tests-983 @ target-host ] start-test-services
16:29:51,883 [ test-runner:run-tests-983 @ target-host ] /home/zakkak/spring-quarkus-perf-comparison/spring-quarkus-perf-comparison/scripts/infra.sh -c 3 -p '4-6' -s
Using podman to start containers
-----------------------------------------
[03/11/2026 16:29:40]: Starting services
-----------------------------------------
Starting PostgreSQL database 'fruits_db'
PostgreSQL DB process: 0d85e4c48b42634014ae43a9bfced2bd931e64730d3f4ed3f1c5e65e4d365b41
Waiting for PostgreSQL to be ready...
localhost:5432 - no response
localhost:5432 - no response
localhost:5432 - accepting connections
16:29:51,883 [ test-runner:run-tests-983 @ target-host ] script-cmd: sync-drop-fs-cache
16:29:51,883 [ test-runner:run-tests-983 @ target-host ] sync-drop-fs-cache
16:29:51,883 [ test-runner:run-tests-983 @ target-host ] read-state: true
16:29:51,883 [ test-runner:run-tests-983 @ target-host ] regex: true
16:29:52,445 [ test-runner:run-tests-983 @ target-host ] sync
16:29:52,445 [ test-runner:run-tests-983 @ target-host ] script-cmd: sync-drop-fs-cache-${{os}}
16:29:52,445 [ test-runner:run-tests-983 @ target-host ] sync-drop-fs-cache-linux
16:29:52,445 [ test-runner:run-tests-983 @ target-host ] script-cmd: sudo
16:29:52,445 [ test-runner:run-tests-983 @ target-host ] sudo
16:29:52,445 [ test-runner:run-tests-983 @ target-host ] script-cmd: sudo-${{os}}
16:29:52,445 [ test-runner:run-tests-983 @ target-host ] sudo-linux
16:29:53,230 [ test-runner:run-tests-983 @ target-host ] sudo sh -c "echo 3 > /proc/sys/vm/drop_caches"
]3008;start=6f09e787c56349f3a6ddab7969e1366c;user=zakkak;hostname=blanc;machineid=f469a615e9ef4e81b7d5be080a5de373;bootid=0e917e08584a49cb891ef04366e00ace;pid=192290;pidfdid=192291;comm=sudo;targetuser=root;sessionid=c146;type=session\]3008;end=6f09e787c56349f3a6ddab7969e1366c\
16:29:53,633 [ test-runner:run-tests-983 @ target-host ] taskset --cpu-list 0-3 /home/zakkak/spring-quarkus-perf-comparison/spring-quarkus-perf-comparison/quarkus3/target/quarkus3-runner  &>/home/zakkak/spring-quarkus-perf-comparison/logs/measure-time-to-first-request-quarkus3-native-9.log &
[1] 192317
16:29:54,035 [ test-runner:run-tests-983 @ target-host ] APP_PID=$!
16:29:54,488 [ test-runner:run-tests-983 @ target-host ] timeout 60s bash -c "taskset --cpu-list 10 /home/zakkak/spring-quarkus-perf-comparison/spring-quarkus-perf-comparison/scripts/perf-lab/scripts/time-to-1st-request.sh http://localhost:8080/fruits"
33
16:29:54,497 [ test-runner:run-tests-983 @ target-host ] 
16:29:54,497 [ test-runner:run-tests-983 @ target-host ] set-state: START_TIME 33
16:29:54,999 [ test-runner:run-tests-983 @ target-host ] kill -15 $APP_PID
16:29:55,000 [ test-runner:run-tests-983 @ target-host ] script-cmd: state-array-push
16:29:55,000 [ test-runner:run-tests-983 @ target-host ] state-array-push
16:29:55,047 [ test-runner:run-tests-983 @ target-host ] set-state: RUN.output.results.quarkus3-native.startup.timings [32,32,33,32,32,33,33,32,34,33]
16:29:57,450 [ test-runner:run-tests-983 @ target-host ] sleep 2
16:29:57,450 [ test-runner:run-tests-983 @ target-host ] script-cmd: stop-test-services
16:29:57,451 [ test-runner:run-tests-983 @ target-host ] stop-test-services
16:29:58,089 [ test-runner:run-tests-983 @ target-host ] /home/zakkak/spring-quarkus-perf-comparison/spring-quarkus-perf-comparison/scripts/infra.sh -d
Using podman to stop containers
-----------------------------------------
[03/11/2026 16:29:57]: Stopping services
-----------------------------------------
Stopping PostgreSQL database 'fruits_db'
fruits_db
16:29:58,146 [ test-runner:run-tests-983 @ target-host ] for-each: ITERATION
16:29:58,147 [ test-runner:run-tests-983 @ target-host ] script-cmd: state-array-calc-avg
16:29:58,147 [ test-runner:run-tests-983 @ target-host ] state-array-calc-avg
16:29:58,186 [ test-runner:run-tests-983 @ target-host ] set-state: RUN.output.results.quarkus3-native.startup.avStartTime 32.6
16:29:58,187 [ test-runner:run-tests-983 @ target-host ] for-each: TEST = measure-rss
16:29:58,187 [ test-runner:run-tests-983 @ target-host ] script-cmd: ${{TEST}}
16:29:58,187 [ test-runner:run-tests-983 @ target-host ] measure-rss
16:29:58,187 [ test-runner:run-tests-983 @ target-host ] Measuring RSS
16:29:58,638 [ test-runner:run-tests-983 @ target-host ] java -version
openjdk version "21.0.9" 2025-10-21 LTS
OpenJDK Runtime Environment Temurin-21.0.9+10 (build 21.0.9+10-LTS)
OpenJDK 64-Bit Server VM Temurin-21.0.9+10 (build 21.0.9+10-LTS, mixed mode, sharing)
16:29:59,039 [ test-runner:run-tests-983 @ target-host ] cd /home/zakkak/spring-quarkus-perf-comparison/spring-quarkus-perf-comparison/quarkus3
16:30:44,142 [ test-runner:run-tests-983 @ target-host ] ./mvnw  clean package -DskipTests -Pnative -Dquarkus.native.additional-build-args-append=--future-defaults=none
[INFO] Scanning for projects...
[WARNING] Quarkus Maven extension: an explicit 'argLine' is defined in maven-surefire-plugin config, but does not contain '@{argLine}': we will not be able to inject JVM parameters automatically. Please add '@{argLine}' to the argLine configuration you have defined.
[INFO] 
[INFO] -------------------------< org.acme:quarkus3 >--------------------------
[INFO] Building quarkus3 1.0
[INFO]   from pom.xml
[INFO] ------------------------------[ quarkus ]-------------------------------
[INFO] 
[INFO] --- clean:3.2.0:clean (default-clean) @ quarkus3 ---
[INFO] Deleting /home/zakkak/spring-quarkus-perf-comparison/spring-quarkus-perf-comparison/quarkus3/target
[INFO] 
[INFO] --- resources:3.3.1:resources (default-resources) @ quarkus3 ---
[WARNING] Using platform encoding (UTF-8 actually) to copy filtered resources, i.e. build is platform dependent!
[INFO] Copying 2 resources from src/main/resources to target/classes
[INFO] 
[INFO] --- quarkus:3.32.2:generate-code (default-generate-code) @ quarkus3 ---
[INFO] 
[INFO] --- compiler:3.15.0:compile (default-compile) @ quarkus3 ---
[INFO] Recompiling the module because of changed source code.
[WARNING] File encoding has not been set, using platform encoding UTF-8, i.e. build is platform dependent!
[INFO] Compiling 16 source files with javac [debug release 21] to target/classes
[INFO] 
[INFO] --- resources:3.3.1:testResources (default-testResources) @ quarkus3 ---
[WARNING] Using platform encoding (UTF-8 actually) to copy filtered resources, i.e. build is platform dependent!
[INFO] skip non existing resourceDirectory /home/zakkak/spring-quarkus-perf-comparison/spring-quarkus-perf-comparison/quarkus3/src/test/resources
[INFO] 
[INFO] --- quarkus:3.32.2:generate-code-tests (default-generate-code-tests) @ quarkus3 ---
[INFO] 
[INFO] --- compiler:3.15.0:testCompile (default-testCompile) @ quarkus3 ---
[INFO] Recompiling the module because of changed dependency.
[WARNING] File encoding has not been set, using platform encoding UTF-8, i.e. build is platform dependent!
[INFO] Compiling 4 source files with javac [debug release 21] to target/test-classes
[INFO] 
[INFO] --- surefire:3.5.5:test (default-test) @ quarkus3 ---
[INFO] Tests are skipped.
[INFO] 
[INFO] --- quarkus:3.32.2:build (default-build) @ quarkus3 ---
[INFO] [io.quarkus.deployment.pkg.jar.NativeImageSourceJarBuilder] Building native image source jar: /home/zakkak/spring-quarkus-perf-comparison/spring-quarkus-perf-comparison/quarkus3/target/quarkus3-native-image-source-jar/quarkus3-runner.jar
[INFO] [io.quarkus.deployment.pkg.steps.NativeImageBuildStep] Building native image from /home/zakkak/spring-quarkus-perf-comparison/spring-quarkus-perf-comparison/quarkus3/target/quarkus3-native-image-source-jar/quarkus3-runner.jar
[INFO] [io.quarkus.deployment.pkg.steps.NativeImageBuildStep] Running Quarkus native-image plugin on GRAALVM 25.1.0-dev JDK 25.0.1+8-jvmci-25.1-b14
[INFO] [io.quarkus.deployment.pkg.steps.NativeImageBuildRunner] /home/zakkak/code/graal-oracle/sdk/latest_graalvm_home/bin/native-image -J-DCoordinatorEnvironmentBean.transactionStatusManagerEnable=false -J-Dsun.nio.ch.maxUpdateArraySize=100 -J-Djava.util.logging.manager=org.jboss.logmanager.LogManager -J-Dvertx.logger-delegate-factory-class-name=io.quarkus.vertx.core.runtime.VertxLogDelegateFactory -J-Dvertx.disableDnsResolver=true -J-Dio.netty.leakDetection.level=DISABLED -J-Dio.netty.allocator.maxOrder=3 -J-Duser.language=en -J-Duser.country=IE -J-Dlogging.initial-configurator.min-level=500 -H:+UnlockExperimentalVMOptions -H:IncludeLocales=en-IE -H:-UnlockExperimentalVMOptions --enable-native-access=ALL-UNNAMED -J-Dfile.encoding=UTF-8 -J--add-exports=org.graalvm.nativeimage.builder/com.oracle.svm.core.jdk=ALL-UNNAMED --features=io.quarkus.jdbc.postgresql.runtime.graal.SQLXMLFeature,io.quarkus.hibernate.validator.runtime.DisableLoggingFeature,io.quarkus.runner.Feature,io.quarkus.runtime.graal.DisableLoggingFeature,io.quarkus.runtime.graal.JVMChecksFeature,io.quarkus.hibernate.orm.runtime.graal.RegisterServicesForReflectionFeature,io.quarkus.hibernate.orm.runtime.graal.DisableLoggingFeature,org.hibernate.graalvm.internal.GraalVMStaticFeature,io.quarkus.caffeine.runtime.graal.CacheConstructorsFeature,io.quarkus.runtime.graal.SkipConsoleServiceProvidersFeature -J--add-exports=java.security.jgss/sun.security.krb5=ALL-UNNAMED -J--add-exports=java.security.jgss/sun.security.jgss=ALL-UNNAMED -J--add-opens=java.base/java.text=ALL-UNNAMED -J--add-opens=java.base/java.io=ALL-UNNAMED -J--add-opens=java.base/java.lang.invoke=ALL-UNNAMED -J--add-opens=java.base/java.util=ALL-UNNAMED -H:+UnlockExperimentalVMOptions -H:BuildOutputJSONFile=quarkus3-runner-build-output-stats.json -H:-UnlockExperimentalVMOptions -H:+UnlockExperimentalVMOptions -H:+GenerateBuildArtifactsFile -H:-UnlockExperimentalVMOptions --future-defaults=none -H:+UnlockExperimentalVMOptions -H:+AllowFoldMethods -H:-UnlockExperimentalVMOptions -J-Djava.awt.headless=true --no-fallback --link-at-build-time -H:+UnlockExperimentalVMOptions -H:+ReportExceptionStackTraces -H:-UnlockExperimentalVMOptions -H:-AddAllCharsets --enable-url-protocols=http,https -H:NativeLinkerOption=-no-pie --enable-monitoring=heapdump,threaddump -H:+UnlockExperimentalVMOptions -H:-UseServiceLoaderFeature -H:-UnlockExperimentalVMOptions -J--add-exports=org.graalvm.nativeimage/org.graalvm.nativeimage.impl=ALL-UNNAMED --exclude-config io\.netty\.netty-codec /META-INF/native-image/io\.netty/netty-codec/generated/handlers/reflect-config\.json --exclude-config io\.netty\.netty-handler /META-INF/native-image/io\.netty/netty-handler/generated/handlers/reflect-config\.json quarkus3-runner -jar quarkus3-runner.jar
Warning: Using a deprecated option --no-fallback from command line. No effect, no replacement available
Warning: Option 'FallbackThreshold' is deprecated and might be removed in a future release: It no longer has any effect, and no replacement is available. Please refer to the GraalVM release notes.
Warning: Option 'DynamicProxyConfigurationResources' is deprecated and might be removed in a future release: This can be caused by a proxy-config.json file in your META-INF directory. Consider including proxy configuration in the reflection section of reachability-metadata.json instead.. Please refer to the GraalVM release notes.
========================================================================================================================
GraalVM Native Image: Generating 'quarkus3-runner' (executable)...
========================================================================================================================
For detailed information and explanations on the build output, visit:
https://github.com/oracle/graal/blob/master/docs/reference-manual/native-image/BuildOutput.md
------------------------------------------------------------------------------------------------------------------------
[1/8] Initializing...                                                                                   (4.0s @ 0.44GiB)
 Builder configuration:
 - Java version: 25.0.1+8, vendor version: GraalVM CE 25.1.0-dev+8.1
 - Graal compiler: optimization level: 2, target machine: x86-64-v3
 - C compiler: gcc (redhat, x86_64, 15.2.1)
 - Assertions: disabled, system assertions: disabled
 - 11 user-specific feature(s):
   - io.quarkus.caffeine.runtime.graal.CacheConstructorsFeature
   - io.quarkus.hibernate.orm.runtime.graal.DisableLoggingFeature: Disables INFO logging during the analysis phase
   - io.quarkus.hibernate.orm.runtime.graal.RegisterServicesForReflectionFeature: Makes methods of reachable Hibernate services accessible through Class#getMethods()
   - io.quarkus.hibernate.validator.runtime.DisableLoggingFeature: Disables INFO logging during the analysis phase for the [org.hibernate.validator.internal.util.Version] categories
   - io.quarkus.jdbc.postgresql.runtime.graal.SQLXMLFeature
   - io.quarkus.runner.Feature: Auto-generated class by Quarkus from the existing extensions
   - io.quarkus.runtime.graal.DisableLoggingFeature: Adapts logging during the analysis phase
   - io.quarkus.runtime.graal.JVMChecksFeature
   - io.quarkus.runtime.graal.SkipConsoleServiceProvidersFeature: Skip unsupported console service providers when quarkus.native.auto-service-loader-registration is false
   - org.eclipse.angus.activation.nativeimage.AngusActivationFeature
   - org.hibernate.graalvm.internal.GraalVMStaticFeature: Hibernate ORM's static reflection registrations for GraalVM
 Image configuration:
 - Garbage collector: Serial GC (max heap size: 80% of RAM)
 - Assertions: disabled (class-specific config may apply), system assertions: disabled
------------------------------------------------------------------------------------------------------------------------
 5 experimental option(s) unlocked:
 - '-H:+AllowFoldMethods' (origin(s): command line)
 - '-H:BuildOutputJSONFile' (origin(s): command line)
 - '-H:-UseServiceLoaderFeature' (origin(s): command line)
 - '-H:+GenerateBuildArtifactsFile' (origin(s): command line)
 - '-H:AddOpens' (alternative API option(s): --add-opens java.base/java.lang=ALL-UNNAMED; origin(s): command line)
------------------------------------------------------------------------------------------------------------------------
Build resources:
 - 30.00GiB of memory (48.4% of system memory, capped at 30GiB)
 - 32 thread(s) (100.0% of 32 available processor(s), determined at start)
[2/8] Performing analysis...  [********]                                                                (9.0s @ 2.52GiB)
   22,654 types,  29,176 fields, and 106,506 methods found reachable
    7,964 types,     169 fields, and   5,260 methods registered for reflection
       63 types,      69 fields, and      55 methods registered for JNI access
      105 resource accesses registered with 188.29KiB total size
        4 native libraries: dl, pthread, rt, z
[3/8] Building universe...                                                                              (2.7s @ 3.23GiB)
[4/8] Parsing methods...      [*]                                                                       (1.2s @ 2.71GiB)
[5/8] Inlining methods...     [****]                                                                    (0.8s @ 2.61GiB)
[6/8] Compiling methods...    [***]                                                                     (7.9s @ 2.16GiB)
[7/8] Laying out methods...   [***]                                                                     (5.9s @ 2.65GiB)
[8/8] Creating image...       [**]                                                                      (3.8s @ 2.99GiB)
  36.03MiB (41.77%) for code area:    71,257 compilation units
  43.88MiB (50.87%) for image heap:  500,428 objects and 16 resources
   6.35MiB ( 7.36%) for other data
  86.25MiB in total image size, 80.50MiB in total file size
------------------------------------------------------------------------------------------------------------------------
Top 10 origins of code area:                                Top 10 object types in image heap:
   1.52MiB java.base/sun.security.ssl                         11.52MiB byte[] for code metadata
   1.05MiB java.base/java.util                                 6.44MiB byte[] for string data
 852.68KiB o.g.n.runtime/com.oracle.svm.core.code              4.32MiB o.g.n.runtime/c.o.s.core.hub.DynamicHubCompanion
 697.23KiB java.base/com.sun.crypto.provider                   4.11MiB java.base/java.lang.String
 637.13KiB jdk.proxy4/jdk.proxy4                               3.36MiB java.base/java.lang.Class
 533.01KiB java.base/java.lang                                 1.43MiB byte[] for reflection metadata
 532.11KiB io.netty.buffer                                     1.31MiB byte[] for general heap data
 506.32KiB java.base/java.lang.invoke                        905.61KiB java.base/java.lang.Object[]
 468.03KiB org.postgresql.jdbc                               832.50KiB java.base/java.lang.reflect.Method
 460.62KiB org.hibernate.query.hql.internal                  798.91KiB o.g.n.runtime/c.o.s.c.h.ImageReflectionMetadata
  27.83MiB for 984 more packages                               8.90MiB for 5204 more object types
------------------------------------------------------------------------------------------------------------------------
Recommendations:
 FUTR: Use '--future-defaults=all' to prepare for future releases.
 HEAP: Set max heap for improved and more predictable memory usage.
 CPU:  Enable more CPU features with '-march=native' for improved performance.
------------------------------------------------------------------------------------------------------------------------
                       2.7s (7.4% of total time) in 291 GCs | Peak RSS: 4.68GiB | CPU load: 15.47
------------------------------------------------------------------------------------------------------------------------
Build artifacts:
 /home/zakkak/spring-quarkus-perf-comparison/spring-quarkus-perf-comparison/quarkus3/target/quarkus3-native-image-source-jar/build-artifacts.json (build_info, 92B)
 /home/zakkak/spring-quarkus-perf-comparison/spring-quarkus-perf-comparison/quarkus3/target/quarkus3-native-image-source-jar/quarkus3-runner (executable, 80.50MiB)
 /home/zakkak/spring-quarkus-perf-comparison/spring-quarkus-perf-comparison/quarkus3/target/quarkus3-native-image-source-jar/quarkus3-runner-build-output-stats.json (build_info, 1.00KiB)
========================================================================================================================
Finished generating 'quarkus3-runner' in 36.6s.

The build process encountered 3 warnings.

[INFO] [io.quarkus.deployment.pkg.steps.NativeImageBuildRunner] objcopy --strip-debug quarkus3-runner
[INFO] [io.quarkus.deployment.QuarkusAugmentor] Quarkus augmentation completed in 40387ms
[INFO] ------------------------------------------------------------------------
[INFO] BUILD SUCCESS
[INFO] ------------------------------------------------------------------------
[INFO] Total time:  43.886 s
[INFO] Finished at: 2026-03-11T16:30:43+02:00
[INFO] ------------------------------------------------------------------------
16:30:44,183 [ test-runner:run-tests-983 @ target-host ] for-each: ITERATION = 0
16:30:44,183 [ test-runner:run-tests-983 @ target-host ] queue-download: ${{REPO_DIR}}/logs/measure-rss-${{RUNTIME.name}}-${{ITERATION}}.log=/home/zakkak/spring-quarkus-perf-comparison/logs/measure-rss-quarkus3-native-0.log ../../20260311/none/target-host/
16:30:44,183 [ test-runner:run-tests-983 @ target-host ] script-cmd: start-test-services
16:30:44,183 [ test-runner:run-tests-983 @ target-host ] start-test-services
16:30:55,262 [ test-runner:run-tests-983 @ target-host ] /home/zakkak/spring-quarkus-perf-comparison/spring-quarkus-perf-comparison/scripts/infra.sh -c 3 -p '4-6' -s
Using podman to start containers
-----------------------------------------
[03/11/2026 16:30:44]: Starting services
-----------------------------------------
Starting PostgreSQL database 'fruits_db'
PostgreSQL DB process: 58713f6b02deabfc37491be64f8c3f90f7318bcf062b436d469c6cfcd2e010ac
Waiting for PostgreSQL to be ready...
localhost:5432 - no response
localhost:5432 - no response
localhost:5432 - accepting connections
16:30:55,262 [ test-runner:run-tests-983 @ target-host ] script-cmd: sync-drop-fs-cache
16:30:55,263 [ test-runner:run-tests-983 @ target-host ] sync-drop-fs-cache
16:30:55,263 [ test-runner:run-tests-983 @ target-host ] read-state: true
16:30:55,263 [ test-runner:run-tests-983 @ target-host ] regex: true
16:30:55,870 [ test-runner:run-tests-983 @ target-host ] sync
16:30:55,870 [ test-runner:run-tests-983 @ target-host ] script-cmd: sync-drop-fs-cache-${{os}}
16:30:55,870 [ test-runner:run-tests-983 @ target-host ] sync-drop-fs-cache-linux
16:30:55,870 [ test-runner:run-tests-983 @ target-host ] script-cmd: sudo
16:30:55,870 [ test-runner:run-tests-983 @ target-host ] sudo
16:30:55,870 [ test-runner:run-tests-983 @ target-host ] script-cmd: sudo-${{os}}
16:30:55,870 [ test-runner:run-tests-983 @ target-host ] sudo-linux
16:30:56,731 [ test-runner:run-tests-983 @ target-host ] sudo sh -c "echo 3 > /proc/sys/vm/drop_caches"
]3008;start=e935acfdc58046a8995f61db8f0484bf;user=zakkak;hostname=blanc;machineid=f469a615e9ef4e81b7d5be080a5de373;bootid=0e917e08584a49cb891ef04366e00ace;pid=193360;pidfdid=193361;comm=sudo;targetuser=root;sessionid=c147;type=session\]3008;end=e935acfdc58046a8995f61db8f0484bf\
16:30:57,134 [ test-runner:run-tests-983 @ target-host ] taskset --cpu-list 0-3 /home/zakkak/spring-quarkus-perf-comparison/spring-quarkus-perf-comparison/quarkus3/target/quarkus3-runner  &>/home/zakkak/spring-quarkus-perf-comparison/logs/measure-rss-quarkus3-native-0.log &
[1] 193391
16:30:57,536 [ test-runner:run-tests-983 @ target-host ] APP_PID=$!
16:30:59,949 [ test-runner:run-tests-983 @ target-host ] sleep 2
16:31:00,366 [ test-runner:run-tests-983 @ target-host ] pmap -x $APP_PID | grep total | awk '{print $4}'
68152
16:31:00,367 [ test-runner:run-tests-983 @ target-host ] set-state: RSS_STARTUP 68152
16:31:00,405 [ test-runner:run-tests-983 @ target-host ] script-cmd: state-array-push
16:31:00,405 [ test-runner:run-tests-983 @ target-host ] state-array-push
16:31:00,483 [ test-runner:run-tests-983 @ target-host ] set-state: RUN.output.results.quarkus3-native.rss.startup [66.5546875]
16:31:00,913 [ test-runner:run-tests-983 @ target-host ] curl -s  http://localhost:8080/fruits > /dev/null
16:31:01,319 [ test-runner:run-tests-983 @ target-host ] pmap -x $APP_PID | grep total | awk '{print $4}'
75132
16:31:01,319 [ test-runner:run-tests-983 @ target-host ] set-state: FIRST_REQUEST 75132
16:31:01,342 [ test-runner:run-tests-983 @ target-host ] script-cmd: state-array-push
16:31:01,342 [ test-runner:run-tests-983 @ target-host ] state-array-push
16:31:01,454 [ test-runner:run-tests-983 @ target-host ] set-state: RUN.output.results.quarkus3-native.rss.firstRequest [73.37109375]
16:31:01,956 [ test-runner:run-tests-983 @ target-host ] kill -15 $APP_PID
16:31:04,359 [ test-runner:run-tests-983 @ target-host ] sleep 2
16:31:04,359 [ test-runner:run-tests-983 @ target-host ] script-cmd: stop-test-services
16:31:04,359 [ test-runner:run-tests-983 @ target-host ] stop-test-services
16:31:04,997 [ test-runner:run-tests-983 @ target-host ] /home/zakkak/spring-quarkus-perf-comparison/spring-quarkus-perf-comparison/scripts/infra.sh -d
Using podman to stop containers
-----------------------------------------
[03/11/2026 16:31:04]: Stopping services
-----------------------------------------
Stopping PostgreSQL database 'fruits_db'
fruits_db
16:31:05,082 [ test-runner:run-tests-983 @ target-host ] for-each: ITERATION = 1
16:31:05,091 [ test-runner:run-tests-983 @ target-host ] queue-download: ${{REPO_DIR}}/logs/measure-rss-${{RUNTIME.name}}-${{ITERATION}}.log=/home/zakkak/spring-quarkus-perf-comparison/logs/measure-rss-quarkus3-native-1.log ../../20260311/none/target-host/
16:31:05,091 [ test-runner:run-tests-983 @ target-host ] script-cmd: start-test-services
16:31:05,092 [ test-runner:run-tests-983 @ target-host ] start-test-services
16:31:16,167 [ test-runner:run-tests-983 @ target-host ] /home/zakkak/spring-quarkus-perf-comparison/spring-quarkus-perf-comparison/scripts/infra.sh -c 3 -p '4-6' -s
Using podman to start containers
-----------------------------------------
[03/11/2026 16:31:05]: Starting services
-----------------------------------------
Starting PostgreSQL database 'fruits_db'
PostgreSQL DB process: 5e3cd35c02a0add4bafcc1509dcaf98a4b3dfed6a1abbc10a599300def06d21e
Waiting for PostgreSQL to be ready...
localhost:5432 - no response
localhost:5432 - no response
localhost:5432 - accepting connections
16:31:16,168 [ test-runner:run-tests-983 @ target-host ] script-cmd: sync-drop-fs-cache
16:31:16,168 [ test-runner:run-tests-983 @ target-host ] sync-drop-fs-cache
16:31:16,168 [ test-runner:run-tests-983 @ target-host ] read-state: true
16:31:16,168 [ test-runner:run-tests-983 @ target-host ] regex: true
16:31:16,720 [ test-runner:run-tests-983 @ target-host ] sync
16:31:16,721 [ test-runner:run-tests-983 @ target-host ] script-cmd: sync-drop-fs-cache-${{os}}
16:31:16,721 [ test-runner:run-tests-983 @ target-host ] sync-drop-fs-cache-linux
16:31:16,721 [ test-runner:run-tests-983 @ target-host ] script-cmd: sudo
16:31:16,721 [ test-runner:run-tests-983 @ target-host ] sudo
16:31:16,722 [ test-runner:run-tests-983 @ target-host ] script-cmd: sudo-${{os}}
16:31:16,722 [ test-runner:run-tests-983 @ target-host ] sudo-linux
16:31:17,498 [ test-runner:run-tests-983 @ target-host ] sudo sh -c "echo 3 > /proc/sys/vm/drop_caches"
]3008;start=28df4d76c50a4bffa1fc23758bf12535;user=zakkak;hostname=blanc;machineid=f469a615e9ef4e81b7d5be080a5de373;bootid=0e917e08584a49cb891ef04366e00ace;pid=193826;pidfdid=193827;comm=sudo;targetuser=root;sessionid=c148;type=session\]3008;end=28df4d76c50a4bffa1fc23758bf12535\
16:31:17,901 [ test-runner:run-tests-983 @ target-host ] taskset --cpu-list 0-3 /home/zakkak/spring-quarkus-perf-comparison/spring-quarkus-perf-comparison/quarkus3/target/quarkus3-runner  &>/home/zakkak/spring-quarkus-perf-comparison/logs/measure-rss-quarkus3-native-1.log &
[1] 193855
16:31:18,303 [ test-runner:run-tests-983 @ target-host ] APP_PID=$!
16:31:20,716 [ test-runner:run-tests-983 @ target-host ] sleep 2
16:31:21,125 [ test-runner:run-tests-983 @ target-host ] pmap -x $APP_PID | grep total | awk '{print $4}'
68096
16:31:21,125 [ test-runner:run-tests-983 @ target-host ] set-state: RSS_STARTUP 68096
16:31:21,164 [ test-runner:run-tests-983 @ target-host ] script-cmd: state-array-push
16:31:21,164 [ test-runner:run-tests-983 @ target-host ] state-array-push
16:31:21,220 [ test-runner:run-tests-983 @ target-host ] set-state: RUN.output.results.quarkus3-native.rss.startup [66.5546875,66.5]
16:31:21,649 [ test-runner:run-tests-983 @ target-host ] curl -s  http://localhost:8080/fruits > /dev/null
16:31:22,055 [ test-runner:run-tests-983 @ target-host ] pmap -x $APP_PID | grep total | awk '{print $4}'
75076
16:31:22,055 [ test-runner:run-tests-983 @ target-host ] set-state: FIRST_REQUEST 75076
16:31:22,085 [ test-runner:run-tests-983 @ target-host ] script-cmd: state-array-push
16:31:22,085 [ test-runner:run-tests-983 @ target-host ] state-array-push
16:31:22,141 [ test-runner:run-tests-983 @ target-host ] set-state: RUN.output.results.quarkus3-native.rss.firstRequest [73.37109375,73.31640625]
16:31:22,643 [ test-runner:run-tests-983 @ target-host ] kill -15 $APP_PID
16:31:25,046 [ test-runner:run-tests-983 @ target-host ] sleep 2
16:31:25,046 [ test-runner:run-tests-983 @ target-host ] script-cmd: stop-test-services
16:31:25,046 [ test-runner:run-tests-983 @ target-host ] stop-test-services
16:31:25,684 [ test-runner:run-tests-983 @ target-host ] /home/zakkak/spring-quarkus-perf-comparison/spring-quarkus-perf-comparison/scripts/infra.sh -d
Using podman to stop containers
-----------------------------------------
[03/11/2026 16:31:25]: Stopping services
-----------------------------------------
Stopping PostgreSQL database 'fruits_db'
fruits_db
16:31:25,754 [ test-runner:run-tests-983 @ target-host ] for-each: ITERATION = 2
16:31:25,763 [ test-runner:run-tests-983 @ target-host ] queue-download: ${{REPO_DIR}}/logs/measure-rss-${{RUNTIME.name}}-${{ITERATION}}.log=/home/zakkak/spring-quarkus-perf-comparison/logs/measure-rss-quarkus3-native-2.log ../../20260311/none/target-host/
16:31:25,763 [ test-runner:run-tests-983 @ target-host ] script-cmd: start-test-services
16:31:25,763 [ test-runner:run-tests-983 @ target-host ] start-test-services
16:31:36,869 [ test-runner:run-tests-983 @ target-host ] /home/zakkak/spring-quarkus-perf-comparison/spring-quarkus-perf-comparison/scripts/infra.sh -c 3 -p '4-6' -s
Using podman to start containers
-----------------------------------------
[03/11/2026 16:31:25]: Starting services
-----------------------------------------
Starting PostgreSQL database 'fruits_db'
PostgreSQL DB process: 9e3069f9e6176efa918712dabfdc965e4851b3de3f80d8137dcc5e32f770ea02
Waiting for PostgreSQL to be ready...
localhost:5432 - no response
localhost:5432 - no response
localhost:5432 - accepting connections
16:31:36,869 [ test-runner:run-tests-983 @ target-host ] script-cmd: sync-drop-fs-cache
16:31:36,869 [ test-runner:run-tests-983 @ target-host ] sync-drop-fs-cache
16:31:36,869 [ test-runner:run-tests-983 @ target-host ] read-state: true
16:31:36,869 [ test-runner:run-tests-983 @ target-host ] regex: true
16:31:37,474 [ test-runner:run-tests-983 @ target-host ] sync
16:31:37,474 [ test-runner:run-tests-983 @ target-host ] script-cmd: sync-drop-fs-cache-${{os}}
16:31:37,475 [ test-runner:run-tests-983 @ target-host ] sync-drop-fs-cache-linux
16:31:37,475 [ test-runner:run-tests-983 @ target-host ] script-cmd: sudo
16:31:37,475 [ test-runner:run-tests-983 @ target-host ] sudo
16:31:37,476 [ test-runner:run-tests-983 @ target-host ] script-cmd: sudo-${{os}}
16:31:37,476 [ test-runner:run-tests-983 @ target-host ] sudo-linux
16:31:38,272 [ test-runner:run-tests-983 @ target-host ] sudo sh -c "echo 3 > /proc/sys/vm/drop_caches"
]3008;start=ad7de730cb4640c0b13bbd350465f7b4;user=zakkak;hostname=blanc;machineid=f469a615e9ef4e81b7d5be080a5de373;bootid=0e917e08584a49cb891ef04366e00ace;pid=194283;pidfdid=194284;comm=sudo;targetuser=root;sessionid=c149;type=session\]3008;end=ad7de730cb4640c0b13bbd350465f7b4\
16:31:38,675 [ test-runner:run-tests-983 @ target-host ] taskset --cpu-list 0-3 /home/zakkak/spring-quarkus-perf-comparison/spring-quarkus-perf-comparison/quarkus3/target/quarkus3-runner  &>/home/zakkak/spring-quarkus-perf-comparison/logs/measure-rss-quarkus3-native-2.log &
[1] 194312
16:31:39,077 [ test-runner:run-tests-983 @ target-host ] APP_PID=$!
16:31:41,491 [ test-runner:run-tests-983 @ target-host ] sleep 2
16:31:41,910 [ test-runner:run-tests-983 @ target-host ] pmap -x $APP_PID | grep total | awk '{print $4}'
68100
16:31:41,910 [ test-runner:run-tests-983 @ target-host ] set-state: RSS_STARTUP 68100
16:31:41,940 [ test-runner:run-tests-983 @ target-host ] script-cmd: state-array-push
16:31:41,940 [ test-runner:run-tests-983 @ target-host ] state-array-push
16:31:41,978 [ test-runner:run-tests-983 @ target-host ] set-state: RUN.output.results.quarkus3-native.rss.startup [66.5546875,66.5,66.50390625]
16:31:42,415 [ test-runner:run-tests-983 @ target-host ] curl -s  http://localhost:8080/fruits > /dev/null
16:31:42,820 [ test-runner:run-tests-983 @ target-host ] pmap -x $APP_PID | grep total | awk '{print $4}'
75076
16:31:42,820 [ test-runner:run-tests-983 @ target-host ] set-state: FIRST_REQUEST 75076
16:31:42,839 [ test-runner:run-tests-983 @ target-host ] script-cmd: state-array-push
16:31:42,839 [ test-runner:run-tests-983 @ target-host ] state-array-push
16:31:42,875 [ test-runner:run-tests-983 @ target-host ] set-state: RUN.output.results.quarkus3-native.rss.firstRequest [73.37109375,73.31640625,73.31640625]
16:31:43,385 [ test-runner:run-tests-983 @ target-host ] kill -15 $APP_PID
16:31:45,788 [ test-runner:run-tests-983 @ target-host ] sleep 2
16:31:45,788 [ test-runner:run-tests-983 @ target-host ] script-cmd: stop-test-services
16:31:45,788 [ test-runner:run-tests-983 @ target-host ] stop-test-services
16:31:46,427 [ test-runner:run-tests-983 @ target-host ] /home/zakkak/spring-quarkus-perf-comparison/spring-quarkus-perf-comparison/scripts/infra.sh -d
Using podman to stop containers
-----------------------------------------
[03/11/2026 16:31:45]: Stopping services
-----------------------------------------
Stopping PostgreSQL database 'fruits_db'
fruits_db
16:31:46,481 [ test-runner:run-tests-983 @ target-host ] for-each: ITERATION = 3
16:31:46,484 [ test-runner:run-tests-983 @ target-host ] queue-download: ${{REPO_DIR}}/logs/measure-rss-${{RUNTIME.name}}-${{ITERATION}}.log=/home/zakkak/spring-quarkus-perf-comparison/logs/measure-rss-quarkus3-native-3.log ../../20260311/none/target-host/
16:31:46,484 [ test-runner:run-tests-983 @ target-host ] script-cmd: start-test-services
16:31:46,484 [ test-runner:run-tests-983 @ target-host ] start-test-services
16:31:57,566 [ test-runner:run-tests-983 @ target-host ] /home/zakkak/spring-quarkus-perf-comparison/spring-quarkus-perf-comparison/scripts/infra.sh -c 3 -p '4-6' -s
Using podman to start containers
-----------------------------------------
[03/11/2026 16:31:46]: Starting services
-----------------------------------------
Starting PostgreSQL database 'fruits_db'
PostgreSQL DB process: d1667254ef37926f4d1cd27f039f7464a1ae3bb683997e305d62ff38290e27e8
Waiting for PostgreSQL to be ready...
localhost:5432 - no response
localhost:5432 - no response
localhost:5432 - accepting connections
16:31:57,566 [ test-runner:run-tests-983 @ target-host ] script-cmd: sync-drop-fs-cache
16:31:57,566 [ test-runner:run-tests-983 @ target-host ] sync-drop-fs-cache
16:31:57,567 [ test-runner:run-tests-983 @ target-host ] read-state: true
16:31:57,567 [ test-runner:run-tests-983 @ target-host ] regex: true
16:31:58,128 [ test-runner:run-tests-983 @ target-host ] sync
16:31:58,128 [ test-runner:run-tests-983 @ target-host ] script-cmd: sync-drop-fs-cache-${{os}}
16:31:58,128 [ test-runner:run-tests-983 @ target-host ] sync-drop-fs-cache-linux
16:31:58,128 [ test-runner:run-tests-983 @ target-host ] script-cmd: sudo
16:31:58,128 [ test-runner:run-tests-983 @ target-host ] sudo
16:31:58,129 [ test-runner:run-tests-983 @ target-host ] script-cmd: sudo-${{os}}
16:31:58,129 [ test-runner:run-tests-983 @ target-host ] sudo-linux
16:31:58,918 [ test-runner:run-tests-983 @ target-host ] sudo sh -c "echo 3 > /proc/sys/vm/drop_caches"
]3008;start=834c0ac0cf1f4e4baf0fa329782c0867;user=zakkak;hostname=blanc;machineid=f469a615e9ef4e81b7d5be080a5de373;bootid=0e917e08584a49cb891ef04366e00ace;pid=194746;pidfdid=194747;comm=sudo;targetuser=root;sessionid=c150;type=session\]3008;end=834c0ac0cf1f4e4baf0fa329782c0867\
16:31:59,321 [ test-runner:run-tests-983 @ target-host ] taskset --cpu-list 0-3 /home/zakkak/spring-quarkus-perf-comparison/spring-quarkus-perf-comparison/quarkus3/target/quarkus3-runner  &>/home/zakkak/spring-quarkus-perf-comparison/logs/measure-rss-quarkus3-native-3.log &
[1] 194775
16:31:59,723 [ test-runner:run-tests-983 @ target-host ] APP_PID=$!
16:32:02,137 [ test-runner:run-tests-983 @ target-host ] sleep 2
16:32:02,556 [ test-runner:run-tests-983 @ target-host ] pmap -x $APP_PID | grep total | awk '{print $4}'
68088
16:32:02,556 [ test-runner:run-tests-983 @ target-host ] set-state: RSS_STARTUP 68088
16:32:02,585 [ test-runner:run-tests-983 @ target-host ] script-cmd: state-array-push
16:32:02,586 [ test-runner:run-tests-983 @ target-host ] state-array-push
16:32:02,622 [ test-runner:run-tests-983 @ target-host ] set-state: RUN.output.results.quarkus3-native.rss.startup [66.5546875,66.5,66.50390625,66.4921875]
16:32:03,059 [ test-runner:run-tests-983 @ target-host ] curl -s  http://localhost:8080/fruits > /dev/null
16:32:03,465 [ test-runner:run-tests-983 @ target-host ] pmap -x $APP_PID | grep total | awk '{print $4}'
75068
16:32:03,465 [ test-runner:run-tests-983 @ target-host ] set-state: FIRST_REQUEST 75068
16:32:03,488 [ test-runner:run-tests-983 @ target-host ] script-cmd: state-array-push
16:32:03,488 [ test-runner:run-tests-983 @ target-host ] state-array-push
16:32:03,533 [ test-runner:run-tests-983 @ target-host ] set-state: RUN.output.results.quarkus3-native.rss.firstRequest [73.37109375,73.31640625,73.31640625,73.30859375]
16:32:04,035 [ test-runner:run-tests-983 @ target-host ] kill -15 $APP_PID
16:32:06,438 [ test-runner:run-tests-983 @ target-host ] sleep 2
16:32:06,438 [ test-runner:run-tests-983 @ target-host ] script-cmd: stop-test-services
16:32:06,438 [ test-runner:run-tests-983 @ target-host ] stop-test-services
16:32:07,076 [ test-runner:run-tests-983 @ target-host ] /home/zakkak/spring-quarkus-perf-comparison/spring-quarkus-perf-comparison/scripts/infra.sh -d
Using podman to stop containers
-----------------------------------------
[03/11/2026 16:32:06]: Stopping services
-----------------------------------------
Stopping PostgreSQL database 'fruits_db'
fruits_db
16:32:07,131 [ test-runner:run-tests-983 @ target-host ] for-each: ITERATION = 4
16:32:07,133 [ test-runner:run-tests-983 @ target-host ] queue-download: ${{REPO_DIR}}/logs/measure-rss-${{RUNTIME.name}}-${{ITERATION}}.log=/home/zakkak/spring-quarkus-perf-comparison/logs/measure-rss-quarkus3-native-4.log ../../20260311/none/target-host/
16:32:07,134 [ test-runner:run-tests-983 @ target-host ] script-cmd: start-test-services
16:32:07,134 [ test-runner:run-tests-983 @ target-host ] start-test-services
16:32:18,225 [ test-runner:run-tests-983 @ target-host ] /home/zakkak/spring-quarkus-perf-comparison/spring-quarkus-perf-comparison/scripts/infra.sh -c 3 -p '4-6' -s
Using podman to start containers
-----------------------------------------
[03/11/2026 16:32:07]: Starting services
-----------------------------------------
Starting PostgreSQL database 'fruits_db'
PostgreSQL DB process: e18d12a02d543ea91ed622906525c77cbe3e542a074c96e17982ce639f43a597
Waiting for PostgreSQL to be ready...
localhost:5432 - no response
localhost:5432 - no response
localhost:5432 - accepting connections
16:32:18,225 [ test-runner:run-tests-983 @ target-host ] script-cmd: sync-drop-fs-cache
16:32:18,225 [ test-runner:run-tests-983 @ target-host ] sync-drop-fs-cache
16:32:18,225 [ test-runner:run-tests-983 @ target-host ] read-state: true
16:32:18,225 [ test-runner:run-tests-983 @ target-host ] regex: true
16:32:18,847 [ test-runner:run-tests-983 @ target-host ] sync
16:32:18,848 [ test-runner:run-tests-983 @ target-host ] script-cmd: sync-drop-fs-cache-${{os}}
16:32:18,848 [ test-runner:run-tests-983 @ target-host ] sync-drop-fs-cache-linux
16:32:18,848 [ test-runner:run-tests-983 @ target-host ] script-cmd: sudo
16:32:18,848 [ test-runner:run-tests-983 @ target-host ] sudo
16:32:18,848 [ test-runner:run-tests-983 @ target-host ] script-cmd: sudo-${{os}}
16:32:18,848 [ test-runner:run-tests-983 @ target-host ] sudo-linux
16:32:19,618 [ test-runner:run-tests-983 @ target-host ] sudo sh -c "echo 3 > /proc/sys/vm/drop_caches"
]3008;start=1dcff9b87d9f4d3ebea25fb82230b29f;user=zakkak;hostname=blanc;machineid=f469a615e9ef4e81b7d5be080a5de373;bootid=0e917e08584a49cb891ef04366e00ace;pid=195206;pidfdid=195207;comm=sudo;targetuser=root;sessionid=c151;type=session\]3008;end=1dcff9b87d9f4d3ebea25fb82230b29f\
16:32:20,030 [ test-runner:run-tests-983 @ target-host ] taskset --cpu-list 0-3 /home/zakkak/spring-quarkus-perf-comparison/spring-quarkus-perf-comparison/quarkus3/target/quarkus3-runner  &>/home/zakkak/spring-quarkus-perf-comparison/logs/measure-rss-quarkus3-native-4.log &
[1] 195236
16:32:20,431 [ test-runner:run-tests-983 @ target-host ] APP_PID=$!
16:32:22,844 [ test-runner:run-tests-983 @ target-host ] sleep 2
16:32:23,259 [ test-runner:run-tests-983 @ target-host ] pmap -x $APP_PID | grep total | awk '{print $4}'
67988
16:32:23,260 [ test-runner:run-tests-983 @ target-host ] set-state: RSS_STARTUP 67988
16:32:23,281 [ test-runner:run-tests-983 @ target-host ] script-cmd: state-array-push
16:32:23,281 [ test-runner:run-tests-983 @ target-host ] state-array-push
16:32:23,316 [ test-runner:run-tests-983 @ target-host ] set-state: RUN.output.results.quarkus3-native.rss.startup [66.5546875,66.5,66.50390625,66.4921875,66.39453125]
16:32:23,745 [ test-runner:run-tests-983 @ target-host ] curl -s  http://localhost:8080/fruits > /dev/null
16:32:24,151 [ test-runner:run-tests-983 @ target-host ] pmap -x $APP_PID | grep total | awk '{print $4}'
74968
16:32:24,151 [ test-runner:run-tests-983 @ target-host ] set-state: FIRST_REQUEST 74968
16:32:24,171 [ test-runner:run-tests-983 @ target-host ] script-cmd: state-array-push
16:32:24,171 [ test-runner:run-tests-983 @ target-host ] state-array-push
16:32:24,212 [ test-runner:run-tests-983 @ target-host ] set-state: RUN.output.results.quarkus3-native.rss.firstRequest [73.37109375,73.31640625,73.31640625,73.30859375,73.2109375]
16:32:24,714 [ test-runner:run-tests-983 @ target-host ] kill -15 $APP_PID
16:32:27,116 [ test-runner:run-tests-983 @ target-host ] sleep 2
16:32:27,116 [ test-runner:run-tests-983 @ target-host ] script-cmd: stop-test-services
16:32:27,116 [ test-runner:run-tests-983 @ target-host ] stop-test-services
16:32:27,784 [ test-runner:run-tests-983 @ target-host ] /home/zakkak/spring-quarkus-perf-comparison/spring-quarkus-perf-comparison/scripts/infra.sh -d
Using podman to stop containers
-----------------------------------------
[03/11/2026 16:32:27]: Stopping services
-----------------------------------------
Stopping PostgreSQL database 'fruits_db'
fruits_db
16:32:27,846 [ test-runner:run-tests-983 @ target-host ] for-each: ITERATION = 5
16:32:27,849 [ test-runner:run-tests-983 @ target-host ] queue-download: ${{REPO_DIR}}/logs/measure-rss-${{RUNTIME.name}}-${{ITERATION}}.log=/home/zakkak/spring-quarkus-perf-comparison/logs/measure-rss-quarkus3-native-5.log ../../20260311/none/target-host/
16:32:27,850 [ test-runner:run-tests-983 @ target-host ] script-cmd: start-test-services
16:32:27,850 [ test-runner:run-tests-983 @ target-host ] start-test-services
16:32:38,961 [ test-runner:run-tests-983 @ target-host ] /home/zakkak/spring-quarkus-perf-comparison/spring-quarkus-perf-comparison/scripts/infra.sh -c 3 -p '4-6' -s
Using podman to start containers
-----------------------------------------
[03/11/2026 16:32:27]: Starting services
-----------------------------------------
Starting PostgreSQL database 'fruits_db'
PostgreSQL DB process: d8783d2ae89a43bbd19b77bb3aaded75d6c2c172a79efe8c28e8c640441aea95
Waiting for PostgreSQL to be ready...
localhost:5432 - no response
localhost:5432 - no response
localhost:5432 - accepting connections
16:32:38,961 [ test-runner:run-tests-983 @ target-host ] script-cmd: sync-drop-fs-cache
16:32:38,961 [ test-runner:run-tests-983 @ target-host ] sync-drop-fs-cache
16:32:38,961 [ test-runner:run-tests-983 @ target-host ] read-state: true
16:32:38,961 [ test-runner:run-tests-983 @ target-host ] regex: true
16:32:39,573 [ test-runner:run-tests-983 @ target-host ] sync
16:32:39,574 [ test-runner:run-tests-983 @ target-host ] script-cmd: sync-drop-fs-cache-${{os}}
16:32:39,574 [ test-runner:run-tests-983 @ target-host ] sync-drop-fs-cache-linux
16:32:39,574 [ test-runner:run-tests-983 @ target-host ] script-cmd: sudo
16:32:39,574 [ test-runner:run-tests-983 @ target-host ] sudo
16:32:39,574 [ test-runner:run-tests-983 @ target-host ] script-cmd: sudo-${{os}}
16:32:39,574 [ test-runner:run-tests-983 @ target-host ] sudo-linux
16:32:40,352 [ test-runner:run-tests-983 @ target-host ] sudo sh -c "echo 3 > /proc/sys/vm/drop_caches"
]3008;start=1131f264807c447e815888566be06387;user=zakkak;hostname=blanc;machineid=f469a615e9ef4e81b7d5be080a5de373;bootid=0e917e08584a49cb891ef04366e00ace;pid=195672;pidfdid=195673;comm=sudo;targetuser=root;sessionid=c152;type=session\]3008;end=1131f264807c447e815888566be06387\
16:32:40,755 [ test-runner:run-tests-983 @ target-host ] taskset --cpu-list 0-3 /home/zakkak/spring-quarkus-perf-comparison/spring-quarkus-perf-comparison/quarkus3/target/quarkus3-runner  &>/home/zakkak/spring-quarkus-perf-comparison/logs/measure-rss-quarkus3-native-5.log &
[1] 195701
16:32:41,157 [ test-runner:run-tests-983 @ target-host ] APP_PID=$!
16:32:43,574 [ test-runner:run-tests-983 @ target-host ] sleep 2
16:32:43,993 [ test-runner:run-tests-983 @ target-host ] pmap -x $APP_PID | grep total | awk '{print $4}'
68104
16:32:43,993 [ test-runner:run-tests-983 @ target-host ] set-state: RSS_STARTUP 68104
16:32:44,022 [ test-runner:run-tests-983 @ target-host ] script-cmd: state-array-push
16:32:44,022 [ test-runner:run-tests-983 @ target-host ] state-array-push
16:32:44,057 [ test-runner:run-tests-983 @ target-host ] set-state: RUN.output.results.quarkus3-native.rss.startup [66.5546875,66.5,66.50390625,66.4921875,66.39453125,66.5078125]
16:32:44,491 [ test-runner:run-tests-983 @ target-host ] curl -s  http://localhost:8080/fruits > /dev/null
16:32:44,897 [ test-runner:run-tests-983 @ target-host ] pmap -x $APP_PID | grep total | awk '{print $4}'
75084
16:32:44,897 [ test-runner:run-tests-983 @ target-host ] set-state: FIRST_REQUEST 75084
16:32:44,916 [ test-runner:run-tests-983 @ target-host ] script-cmd: state-array-push
16:32:44,916 [ test-runner:run-tests-983 @ target-host ] state-array-push
16:32:44,952 [ test-runner:run-tests-983 @ target-host ] set-state: RUN.output.results.quarkus3-native.rss.firstRequest [73.37109375,73.31640625,73.31640625,73.30859375,73.2109375,73.32421875]
16:32:45,454 [ test-runner:run-tests-983 @ target-host ] kill -15 $APP_PID
16:32:47,857 [ test-runner:run-tests-983 @ target-host ] sleep 2
16:32:47,857 [ test-runner:run-tests-983 @ target-host ] script-cmd: stop-test-services
16:32:47,857 [ test-runner:run-tests-983 @ target-host ] stop-test-services
16:32:48,509 [ test-runner:run-tests-983 @ target-host ] /home/zakkak/spring-quarkus-perf-comparison/spring-quarkus-perf-comparison/scripts/infra.sh -d
Using podman to stop containers
-----------------------------------------
[03/11/2026 16:32:47]: Stopping services
-----------------------------------------
Stopping PostgreSQL database 'fruits_db'
fruits_db
16:32:48,567 [ test-runner:run-tests-983 @ target-host ] for-each: ITERATION = 6
16:32:48,575 [ test-runner:run-tests-983 @ target-host ] queue-download: ${{REPO_DIR}}/logs/measure-rss-${{RUNTIME.name}}-${{ITERATION}}.log=/home/zakkak/spring-quarkus-perf-comparison/logs/measure-rss-quarkus3-native-6.log ../../20260311/none/target-host/
16:32:48,575 [ test-runner:run-tests-983 @ target-host ] script-cmd: start-test-services
16:32:48,575 [ test-runner:run-tests-983 @ target-host ] start-test-services
16:32:59,659 [ test-runner:run-tests-983 @ target-host ] /home/zakkak/spring-quarkus-perf-comparison/spring-quarkus-perf-comparison/scripts/infra.sh -c 3 -p '4-6' -s
Using podman to start containers
-----------------------------------------
[03/11/2026 16:32:48]: Starting services
-----------------------------------------
Starting PostgreSQL database 'fruits_db'
PostgreSQL DB process: 96e90cd5874514d563b0165789391c6971054a088ab29905f287664d7a9b1540
Waiting for PostgreSQL to be ready...
localhost:5432 - no response
localhost:5432 - no response
localhost:5432 - accepting connections
16:32:59,659 [ test-runner:run-tests-983 @ target-host ] script-cmd: sync-drop-fs-cache
16:32:59,659 [ test-runner:run-tests-983 @ target-host ] sync-drop-fs-cache
16:32:59,659 [ test-runner:run-tests-983 @ target-host ] read-state: true
16:32:59,659 [ test-runner:run-tests-983 @ target-host ] regex: true
16:33:00,276 [ test-runner:run-tests-983 @ target-host ] sync
16:33:00,276 [ test-runner:run-tests-983 @ target-host ] script-cmd: sync-drop-fs-cache-${{os}}
16:33:00,276 [ test-runner:run-tests-983 @ target-host ] sync-drop-fs-cache-linux
16:33:00,276 [ test-runner:run-tests-983 @ target-host ] script-cmd: sudo
16:33:00,276 [ test-runner:run-tests-983 @ target-host ] sudo
16:33:00,276 [ test-runner:run-tests-983 @ target-host ] script-cmd: sudo-${{os}}
16:33:00,276 [ test-runner:run-tests-983 @ target-host ] sudo-linux
16:33:01,050 [ test-runner:run-tests-983 @ target-host ] sudo sh -c "echo 3 > /proc/sys/vm/drop_caches"
]3008;start=bc816c3d7a7e42e2b1616994410b5f77;user=zakkak;hostname=blanc;machineid=f469a615e9ef4e81b7d5be080a5de373;bootid=0e917e08584a49cb891ef04366e00ace;pid=196129;pidfdid=196130;comm=sudo;targetuser=root;sessionid=c153;type=session\]3008;end=bc816c3d7a7e42e2b1616994410b5f77\
16:33:01,453 [ test-runner:run-tests-983 @ target-host ] taskset --cpu-list 0-3 /home/zakkak/spring-quarkus-perf-comparison/spring-quarkus-perf-comparison/quarkus3/target/quarkus3-runner  &>/home/zakkak/spring-quarkus-perf-comparison/logs/measure-rss-quarkus3-native-6.log &
[1] 196160
16:33:01,854 [ test-runner:run-tests-983 @ target-host ] APP_PID=$!
16:33:04,267 [ test-runner:run-tests-983 @ target-host ] sleep 2
16:33:04,684 [ test-runner:run-tests-983 @ target-host ] pmap -x $APP_PID | grep total | awk '{print $4}'
68088
16:33:04,684 [ test-runner:run-tests-983 @ target-host ] set-state: RSS_STARTUP 68088
16:33:04,705 [ test-runner:run-tests-983 @ target-host ] script-cmd: state-array-push
16:33:04,705 [ test-runner:run-tests-983 @ target-host ] state-array-push
16:33:04,752 [ test-runner:run-tests-983 @ target-host ] set-state: RUN.output.results.quarkus3-native.rss.startup [66.5546875,66.5,66.50390625,66.4921875,66.39453125,66.5078125,66.4921875]
16:33:05,183 [ test-runner:run-tests-983 @ target-host ] curl -s  http://localhost:8080/fruits > /dev/null
16:33:05,589 [ test-runner:run-tests-983 @ target-host ] pmap -x $APP_PID | grep total | awk '{print $4}'
75068
16:33:05,589 [ test-runner:run-tests-983 @ target-host ] set-state: FIRST_REQUEST 75068
16:33:05,607 [ test-runner:run-tests-983 @ target-host ] script-cmd: state-array-push
16:33:05,608 [ test-runner:run-tests-983 @ target-host ] state-array-push
16:33:05,645 [ test-runner:run-tests-983 @ target-host ] set-state: RUN.output.results.quarkus3-native.rss.firstRequest [73.37109375,73.31640625,73.31640625,73.30859375,73.2109375,73.32421875,73.30859375]
16:33:06,146 [ test-runner:run-tests-983 @ target-host ] kill -15 $APP_PID
16:33:08,549 [ test-runner:run-tests-983 @ target-host ] sleep 2
16:33:08,549 [ test-runner:run-tests-983 @ target-host ] script-cmd: stop-test-services
16:33:08,549 [ test-runner:run-tests-983 @ target-host ] stop-test-services
16:33:09,200 [ test-runner:run-tests-983 @ target-host ] /home/zakkak/spring-quarkus-perf-comparison/spring-quarkus-perf-comparison/scripts/infra.sh -d
Using podman to stop containers
-----------------------------------------
[03/11/2026 16:33:08]: Stopping services
-----------------------------------------
Stopping PostgreSQL database 'fruits_db'
fruits_db
16:33:09,278 [ test-runner:run-tests-983 @ target-host ] for-each: ITERATION = 7
16:33:09,287 [ test-runner:run-tests-983 @ target-host ] queue-download: ${{REPO_DIR}}/logs/measure-rss-${{RUNTIME.name}}-${{ITERATION}}.log=/home/zakkak/spring-quarkus-perf-comparison/logs/measure-rss-quarkus3-native-7.log ../../20260311/none/target-host/
16:33:09,287 [ test-runner:run-tests-983 @ target-host ] script-cmd: start-test-services
16:33:09,287 [ test-runner:run-tests-983 @ target-host ] start-test-services
16:33:20,364 [ test-runner:run-tests-983 @ target-host ] /home/zakkak/spring-quarkus-perf-comparison/spring-quarkus-perf-comparison/scripts/infra.sh -c 3 -p '4-6' -s
Using podman to start containers
-----------------------------------------
[03/11/2026 16:33:09]: Starting services
-----------------------------------------
Starting PostgreSQL database 'fruits_db'
PostgreSQL DB process: 89c4f9c17ec793319b23e8b7204fc128a1977c1b8dc47caa4727521529b0845c
Waiting for PostgreSQL to be ready...
localhost:5432 - no response
localhost:5432 - no response
localhost:5432 - accepting connections
16:33:20,364 [ test-runner:run-tests-983 @ target-host ] script-cmd: sync-drop-fs-cache
16:33:20,364 [ test-runner:run-tests-983 @ target-host ] sync-drop-fs-cache
16:33:20,365 [ test-runner:run-tests-983 @ target-host ] read-state: true
16:33:20,365 [ test-runner:run-tests-983 @ target-host ] regex: true
16:33:20,934 [ test-runner:run-tests-983 @ target-host ] sync
16:33:20,934 [ test-runner:run-tests-983 @ target-host ] script-cmd: sync-drop-fs-cache-${{os}}
16:33:20,934 [ test-runner:run-tests-983 @ target-host ] sync-drop-fs-cache-linux
16:33:20,934 [ test-runner:run-tests-983 @ target-host ] script-cmd: sudo
16:33:20,934 [ test-runner:run-tests-983 @ target-host ] sudo
16:33:20,935 [ test-runner:run-tests-983 @ target-host ] script-cmd: sudo-${{os}}
16:33:20,935 [ test-runner:run-tests-983 @ target-host ] sudo-linux
16:33:21,695 [ test-runner:run-tests-983 @ target-host ] sudo sh -c "echo 3 > /proc/sys/vm/drop_caches"
]3008;start=27a1c1de1fcf416991f4dab1af7a9edf;user=zakkak;hostname=blanc;machineid=f469a615e9ef4e81b7d5be080a5de373;bootid=0e917e08584a49cb891ef04366e00ace;pid=196583;pidfdid=196584;comm=sudo;targetuser=root;sessionid=c154;type=session\]3008;end=27a1c1de1fcf416991f4dab1af7a9edf\
16:33:22,098 [ test-runner:run-tests-983 @ target-host ] taskset --cpu-list 0-3 /home/zakkak/spring-quarkus-perf-comparison/spring-quarkus-perf-comparison/quarkus3/target/quarkus3-runner  &>/home/zakkak/spring-quarkus-perf-comparison/logs/measure-rss-quarkus3-native-7.log &
[1] 196612
16:33:22,500 [ test-runner:run-tests-983 @ target-host ] APP_PID=$!
16:33:24,913 [ test-runner:run-tests-983 @ target-host ] sleep 2
16:33:25,330 [ test-runner:run-tests-983 @ target-host ] pmap -x $APP_PID | grep total | awk '{print $4}'
68100
16:33:25,331 [ test-runner:run-tests-983 @ target-host ] set-state: RSS_STARTUP 68100
16:33:25,368 [ test-runner:run-tests-983 @ target-host ] script-cmd: state-array-push
16:33:25,368 [ test-runner:run-tests-983 @ target-host ] state-array-push
16:33:25,425 [ test-runner:run-tests-983 @ target-host ] set-state: RUN.output.results.quarkus3-native.rss.startup [66.5546875,66.5,66.50390625,66.4921875,66.39453125,66.5078125,66.4921875,66.50390625]
16:33:25,854 [ test-runner:run-tests-983 @ target-host ] curl -s  http://localhost:8080/fruits > /dev/null
16:33:26,260 [ test-runner:run-tests-983 @ target-host ] pmap -x $APP_PID | grep total | awk '{print $4}'
75080
16:33:26,260 [ test-runner:run-tests-983 @ target-host ] set-state: FIRST_REQUEST 75080
16:33:26,288 [ test-runner:run-tests-983 @ target-host ] script-cmd: state-array-push
16:33:26,288 [ test-runner:run-tests-983 @ target-host ] state-array-push
16:33:26,342 [ test-runner:run-tests-983 @ target-host ] set-state: RUN.output.results.quarkus3-native.rss.firstRequest [73.37109375,73.31640625,73.31640625,73.30859375,73.2109375,73.32421875,73.30859375,73.3203125]
16:33:26,844 [ test-runner:run-tests-983 @ target-host ] kill -15 $APP_PID
16:33:29,247 [ test-runner:run-tests-983 @ target-host ] sleep 2
16:33:29,247 [ test-runner:run-tests-983 @ target-host ] script-cmd: stop-test-services
16:33:29,247 [ test-runner:run-tests-983 @ target-host ] stop-test-services
16:33:29,902 [ test-runner:run-tests-983 @ target-host ] /home/zakkak/spring-quarkus-perf-comparison/spring-quarkus-perf-comparison/scripts/infra.sh -d
Using podman to stop containers
-----------------------------------------
[03/11/2026 16:33:29]: Stopping services
-----------------------------------------
Stopping PostgreSQL database 'fruits_db'
fruits_db
16:33:29,983 [ test-runner:run-tests-983 @ target-host ] for-each: ITERATION = 8
16:33:29,992 [ test-runner:run-tests-983 @ target-host ] queue-download: ${{REPO_DIR}}/logs/measure-rss-${{RUNTIME.name}}-${{ITERATION}}.log=/home/zakkak/spring-quarkus-perf-comparison/logs/measure-rss-quarkus3-native-8.log ../../20260311/none/target-host/
16:33:29,993 [ test-runner:run-tests-983 @ target-host ] script-cmd: start-test-services
16:33:29,993 [ test-runner:run-tests-983 @ target-host ] start-test-services
16:33:41,073 [ test-runner:run-tests-983 @ target-host ] /home/zakkak/spring-quarkus-perf-comparison/spring-quarkus-perf-comparison/scripts/infra.sh -c 3 -p '4-6' -s
Using podman to start containers
-----------------------------------------
[03/11/2026 16:33:29]: Starting services
-----------------------------------------
Starting PostgreSQL database 'fruits_db'
PostgreSQL DB process: d94f202db4bee7709e3819f6653e92a9b61928186ec8dbc289bed9ec0530e82b
Waiting for PostgreSQL to be ready...
localhost:5432 - no response
localhost:5432 - no response
localhost:5432 - accepting connections
16:33:41,073 [ test-runner:run-tests-983 @ target-host ] script-cmd: sync-drop-fs-cache
16:33:41,073 [ test-runner:run-tests-983 @ target-host ] sync-drop-fs-cache
16:33:41,073 [ test-runner:run-tests-983 @ target-host ] read-state: true
16:33:41,074 [ test-runner:run-tests-983 @ target-host ] regex: true
16:33:41,699 [ test-runner:run-tests-983 @ target-host ] sync
16:33:41,700 [ test-runner:run-tests-983 @ target-host ] script-cmd: sync-drop-fs-cache-${{os}}
16:33:41,700 [ test-runner:run-tests-983 @ target-host ] sync-drop-fs-cache-linux
16:33:41,700 [ test-runner:run-tests-983 @ target-host ] script-cmd: sudo
16:33:41,700 [ test-runner:run-tests-983 @ target-host ] sudo
16:33:41,700 [ test-runner:run-tests-983 @ target-host ] script-cmd: sudo-${{os}}
16:33:41,700 [ test-runner:run-tests-983 @ target-host ] sudo-linux
16:33:42,471 [ test-runner:run-tests-983 @ target-host ] sudo sh -c "echo 3 > /proc/sys/vm/drop_caches"
]3008;start=787ad9062628445492cee8c0bbf04685;user=zakkak;hostname=blanc;machineid=f469a615e9ef4e81b7d5be080a5de373;bootid=0e917e08584a49cb891ef04366e00ace;pid=197052;pidfdid=197053;comm=sudo;targetuser=root;sessionid=c155;type=session\]3008;end=787ad9062628445492cee8c0bbf04685\
16:33:42,875 [ test-runner:run-tests-983 @ target-host ] taskset --cpu-list 0-3 /home/zakkak/spring-quarkus-perf-comparison/spring-quarkus-perf-comparison/quarkus3/target/quarkus3-runner  &>/home/zakkak/spring-quarkus-perf-comparison/logs/measure-rss-quarkus3-native-8.log &
[1] 197080
16:33:43,285 [ test-runner:run-tests-983 @ target-host ] APP_PID=$!
16:33:45,698 [ test-runner:run-tests-983 @ target-host ] sleep 2
16:33:46,107 [ test-runner:run-tests-983 @ target-host ] pmap -x $APP_PID | grep total | awk '{print $4}'
67960
16:33:46,107 [ test-runner:run-tests-983 @ target-host ] set-state: RSS_STARTUP 67960
16:33:46,149 [ test-runner:run-tests-983 @ target-host ] script-cmd: state-array-push
16:33:46,149 [ test-runner:run-tests-983 @ target-host ] state-array-push
16:33:46,202 [ test-runner:run-tests-983 @ target-host ] set-state: RUN.output.results.quarkus3-native.rss.startup [66.5546875,66.5,66.50390625,66.4921875,66.39453125,66.5078125,66.4921875,66.50390625,66.3671875]
16:33:46,635 [ test-runner:run-tests-983 @ target-host ] curl -s  http://localhost:8080/fruits > /dev/null
16:33:47,041 [ test-runner:run-tests-983 @ target-host ] pmap -x $APP_PID | grep total | awk '{print $4}'
74940
16:33:47,041 [ test-runner:run-tests-983 @ target-host ] set-state: FIRST_REQUEST 74940
16:33:47,058 [ test-runner:run-tests-983 @ target-host ] script-cmd: state-array-push
16:33:47,058 [ test-runner:run-tests-983 @ target-host ] state-array-push
16:33:47,092 [ test-runner:run-tests-983 @ target-host ] set-state: RUN.output.results.quarkus3-native.rss.firstRequest [73.37109375,73.31640625,73.31640625,73.30859375,73.2109375,73.32421875,73.30859375,73.3203125,73.18359375]
16:33:47,594 [ test-runner:run-tests-983 @ target-host ] kill -15 $APP_PID
16:33:49,997 [ test-runner:run-tests-983 @ target-host ] sleep 2
16:33:49,997 [ test-runner:run-tests-983 @ target-host ] script-cmd: stop-test-services
16:33:49,997 [ test-runner:run-tests-983 @ target-host ] stop-test-services
16:33:50,646 [ test-runner:run-tests-983 @ target-host ] /home/zakkak/spring-quarkus-perf-comparison/spring-quarkus-perf-comparison/scripts/infra.sh -d
Using podman to stop containers
-----------------------------------------
[03/11/2026 16:33:50]: Stopping services
-----------------------------------------
Stopping PostgreSQL database 'fruits_db'
fruits_db
16:33:50,699 [ test-runner:run-tests-983 @ target-host ] for-each: ITERATION = 9
16:33:50,700 [ test-runner:run-tests-983 @ target-host ] queue-download: ${{REPO_DIR}}/logs/measure-rss-${{RUNTIME.name}}-${{ITERATION}}.log=/home/zakkak/spring-quarkus-perf-comparison/logs/measure-rss-quarkus3-native-9.log ../../20260311/none/target-host/
16:33:50,700 [ test-runner:run-tests-983 @ target-host ] script-cmd: start-test-services
16:33:50,700 [ test-runner:run-tests-983 @ target-host ] start-test-services
16:34:01,792 [ test-runner:run-tests-983 @ target-host ] /home/zakkak/spring-quarkus-perf-comparison/spring-quarkus-perf-comparison/scripts/infra.sh -c 3 -p '4-6' -s
Using podman to start containers
-----------------------------------------
[03/11/2026 16:33:50]: Starting services
-----------------------------------------
Starting PostgreSQL database 'fruits_db'
PostgreSQL DB process: 42058fd5ecb332ef3de098e8e0f60eed4faf6b14e9f0bcb1b3d0db7cb4388590
Waiting for PostgreSQL to be ready...
localhost:5432 - no response
localhost:5432 - no response
localhost:5432 - accepting connections
16:34:01,792 [ test-runner:run-tests-983 @ target-host ] script-cmd: sync-drop-fs-cache
16:34:01,792 [ test-runner:run-tests-983 @ target-host ] sync-drop-fs-cache
16:34:01,792 [ test-runner:run-tests-983 @ target-host ] read-state: true
16:34:01,792 [ test-runner:run-tests-983 @ target-host ] regex: true
16:34:02,412 [ test-runner:run-tests-983 @ target-host ] sync
16:34:02,413 [ test-runner:run-tests-983 @ target-host ] script-cmd: sync-drop-fs-cache-${{os}}
16:34:02,413 [ test-runner:run-tests-983 @ target-host ] sync-drop-fs-cache-linux
16:34:02,413 [ test-runner:run-tests-983 @ target-host ] script-cmd: sudo
16:34:02,413 [ test-runner:run-tests-983 @ target-host ] sudo
16:34:02,413 [ test-runner:run-tests-983 @ target-host ] script-cmd: sudo-${{os}}
16:34:02,413 [ test-runner:run-tests-983 @ target-host ] sudo-linux
16:34:03,218 [ test-runner:run-tests-983 @ target-host ] sudo sh -c "echo 3 > /proc/sys/vm/drop_caches"
]3008;start=9d463f9815814eb8ad8dbe53c83059c3;user=zakkak;hostname=blanc;machineid=f469a615e9ef4e81b7d5be080a5de373;bootid=0e917e08584a49cb891ef04366e00ace;pid=197508;pidfdid=197509;comm=sudo;targetuser=root;sessionid=c156;type=session\]3008;end=9d463f9815814eb8ad8dbe53c83059c3\
16:34:03,630 [ test-runner:run-tests-983 @ target-host ] taskset --cpu-list 0-3 /home/zakkak/spring-quarkus-perf-comparison/spring-quarkus-perf-comparison/quarkus3/target/quarkus3-runner  &>/home/zakkak/spring-quarkus-perf-comparison/logs/measure-rss-quarkus3-native-9.log &
[1] 197535
16:34:04,031 [ test-runner:run-tests-983 @ target-host ] APP_PID=$!
16:34:06,444 [ test-runner:run-tests-983 @ target-host ] sleep 2
16:34:06,861 [ test-runner:run-tests-983 @ target-host ] pmap -x $APP_PID | grep total | awk '{print $4}'
68092
16:34:06,861 [ test-runner:run-tests-983 @ target-host ] set-state: RSS_STARTUP 68092
16:34:06,888 [ test-runner:run-tests-983 @ target-host ] script-cmd: state-array-push
16:34:06,888 [ test-runner:run-tests-983 @ target-host ] state-array-push
16:34:06,923 [ test-runner:run-tests-983 @ target-host ] set-state: RUN.output.results.quarkus3-native.rss.startup [66.5546875,66.5,66.50390625,66.4921875,66.39453125,66.5078125,66.4921875,66.50390625,66.3671875,66.49609375]
16:34:07,352 [ test-runner:run-tests-983 @ target-host ] curl -s  http://localhost:8080/fruits > /dev/null
16:34:07,758 [ test-runner:run-tests-983 @ target-host ] pmap -x $APP_PID | grep total | awk '{print $4}'
75076
16:34:07,758 [ test-runner:run-tests-983 @ target-host ] set-state: FIRST_REQUEST 75076
16:34:07,776 [ test-runner:run-tests-983 @ target-host ] script-cmd: state-array-push
16:34:07,776 [ test-runner:run-tests-983 @ target-host ] state-array-push
16:34:07,810 [ test-runner:run-tests-983 @ target-host ] set-state: RUN.output.results.quarkus3-native.rss.firstRequest [73.37109375,73.31640625,73.31640625,73.30859375,73.2109375,73.32421875,73.30859375,73.3203125,73.18359375,73.31640625]
16:34:08,312 [ test-runner:run-tests-983 @ target-host ] kill -15 $APP_PID
16:34:10,714 [ test-runner:run-tests-983 @ target-host ] sleep 2
16:34:10,715 [ test-runner:run-tests-983 @ target-host ] script-cmd: stop-test-services
16:34:10,715 [ test-runner:run-tests-983 @ target-host ] stop-test-services
16:34:11,368 [ test-runner:run-tests-983 @ target-host ] /home/zakkak/spring-quarkus-perf-comparison/spring-quarkus-perf-comparison/scripts/infra.sh -d
Using podman to stop containers
-----------------------------------------
[03/11/2026 16:34:10]: Stopping services
-----------------------------------------
Stopping PostgreSQL database 'fruits_db'
fruits_db
16:34:11,430 [ test-runner:run-tests-983 @ target-host ] for-each: ITERATION
16:34:11,430 [ test-runner:run-tests-983 @ target-host ] script-cmd: state-array-calc-avg
16:34:11,431 [ test-runner:run-tests-983 @ target-host ] state-array-calc-avg
16:34:11,468 [ test-runner:run-tests-983 @ target-host ] set-state: RUN.output.results.quarkus3-native.rss.avStartupRss 66.48125
16:34:11,468 [ test-runner:run-tests-983 @ target-host ] script-cmd: state-array-calc-avg
16:34:11,469 [ test-runner:run-tests-983 @ target-host ] state-array-calc-avg
16:34:11,502 [ test-runner:run-tests-983 @ target-host ] set-state: RUN.output.results.quarkus3-native.rss.avFirstRequestRss 73.29765625
16:34:11,502 [ test-runner:run-tests-983 @ target-host ] for-each: TEST = run-load-test
16:34:11,503 [ test-runner:run-tests-983 @ target-host ] script-cmd: ${{TEST}}
16:34:11,503 [ test-runner:run-tests-983 @ target-host ] run-load-test
16:34:11,503 [ test-runner:run-tests-983 @ target-host ] Running workload
16:34:11,905 [ test-runner:run-tests-983 @ target-host ] cd /home/zakkak/spring-quarkus-perf-comparison/spring-quarkus-perf-comparison/quarkus3
16:34:57,095 [ test-runner:run-tests-983 @ target-host ] ./mvnw  clean package -DskipTests -Pnative -Dquarkus.native.additional-build-args-append=--future-defaults=none
[INFO] Scanning for projects...
[WARNING] Quarkus Maven extension: an explicit 'argLine' is defined in maven-surefire-plugin config, but does not contain '@{argLine}': we will not be able to inject JVM parameters automatically. Please add '@{argLine}' to the argLine configuration you have defined.
[INFO] 
[INFO] -------------------------< org.acme:quarkus3 >--------------------------
[INFO] Building quarkus3 1.0
[INFO]   from pom.xml
[INFO] ------------------------------[ quarkus ]-------------------------------
[INFO] 
[INFO] --- clean:3.2.0:clean (default-clean) @ quarkus3 ---
[INFO] Deleting /home/zakkak/spring-quarkus-perf-comparison/spring-quarkus-perf-comparison/quarkus3/target
[INFO] 
[INFO] --- resources:3.3.1:resources (default-resources) @ quarkus3 ---
[WARNING] Using platform encoding (UTF-8 actually) to copy filtered resources, i.e. build is platform dependent!
[INFO] Copying 2 resources from src/main/resources to target/classes
[INFO] 
[INFO] --- quarkus:3.32.2:generate-code (default-generate-code) @ quarkus3 ---
[INFO] 
[INFO] --- compiler:3.15.0:compile (default-compile) @ quarkus3 ---
[INFO] Recompiling the module because of changed source code.
[WARNING] File encoding has not been set, using platform encoding UTF-8, i.e. build is platform dependent!
[INFO] Compiling 16 source files with javac [debug release 21] to target/classes
[INFO] 
[INFO] --- resources:3.3.1:testResources (default-testResources) @ quarkus3 ---
[WARNING] Using platform encoding (UTF-8 actually) to copy filtered resources, i.e. build is platform dependent!
[INFO] skip non existing resourceDirectory /home/zakkak/spring-quarkus-perf-comparison/spring-quarkus-perf-comparison/quarkus3/src/test/resources
[INFO] 
[INFO] --- quarkus:3.32.2:generate-code-tests (default-generate-code-tests) @ quarkus3 ---
[INFO] 
[INFO] --- compiler:3.15.0:testCompile (default-testCompile) @ quarkus3 ---
[INFO] Recompiling the module because of changed dependency.
[WARNING] File encoding has not been set, using platform encoding UTF-8, i.e. build is platform dependent!
[INFO] Compiling 4 source files with javac [debug release 21] to target/test-classes
[INFO] 
[INFO] --- surefire:3.5.5:test (default-test) @ quarkus3 ---
[INFO] Tests are skipped.
[INFO] 
[INFO] --- quarkus:3.32.2:build (default-build) @ quarkus3 ---
[INFO] [io.quarkus.deployment.pkg.jar.NativeImageSourceJarBuilder] Building native image source jar: /home/zakkak/spring-quarkus-perf-comparison/spring-quarkus-perf-comparison/quarkus3/target/quarkus3-native-image-source-jar/quarkus3-runner.jar
[INFO] [io.quarkus.deployment.pkg.steps.NativeImageBuildStep] Building native image from /home/zakkak/spring-quarkus-perf-comparison/spring-quarkus-perf-comparison/quarkus3/target/quarkus3-native-image-source-jar/quarkus3-runner.jar
[INFO] [io.quarkus.deployment.pkg.steps.NativeImageBuildStep] Running Quarkus native-image plugin on GRAALVM 25.1.0-dev JDK 25.0.1+8-jvmci-25.1-b14
[INFO] [io.quarkus.deployment.pkg.steps.NativeImageBuildRunner] /home/zakkak/code/graal-oracle/sdk/latest_graalvm_home/bin/native-image -J-DCoordinatorEnvironmentBean.transactionStatusManagerEnable=false -J-Dsun.nio.ch.maxUpdateArraySize=100 -J-Djava.util.logging.manager=org.jboss.logmanager.LogManager -J-Dvertx.logger-delegate-factory-class-name=io.quarkus.vertx.core.runtime.VertxLogDelegateFactory -J-Dvertx.disableDnsResolver=true -J-Dio.netty.leakDetection.level=DISABLED -J-Dio.netty.allocator.maxOrder=3 -J-Duser.language=en -J-Duser.country=IE -J-Dlogging.initial-configurator.min-level=500 -H:+UnlockExperimentalVMOptions -H:IncludeLocales=en-IE -H:-UnlockExperimentalVMOptions --enable-native-access=ALL-UNNAMED -J-Dfile.encoding=UTF-8 -J--add-exports=org.graalvm.nativeimage.builder/com.oracle.svm.core.jdk=ALL-UNNAMED --features=io.quarkus.jdbc.postgresql.runtime.graal.SQLXMLFeature,io.quarkus.hibernate.validator.runtime.DisableLoggingFeature,io.quarkus.runner.Feature,io.quarkus.runtime.graal.DisableLoggingFeature,io.quarkus.runtime.graal.JVMChecksFeature,io.quarkus.hibernate.orm.runtime.graal.RegisterServicesForReflectionFeature,io.quarkus.hibernate.orm.runtime.graal.DisableLoggingFeature,org.hibernate.graalvm.internal.GraalVMStaticFeature,io.quarkus.caffeine.runtime.graal.CacheConstructorsFeature,io.quarkus.runtime.graal.SkipConsoleServiceProvidersFeature -J--add-exports=java.security.jgss/sun.security.krb5=ALL-UNNAMED -J--add-exports=java.security.jgss/sun.security.jgss=ALL-UNNAMED -J--add-opens=java.base/java.text=ALL-UNNAMED -J--add-opens=java.base/java.io=ALL-UNNAMED -J--add-opens=java.base/java.lang.invoke=ALL-UNNAMED -J--add-opens=java.base/java.util=ALL-UNNAMED -H:+UnlockExperimentalVMOptions -H:BuildOutputJSONFile=quarkus3-runner-build-output-stats.json -H:-UnlockExperimentalVMOptions -H:+UnlockExperimentalVMOptions -H:+GenerateBuildArtifactsFile -H:-UnlockExperimentalVMOptions --future-defaults=none -H:+UnlockExperimentalVMOptions -H:+AllowFoldMethods -H:-UnlockExperimentalVMOptions -J-Djava.awt.headless=true --no-fallback --link-at-build-time -H:+UnlockExperimentalVMOptions -H:+ReportExceptionStackTraces -H:-UnlockExperimentalVMOptions -H:-AddAllCharsets --enable-url-protocols=http,https -H:NativeLinkerOption=-no-pie --enable-monitoring=heapdump,threaddump -H:+UnlockExperimentalVMOptions -H:-UseServiceLoaderFeature -H:-UnlockExperimentalVMOptions -J--add-exports=org.graalvm.nativeimage/org.graalvm.nativeimage.impl=ALL-UNNAMED --exclude-config io\.netty\.netty-codec /META-INF/native-image/io\.netty/netty-codec/generated/handlers/reflect-config\.json --exclude-config io\.netty\.netty-handler /META-INF/native-image/io\.netty/netty-handler/generated/handlers/reflect-config\.json quarkus3-runner -jar quarkus3-runner.jar
Warning: Using a deprecated option --no-fallback from command line. No effect, no replacement available
Warning: Option 'FallbackThreshold' is deprecated and might be removed in a future release: It no longer has any effect, and no replacement is available. Please refer to the GraalVM release notes.
Warning: Option 'DynamicProxyConfigurationResources' is deprecated and might be removed in a future release: This can be caused by a proxy-config.json file in your META-INF directory. Consider including proxy configuration in the reflection section of reachability-metadata.json instead.. Please refer to the GraalVM release notes.
========================================================================================================================
GraalVM Native Image: Generating 'quarkus3-runner' (executable)...
========================================================================================================================
For detailed information and explanations on the build output, visit:
https://github.com/oracle/graal/blob/master/docs/reference-manual/native-image/BuildOutput.md
------------------------------------------------------------------------------------------------------------------------
[1/8] Initializing...                                                                                   (4.1s @ 0.44GiB)
 Builder configuration:
 - Java version: 25.0.1+8, vendor version: GraalVM CE 25.1.0-dev+8.1
 - Graal compiler: optimization level: 2, target machine: x86-64-v3
 - C compiler: gcc (redhat, x86_64, 15.2.1)
 - Assertions: disabled, system assertions: disabled
 - 11 user-specific feature(s):
   - io.quarkus.caffeine.runtime.graal.CacheConstructorsFeature
   - io.quarkus.hibernate.orm.runtime.graal.DisableLoggingFeature: Disables INFO logging during the analysis phase
   - io.quarkus.hibernate.orm.runtime.graal.RegisterServicesForReflectionFeature: Makes methods of reachable Hibernate services accessible through Class#getMethods()
   - io.quarkus.hibernate.validator.runtime.DisableLoggingFeature: Disables INFO logging during the analysis phase for the [org.hibernate.validator.internal.util.Version] categories
   - io.quarkus.jdbc.postgresql.runtime.graal.SQLXMLFeature
   - io.quarkus.runner.Feature: Auto-generated class by Quarkus from the existing extensions
   - io.quarkus.runtime.graal.DisableLoggingFeature: Adapts logging during the analysis phase
   - io.quarkus.runtime.graal.JVMChecksFeature
   - io.quarkus.runtime.graal.SkipConsoleServiceProvidersFeature: Skip unsupported console service providers when quarkus.native.auto-service-loader-registration is false
   - org.eclipse.angus.activation.nativeimage.AngusActivationFeature
   - org.hibernate.graalvm.internal.GraalVMStaticFeature: Hibernate ORM's static reflection registrations for GraalVM
 Image configuration:
 - Garbage collector: Serial GC (max heap size: 80% of RAM)
 - Assertions: disabled (class-specific config may apply), system assertions: disabled
------------------------------------------------------------------------------------------------------------------------
 5 experimental option(s) unlocked:
 - '-H:+AllowFoldMethods' (origin(s): command line)
 - '-H:BuildOutputJSONFile' (origin(s): command line)
 - '-H:-UseServiceLoaderFeature' (origin(s): command line)
 - '-H:+GenerateBuildArtifactsFile' (origin(s): command line)
 - '-H:AddOpens' (alternative API option(s): --add-opens java.base/java.lang=ALL-UNNAMED; origin(s): command line)
------------------------------------------------------------------------------------------------------------------------
Build resources:
 - 30.00GiB of memory (48.4% of system memory, capped at 30GiB)
 - 32 thread(s) (100.0% of 32 available processor(s), determined at start)
[2/8] Performing analysis...  [********]                                                                (8.9s @ 2.99GiB)
   22,653 types,  29,175 fields, and 106,492 methods found reachable
    7,964 types,     169 fields, and   5,218 methods registered for reflection
       63 types,      69 fields, and      55 methods registered for JNI access
      105 resource accesses registered with 188.29KiB total size
        4 native libraries: dl, pthread, rt, z
[3/8] Building universe...                                                                              (2.8s @ 2.78GiB)
[4/8] Parsing methods...      [*]                                                                       (1.2s @ 2.86GiB)
[5/8] Inlining methods...     [****]                                                                    (0.8s @ 3.17GiB)
[6/8] Compiling methods...    [***]                                                                     (7.9s @ 1.89GiB)
[7/8] Laying out methods...   [***]                                                                     (5.9s @ 2.52GiB)
[8/8] Creating image...       [**]                                                                      (3.8s @ 2.93GiB)
  36.03MiB (41.77%) for code area:    71,246 compilation units
  43.88MiB (50.87%) for image heap:  500,390 objects and 16 resources
   6.35MiB ( 7.36%) for other data
  86.25MiB in total image size, 80.50MiB in total file size
------------------------------------------------------------------------------------------------------------------------
Top 10 origins of code area:                                Top 10 object types in image heap:
   1.52MiB java.base/sun.security.ssl                         11.52MiB byte[] for code metadata
   1.05MiB java.base/java.util                                 6.44MiB byte[] for string data
 852.68KiB o.g.n.runtime/com.oracle.svm.core.code              4.32MiB o.g.n.runtime/c.o.s.core.hub.DynamicHubCompanion
 697.23KiB java.base/com.sun.crypto.provider                   4.11MiB java.base/java.lang.String
 637.13KiB jdk.proxy4/jdk.proxy4                               3.36MiB java.base/java.lang.Class
 533.01KiB java.base/java.lang                                 1.43MiB byte[] for reflection metadata
 532.04KiB io.netty.buffer                                     1.31MiB byte[] for general heap data
 506.32KiB java.base/java.lang.invoke                        905.28KiB java.base/java.lang.Object[]
 468.03KiB org.postgresql.jdbc                               832.50KiB java.base/java.lang.reflect.Method
 460.62KiB org.hibernate.query.hql.internal                  798.87KiB o.g.n.runtime/c.o.s.c.h.ImageReflectionMetadata
  27.83MiB for 984 more packages                               8.90MiB for 5204 more object types
------------------------------------------------------------------------------------------------------------------------
Recommendations:
 FUTR: Use '--future-defaults=all' to prepare for future releases.
 HEAP: Set max heap for improved and more predictable memory usage.
 CPU:  Enable more CPU features with '-march=native' for improved performance.
------------------------------------------------------------------------------------------------------------------------
                       2.9s (7.9% of total time) in 332 GCs | Peak RSS: 4.67GiB | CPU load: 15.16
------------------------------------------------------------------------------------------------------------------------
Build artifacts:
 /home/zakkak/spring-quarkus-perf-comparison/spring-quarkus-perf-comparison/quarkus3/target/quarkus3-native-image-source-jar/build-artifacts.json (build_info, 92B)
 /home/zakkak/spring-quarkus-perf-comparison/spring-quarkus-perf-comparison/quarkus3/target/quarkus3-native-image-source-jar/quarkus3-runner (executable, 80.50MiB)
 /home/zakkak/spring-quarkus-perf-comparison/spring-quarkus-perf-comparison/quarkus3/target/quarkus3-native-image-source-jar/quarkus3-runner-build-output-stats.json (build_info, 1.00KiB)
========================================================================================================================
Finished generating 'quarkus3-runner' in 36.7s.

The build process encountered 3 warnings.

[INFO] [io.quarkus.deployment.pkg.steps.NativeImageBuildRunner] objcopy --strip-debug quarkus3-runner
[INFO] [io.quarkus.deployment.QuarkusAugmentor] Quarkus augmentation completed in 40518ms
[INFO] ------------------------------------------------------------------------
[INFO] BUILD SUCCESS
[INFO] ------------------------------------------------------------------------
[INFO] Total time:  43.918 s
[INFO] Finished at: 2026-03-11T16:34:56+02:00
[INFO] ------------------------------------------------------------------------
16:34:57,095 [ test-runner:run-tests-983 @ target-host ] set-state: APP_LOG_REGEX .*quarkus3.+started in.*
16:34:57,135 [ test-runner:run-tests-983 @ target-host ] for-each: ITERATION = 0
16:34:57,135 [ test-runner:run-tests-983 @ target-host ] set-state: LOG_FILE /home/zakkak/spring-quarkus-perf-comparison/logs/load-test-quarkus3-native-0.log
16:34:57,547 [ test-runner:run-tests-983 @ target-host ] touch /home/zakkak/spring-quarkus-perf-comparison/logs/load-test-quarkus3-native-0.log
16:34:57,555 [ test-runner:run-tests-983 @ target-host ] queue-download: ${{REPO_DIR}}/logs/wrk-warmup-${{RUNTIME.name}}-${{ITERATION}}.log=/home/zakkak/spring-quarkus-perf-comparison/logs/wrk-warmup-quarkus3-native-0.log ../../20260311/none/target-host/
16:34:57,555 [ test-runner:run-tests-983 @ target-host ] queue-download: ${{LOG_FILE}}=/home/zakkak/spring-quarkus-perf-comparison/logs/load-test-quarkus3-native-0.log ../../20260311/none/target-host/
16:34:57,556 [ test-runner:run-tests-983 @ target-host ] queue-download: ${{REPO_DIR}}/logs/wrk-${{RUNTIME.name}}-${{ITERATION}}.log=/home/zakkak/spring-quarkus-perf-comparison/logs/wrk-quarkus3-native-0.log ../../20260311/none/target-host/
16:34:57,556 [ test-runner:run-tests-983 @ target-host ] script-cmd: start-test-services
16:34:57,556 [ test-runner:run-tests-983 @ target-host ] start-test-services
16:35:08,630 [ test-runner:run-tests-983 @ target-host ] /home/zakkak/spring-quarkus-perf-comparison/spring-quarkus-perf-comparison/scripts/infra.sh -c 3 -p '4-6' -s
Using podman to start containers
-----------------------------------------
[03/11/2026 16:34:57]: Starting services
-----------------------------------------
Starting PostgreSQL database 'fruits_db'
PostgreSQL DB process: d1fe2d6096fb82f8493918f4d4de8b12d65aece3d963f9901957076d434b7585
Waiting for PostgreSQL to be ready...
localhost:5432 - no response
localhost:5432 - no response
localhost:5432 - accepting connections
16:35:08,630 [ test-runner:run-tests-983 @ target-host ] script-cmd: sync-drop-fs-cache
16:35:08,630 [ test-runner:run-tests-983 @ target-host ] sync-drop-fs-cache
16:35:08,630 [ test-runner:run-tests-983 @ target-host ] read-state: true
16:35:08,630 [ test-runner:run-tests-983 @ target-host ] regex: true
16:35:09,314 [ test-runner:run-tests-983 @ target-host ] sync
16:35:09,314 [ test-runner:run-tests-983 @ target-host ] script-cmd: sync-drop-fs-cache-${{os}}
16:35:09,314 [ test-runner:run-tests-983 @ target-host ] sync-drop-fs-cache-linux
16:35:09,314 [ test-runner:run-tests-983 @ target-host ] script-cmd: sudo
16:35:09,314 [ test-runner:run-tests-983 @ target-host ] sudo
16:35:09,314 [ test-runner:run-tests-983 @ target-host ] script-cmd: sudo-${{os}}
16:35:09,314 [ test-runner:run-tests-983 @ target-host ] sudo-linux
16:35:10,184 [ test-runner:run-tests-983 @ target-host ] sudo sh -c "echo 3 > /proc/sys/vm/drop_caches"
]3008;start=fb03b605138c4c27aac73f53502e1c84;user=zakkak;hostname=blanc;machineid=f469a615e9ef4e81b7d5be080a5de373;bootid=0e917e08584a49cb891ef04366e00ace;pid=198561;pidfdid=198562;comm=sudo;targetuser=root;sessionid=c157;type=session\]3008;end=fb03b605138c4c27aac73f53502e1c84\
16:35:10,193 [ test-runner:run-tests-983 @ target-host ] set-signal: LOAD_STEADY_STATE_START 1
16:35:10,193 [ test-runner:run-tests-983 @ target-host ] set-signal: LOG_REGEX_REACHED 1
16:35:10,596 [ test-runner:run-tests-983 @ target-host ] taskset --cpu-list 0-3 /home/zakkak/spring-quarkus-perf-comparison/spring-quarkus-perf-comparison/quarkus3/target/quarkus3-runner  &>/home/zakkak/spring-quarkus-perf-comparison/logs/load-test-quarkus3-native-0.log &
[1] 198588
16:35:10,997 [ test-runner:run-tests-983 @ target-host ] PID=$!
16:35:11,399 [ test-runner:run-tests-983 @ target-host ] echo $PID
198588
16:35:11,399 [ test-runner:run-tests-983 @ target-host ] set-state: JVM_PID 198588
16:35:11,399 [ test-runner:run-tests-983 @ target-host ] script-cmd: monitor-processes
16:35:11,399 [ test-runner:run-tests-983 @ target-host ] monitor-processes
16:35:11,399 [ test-runner:run-tests-983 @ target-host ] set-signal: LOAD_TEST_COMPLETE 1
16:35:11,847 [ test-runner:run-tests-983 @ target-host ] script-cmd: monitor-process
16:35:11,848 [ :monitor-process-1906 @ target-host ] monitor-process
16:35:11,856 [ :monitor-process-1906 @ target-host ] queue-download: ${{log_file}}=/home/zakkak/spring-quarkus-perf-comparison/logs/pidstat-quarkus3-native-0.log ../../20260311/none/target-host/
16:35:12,222 [ test-runner:run-tests-983 @ target-host ] script-cmd: monitor-process
16:35:12,222 [ :monitor-process-1914 @ target-host ] monitor-process
16:35:12,222 [ :monitor-process-1914 @ target-host ] queue-download: ${{log_file}}=/home/zakkak/spring-quarkus-perf-comparison/logs/mpstat-quarkus3-native-0.log ../../20260311/none/target-host/
16:35:12,359 [ :monitor-process-1906 @ target-host ] taskset --cpu-list 11 pidstat -u -p 198588 1 &>/home/zakkak/spring-quarkus-perf-comparison/logs/pidstat-quarkus3-native-0.log &
[1] 198719
16:35:12,596 [ test-runner:run-tests-983 @ target-host ] script-cmd: monitor-process
16:35:12,596 [ :monitor-process-1923 @ target-host ] monitor-process
16:35:12,596 [ test-runner:run-tests-983 @ target-host ] script-cmd: monitor-postgres
16:35:12,596 [ test-runner:run-tests-983 @ target-host ] monitor-postgres
16:35:12,596 [ :monitor-process-1923 @ target-host ] queue-download: ${{log_file}}=/home/zakkak/spring-quarkus-perf-comparison/logs/vmstat-quarkus3-native-0.log ../../20260311/none/target-host/
16:35:12,725 [ :monitor-process-1914 @ target-host ] taskset --cpu-list 11 mpstat -P ALL 1 &>/home/zakkak/spring-quarkus-perf-comparison/logs/mpstat-quarkus3-native-0.log &
[1] 198796
16:35:12,761 [ :monitor-process-1906 @ target-host ] PROCESS_PID=$!
16:35:12,998 [ :monitor-process-1923 @ target-host ] taskset --cpu-list 11 vmstat 1 &>/home/zakkak/spring-quarkus-perf-comparison/logs/vmstat-quarkus3-native-0.log &
[1] 198881
16:35:13,037 [ test-runner:run-tests-983 @ target-host ] POSTGRES_PID=$(/home/zakkak/spring-quarkus-perf-comparison/spring-quarkus-perf-comparison/scripts/infra.sh -r)
16:35:13,126 [ :monitor-process-1914 @ target-host ] PROCESS_PID=$!
16:35:13,162 [ :monitor-process-1906 @ target-host ] echo $PROCESS_PID
198719
16:35:13,162 [ :monitor-process-1906 @ target-host ] set-state: PROCESS_PID 198719
16:35:13,400 [ :monitor-process-1923 @ target-host ] PROCESS_PID=$!
16:35:13,439 [ test-runner:run-tests-983 @ target-host ] echo $POSTGRES_PID
198296
16:35:13,439 [ test-runner:run-tests-983 @ target-host ] set-state: POSTGRES_PID 198296
16:35:13,528 [ :monitor-process-1914 @ target-host ] echo $PROCESS_PID
198796
16:35:13,528 [ :monitor-process-1914 @ target-host ] set-state: PROCESS_PID 198796
16:35:13,801 [ :monitor-process-1923 @ target-host ] echo $PROCESS_PID
198881
16:35:13,802 [ :monitor-process-1923 @ target-host ] set-state: PROCESS_PID 198881
16:35:13,814 [ test-runner:run-tests-983 @ target-host ] script-cmd: monitor-process
16:35:13,814 [ test-runner:run-tests-983 @ target-host ] JVM_PID = 198588
16:35:13,814 [ :monitor-process-1939 @ target-host ] monitor-process
16:35:13,814 [ :monitor-process-1939 @ target-host ] queue-download: ${{log_file}}=/home/zakkak/spring-quarkus-perf-comparison/logs/postgres-pidstat-quarkus3-native-0.log ../../20260311/none/target-host/
16:35:13,814 [ test-runner:run-tests-983 @ target-host ] read-state: none
16:35:14,186 [ test-runner:run-tests-983 @ target-host ] script-cmd: watch-log
16:35:14,186 [ :watch-log-1948 @ target-host ] watch-log
16:35:14,198 [ :watch-log-1948 @ target-host ] regex: ${{log_regex}}
16:35:14,198 [ :watch-log-1948 @ target-host ] ctrlC
16:35:14,198 [ :watch-log-1948 @ target-host ] reached LOG_REGEX_REACHED
16:35:14,198 [ test-runner:run-tests-983 @ target-host ] wait-for: LOG_REGEX_REACHED
16:35:14,198 [ :watch-log-1948 @ target-host ] signal: LOG_REGEX_REACHED
16:35:14,317 [ :monitor-process-1939 @ target-host ] taskset --cpu-list 11 pidstat -u -p $(pgrep -d , -P 198296) 1 &>/home/zakkak/spring-quarkus-perf-comparison/logs/postgres-pidstat-quarkus3-native-0.log &
[1] 198999
16:35:14,599 [ :watch-log-1948 @ target-host ] tail -f /home/zakkak/spring-quarkus-perf-comparison/logs/load-test-quarkus3-native-0.log
__  ____  __  _____   ___  __ ____  ______ 
 --/ __ \/ / / / _ | / _ \/ //_/ / / / __/ 
 -/ /_/ / /_/ / __ |/ , _/ ,< / /_/ /\ \   
--\___\_\____/_/ |_/_/|_/_/|_|\____/___/   
2026-03-11 16:35:10,338 INFO  [io.quarkus] (main) quarkus3 1.0 native (powered by Quarkus 999-SNAPSHOT) started in 0.075s. Listening on: http://0.0.0.0:8080
2026-03-11 16:35:10,338 INFO  [io.quarkus] (main) Profile prod activated. 
2026-03-11 16:35:10,338 INFO  [io.quarkus] (main) Installed features: [agroal, cdi, config-yaml, hibernate-orm, hibernate-orm-panache, hibernate-validator, jdbc-postgresql, narayana-jta, rest, rest-jackson, smallrye-context-propagation, smallrye-health, vertx]
16:35:14,719 [ :monitor-process-1939 @ target-host ] PROCESS_PID=$!
16:35:15,120 [ :monitor-process-1939 @ target-host ] echo $PROCESS_PID
198999
16:35:15,120 [ :monitor-process-1939 @ target-host ] set-state: PROCESS_PID 198999
16:37:24,075 [ test-runner:run-tests-983 @ target-host ] taskset --cpu-list 7-9 jbang -R -XX:+UseNUMA wrk@hyperfoil -t 2 -c 100 -d 2m --timeout 2m http://localhost:8080/fruits 2>&1 >/home/zakkak/spring-quarkus-perf-comparison/logs/wrk-warmup-quarkus3-native-0.log
16:37:54,076 [ test-runner:run-tests-983 @ target-host ] sleep: 30s
16:37:54,076 [ :monitor-process-1914 @ target-host ] reached LOAD_STEADY_STATE_START
16:37:54,077 [ test-runner:run-tests-983 @ target-host ] signal: LOAD_STEADY_STATE_START
16:38:34,697 [ test-runner:run-tests-983 @ target-host ] taskset --cpu-list 7-9 jbang -R -XX:+UseNUMA wrk@hyperfoil -t 2 -c 100 -d 30s --timeout 30s http://localhost:8080/fruits 2>&1 >/home/zakkak/spring-quarkus-perf-comparison/logs/wrk-quarkus3-native-0.log
16:38:35,114 [ test-runner:run-tests-983 @ target-host ] cat /home/zakkak/spring-quarkus-perf-comparison/logs/wrk-quarkus3-native-0.log | grep "Requests/sec" | awk '{print $2}'
16062.91
16:38:35,114 [ test-runner:run-tests-983 @ target-host ] set-state: THROUGHPUT 16062.91
16:38:35,114 [ test-runner:run-tests-983 @ target-host ] script-cmd: state-array-push
16:38:35,115 [ test-runner:run-tests-983 @ target-host ] state-array-push
16:38:35,196 [ test-runner:run-tests-983 @ target-host ] set-state: RUN.output.results.quarkus3-native.load.throughput [16062.91]
16:38:35,600 [ test-runner:run-tests-983 @ target-host ] cat /home/zakkak/spring-quarkus-perf-comparison/logs/wrk-quarkus3-native-0.log | grep "Socket errors:" | sed -E 's/.*connectionErrors ([0-9]+).*/\1/'
16:38:35,600 [ test-runner:run-tests-983 @ target-host ] regex: ^$
16:38:35,600 [ test-runner:run-tests-983 @ target-host ] set-state: CONNECTION_ERRORS 0
16:38:35,600 [ test-runner:run-tests-983 @ target-host ] script-cmd: state-array-push
16:38:35,600 [ test-runner:run-tests-983 @ target-host ] state-array-push
16:38:35,684 [ test-runner:run-tests-983 @ target-host ] set-state: RUN.output.results.quarkus3-native.load.connectionErrors [0]
16:38:36,088 [ test-runner:run-tests-983 @ target-host ] cat /home/zakkak/spring-quarkus-perf-comparison/logs/wrk-quarkus3-native-0.log | grep "Socket errors:" | sed -E 's/.*requestTimeouts ([0-9]+)/\1/'
16:38:36,088 [ test-runner:run-tests-983 @ target-host ] regex: ^$
16:38:36,088 [ test-runner:run-tests-983 @ target-host ] set-state: REQUEST_TIMEOUTS 0
16:38:36,089 [ test-runner:run-tests-983 @ target-host ] script-cmd: state-array-push
16:38:36,089 [ test-runner:run-tests-983 @ target-host ] state-array-push
16:38:36,162 [ test-runner:run-tests-983 @ target-host ] set-state: RUN.output.results.quarkus3-native.load.requestTimeouts [0]
16:38:36,574 [ test-runner:run-tests-983 @ target-host ] pmap -x $PID | grep total | awk '{print $4}'
160708
16:38:36,574 [ test-runner:run-tests-983 @ target-host ] set-state: RSS 160708
16:38:36,595 [ test-runner:run-tests-983 @ target-host ] script-cmd: state-array-push
16:38:36,595 [ test-runner:run-tests-983 @ target-host ] state-array-push
16:38:36,671 [ test-runner:run-tests-983 @ target-host ] set-state: RUN.output.results.quarkus3-native.load.rss [156.94140625]
16:38:36,699 [ test-runner:run-tests-983 @ target-host ] script-cmd: state-array-push
16:38:36,699 [ test-runner:run-tests-983 @ target-host ] state-array-push
16:38:36,773 [ test-runner:run-tests-983 @ target-host ] set-state: RUN.output.results.quarkus3-native.load.throughputDensity [102.34972646041267]
16:38:36,774 [ test-runner:run-tests-983 @ target-host ] reached LOAD_TEST_COMPLETE
16:38:36,774 [ :monitor-process-1906 @ target-host ] wait-for: LOAD_TEST_COMPLETE
16:38:36,774 [ :monitor-process-1914 @ target-host ] wait-for: LOAD_TEST_COMPLETE
16:38:36,774 [ :monitor-process-1923 @ target-host ] wait-for: LOAD_TEST_COMPLETE
16:38:36,774 [ :monitor-process-1939 @ target-host ] wait-for: LOAD_TEST_COMPLETE
16:38:36,774 [ test-runner:run-tests-983 @ target-host ] signal: LOAD_TEST_COMPLETE
16:38:37,176 [ :monitor-process-1914 @ target-host ] kill -15 $PROCESS_PID
bash: kill: (198796) - No such process
16:38:37,176 [ :monitor-process-1939 @ target-host ] kill -15 $PROCESS_PID
bash: kill: (198999) - No such process
16:38:37,176 [ :monitor-process-1906 @ target-host ] kill -15 $PROCESS_PID
bash: kill: (198719) - No such process
16:38:37,276 [ test-runner:run-tests-983 @ target-host ] kill -15 $PID
16:38:37,276 [ :monitor-process-1923 @ target-host ] kill -15 $PROCESS_PID
16:38:39,687 [ test-runner:run-tests-983 @ target-host ] sleep 2
16:38:39,687 [ test-runner:run-tests-983 @ target-host ] script-cmd: stop-test-services
16:38:39,687 [ test-runner:run-tests-983 @ target-host ] stop-test-services
16:38:40,352 [ test-runner:run-tests-983 @ target-host ] /home/zakkak/spring-quarkus-perf-comparison/spring-quarkus-perf-comparison/scripts/infra.sh -d
Using podman to stop containers
-----------------------------------------
[03/11/2026 16:38:39]: Stopping services
-----------------------------------------
Stopping PostgreSQL database 'fruits_db'
fruits_db
16:38:40,406 [ test-runner:run-tests-983 @ target-host ] for-each: ITERATION = 1
16:38:40,407 [ test-runner:run-tests-983 @ target-host ] set-state: LOG_FILE /home/zakkak/spring-quarkus-perf-comparison/logs/load-test-quarkus3-native-1.log
16:38:40,811 [ test-runner:run-tests-983 @ target-host ] touch /home/zakkak/spring-quarkus-perf-comparison/logs/load-test-quarkus3-native-1.log
16:38:40,812 [ test-runner:run-tests-983 @ target-host ] queue-download: ${{REPO_DIR}}/logs/wrk-warmup-${{RUNTIME.name}}-${{ITERATION}}.log=/home/zakkak/spring-quarkus-perf-comparison/logs/wrk-warmup-quarkus3-native-1.log ../../20260311/none/target-host/
16:38:40,812 [ test-runner:run-tests-983 @ target-host ] queue-download: ${{LOG_FILE}}=/home/zakkak/spring-quarkus-perf-comparison/logs/load-test-quarkus3-native-1.log ../../20260311/none/target-host/
16:38:40,812 [ test-runner:run-tests-983 @ target-host ] queue-download: ${{REPO_DIR}}/logs/wrk-${{RUNTIME.name}}-${{ITERATION}}.log=/home/zakkak/spring-quarkus-perf-comparison/logs/wrk-quarkus3-native-1.log ../../20260311/none/target-host/
16:38:40,812 [ test-runner:run-tests-983 @ target-host ] script-cmd: start-test-services
16:38:40,812 [ test-runner:run-tests-983 @ target-host ] start-test-services
16:38:51,950 [ test-runner:run-tests-983 @ target-host ] /home/zakkak/spring-quarkus-perf-comparison/spring-quarkus-perf-comparison/scripts/infra.sh -c 3 -p '4-6' -s
Using podman to start containers
-----------------------------------------
[03/11/2026 16:38:40]: Starting services
-----------------------------------------
Starting PostgreSQL database 'fruits_db'
PostgreSQL DB process: 9d4b7704e05ec2ece8dfc02e70856c3d37c9914d729812c6ed47ce14ab5879fb
Waiting for PostgreSQL to be ready...
localhost:5432 - no response
localhost:5432 - no response
localhost:5432 - accepting connections
16:38:51,951 [ test-runner:run-tests-983 @ target-host ] script-cmd: sync-drop-fs-cache
16:38:51,951 [ test-runner:run-tests-983 @ target-host ] sync-drop-fs-cache
16:38:51,951 [ test-runner:run-tests-983 @ target-host ] read-state: true
16:38:51,951 [ test-runner:run-tests-983 @ target-host ] regex: true
16:38:52,433 [ test-runner:run-tests-983 @ target-host ] sync
16:38:52,433 [ test-runner:run-tests-983 @ target-host ] script-cmd: sync-drop-fs-cache-${{os}}
16:38:52,433 [ test-runner:run-tests-983 @ target-host ] sync-drop-fs-cache-linux
16:38:52,433 [ test-runner:run-tests-983 @ target-host ] script-cmd: sudo
16:38:52,433 [ test-runner:run-tests-983 @ target-host ] sudo
16:38:52,434 [ test-runner:run-tests-983 @ target-host ] script-cmd: sudo-${{os}}
16:38:52,434 [ test-runner:run-tests-983 @ target-host ] sudo-linux
16:38:53,269 [ test-runner:run-tests-983 @ target-host ] sudo sh -c "echo 3 > /proc/sys/vm/drop_caches"
]3008;start=91d55a0fd7c34484a97c9bdd6d14ba86;user=zakkak;hostname=blanc;machineid=f469a615e9ef4e81b7d5be080a5de373;bootid=0e917e08584a49cb891ef04366e00ace;pid=200407;pidfdid=200408;comm=sudo;targetuser=root;sessionid=c158;type=session\]3008;end=91d55a0fd7c34484a97c9bdd6d14ba86\
16:38:53,278 [ test-runner:run-tests-983 @ target-host ] set-signal: LOAD_STEADY_STATE_START 1
16:38:53,278 [ test-runner:run-tests-983 @ target-host ] set-signal: LOG_REGEX_REACHED 1
16:38:53,680 [ test-runner:run-tests-983 @ target-host ] taskset --cpu-list 0-3 /home/zakkak/spring-quarkus-perf-comparison/spring-quarkus-perf-comparison/quarkus3/target/quarkus3-runner  &>/home/zakkak/spring-quarkus-perf-comparison/logs/load-test-quarkus3-native-1.log &
[1] 200437
16:38:54,082 [ test-runner:run-tests-983 @ target-host ] PID=$!
16:38:54,484 [ test-runner:run-tests-983 @ target-host ] echo $PID
200437
16:38:54,484 [ test-runner:run-tests-983 @ target-host ] set-state: JVM_PID 200437
16:38:54,484 [ test-runner:run-tests-983 @ target-host ] script-cmd: monitor-processes
16:38:54,484 [ test-runner:run-tests-983 @ target-host ] monitor-processes
16:38:54,484 [ test-runner:run-tests-983 @ target-host ] set-signal: LOAD_TEST_COMPLETE 1
16:38:54,937 [ test-runner:run-tests-983 @ target-host ] script-cmd: monitor-process
16:38:54,937 [ :monitor-process-1999 @ target-host ] monitor-process
16:38:54,946 [ :monitor-process-1999 @ target-host ] queue-download: ${{log_file}}=/home/zakkak/spring-quarkus-perf-comparison/logs/pidstat-quarkus3-native-1.log ../../20260311/none/target-host/
16:38:55,312 [ test-runner:run-tests-983 @ target-host ] script-cmd: monitor-process
16:38:55,313 [ :monitor-process-2007 @ target-host ] monitor-process
16:38:55,313 [ :monitor-process-2007 @ target-host ] queue-download: ${{log_file}}=/home/zakkak/spring-quarkus-perf-comparison/logs/mpstat-quarkus3-native-1.log ../../20260311/none/target-host/
16:38:55,450 [ :monitor-process-1999 @ target-host ] taskset --cpu-list 11 pidstat -u -p 200437 1 &>/home/zakkak/spring-quarkus-perf-comparison/logs/pidstat-quarkus3-native-1.log &
[1] 200562
16:38:55,687 [ test-runner:run-tests-983 @ target-host ] script-cmd: monitor-process
16:38:55,687 [ test-runner:run-tests-983 @ target-host ] script-cmd: monitor-postgres
16:38:55,687 [ test-runner:run-tests-983 @ target-host ] monitor-postgres
16:38:55,687 [ :monitor-process-2016 @ target-host ] monitor-process
16:38:55,687 [ :monitor-process-2016 @ target-host ] queue-download: ${{log_file}}=/home/zakkak/spring-quarkus-perf-comparison/logs/vmstat-quarkus3-native-1.log ../../20260311/none/target-host/
16:38:55,815 [ :monitor-process-2007 @ target-host ] taskset --cpu-list 11 mpstat -P ALL 1 &>/home/zakkak/spring-quarkus-perf-comparison/logs/mpstat-quarkus3-native-1.log &
[1] 200639
16:38:55,852 [ :monitor-process-1999 @ target-host ] PROCESS_PID=$!
16:38:56,089 [ :monitor-process-2016 @ target-host ] taskset --cpu-list 11 vmstat 1 &>/home/zakkak/spring-quarkus-perf-comparison/logs/vmstat-quarkus3-native-1.log &
[1] 200724
16:38:56,119 [ test-runner:run-tests-983 @ target-host ] POSTGRES_PID=$(/home/zakkak/spring-quarkus-perf-comparison/spring-quarkus-perf-comparison/scripts/infra.sh -r)
16:38:56,217 [ :monitor-process-2007 @ target-host ] PROCESS_PID=$!
16:38:56,253 [ :monitor-process-1999 @ target-host ] echo $PROCESS_PID
200562
16:38:56,253 [ :monitor-process-1999 @ target-host ] set-state: PROCESS_PID 200562
16:38:56,491 [ :monitor-process-2016 @ target-host ] PROCESS_PID=$!
16:38:56,521 [ test-runner:run-tests-983 @ target-host ] echo $POSTGRES_PID
200152
16:38:56,521 [ test-runner:run-tests-983 @ target-host ] set-state: POSTGRES_PID 200152
16:38:56,618 [ :monitor-process-2007 @ target-host ] echo $PROCESS_PID
200639
16:38:56,618 [ :monitor-process-2007 @ target-host ] set-state: PROCESS_PID 200639
16:38:56,892 [ :monitor-process-2016 @ target-host ] echo $PROCESS_PID
200724
16:38:56,893 [ :monitor-process-2016 @ target-host ] set-state: PROCESS_PID 200724
16:38:56,896 [ test-runner:run-tests-983 @ target-host ] script-cmd: monitor-process
16:38:56,896 [ test-runner:run-tests-983 @ target-host ] JVM_PID = 200437
16:38:56,896 [ :monitor-process-2032 @ target-host ] monitor-process
16:38:56,897 [ :monitor-process-2032 @ target-host ] queue-download: ${{log_file}}=/home/zakkak/spring-quarkus-perf-comparison/logs/postgres-pidstat-quarkus3-native-1.log ../../20260311/none/target-host/
16:38:56,897 [ test-runner:run-tests-983 @ target-host ] read-state: none
16:38:57,270 [ test-runner:run-tests-983 @ target-host ] script-cmd: watch-log
16:38:57,270 [ :watch-log-2041 @ target-host ] watch-log
16:38:57,280 [ :watch-log-2041 @ target-host ] regex: ${{log_regex}}
16:38:57,280 [ :watch-log-2041 @ target-host ] ctrlC
16:38:57,280 [ :watch-log-2041 @ target-host ] reached LOG_REGEX_REACHED
16:38:57,280 [ test-runner:run-tests-983 @ target-host ] wait-for: LOG_REGEX_REACHED
16:38:57,280 [ :watch-log-2041 @ target-host ] signal: LOG_REGEX_REACHED
16:38:57,399 [ :monitor-process-2032 @ target-host ] taskset --cpu-list 11 pidstat -u -p $(pgrep -d , -P 200152) 1 &>/home/zakkak/spring-quarkus-perf-comparison/logs/postgres-pidstat-quarkus3-native-1.log &
[1] 200839
16:38:57,683 [ :watch-log-2041 @ target-host ] tail -f /home/zakkak/spring-quarkus-perf-comparison/logs/load-test-quarkus3-native-1.log
__  ____  __  _____   ___  __ ____  ______ 
 --/ __ \/ / / / _ | / _ \/ //_/ / / / __/ 
 -/ /_/ / /_/ / __ |/ , _/ ,< / /_/ /\ \   
--\___\_\____/_/ |_/_/|_/_/|_|\____/___/   
2026-03-11 16:38:53,418 INFO  [io.quarkus] (main) quarkus3 1.0 native (powered by Quarkus 999-SNAPSHOT) started in 0.076s. Listening on: http://0.0.0.0:8080
2026-03-11 16:38:53,418 INFO  [io.quarkus] (main) Profile prod activated. 
2026-03-11 16:38:53,418 INFO  [io.quarkus] (main) Installed features: [agroal, cdi, config-yaml, hibernate-orm, hibernate-orm-panache, hibernate-validator, jdbc-postgresql, narayana-jta, rest, rest-jackson, smallrye-context-propagation, smallrye-health, vertx]
16:38:57,801 [ :monitor-process-2032 @ target-host ] PROCESS_PID=$!
16:38:58,203 [ :monitor-process-2032 @ target-host ] echo $PROCESS_PID
200839
16:38:58,203 [ :monitor-process-2032 @ target-host ] set-state: PROCESS_PID 200839
16:41:07,216 [ test-runner:run-tests-983 @ target-host ] taskset --cpu-list 7-9 jbang -R -XX:+UseNUMA wrk@hyperfoil -t 2 -c 100 -d 2m --timeout 2m http://localhost:8080/fruits 2>&1 >/home/zakkak/spring-quarkus-perf-comparison/logs/wrk-warmup-quarkus3-native-1.log
16:41:37,216 [ test-runner:run-tests-983 @ target-host ] sleep: 30s
16:41:37,216 [ :monitor-process-2007 @ target-host ] reached LOAD_STEADY_STATE_START
16:41:37,216 [ test-runner:run-tests-983 @ target-host ] signal: LOAD_STEADY_STATE_START
16:42:16,857 [ test-runner:run-tests-983 @ target-host ] taskset --cpu-list 7-9 jbang -R -XX:+UseNUMA wrk@hyperfoil -t 2 -c 100 -d 30s --timeout 30s http://localhost:8080/fruits 2>&1 >/home/zakkak/spring-quarkus-perf-comparison/logs/wrk-quarkus3-native-1.log
16:42:17,273 [ test-runner:run-tests-983 @ target-host ] cat /home/zakkak/spring-quarkus-perf-comparison/logs/wrk-quarkus3-native-1.log | grep "Requests/sec" | awk '{print $2}'
16005.87
16:42:17,273 [ test-runner:run-tests-983 @ target-host ] set-state: THROUGHPUT 16005.87
16:42:17,273 [ test-runner:run-tests-983 @ target-host ] script-cmd: state-array-push
16:42:17,273 [ test-runner:run-tests-983 @ target-host ] state-array-push
16:42:17,338 [ test-runner:run-tests-983 @ target-host ] set-state: RUN.output.results.quarkus3-native.load.throughput [16062.91,16005.87]
16:42:17,742 [ test-runner:run-tests-983 @ target-host ] cat /home/zakkak/spring-quarkus-perf-comparison/logs/wrk-quarkus3-native-1.log | grep "Socket errors:" | sed -E 's/.*connectionErrors ([0-9]+).*/\1/'
16:42:17,742 [ test-runner:run-tests-983 @ target-host ] regex: ^$
16:42:17,742 [ test-runner:run-tests-983 @ target-host ] set-state: CONNECTION_ERRORS 0
16:42:17,742 [ test-runner:run-tests-983 @ target-host ] script-cmd: state-array-push
16:42:17,742 [ test-runner:run-tests-983 @ target-host ] state-array-push
16:42:17,796 [ test-runner:run-tests-983 @ target-host ] set-state: RUN.output.results.quarkus3-native.load.connectionErrors [0,0]
16:42:18,200 [ test-runner:run-tests-983 @ target-host ] cat /home/zakkak/spring-quarkus-perf-comparison/logs/wrk-quarkus3-native-1.log | grep "Socket errors:" | sed -E 's/.*requestTimeouts ([0-9]+)/\1/'
16:42:18,200 [ test-runner:run-tests-983 @ target-host ] regex: ^$
16:42:18,200 [ test-runner:run-tests-983 @ target-host ] set-state: REQUEST_TIMEOUTS 0
16:42:18,201 [ test-runner:run-tests-983 @ target-host ] script-cmd: state-array-push
16:42:18,201 [ test-runner:run-tests-983 @ target-host ] state-array-push
16:42:18,255 [ test-runner:run-tests-983 @ target-host ] set-state: RUN.output.results.quarkus3-native.load.requestTimeouts [0,0]
16:42:18,673 [ test-runner:run-tests-983 @ target-host ] pmap -x $PID | grep total | awk '{print $4}'
158068
16:42:18,673 [ test-runner:run-tests-983 @ target-host ] set-state: RSS 158068
16:42:18,700 [ test-runner:run-tests-983 @ target-host ] script-cmd: state-array-push
16:42:18,700 [ test-runner:run-tests-983 @ target-host ] state-array-push
16:42:18,755 [ test-runner:run-tests-983 @ target-host ] set-state: RUN.output.results.quarkus3-native.load.rss [156.94140625,154.36328125]
16:42:18,781 [ test-runner:run-tests-983 @ target-host ] script-cmd: state-array-push
16:42:18,782 [ test-runner:run-tests-983 @ target-host ] state-array-push
16:42:18,835 [ test-runner:run-tests-983 @ target-host ] set-state: RUN.output.results.quarkus3-native.load.throughputDensity [102.34972646041267,103.68962016347395]
16:42:18,835 [ test-runner:run-tests-983 @ target-host ] reached LOAD_TEST_COMPLETE
16:42:18,835 [ :monitor-process-1999 @ target-host ] wait-for: LOAD_TEST_COMPLETE
16:42:18,835 [ :monitor-process-2007 @ target-host ] wait-for: LOAD_TEST_COMPLETE
16:42:18,835 [ :monitor-process-2016 @ target-host ] wait-for: LOAD_TEST_COMPLETE
16:42:18,835 [ :monitor-process-2032 @ target-host ] wait-for: LOAD_TEST_COMPLETE
16:42:18,836 [ test-runner:run-tests-983 @ target-host ] signal: LOAD_TEST_COMPLETE
16:42:19,237 [ :monitor-process-2007 @ target-host ] kill -15 $PROCESS_PID
bash: kill: (200639) - No such process
16:42:19,237 [ :monitor-process-1999 @ target-host ] kill -15 $PROCESS_PID
bash: kill: (200562) - No such process
16:42:19,237 [ :monitor-process-2032 @ target-host ] kill -15 $PROCESS_PID
bash: kill: (200839) - No such process
16:42:19,338 [ test-runner:run-tests-983 @ target-host ] kill -15 $PID
16:42:19,338 [ :monitor-process-2016 @ target-host ] kill -15 $PROCESS_PID
16:42:21,749 [ test-runner:run-tests-983 @ target-host ] sleep 2
16:42:21,749 [ test-runner:run-tests-983 @ target-host ] script-cmd: stop-test-services
16:42:21,749 [ test-runner:run-tests-983 @ target-host ] stop-test-services
16:42:22,401 [ test-runner:run-tests-983 @ target-host ] /home/zakkak/spring-quarkus-perf-comparison/spring-quarkus-perf-comparison/scripts/infra.sh -d
Using podman to stop containers
-----------------------------------------
[03/11/2026 16:42:21]: Stopping services
-----------------------------------------
Stopping PostgreSQL database 'fruits_db'
fruits_db
16:42:22,485 [ test-runner:run-tests-983 @ target-host ] for-each: ITERATION = 2
16:42:22,485 [ test-runner:run-tests-983 @ target-host ] set-state: LOG_FILE /home/zakkak/spring-quarkus-perf-comparison/logs/load-test-quarkus3-native-2.log
16:42:22,897 [ test-runner:run-tests-983 @ target-host ] touch /home/zakkak/spring-quarkus-perf-comparison/logs/load-test-quarkus3-native-2.log
16:42:22,897 [ test-runner:run-tests-983 @ target-host ] queue-download: ${{REPO_DIR}}/logs/wrk-warmup-${{RUNTIME.name}}-${{ITERATION}}.log=/home/zakkak/spring-quarkus-perf-comparison/logs/wrk-warmup-quarkus3-native-2.log ../../20260311/none/target-host/
16:42:22,898 [ test-runner:run-tests-983 @ target-host ] queue-download: ${{LOG_FILE}}=/home/zakkak/spring-quarkus-perf-comparison/logs/load-test-quarkus3-native-2.log ../../20260311/none/target-host/
16:42:22,898 [ test-runner:run-tests-983 @ target-host ] queue-download: ${{REPO_DIR}}/logs/wrk-${{RUNTIME.name}}-${{ITERATION}}.log=/home/zakkak/spring-quarkus-perf-comparison/logs/wrk-quarkus3-native-2.log ../../20260311/none/target-host/
16:42:22,898 [ test-runner:run-tests-983 @ target-host ] script-cmd: start-test-services
16:42:22,898 [ test-runner:run-tests-983 @ target-host ] start-test-services
16:42:28,771 [ test-runner:run-tests-983 @ target-host ] /home/zakkak/spring-quarkus-perf-comparison/spring-quarkus-perf-comparison/scripts/infra.sh -c 3 -p '4-6' -s
Using podman to start containers
-----------------------------------------
[03/11/2026 16:42:22]: Starting services
-----------------------------------------
Starting PostgreSQL database 'fruits_db'
PostgreSQL DB process: b1663866e599c237a933a9fbde714edf069c4df84b5dba26ea4df5616d18ecb2
Waiting for PostgreSQL to be ready...
localhost:5432 - no response
localhost:5432 - accepting connections
16:42:28,771 [ test-runner:run-tests-983 @ target-host ] script-cmd: sync-drop-fs-cache
16:42:28,771 [ test-runner:run-tests-983 @ target-host ] sync-drop-fs-cache
16:42:28,772 [ test-runner:run-tests-983 @ target-host ] read-state: true
16:42:28,772 [ test-runner:run-tests-983 @ target-host ] regex: true
16:42:29,251 [ test-runner:run-tests-983 @ target-host ] sync
16:42:29,251 [ test-runner:run-tests-983 @ target-host ] script-cmd: sync-drop-fs-cache-${{os}}
16:42:29,251 [ test-runner:run-tests-983 @ target-host ] sync-drop-fs-cache-linux
16:42:29,251 [ test-runner:run-tests-983 @ target-host ] script-cmd: sudo
16:42:29,251 [ test-runner:run-tests-983 @ target-host ] sudo
16:42:29,251 [ test-runner:run-tests-983 @ target-host ] script-cmd: sudo-${{os}}
16:42:29,251 [ test-runner:run-tests-983 @ target-host ] sudo-linux
16:42:30,094 [ test-runner:run-tests-983 @ target-host ] sudo sh -c "echo 3 > /proc/sys/vm/drop_caches"
]3008;start=eb9d9b4a129f4ea1b9b17a50d7502ab8;user=zakkak;hostname=blanc;machineid=f469a615e9ef4e81b7d5be080a5de373;bootid=0e917e08584a49cb891ef04366e00ace;pid=202155;pidfdid=202156;comm=sudo;targetuser=root;sessionid=c159;type=session\]3008;end=eb9d9b4a129f4ea1b9b17a50d7502ab8\
16:42:30,103 [ test-runner:run-tests-983 @ target-host ] set-signal: LOAD_STEADY_STATE_START 1
16:42:30,103 [ test-runner:run-tests-983 @ target-host ] set-signal: LOG_REGEX_REACHED 1
16:42:30,506 [ test-runner:run-tests-983 @ target-host ] taskset --cpu-list 0-3 /home/zakkak/spring-quarkus-perf-comparison/spring-quarkus-perf-comparison/quarkus3/target/quarkus3-runner  &>/home/zakkak/spring-quarkus-perf-comparison/logs/load-test-quarkus3-native-2.log &
[1] 202184
16:42:30,907 [ test-runner:run-tests-983 @ target-host ] PID=$!
16:42:31,308 [ test-runner:run-tests-983 @ target-host ] echo $PID
202184
16:42:31,309 [ test-runner:run-tests-983 @ target-host ] set-state: JVM_PID 202184
16:42:31,309 [ test-runner:run-tests-983 @ target-host ] script-cmd: monitor-processes
16:42:31,309 [ test-runner:run-tests-983 @ target-host ] monitor-processes
16:42:31,309 [ test-runner:run-tests-983 @ target-host ] set-signal: LOAD_TEST_COMPLETE 1
16:42:31,762 [ test-runner:run-tests-983 @ target-host ] script-cmd: monitor-process
16:42:31,763 [ :monitor-process-2092 @ target-host ] monitor-process
16:42:31,771 [ :monitor-process-2092 @ target-host ] queue-download: ${{log_file}}=/home/zakkak/spring-quarkus-perf-comparison/logs/pidstat-quarkus3-native-2.log ../../20260311/none/target-host/
16:42:32,138 [ test-runner:run-tests-983 @ target-host ] script-cmd: monitor-process
16:42:32,138 [ :monitor-process-2100 @ target-host ] monitor-process
16:42:32,138 [ :monitor-process-2100 @ target-host ] queue-download: ${{log_file}}=/home/zakkak/spring-quarkus-perf-comparison/logs/mpstat-quarkus3-native-2.log ../../20260311/none/target-host/
16:42:32,274 [ :monitor-process-2092 @ target-host ] taskset --cpu-list 11 pidstat -u -p 202184 1 &>/home/zakkak/spring-quarkus-perf-comparison/logs/pidstat-quarkus3-native-2.log &
[1] 202311
16:42:32,513 [ test-runner:run-tests-983 @ target-host ] script-cmd: monitor-process
16:42:32,513 [ test-runner:run-tests-983 @ target-host ] script-cmd: monitor-postgres
16:42:32,513 [ :monitor-process-2109 @ target-host ] monitor-process
16:42:32,513 [ test-runner:run-tests-983 @ target-host ] monitor-postgres
16:42:32,513 [ :monitor-process-2109 @ target-host ] queue-download: ${{log_file}}=/home/zakkak/spring-quarkus-perf-comparison/logs/vmstat-quarkus3-native-2.log ../../20260311/none/target-host/
16:42:32,641 [ :monitor-process-2100 @ target-host ] taskset --cpu-list 11 mpstat -P ALL 1 &>/home/zakkak/spring-quarkus-perf-comparison/logs/mpstat-quarkus3-native-2.log &
[1] 202388
16:42:32,675 [ :monitor-process-2092 @ target-host ] PROCESS_PID=$!
16:42:32,915 [ :monitor-process-2109 @ target-host ] taskset --cpu-list 11 vmstat 1 &>/home/zakkak/spring-quarkus-perf-comparison/logs/vmstat-quarkus3-native-2.log &
[1] 202472
16:42:32,955 [ test-runner:run-tests-983 @ target-host ] POSTGRES_PID=$(/home/zakkak/spring-quarkus-perf-comparison/spring-quarkus-perf-comparison/scripts/infra.sh -r)
16:42:33,042 [ :monitor-process-2100 @ target-host ] PROCESS_PID=$!
16:42:33,077 [ :monitor-process-2092 @ target-host ] echo $PROCESS_PID
202311
16:42:33,077 [ :monitor-process-2092 @ target-host ] set-state: PROCESS_PID 202311
16:42:33,316 [ :monitor-process-2109 @ target-host ] PROCESS_PID=$!
16:42:33,356 [ test-runner:run-tests-983 @ target-host ] echo $POSTGRES_PID
201965
16:42:33,356 [ test-runner:run-tests-983 @ target-host ] set-state: POSTGRES_PID 201965
16:42:33,444 [ :monitor-process-2100 @ target-host ] echo $PROCESS_PID
202388
16:42:33,444 [ :monitor-process-2100 @ target-host ] set-state: PROCESS_PID 202388
16:42:33,718 [ :monitor-process-2109 @ target-host ] echo $PROCESS_PID
202472
16:42:33,718 [ :monitor-process-2109 @ target-host ] set-state: PROCESS_PID 202472
16:42:33,732 [ test-runner:run-tests-983 @ target-host ] script-cmd: monitor-process
16:42:33,732 [ test-runner:run-tests-983 @ target-host ] JVM_PID = 202184
16:42:33,732 [ :monitor-process-2125 @ target-host ] monitor-process
16:42:33,732 [ test-runner:run-tests-983 @ target-host ] read-state: none
16:42:33,732 [ :monitor-process-2125 @ target-host ] queue-download: ${{log_file}}=/home/zakkak/spring-quarkus-perf-comparison/logs/postgres-pidstat-quarkus3-native-2.log ../../20260311/none/target-host/
16:42:34,108 [ test-runner:run-tests-983 @ target-host ] script-cmd: watch-log
16:42:34,108 [ :watch-log-2134 @ target-host ] watch-log
16:42:34,118 [ :watch-log-2134 @ target-host ] regex: ${{log_regex}}
16:42:34,118 [ :watch-log-2134 @ target-host ] ctrlC
16:42:34,118 [ :watch-log-2134 @ target-host ] reached LOG_REGEX_REACHED
16:42:34,118 [ test-runner:run-tests-983 @ target-host ] wait-for: LOG_REGEX_REACHED
16:42:34,118 [ :watch-log-2134 @ target-host ] signal: LOG_REGEX_REACHED
16:42:34,235 [ :monitor-process-2125 @ target-host ] taskset --cpu-list 11 pidstat -u -p $(pgrep -d , -P 201965) 1 &>/home/zakkak/spring-quarkus-perf-comparison/logs/postgres-pidstat-quarkus3-native-2.log &
[1] 202590
16:42:34,520 [ :watch-log-2134 @ target-host ] tail -f /home/zakkak/spring-quarkus-perf-comparison/logs/load-test-quarkus3-native-2.log
__  ____  __  _____   ___  __ ____  ______ 
 --/ __ \/ / / / _ | / _ \/ //_/ / / / __/ 
 -/ /_/ / /_/ / __ |/ , _/ ,< / /_/ /\ \   
--\___\_\____/_/ |_/_/|_/_/|_|\____/___/   
2026-03-11 16:42:30,241 INFO  [io.quarkus] (main) quarkus3 1.0 native (powered by Quarkus 999-SNAPSHOT) started in 0.076s. Listening on: http://0.0.0.0:8080
2026-03-11 16:42:30,241 INFO  [io.quarkus] (main) Profile prod activated. 
2026-03-11 16:42:30,241 INFO  [io.quarkus] (main) Installed features: [agroal, cdi, config-yaml, hibernate-orm, hibernate-orm-panache, hibernate-validator, jdbc-postgresql, narayana-jta, rest, rest-jackson, smallrye-context-propagation, smallrye-health, vertx]
16:42:34,637 [ :monitor-process-2125 @ target-host ] PROCESS_PID=$!
16:42:35,038 [ :monitor-process-2125 @ target-host ] echo $PROCESS_PID
202590
16:42:35,038 [ :monitor-process-2125 @ target-host ] set-state: PROCESS_PID 202590
16:44:44,062 [ test-runner:run-tests-983 @ target-host ] taskset --cpu-list 7-9 jbang -R -XX:+UseNUMA wrk@hyperfoil -t 2 -c 100 -d 2m --timeout 2m http://localhost:8080/fruits 2>&1 >/home/zakkak/spring-quarkus-perf-comparison/logs/wrk-warmup-quarkus3-native-2.log
16:45:14,062 [ test-runner:run-tests-983 @ target-host ] sleep: 30s
16:45:14,063 [ :monitor-process-2100 @ target-host ] reached LOAD_STEADY_STATE_START
16:45:14,063 [ test-runner:run-tests-983 @ target-host ] signal: LOAD_STEADY_STATE_START
16:45:53,732 [ test-runner:run-tests-983 @ target-host ] taskset --cpu-list 7-9 jbang -R -XX:+UseNUMA wrk@hyperfoil -t 2 -c 100 -d 30s --timeout 30s http://localhost:8080/fruits 2>&1 >/home/zakkak/spring-quarkus-perf-comparison/logs/wrk-quarkus3-native-2.log
16:45:54,147 [ test-runner:run-tests-983 @ target-host ] cat /home/zakkak/spring-quarkus-perf-comparison/logs/wrk-quarkus3-native-2.log | grep "Requests/sec" | awk '{print $2}'
15970.97
16:45:54,147 [ test-runner:run-tests-983 @ target-host ] set-state: THROUGHPUT 15970.97
16:45:54,147 [ test-runner:run-tests-983 @ target-host ] script-cmd: state-array-push
16:45:54,148 [ test-runner:run-tests-983 @ target-host ] state-array-push
16:45:54,198 [ test-runner:run-tests-983 @ target-host ] set-state: RUN.output.results.quarkus3-native.load.throughput [16062.91,16005.87,15970.97]
16:45:54,601 [ test-runner:run-tests-983 @ target-host ] cat /home/zakkak/spring-quarkus-perf-comparison/logs/wrk-quarkus3-native-2.log | grep "Socket errors:" | sed -E 's/.*connectionErrors ([0-9]+).*/\1/'
16:45:54,601 [ test-runner:run-tests-983 @ target-host ] regex: ^$
16:45:54,601 [ test-runner:run-tests-983 @ target-host ] set-state: CONNECTION_ERRORS 0
16:45:54,602 [ test-runner:run-tests-983 @ target-host ] script-cmd: state-array-push
16:45:54,602 [ test-runner:run-tests-983 @ target-host ] state-array-push
16:45:54,639 [ test-runner:run-tests-983 @ target-host ] set-state: RUN.output.results.quarkus3-native.load.connectionErrors [0,0,0]
16:45:55,043 [ test-runner:run-tests-983 @ target-host ] cat /home/zakkak/spring-quarkus-perf-comparison/logs/wrk-quarkus3-native-2.log | grep "Socket errors:" | sed -E 's/.*requestTimeouts ([0-9]+)/\1/'
16:45:55,043 [ test-runner:run-tests-983 @ target-host ] regex: ^$
16:45:55,043 [ test-runner:run-tests-983 @ target-host ] set-state: REQUEST_TIMEOUTS 0
16:45:55,043 [ test-runner:run-tests-983 @ target-host ] script-cmd: state-array-push
16:45:55,043 [ test-runner:run-tests-983 @ target-host ] state-array-push
16:45:55,078 [ test-runner:run-tests-983 @ target-host ] set-state: RUN.output.results.quarkus3-native.load.requestTimeouts [0,0,0]
16:45:55,496 [ test-runner:run-tests-983 @ target-host ] pmap -x $PID | grep total | awk '{print $4}'
160916
16:45:55,496 [ test-runner:run-tests-983 @ target-host ] set-state: RSS 160916
16:45:55,514 [ test-runner:run-tests-983 @ target-host ] script-cmd: state-array-push
16:45:55,515 [ test-runner:run-tests-983 @ target-host ] state-array-push
16:45:55,556 [ test-runner:run-tests-983 @ target-host ] set-state: RUN.output.results.quarkus3-native.load.rss [156.94140625,154.36328125,157.14453125]
16:45:55,575 [ test-runner:run-tests-983 @ target-host ] script-cmd: state-array-push
16:45:55,575 [ test-runner:run-tests-983 @ target-host ] state-array-push
16:45:55,613 [ test-runner:run-tests-983 @ target-host ] set-state: RUN.output.results.quarkus3-native.load.throughputDensity [102.34972646041267,103.68962016347395,101.63236272340848]
16:45:55,613 [ test-runner:run-tests-983 @ target-host ] reached LOAD_TEST_COMPLETE
16:45:55,613 [ :monitor-process-2092 @ target-host ] wait-for: LOAD_TEST_COMPLETE
16:45:55,613 [ :monitor-process-2100 @ target-host ] wait-for: LOAD_TEST_COMPLETE
16:45:55,613 [ :monitor-process-2109 @ target-host ] wait-for: LOAD_TEST_COMPLETE
16:45:55,613 [ :monitor-process-2125 @ target-host ] wait-for: LOAD_TEST_COMPLETE
16:45:55,613 [ test-runner:run-tests-983 @ target-host ] signal: LOAD_TEST_COMPLETE
16:45:56,014 [ :monitor-process-2092 @ target-host ] kill -15 $PROCESS_PID
bash: kill: (202311) - No such process
16:45:56,015 [ :monitor-process-2100 @ target-host ] kill -15 $PROCESS_PID
bash: kill: (202388) - No such process
16:45:56,015 [ :monitor-process-2125 @ target-host ] kill -15 $PROCESS_PID
bash: kill: (202590) - No such process
16:45:56,115 [ test-runner:run-tests-983 @ target-host ] kill -15 $PID
16:45:56,115 [ :monitor-process-2109 @ target-host ] kill -15 $PROCESS_PID
16:45:58,526 [ test-runner:run-tests-983 @ target-host ] sleep 2
16:45:58,526 [ test-runner:run-tests-983 @ target-host ] script-cmd: stop-test-services
16:45:58,527 [ test-runner:run-tests-983 @ target-host ] stop-test-services
16:45:59,177 [ test-runner:run-tests-983 @ target-host ] /home/zakkak/spring-quarkus-perf-comparison/spring-quarkus-perf-comparison/scripts/infra.sh -d
Using podman to stop containers
-----------------------------------------
[03/11/2026 16:45:58]: Stopping services
-----------------------------------------
Stopping PostgreSQL database 'fruits_db'
fruits_db
16:45:59,233 [ test-runner:run-tests-983 @ target-host ] for-each: ITERATION = 3
16:45:59,234 [ test-runner:run-tests-983 @ target-host ] set-state: LOG_FILE /home/zakkak/spring-quarkus-perf-comparison/logs/load-test-quarkus3-native-3.log
16:45:59,645 [ test-runner:run-tests-983 @ target-host ] touch /home/zakkak/spring-quarkus-perf-comparison/logs/load-test-quarkus3-native-3.log
16:45:59,646 [ test-runner:run-tests-983 @ target-host ] queue-download: ${{REPO_DIR}}/logs/wrk-warmup-${{RUNTIME.name}}-${{ITERATION}}.log=/home/zakkak/spring-quarkus-perf-comparison/logs/wrk-warmup-quarkus3-native-3.log ../../20260311/none/target-host/
16:45:59,646 [ test-runner:run-tests-983 @ target-host ] queue-download: ${{LOG_FILE}}=/home/zakkak/spring-quarkus-perf-comparison/logs/load-test-quarkus3-native-3.log ../../20260311/none/target-host/
16:45:59,646 [ test-runner:run-tests-983 @ target-host ] queue-download: ${{REPO_DIR}}/logs/wrk-${{RUNTIME.name}}-${{ITERATION}}.log=/home/zakkak/spring-quarkus-perf-comparison/logs/wrk-quarkus3-native-3.log ../../20260311/none/target-host/
16:45:59,646 [ test-runner:run-tests-983 @ target-host ] script-cmd: start-test-services
16:45:59,646 [ test-runner:run-tests-983 @ target-host ] start-test-services
16:46:10,721 [ test-runner:run-tests-983 @ target-host ] /home/zakkak/spring-quarkus-perf-comparison/spring-quarkus-perf-comparison/scripts/infra.sh -c 3 -p '4-6' -s
Using podman to start containers
-----------------------------------------
[03/11/2026 16:45:59]: Starting services
-----------------------------------------
Starting PostgreSQL database 'fruits_db'
PostgreSQL DB process: e07dce13fdd9751046da1cb5802b042273d926470129db33ee7df5f557c7a985
Waiting for PostgreSQL to be ready...
localhost:5432 - no response
localhost:5432 - no response
localhost:5432 - accepting connections
16:46:10,722 [ test-runner:run-tests-983 @ target-host ] script-cmd: sync-drop-fs-cache
16:46:10,722 [ test-runner:run-tests-983 @ target-host ] sync-drop-fs-cache
16:46:10,722 [ test-runner:run-tests-983 @ target-host ] read-state: true
16:46:10,722 [ test-runner:run-tests-983 @ target-host ] regex: true
16:46:11,241 [ test-runner:run-tests-983 @ target-host ] sync
16:46:11,241 [ test-runner:run-tests-983 @ target-host ] script-cmd: sync-drop-fs-cache-${{os}}
16:46:11,241 [ test-runner:run-tests-983 @ target-host ] sync-drop-fs-cache-linux
16:46:11,241 [ test-runner:run-tests-983 @ target-host ] script-cmd: sudo
16:46:11,241 [ test-runner:run-tests-983 @ target-host ] sudo
16:46:11,242 [ test-runner:run-tests-983 @ target-host ] script-cmd: sudo-${{os}}
16:46:11,242 [ test-runner:run-tests-983 @ target-host ] sudo-linux
16:46:12,032 [ test-runner:run-tests-983 @ target-host ] sudo sh -c "echo 3 > /proc/sys/vm/drop_caches"
]3008;start=6bdc3b82ef604b8bba098f1e923cfa02;user=zakkak;hostname=blanc;machineid=f469a615e9ef4e81b7d5be080a5de373;bootid=0e917e08584a49cb891ef04366e00ace;pid=203986;pidfdid=203987;comm=sudo;targetuser=root;sessionid=c160;type=session\]3008;end=6bdc3b82ef604b8bba098f1e923cfa02\
16:46:12,033 [ test-runner:run-tests-983 @ target-host ] set-signal: LOAD_STEADY_STATE_START 1
16:46:12,033 [ test-runner:run-tests-983 @ target-host ] set-signal: LOG_REGEX_REACHED 1
16:46:12,435 [ test-runner:run-tests-983 @ target-host ] taskset --cpu-list 0-3 /home/zakkak/spring-quarkus-perf-comparison/spring-quarkus-perf-comparison/quarkus3/target/quarkus3-runner  &>/home/zakkak/spring-quarkus-perf-comparison/logs/load-test-quarkus3-native-3.log &
[1] 204015
16:46:12,837 [ test-runner:run-tests-983 @ target-host ] PID=$!
16:46:13,238 [ test-runner:run-tests-983 @ target-host ] echo $PID
204015
16:46:13,238 [ test-runner:run-tests-983 @ target-host ] set-state: JVM_PID 204015
16:46:13,238 [ test-runner:run-tests-983 @ target-host ] script-cmd: monitor-processes
16:46:13,238 [ test-runner:run-tests-983 @ target-host ] monitor-processes
16:46:13,248 [ test-runner:run-tests-983 @ target-host ] set-signal: LOAD_TEST_COMPLETE 1
16:46:13,693 [ test-runner:run-tests-983 @ target-host ] script-cmd: monitor-process
16:46:13,693 [ :monitor-process-2185 @ target-host ] monitor-process
16:46:13,693 [ :monitor-process-2185 @ target-host ] queue-download: ${{log_file}}=/home/zakkak/spring-quarkus-perf-comparison/logs/pidstat-quarkus3-native-3.log ../../20260311/none/target-host/
16:46:14,068 [ test-runner:run-tests-983 @ target-host ] script-cmd: monitor-process
16:46:14,068 [ :monitor-process-2193 @ target-host ] monitor-process
16:46:14,068 [ :monitor-process-2193 @ target-host ] queue-download: ${{log_file}}=/home/zakkak/spring-quarkus-perf-comparison/logs/mpstat-quarkus3-native-3.log ../../20260311/none/target-host/
16:46:14,196 [ :monitor-process-2185 @ target-host ] taskset --cpu-list 11 pidstat -u -p 204015 1 &>/home/zakkak/spring-quarkus-perf-comparison/logs/pidstat-quarkus3-native-3.log &
[1] 204134
16:46:14,442 [ test-runner:run-tests-983 @ target-host ] script-cmd: monitor-process
16:46:14,442 [ test-runner:run-tests-983 @ target-host ] script-cmd: monitor-postgres
16:46:14,442 [ test-runner:run-tests-983 @ target-host ] monitor-postgres
16:46:14,442 [ :monitor-process-2202 @ target-host ] monitor-process
16:46:14,442 [ :monitor-process-2202 @ target-host ] queue-download: ${{log_file}}=/home/zakkak/spring-quarkus-perf-comparison/logs/vmstat-quarkus3-native-3.log ../../20260311/none/target-host/
16:46:14,571 [ :monitor-process-2193 @ target-host ] taskset --cpu-list 11 mpstat -P ALL 1 &>/home/zakkak/spring-quarkus-perf-comparison/logs/mpstat-quarkus3-native-3.log &
[1] 204216
16:46:14,597 [ :monitor-process-2185 @ target-host ] PROCESS_PID=$!
16:46:14,844 [ :monitor-process-2202 @ target-host ] taskset --cpu-list 11 vmstat 1 &>/home/zakkak/spring-quarkus-perf-comparison/logs/vmstat-quarkus3-native-3.log &
[1] 204301
16:46:14,882 [ test-runner:run-tests-983 @ target-host ] POSTGRES_PID=$(/home/zakkak/spring-quarkus-perf-comparison/spring-quarkus-perf-comparison/scripts/infra.sh -r)
16:46:14,972 [ :monitor-process-2193 @ target-host ] PROCESS_PID=$!
16:46:14,999 [ :monitor-process-2185 @ target-host ] echo $PROCESS_PID
204134
16:46:14,999 [ :monitor-process-2185 @ target-host ] set-state: PROCESS_PID 204134
16:46:15,245 [ :monitor-process-2202 @ target-host ] PROCESS_PID=$!
16:46:15,284 [ test-runner:run-tests-983 @ target-host ] echo $POSTGRES_PID
203714
16:46:15,284 [ test-runner:run-tests-983 @ target-host ] set-state: POSTGRES_PID 203714
16:46:15,374 [ :monitor-process-2193 @ target-host ] echo $PROCESS_PID
204216
16:46:15,374 [ :monitor-process-2193 @ target-host ] set-state: PROCESS_PID 204216
16:46:15,647 [ :monitor-process-2202 @ target-host ] echo $PROCESS_PID
204301
16:46:15,647 [ :monitor-process-2202 @ target-host ] set-state: PROCESS_PID 204301
16:46:15,659 [ test-runner:run-tests-983 @ target-host ] script-cmd: monitor-process
16:46:15,659 [ test-runner:run-tests-983 @ target-host ] JVM_PID = 204015
16:46:15,659 [ :monitor-process-2218 @ target-host ] monitor-process
16:46:15,659 [ :monitor-process-2218 @ target-host ] queue-download: ${{log_file}}=/home/zakkak/spring-quarkus-perf-comparison/logs/postgres-pidstat-quarkus3-native-3.log ../../20260311/none/target-host/
16:46:15,659 [ test-runner:run-tests-983 @ target-host ] read-state: none
16:46:16,031 [ test-runner:run-tests-983 @ target-host ] script-cmd: watch-log
16:46:16,031 [ :watch-log-2227 @ target-host ] watch-log
16:46:16,041 [ :watch-log-2227 @ target-host ] regex: ${{log_regex}}
16:46:16,041 [ :watch-log-2227 @ target-host ] ctrlC
16:46:16,042 [ :watch-log-2227 @ target-host ] reached LOG_REGEX_REACHED
16:46:16,042 [ test-runner:run-tests-983 @ target-host ] wait-for: LOG_REGEX_REACHED
16:46:16,042 [ :watch-log-2227 @ target-host ] signal: LOG_REGEX_REACHED
16:46:16,161 [ :monitor-process-2218 @ target-host ] taskset --cpu-list 11 pidstat -u -p $(pgrep -d , -P 203714) 1 &>/home/zakkak/spring-quarkus-perf-comparison/logs/postgres-pidstat-quarkus3-native-3.log &
[1] 204415
16:46:16,443 [ :watch-log-2227 @ target-host ] tail -f /home/zakkak/spring-quarkus-perf-comparison/logs/load-test-quarkus3-native-3.log
__  ____  __  _____   ___  __ ____  ______ 
 --/ __ \/ / / / _ | / _ \/ //_/ / / / __/ 
 -/ /_/ / /_/ / __ |/ , _/ ,< / /_/ /\ \   
--\___\_\____/_/ |_/_/|_/_/|_|\____/___/   
2026-03-11 16:46:12,171 INFO  [io.quarkus] (main) quarkus3 1.0 native (powered by Quarkus 999-SNAPSHOT) started in 0.076s. Listening on: http://0.0.0.0:8080
2026-03-11 16:46:12,171 INFO  [io.quarkus] (main) Profile prod activated. 
2026-03-11 16:46:12,171 INFO  [io.quarkus] (main) Installed features: [agroal, cdi, config-yaml, hibernate-orm, hibernate-orm-panache, hibernate-validator, jdbc-postgresql, narayana-jta, rest, rest-jackson, smallrye-context-propagation, smallrye-health, vertx]
16:46:16,563 [ :monitor-process-2218 @ target-host ] PROCESS_PID=$!
16:46:16,966 [ :monitor-process-2218 @ target-host ] echo $PROCESS_PID
204415
16:46:16,966 [ :monitor-process-2218 @ target-host ] set-state: PROCESS_PID 204415
16:48:25,907 [ test-runner:run-tests-983 @ target-host ] taskset --cpu-list 7-9 jbang -R -XX:+UseNUMA wrk@hyperfoil -t 2 -c 100 -d 2m --timeout 2m http://localhost:8080/fruits 2>&1 >/home/zakkak/spring-quarkus-perf-comparison/logs/wrk-warmup-quarkus3-native-3.log
16:48:55,908 [ test-runner:run-tests-983 @ target-host ] sleep: 30s
16:48:55,908 [ :monitor-process-2193 @ target-host ] reached LOAD_STEADY_STATE_START
16:48:55,908 [ test-runner:run-tests-983 @ target-host ] signal: LOAD_STEADY_STATE_START
16:49:35,545 [ test-runner:run-tests-983 @ target-host ] taskset --cpu-list 7-9 jbang -R -XX:+UseNUMA wrk@hyperfoil -t 2 -c 100 -d 30s --timeout 30s http://localhost:8080/fruits 2>&1 >/home/zakkak/spring-quarkus-perf-comparison/logs/wrk-quarkus3-native-3.log
16:49:35,960 [ test-runner:run-tests-983 @ target-host ] cat /home/zakkak/spring-quarkus-perf-comparison/logs/wrk-quarkus3-native-3.log | grep "Requests/sec" | awk '{print $2}'
16057.97
16:49:35,960 [ test-runner:run-tests-983 @ target-host ] set-state: THROUGHPUT 16057.97
16:49:35,961 [ test-runner:run-tests-983 @ target-host ] script-cmd: state-array-push
16:49:35,961 [ test-runner:run-tests-983 @ target-host ] state-array-push
16:49:36,009 [ test-runner:run-tests-983 @ target-host ] set-state: RUN.output.results.quarkus3-native.load.throughput [16062.91,16005.87,15970.97,16057.97]
16:49:36,413 [ test-runner:run-tests-983 @ target-host ] cat /home/zakkak/spring-quarkus-perf-comparison/logs/wrk-quarkus3-native-3.log | grep "Socket errors:" | sed -E 's/.*connectionErrors ([0-9]+).*/\1/'
16:49:36,413 [ test-runner:run-tests-983 @ target-host ] regex: ^$
16:49:36,413 [ test-runner:run-tests-983 @ target-host ] set-state: CONNECTION_ERRORS 0
16:49:36,413 [ test-runner:run-tests-983 @ target-host ] script-cmd: state-array-push
16:49:36,413 [ test-runner:run-tests-983 @ target-host ] state-array-push
16:49:36,450 [ test-runner:run-tests-983 @ target-host ] set-state: RUN.output.results.quarkus3-native.load.connectionErrors [0,0,0,0]
16:49:36,854 [ test-runner:run-tests-983 @ target-host ] cat /home/zakkak/spring-quarkus-perf-comparison/logs/wrk-quarkus3-native-3.log | grep "Socket errors:" | sed -E 's/.*requestTimeouts ([0-9]+)/\1/'
16:49:36,854 [ test-runner:run-tests-983 @ target-host ] regex: ^$
16:49:36,854 [ test-runner:run-tests-983 @ target-host ] set-state: REQUEST_TIMEOUTS 0
16:49:36,854 [ test-runner:run-tests-983 @ target-host ] script-cmd: state-array-push
16:49:36,854 [ test-runner:run-tests-983 @ target-host ] state-array-push
16:49:36,896 [ test-runner:run-tests-983 @ target-host ] set-state: RUN.output.results.quarkus3-native.load.requestTimeouts [0,0,0,0]
16:49:37,314 [ test-runner:run-tests-983 @ target-host ] pmap -x $PID | grep total | awk '{print $4}'
158600
16:49:37,314 [ test-runner:run-tests-983 @ target-host ] set-state: RSS 158600
16:49:37,333 [ test-runner:run-tests-983 @ target-host ] script-cmd: state-array-push
16:49:37,333 [ test-runner:run-tests-983 @ target-host ] state-array-push
16:49:37,377 [ test-runner:run-tests-983 @ target-host ] set-state: RUN.output.results.quarkus3-native.load.rss [156.94140625,154.36328125,157.14453125,154.8828125]
16:49:37,396 [ test-runner:run-tests-983 @ target-host ] script-cmd: state-array-push
16:49:37,396 [ test-runner:run-tests-983 @ target-host ] state-array-push
16:49:37,432 [ test-runner:run-tests-983 @ target-host ] set-state: RUN.output.results.quarkus3-native.load.throughputDensity [102.34972646041267,103.68962016347395,101.63236272340848,103.6781921815889]
16:49:37,432 [ test-runner:run-tests-983 @ target-host ] reached LOAD_TEST_COMPLETE
16:49:37,432 [ :monitor-process-2185 @ target-host ] wait-for: LOAD_TEST_COMPLETE
16:49:37,433 [ :monitor-process-2193 @ target-host ] wait-for: LOAD_TEST_COMPLETE
16:49:37,433 [ :monitor-process-2202 @ target-host ] wait-for: LOAD_TEST_COMPLETE
16:49:37,433 [ :monitor-process-2218 @ target-host ] wait-for: LOAD_TEST_COMPLETE
16:49:37,433 [ test-runner:run-tests-983 @ target-host ] signal: LOAD_TEST_COMPLETE
16:49:37,835 [ :monitor-process-2185 @ target-host ] kill -15 $PROCESS_PID
bash: kill: (204134) - No such process
16:49:37,835 [ :monitor-process-2218 @ target-host ] kill -15 $PROCESS_PID
bash: kill: (204415) - No such process
16:49:37,835 [ :monitor-process-2193 @ target-host ] kill -15 $PROCESS_PID
bash: kill: (204216) - No such process
16:49:37,935 [ test-runner:run-tests-983 @ target-host ] kill -15 $PID
16:49:37,935 [ :monitor-process-2202 @ target-host ] kill -15 $PROCESS_PID
16:49:40,345 [ test-runner:run-tests-983 @ target-host ] sleep 2
16:49:40,346 [ test-runner:run-tests-983 @ target-host ] script-cmd: stop-test-services
16:49:40,346 [ test-runner:run-tests-983 @ target-host ] stop-test-services
16:49:40,997 [ test-runner:run-tests-983 @ target-host ] /home/zakkak/spring-quarkus-perf-comparison/spring-quarkus-perf-comparison/scripts/infra.sh -d
Using podman to stop containers
-----------------------------------------
[03/11/2026 16:49:40]: Stopping services
-----------------------------------------
Stopping PostgreSQL database 'fruits_db'
fruits_db
16:49:41,053 [ test-runner:run-tests-983 @ target-host ] for-each: ITERATION = 4
16:49:41,053 [ test-runner:run-tests-983 @ target-host ] set-state: LOG_FILE /home/zakkak/spring-quarkus-perf-comparison/logs/load-test-quarkus3-native-4.log
16:49:41,464 [ test-runner:run-tests-983 @ target-host ] touch /home/zakkak/spring-quarkus-perf-comparison/logs/load-test-quarkus3-native-4.log
16:49:41,465 [ test-runner:run-tests-983 @ target-host ] queue-download: ${{REPO_DIR}}/logs/wrk-warmup-${{RUNTIME.name}}-${{ITERATION}}.log=/home/zakkak/spring-quarkus-perf-comparison/logs/wrk-warmup-quarkus3-native-4.log ../../20260311/none/target-host/
16:49:41,465 [ test-runner:run-tests-983 @ target-host ] queue-download: ${{LOG_FILE}}=/home/zakkak/spring-quarkus-perf-comparison/logs/load-test-quarkus3-native-4.log ../../20260311/none/target-host/
16:49:41,465 [ test-runner:run-tests-983 @ target-host ] queue-download: ${{REPO_DIR}}/logs/wrk-${{RUNTIME.name}}-${{ITERATION}}.log=/home/zakkak/spring-quarkus-perf-comparison/logs/wrk-quarkus3-native-4.log ../../20260311/none/target-host/
16:49:41,465 [ test-runner:run-tests-983 @ target-host ] script-cmd: start-test-services
16:49:41,465 [ test-runner:run-tests-983 @ target-host ] start-test-services
16:49:52,538 [ test-runner:run-tests-983 @ target-host ] /home/zakkak/spring-quarkus-perf-comparison/spring-quarkus-perf-comparison/scripts/infra.sh -c 3 -p '4-6' -s
Using podman to start containers
-----------------------------------------
[03/11/2026 16:49:41]: Starting services
-----------------------------------------
Starting PostgreSQL database 'fruits_db'
PostgreSQL DB process: 24ea81e7bede2956ca1a940a830ae627b0cfd44ac65f2e2646fb3add8f7a9a8c
Waiting for PostgreSQL to be ready...
localhost:5432 - no response
localhost:5432 - no response
localhost:5432 - accepting connections
16:49:52,538 [ test-runner:run-tests-983 @ target-host ] script-cmd: sync-drop-fs-cache
16:49:52,538 [ test-runner:run-tests-983 @ target-host ] sync-drop-fs-cache
16:49:52,538 [ test-runner:run-tests-983 @ target-host ] read-state: true
16:49:52,538 [ test-runner:run-tests-983 @ target-host ] regex: true
16:49:53,143 [ test-runner:run-tests-983 @ target-host ] sync
16:49:53,144 [ test-runner:run-tests-983 @ target-host ] script-cmd: sync-drop-fs-cache-${{os}}
16:49:53,144 [ test-runner:run-tests-983 @ target-host ] sync-drop-fs-cache-linux
16:49:53,144 [ test-runner:run-tests-983 @ target-host ] script-cmd: sudo
16:49:53,144 [ test-runner:run-tests-983 @ target-host ] sudo
16:49:53,144 [ test-runner:run-tests-983 @ target-host ] script-cmd: sudo-${{os}}
16:49:53,144 [ test-runner:run-tests-983 @ target-host ] sudo-linux
16:49:53,923 [ test-runner:run-tests-983 @ target-host ] sudo sh -c "echo 3 > /proc/sys/vm/drop_caches"
]3008;start=154277cdac494fd1a522ddff0118aae9;user=zakkak;hostname=blanc;machineid=f469a615e9ef4e81b7d5be080a5de373;bootid=0e917e08584a49cb891ef04366e00ace;pid=205832;pidfdid=205833;comm=sudo;targetuser=root;sessionid=c161;type=session\]3008;end=154277cdac494fd1a522ddff0118aae9\
16:49:53,924 [ test-runner:run-tests-983 @ target-host ] set-signal: LOAD_STEADY_STATE_START 1
16:49:53,925 [ test-runner:run-tests-983 @ target-host ] set-signal: LOG_REGEX_REACHED 1
16:49:54,327 [ test-runner:run-tests-983 @ target-host ] taskset --cpu-list 0-3 /home/zakkak/spring-quarkus-perf-comparison/spring-quarkus-perf-comparison/quarkus3/target/quarkus3-runner  &>/home/zakkak/spring-quarkus-perf-comparison/logs/load-test-quarkus3-native-4.log &
[1] 205859
16:49:54,729 [ test-runner:run-tests-983 @ target-host ] PID=$!
16:49:55,130 [ test-runner:run-tests-983 @ target-host ] echo $PID
205859
16:49:55,130 [ test-runner:run-tests-983 @ target-host ] set-state: JVM_PID 205859
16:49:55,130 [ test-runner:run-tests-983 @ target-host ] script-cmd: monitor-processes
16:49:55,131 [ test-runner:run-tests-983 @ target-host ] monitor-processes
16:49:55,131 [ test-runner:run-tests-983 @ target-host ] set-signal: LOAD_TEST_COMPLETE 1
16:49:55,585 [ test-runner:run-tests-983 @ target-host ] script-cmd: monitor-process
16:49:55,585 [ :monitor-process-2278 @ target-host ] monitor-process
16:49:55,585 [ :monitor-process-2278 @ target-host ] queue-download: ${{log_file}}=/home/zakkak/spring-quarkus-perf-comparison/logs/pidstat-quarkus3-native-4.log ../../20260311/none/target-host/
16:49:55,959 [ test-runner:run-tests-983 @ target-host ] script-cmd: monitor-process
16:49:55,959 [ :monitor-process-2286 @ target-host ] monitor-process
16:49:55,959 [ :monitor-process-2286 @ target-host ] queue-download: ${{log_file}}=/home/zakkak/spring-quarkus-perf-comparison/logs/mpstat-quarkus3-native-4.log ../../20260311/none/target-host/
16:49:56,088 [ :monitor-process-2278 @ target-host ] taskset --cpu-list 11 pidstat -u -p 205859 1 &>/home/zakkak/spring-quarkus-perf-comparison/logs/pidstat-quarkus3-native-4.log &
[1] 205964
16:49:56,334 [ test-runner:run-tests-983 @ target-host ] script-cmd: monitor-process
16:49:56,334 [ test-runner:run-tests-983 @ target-host ] script-cmd: monitor-postgres
16:49:56,334 [ test-runner:run-tests-983 @ target-host ] monitor-postgres
16:49:56,334 [ :monitor-process-2295 @ target-host ] monitor-process
16:49:56,334 [ :monitor-process-2295 @ target-host ] queue-download: ${{log_file}}=/home/zakkak/spring-quarkus-perf-comparison/logs/vmstat-quarkus3-native-4.log ../../20260311/none/target-host/
16:49:56,461 [ :monitor-process-2286 @ target-host ] taskset --cpu-list 11 mpstat -P ALL 1 &>/home/zakkak/spring-quarkus-perf-comparison/logs/mpstat-quarkus3-native-4.log &
[1] 206063
16:49:56,490 [ :monitor-process-2278 @ target-host ] PROCESS_PID=$!
16:49:56,736 [ :monitor-process-2295 @ target-host ] taskset --cpu-list 11 vmstat 1 &>/home/zakkak/spring-quarkus-perf-comparison/logs/vmstat-quarkus3-native-4.log &
[1] 206146
16:49:56,774 [ test-runner:run-tests-983 @ target-host ] POSTGRES_PID=$(/home/zakkak/spring-quarkus-perf-comparison/spring-quarkus-perf-comparison/scripts/infra.sh -r)
16:49:56,863 [ :monitor-process-2286 @ target-host ] PROCESS_PID=$!
16:49:56,891 [ :monitor-process-2278 @ target-host ] echo $PROCESS_PID
205964
16:49:56,891 [ :monitor-process-2278 @ target-host ] set-state: PROCESS_PID 205964
16:49:57,137 [ :monitor-process-2295 @ target-host ] PROCESS_PID=$!
16:49:57,176 [ test-runner:run-tests-983 @ target-host ] echo $POSTGRES_PID
205554
16:49:57,176 [ test-runner:run-tests-983 @ target-host ] set-state: POSTGRES_PID 205554
16:49:57,264 [ :monitor-process-2286 @ target-host ] echo $PROCESS_PID
206063
16:49:57,264 [ :monitor-process-2286 @ target-host ] set-state: PROCESS_PID 206063
16:49:57,539 [ :monitor-process-2295 @ target-host ] echo $PROCESS_PID
206146
16:49:57,539 [ :monitor-process-2295 @ target-host ] set-state: PROCESS_PID 206146
16:49:57,547 [ :monitor-process-2311 @ target-host ] monitor-process
16:49:57,547 [ :monitor-process-2311 @ target-host ] queue-download: ${{log_file}}=/home/zakkak/spring-quarkus-perf-comparison/logs/postgres-pidstat-quarkus3-native-4.log ../../20260311/none/target-host/
16:49:57,547 [ test-runner:run-tests-983 @ target-host ] script-cmd: monitor-process
16:49:57,547 [ test-runner:run-tests-983 @ target-host ] JVM_PID = 205859
16:49:57,547 [ test-runner:run-tests-983 @ target-host ] read-state: none
16:49:57,919 [ test-runner:run-tests-983 @ target-host ] script-cmd: watch-log
16:49:57,919 [ :watch-log-2320 @ target-host ] watch-log
16:49:57,930 [ :watch-log-2320 @ target-host ] regex: ${{log_regex}}
16:49:57,930 [ :watch-log-2320 @ target-host ] ctrlC
16:49:57,930 [ :watch-log-2320 @ target-host ] reached LOG_REGEX_REACHED
16:49:57,930 [ test-runner:run-tests-983 @ target-host ] wait-for: LOG_REGEX_REACHED
16:49:57,930 [ :watch-log-2320 @ target-host ] signal: LOG_REGEX_REACHED
16:49:58,050 [ :monitor-process-2311 @ target-host ] taskset --cpu-list 11 pidstat -u -p $(pgrep -d , -P 205554) 1 &>/home/zakkak/spring-quarkus-perf-comparison/logs/postgres-pidstat-quarkus3-native-4.log &
[1] 206263
16:49:58,332 [ :watch-log-2320 @ target-host ] tail -f /home/zakkak/spring-quarkus-perf-comparison/logs/load-test-quarkus3-native-4.log
__  ____  __  _____   ___  __ ____  ______ 
 --/ __ \/ / / / _ | / _ \/ //_/ / / / __/ 
 -/ /_/ / /_/ / __ |/ , _/ ,< / /_/ /\ \   
--\___\_\____/_/ |_/_/|_/_/|_|\____/___/   
2026-03-11 16:49:54,065 INFO  [io.quarkus] (main) quarkus3 1.0 native (powered by Quarkus 999-SNAPSHOT) started in 0.075s. Listening on: http://0.0.0.0:8080
2026-03-11 16:49:54,065 INFO  [io.quarkus] (main) Profile prod activated. 
2026-03-11 16:49:54,065 INFO  [io.quarkus] (main) Installed features: [agroal, cdi, config-yaml, hibernate-orm, hibernate-orm-panache, hibernate-validator, jdbc-postgresql, narayana-jta, rest, rest-jackson, smallrye-context-propagation, smallrye-health, vertx]
16:49:58,451 [ :monitor-process-2311 @ target-host ] PROCESS_PID=$!
16:49:58,853 [ :monitor-process-2311 @ target-host ] echo $PROCESS_PID
206263
16:49:58,853 [ :monitor-process-2311 @ target-host ] set-state: PROCESS_PID 206263
16:52:07,827 [ test-runner:run-tests-983 @ target-host ] taskset --cpu-list 7-9 jbang -R -XX:+UseNUMA wrk@hyperfoil -t 2 -c 100 -d 2m --timeout 2m http://localhost:8080/fruits 2>&1 >/home/zakkak/spring-quarkus-perf-comparison/logs/wrk-warmup-quarkus3-native-4.log
16:52:37,827 [ test-runner:run-tests-983 @ target-host ] sleep: 30s
16:52:37,827 [ :monitor-process-2286 @ target-host ] reached LOAD_STEADY_STATE_START
16:52:37,827 [ test-runner:run-tests-983 @ target-host ] signal: LOAD_STEADY_STATE_START
16:53:17,464 [ test-runner:run-tests-983 @ target-host ] taskset --cpu-list 7-9 jbang -R -XX:+UseNUMA wrk@hyperfoil -t 2 -c 100 -d 30s --timeout 30s http://localhost:8080/fruits 2>&1 >/home/zakkak/spring-quarkus-perf-comparison/logs/wrk-quarkus3-native-4.log
16:53:17,880 [ test-runner:run-tests-983 @ target-host ] cat /home/zakkak/spring-quarkus-perf-comparison/logs/wrk-quarkus3-native-4.log | grep "Requests/sec" | awk '{print $2}'
16004.10
16:53:17,881 [ test-runner:run-tests-983 @ target-host ] set-state: THROUGHPUT 16004.10
16:53:17,881 [ test-runner:run-tests-983 @ target-host ] script-cmd: state-array-push
16:53:17,881 [ test-runner:run-tests-983 @ target-host ] state-array-push
16:53:17,930 [ test-runner:run-tests-983 @ target-host ] set-state: RUN.output.results.quarkus3-native.load.throughput [16062.91,16005.87,15970.97,16057.97,16004.1]
16:53:18,333 [ test-runner:run-tests-983 @ target-host ] cat /home/zakkak/spring-quarkus-perf-comparison/logs/wrk-quarkus3-native-4.log | grep "Socket errors:" | sed -E 's/.*connectionErrors ([0-9]+).*/\1/'
16:53:18,333 [ test-runner:run-tests-983 @ target-host ] regex: ^$
16:53:18,333 [ test-runner:run-tests-983 @ target-host ] set-state: CONNECTION_ERRORS 0
16:53:18,334 [ test-runner:run-tests-983 @ target-host ] script-cmd: state-array-push
16:53:18,334 [ test-runner:run-tests-983 @ target-host ] state-array-push
16:53:18,374 [ test-runner:run-tests-983 @ target-host ] set-state: RUN.output.results.quarkus3-native.load.connectionErrors [0,0,0,0,0]
16:53:18,778 [ test-runner:run-tests-983 @ target-host ] cat /home/zakkak/spring-quarkus-perf-comparison/logs/wrk-quarkus3-native-4.log | grep "Socket errors:" | sed -E 's/.*requestTimeouts ([0-9]+)/\1/'
16:53:18,779 [ test-runner:run-tests-983 @ target-host ] regex: ^$
16:53:18,779 [ test-runner:run-tests-983 @ target-host ] set-state: REQUEST_TIMEOUTS 0
16:53:18,779 [ test-runner:run-tests-983 @ target-host ] script-cmd: state-array-push
16:53:18,779 [ test-runner:run-tests-983 @ target-host ] state-array-push
16:53:18,818 [ test-runner:run-tests-983 @ target-host ] set-state: RUN.output.results.quarkus3-native.load.requestTimeouts [0,0,0,0,0]
16:53:19,236 [ test-runner:run-tests-983 @ target-host ] pmap -x $PID | grep total | awk '{print $4}'
159600
16:53:19,236 [ test-runner:run-tests-983 @ target-host ] set-state: RSS 159600
16:53:19,253 [ test-runner:run-tests-983 @ target-host ] script-cmd: state-array-push
16:53:19,254 [ test-runner:run-tests-983 @ target-host ] state-array-push
16:53:19,296 [ test-runner:run-tests-983 @ target-host ] set-state: RUN.output.results.quarkus3-native.load.rss [156.94140625,154.36328125,157.14453125,154.8828125,155.859375]
16:53:19,323 [ test-runner:run-tests-983 @ target-host ] script-cmd: state-array-push
16:53:19,323 [ test-runner:run-tests-983 @ target-host ] state-array-push
16:53:19,377 [ test-runner:run-tests-983 @ target-host ] set-state: RUN.output.results.quarkus3-native.load.throughputDensity [102.34972646041267,103.68962016347395,101.63236272340848,103.6781921815889,102.68294736842105]
16:53:19,377 [ test-runner:run-tests-983 @ target-host ] reached LOAD_TEST_COMPLETE
16:53:19,377 [ :monitor-process-2278 @ target-host ] wait-for: LOAD_TEST_COMPLETE
16:53:19,377 [ :monitor-process-2286 @ target-host ] wait-for: LOAD_TEST_COMPLETE
16:53:19,377 [ :monitor-process-2295 @ target-host ] wait-for: LOAD_TEST_COMPLETE
16:53:19,377 [ :monitor-process-2311 @ target-host ] wait-for: LOAD_TEST_COMPLETE
16:53:19,377 [ test-runner:run-tests-983 @ target-host ] signal: LOAD_TEST_COMPLETE
16:53:19,779 [ :monitor-process-2311 @ target-host ] kill -15 $PROCESS_PID
bash: kill: (206263) - No such process
16:53:19,779 [ :monitor-process-2278 @ target-host ] kill -15 $PROCESS_PID
bash: kill: (205964) - No such process
16:53:19,779 [ :monitor-process-2286 @ target-host ] kill -15 $PROCESS_PID
bash: kill: (206063) - No such process
16:53:19,879 [ test-runner:run-tests-983 @ target-host ] kill -15 $PID
16:53:19,879 [ :monitor-process-2295 @ target-host ] kill -15 $PROCESS_PID
16:53:22,290 [ test-runner:run-tests-983 @ target-host ] sleep 2
16:53:22,290 [ test-runner:run-tests-983 @ target-host ] script-cmd: stop-test-services
16:53:22,290 [ test-runner:run-tests-983 @ target-host ] stop-test-services
16:53:22,956 [ test-runner:run-tests-983 @ target-host ] /home/zakkak/spring-quarkus-perf-comparison/spring-quarkus-perf-comparison/scripts/infra.sh -d
Using podman to stop containers
-----------------------------------------
[03/11/2026 16:53:22]: Stopping services
-----------------------------------------
Stopping PostgreSQL database 'fruits_db'
fruits_db
16:53:23,037 [ test-runner:run-tests-983 @ target-host ] for-each: ITERATION = 5
16:53:23,037 [ test-runner:run-tests-983 @ target-host ] set-state: LOG_FILE /home/zakkak/spring-quarkus-perf-comparison/logs/load-test-quarkus3-native-5.log
16:53:23,449 [ test-runner:run-tests-983 @ target-host ] touch /home/zakkak/spring-quarkus-perf-comparison/logs/load-test-quarkus3-native-5.log
16:53:23,450 [ test-runner:run-tests-983 @ target-host ] queue-download: ${{REPO_DIR}}/logs/wrk-warmup-${{RUNTIME.name}}-${{ITERATION}}.log=/home/zakkak/spring-quarkus-perf-comparison/logs/wrk-warmup-quarkus3-native-5.log ../../20260311/none/target-host/
16:53:23,450 [ test-runner:run-tests-983 @ target-host ] queue-download: ${{LOG_FILE}}=/home/zakkak/spring-quarkus-perf-comparison/logs/load-test-quarkus3-native-5.log ../../20260311/none/target-host/
16:53:23,451 [ test-runner:run-tests-983 @ target-host ] queue-download: ${{REPO_DIR}}/logs/wrk-${{RUNTIME.name}}-${{ITERATION}}.log=/home/zakkak/spring-quarkus-perf-comparison/logs/wrk-quarkus3-native-5.log ../../20260311/none/target-host/
16:53:23,451 [ test-runner:run-tests-983 @ target-host ] script-cmd: start-test-services
16:53:23,451 [ test-runner:run-tests-983 @ target-host ] start-test-services
16:53:34,588 [ test-runner:run-tests-983 @ target-host ] /home/zakkak/spring-quarkus-perf-comparison/spring-quarkus-perf-comparison/scripts/infra.sh -c 3 -p '4-6' -s
Using podman to start containers
-----------------------------------------
[03/11/2026 16:53:23]: Starting services
-----------------------------------------
Starting PostgreSQL database 'fruits_db'
PostgreSQL DB process: 4bd6a75536ebf7e581d7bafa889be85b18f310ffde0d295b01d81f7e5b06d373
Waiting for PostgreSQL to be ready...
localhost:5432 - no response
localhost:5432 - no response
localhost:5432 - accepting connections
16:53:34,588 [ test-runner:run-tests-983 @ target-host ] script-cmd: sync-drop-fs-cache
16:53:34,588 [ test-runner:run-tests-983 @ target-host ] sync-drop-fs-cache
16:53:34,589 [ test-runner:run-tests-983 @ target-host ] read-state: true
16:53:34,589 [ test-runner:run-tests-983 @ target-host ] regex: true
16:53:35,127 [ test-runner:run-tests-983 @ target-host ] sync
16:53:35,128 [ test-runner:run-tests-983 @ target-host ] script-cmd: sync-drop-fs-cache-${{os}}
16:53:35,128 [ test-runner:run-tests-983 @ target-host ] sync-drop-fs-cache-linux
16:53:35,128 [ test-runner:run-tests-983 @ target-host ] script-cmd: sudo
16:53:35,128 [ test-runner:run-tests-983 @ target-host ] sudo
16:53:35,129 [ test-runner:run-tests-983 @ target-host ] script-cmd: sudo-${{os}}
16:53:35,129 [ test-runner:run-tests-983 @ target-host ] sudo-linux
16:53:35,911 [ test-runner:run-tests-983 @ target-host ] sudo sh -c "echo 3 > /proc/sys/vm/drop_caches"
]3008;start=240a85d1f0324c5483bc60b5e8f0b990;user=zakkak;hostname=blanc;machineid=f469a615e9ef4e81b7d5be080a5de373;bootid=0e917e08584a49cb891ef04366e00ace;pid=207663;pidfdid=207664;comm=sudo;targetuser=root;sessionid=c162;type=session\]3008;end=240a85d1f0324c5483bc60b5e8f0b990\
16:53:35,920 [ test-runner:run-tests-983 @ target-host ] set-signal: LOAD_STEADY_STATE_START 1
16:53:35,920 [ test-runner:run-tests-983 @ target-host ] set-signal: LOG_REGEX_REACHED 1
16:53:36,323 [ test-runner:run-tests-983 @ target-host ] taskset --cpu-list 0-3 /home/zakkak/spring-quarkus-perf-comparison/spring-quarkus-perf-comparison/quarkus3/target/quarkus3-runner  &>/home/zakkak/spring-quarkus-perf-comparison/logs/load-test-quarkus3-native-5.log &
[1] 207691
16:53:36,724 [ test-runner:run-tests-983 @ target-host ] PID=$!
16:53:37,126 [ test-runner:run-tests-983 @ target-host ] echo $PID
207691
16:53:37,126 [ test-runner:run-tests-983 @ target-host ] set-state: JVM_PID 207691
16:53:37,126 [ test-runner:run-tests-983 @ target-host ] script-cmd: monitor-processes
16:53:37,127 [ test-runner:run-tests-983 @ target-host ] monitor-processes
16:53:37,127 [ test-runner:run-tests-983 @ target-host ] set-signal: LOAD_TEST_COMPLETE 1
16:53:37,598 [ test-runner:run-tests-983 @ target-host ] script-cmd: monitor-process
16:53:37,598 [ :monitor-process-2371 @ target-host ] monitor-process
16:53:37,599 [ :monitor-process-2371 @ target-host ] queue-download: ${{log_file}}=/home/zakkak/spring-quarkus-perf-comparison/logs/pidstat-quarkus3-native-5.log ../../20260311/none/target-host/
16:53:37,973 [ test-runner:run-tests-983 @ target-host ] script-cmd: monitor-process
16:53:37,973 [ :monitor-process-2379 @ target-host ] monitor-process
16:53:37,973 [ :monitor-process-2379 @ target-host ] queue-download: ${{log_file}}=/home/zakkak/spring-quarkus-perf-comparison/logs/mpstat-quarkus3-native-5.log ../../20260311/none/target-host/
16:53:38,102 [ :monitor-process-2371 @ target-host ] taskset --cpu-list 11 pidstat -u -p 207691 1 &>/home/zakkak/spring-quarkus-perf-comparison/logs/pidstat-quarkus3-native-5.log &
[1] 207795
16:53:38,348 [ test-runner:run-tests-983 @ target-host ] script-cmd: monitor-process
16:53:38,348 [ test-runner:run-tests-983 @ target-host ] script-cmd: monitor-postgres
16:53:38,348 [ test-runner:run-tests-983 @ target-host ] monitor-postgres
16:53:38,348 [ :monitor-process-2388 @ target-host ] monitor-process
16:53:38,348 [ :monitor-process-2388 @ target-host ] queue-download: ${{log_file}}=/home/zakkak/spring-quarkus-perf-comparison/logs/vmstat-quarkus3-native-5.log ../../20260311/none/target-host/
16:53:38,476 [ :monitor-process-2379 @ target-host ] taskset --cpu-list 11 mpstat -P ALL 1 &>/home/zakkak/spring-quarkus-perf-comparison/logs/mpstat-quarkus3-native-5.log &
[1] 207895
16:53:38,503 [ :monitor-process-2371 @ target-host ] PROCESS_PID=$!
16:53:38,751 [ :monitor-process-2388 @ target-host ] taskset --cpu-list 11 vmstat 1 &>/home/zakkak/spring-quarkus-perf-comparison/logs/vmstat-quarkus3-native-5.log &
[1] 207978
16:53:38,790 [ test-runner:run-tests-983 @ target-host ] POSTGRES_PID=$(/home/zakkak/spring-quarkus-perf-comparison/spring-quarkus-perf-comparison/scripts/infra.sh -r)
16:53:38,878 [ :monitor-process-2379 @ target-host ] PROCESS_PID=$!
16:53:38,905 [ :monitor-process-2371 @ target-host ] echo $PROCESS_PID
207795
16:53:38,905 [ :monitor-process-2371 @ target-host ] set-state: PROCESS_PID 207795
16:53:39,152 [ :monitor-process-2388 @ target-host ] PROCESS_PID=$!
16:53:39,192 [ test-runner:run-tests-983 @ target-host ] echo $POSTGRES_PID
207398
16:53:39,192 [ test-runner:run-tests-983 @ target-host ] set-state: POSTGRES_PID 207398
16:53:39,279 [ :monitor-process-2379 @ target-host ] echo $PROCESS_PID
207895
16:53:39,279 [ :monitor-process-2379 @ target-host ] set-state: PROCESS_PID 207895
16:53:39,554 [ :monitor-process-2388 @ target-host ] echo $PROCESS_PID
207978
16:53:39,554 [ :monitor-process-2388 @ target-host ] set-state: PROCESS_PID 207978
16:53:39,567 [ test-runner:run-tests-983 @ target-host ] script-cmd: monitor-process
16:53:39,567 [ :monitor-process-2404 @ target-host ] monitor-process
16:53:39,567 [ test-runner:run-tests-983 @ target-host ] JVM_PID = 207691
16:53:39,567 [ :monitor-process-2404 @ target-host ] queue-download: ${{log_file}}=/home/zakkak/spring-quarkus-perf-comparison/logs/postgres-pidstat-quarkus3-native-5.log ../../20260311/none/target-host/
16:53:39,568 [ test-runner:run-tests-983 @ target-host ] read-state: none
16:53:39,940 [ test-runner:run-tests-983 @ target-host ] script-cmd: watch-log
16:53:39,940 [ :watch-log-2413 @ target-host ] watch-log
16:53:39,950 [ :watch-log-2413 @ target-host ] regex: ${{log_regex}}
16:53:39,951 [ :watch-log-2413 @ target-host ] ctrlC
16:53:39,951 [ :watch-log-2413 @ target-host ] reached LOG_REGEX_REACHED
16:53:39,951 [ test-runner:run-tests-983 @ target-host ] wait-for: LOG_REGEX_REACHED
16:53:39,951 [ :watch-log-2413 @ target-host ] signal: LOG_REGEX_REACHED
16:53:40,070 [ :monitor-process-2404 @ target-host ] taskset --cpu-list 11 pidstat -u -p $(pgrep -d , -P 207398) 1 &>/home/zakkak/spring-quarkus-perf-comparison/logs/postgres-pidstat-quarkus3-native-5.log &
[1] 208092
16:53:40,352 [ :watch-log-2413 @ target-host ] tail -f /home/zakkak/spring-quarkus-perf-comparison/logs/load-test-quarkus3-native-5.log
__  ____  __  _____   ___  __ ____  ______ 
 --/ __ \/ / / / _ | / _ \/ //_/ / / / __/ 
 -/ /_/ / /_/ / __ |/ , _/ ,< / /_/ /\ \   
--\___\_\____/_/ |_/_/|_/_/|_|\____/___/   
2026-03-11 16:53:36,092 INFO  [io.quarkus] (main) quarkus3 1.0 native (powered by Quarkus 999-SNAPSHOT) started in 0.093s. Listening on: http://0.0.0.0:8080
2026-03-11 16:53:36,092 INFO  [io.quarkus] (main) Profile prod activated. 
2026-03-11 16:53:36,092 INFO  [io.quarkus] (main) Installed features: [agroal, cdi, config-yaml, hibernate-orm, hibernate-orm-panache, hibernate-validator, jdbc-postgresql, narayana-jta, rest, rest-jackson, smallrye-context-propagation, smallrye-health, vertx]
16:53:40,471 [ :monitor-process-2404 @ target-host ] PROCESS_PID=$!
16:53:40,873 [ :monitor-process-2404 @ target-host ] echo $PROCESS_PID
208092
16:53:40,873 [ :monitor-process-2404 @ target-host ] set-state: PROCESS_PID 208092
16:55:49,896 [ test-runner:run-tests-983 @ target-host ] taskset --cpu-list 7-9 jbang -R -XX:+UseNUMA wrk@hyperfoil -t 2 -c 100 -d 2m --timeout 2m http://localhost:8080/fruits 2>&1 >/home/zakkak/spring-quarkus-perf-comparison/logs/wrk-warmup-quarkus3-native-5.log
16:56:19,896 [ test-runner:run-tests-983 @ target-host ] sleep: 30s
16:56:19,897 [ :monitor-process-2379 @ target-host ] reached LOAD_STEADY_STATE_START
16:56:19,897 [ test-runner:run-tests-983 @ target-host ] signal: LOAD_STEADY_STATE_START
16:57:01,272 [ test-runner:run-tests-983 @ target-host ] taskset --cpu-list 7-9 jbang -R -XX:+UseNUMA wrk@hyperfoil -t 2 -c 100 -d 30s --timeout 30s http://localhost:8080/fruits 2>&1 >/home/zakkak/spring-quarkus-perf-comparison/logs/wrk-quarkus3-native-5.log
16:57:01,688 [ test-runner:run-tests-983 @ target-host ] cat /home/zakkak/spring-quarkus-perf-comparison/logs/wrk-quarkus3-native-5.log | grep "Requests/sec" | awk '{print $2}'
16142.53
16:57:01,689 [ test-runner:run-tests-983 @ target-host ] set-state: THROUGHPUT 16142.53
16:57:01,689 [ test-runner:run-tests-983 @ target-host ] script-cmd: state-array-push
16:57:01,689 [ test-runner:run-tests-983 @ target-host ] state-array-push
16:57:01,754 [ test-runner:run-tests-983 @ target-host ] set-state: RUN.output.results.quarkus3-native.load.throughput [16062.91,16005.87,15970.97,16057.97,16004.1,16142.53]
16:57:02,158 [ test-runner:run-tests-983 @ target-host ] cat /home/zakkak/spring-quarkus-perf-comparison/logs/wrk-quarkus3-native-5.log | grep "Socket errors:" | sed -E 's/.*connectionErrors ([0-9]+).*/\1/'
16:57:02,158 [ test-runner:run-tests-983 @ target-host ] regex: ^$
16:57:02,158 [ test-runner:run-tests-983 @ target-host ] set-state: CONNECTION_ERRORS 0
16:57:02,158 [ test-runner:run-tests-983 @ target-host ] script-cmd: state-array-push
16:57:02,158 [ test-runner:run-tests-983 @ target-host ] state-array-push
16:57:02,213 [ test-runner:run-tests-983 @ target-host ] set-state: RUN.output.results.quarkus3-native.load.connectionErrors [0,0,0,0,0,0]
16:57:02,617 [ test-runner:run-tests-983 @ target-host ] cat /home/zakkak/spring-quarkus-perf-comparison/logs/wrk-quarkus3-native-5.log | grep "Socket errors:" | sed -E 's/.*requestTimeouts ([0-9]+)/\1/'
16:57:02,617 [ test-runner:run-tests-983 @ target-host ] regex: ^$
16:57:02,617 [ test-runner:run-tests-983 @ target-host ] set-state: REQUEST_TIMEOUTS 0
16:57:02,617 [ test-runner:run-tests-983 @ target-host ] script-cmd: state-array-push
16:57:02,617 [ test-runner:run-tests-983 @ target-host ] state-array-push
16:57:02,674 [ test-runner:run-tests-983 @ target-host ] set-state: RUN.output.results.quarkus3-native.load.requestTimeouts [0,0,0,0,0,0]
16:57:03,092 [ test-runner:run-tests-983 @ target-host ] pmap -x $PID | grep total | awk '{print $4}'
158788
16:57:03,092 [ test-runner:run-tests-983 @ target-host ] set-state: RSS 158788
16:57:03,119 [ test-runner:run-tests-983 @ target-host ] script-cmd: state-array-push
16:57:03,119 [ test-runner:run-tests-983 @ target-host ] state-array-push
16:57:03,155 [ test-runner:run-tests-983 @ target-host ] set-state: RUN.output.results.quarkus3-native.load.rss [156.94140625,154.36328125,157.14453125,154.8828125,155.859375,155.06640625]
16:57:03,174 [ test-runner:run-tests-983 @ target-host ] script-cmd: state-array-push
16:57:03,174 [ test-runner:run-tests-983 @ target-host ] state-array-push
16:57:03,210 [ test-runner:run-tests-983 @ target-host ] set-state: RUN.output.results.quarkus3-native.load.throughputDensity [102.34972646041267,103.68962016347395,101.63236272340848,103.6781921815889,102.68294736842105,104.10075522079755]
16:57:03,210 [ test-runner:run-tests-983 @ target-host ] reached LOAD_TEST_COMPLETE
16:57:03,210 [ :monitor-process-2371 @ target-host ] wait-for: LOAD_TEST_COMPLETE
16:57:03,210 [ :monitor-process-2379 @ target-host ] wait-for: LOAD_TEST_COMPLETE
16:57:03,210 [ :monitor-process-2388 @ target-host ] wait-for: LOAD_TEST_COMPLETE
16:57:03,210 [ :monitor-process-2404 @ target-host ] wait-for: LOAD_TEST_COMPLETE
16:57:03,210 [ test-runner:run-tests-983 @ target-host ] signal: LOAD_TEST_COMPLETE
16:57:03,612 [ :monitor-process-2404 @ target-host ] kill -15 $PROCESS_PID
bash: kill: (208092) - No such process
16:57:03,612 [ :monitor-process-2379 @ target-host ] kill -15 $PROCESS_PID
bash: kill: (207895) - No such process
16:57:03,612 [ :monitor-process-2371 @ target-host ] kill -15 $PROCESS_PID
bash: kill: (207795) - No such process
16:57:03,712 [ test-runner:run-tests-983 @ target-host ] kill -15 $PID
16:57:03,713 [ :monitor-process-2388 @ target-host ] kill -15 $PROCESS_PID
16:57:06,123 [ test-runner:run-tests-983 @ target-host ] sleep 2
16:57:06,124 [ test-runner:run-tests-983 @ target-host ] script-cmd: stop-test-services
16:57:06,124 [ test-runner:run-tests-983 @ target-host ] stop-test-services
16:57:06,791 [ test-runner:run-tests-983 @ target-host ] /home/zakkak/spring-quarkus-perf-comparison/spring-quarkus-perf-comparison/scripts/infra.sh -d
Using podman to stop containers
-----------------------------------------
[03/11/2026 16:57:06]: Stopping services
-----------------------------------------
Stopping PostgreSQL database 'fruits_db'
fruits_db
16:57:06,846 [ test-runner:run-tests-983 @ target-host ] for-each: ITERATION = 6
16:57:06,846 [ test-runner:run-tests-983 @ target-host ] set-state: LOG_FILE /home/zakkak/spring-quarkus-perf-comparison/logs/load-test-quarkus3-native-6.log
16:57:07,258 [ test-runner:run-tests-983 @ target-host ] touch /home/zakkak/spring-quarkus-perf-comparison/logs/load-test-quarkus3-native-6.log
16:57:07,258 [ test-runner:run-tests-983 @ target-host ] queue-download: ${{REPO_DIR}}/logs/wrk-warmup-${{RUNTIME.name}}-${{ITERATION}}.log=/home/zakkak/spring-quarkus-perf-comparison/logs/wrk-warmup-quarkus3-native-6.log ../../20260311/none/target-host/
16:57:07,258 [ test-runner:run-tests-983 @ target-host ] queue-download: ${{LOG_FILE}}=/home/zakkak/spring-quarkus-perf-comparison/logs/load-test-quarkus3-native-6.log ../../20260311/none/target-host/
16:57:07,259 [ test-runner:run-tests-983 @ target-host ] queue-download: ${{REPO_DIR}}/logs/wrk-${{RUNTIME.name}}-${{ITERATION}}.log=/home/zakkak/spring-quarkus-perf-comparison/logs/wrk-quarkus3-native-6.log ../../20260311/none/target-host/
16:57:07,259 [ test-runner:run-tests-983 @ target-host ] script-cmd: start-test-services
16:57:07,259 [ test-runner:run-tests-983 @ target-host ] start-test-services
16:57:18,364 [ test-runner:run-tests-983 @ target-host ] /home/zakkak/spring-quarkus-perf-comparison/spring-quarkus-perf-comparison/scripts/infra.sh -c 3 -p '4-6' -s
Using podman to start containers
-----------------------------------------
[03/11/2026 16:57:07]: Starting services
-----------------------------------------
Starting PostgreSQL database 'fruits_db'
PostgreSQL DB process: 3da84c8470723d3fb1bd4aa4e6470c436d09d0d1443dbed5507ac41daeb87d20
Waiting for PostgreSQL to be ready...
localhost:5432 - no response
localhost:5432 - no response
localhost:5432 - accepting connections
16:57:18,364 [ test-runner:run-tests-983 @ target-host ] script-cmd: sync-drop-fs-cache
16:57:18,364 [ test-runner:run-tests-983 @ target-host ] sync-drop-fs-cache
16:57:18,364 [ test-runner:run-tests-983 @ target-host ] read-state: true
16:57:18,364 [ test-runner:run-tests-983 @ target-host ] regex: true
16:57:18,866 [ test-runner:run-tests-983 @ target-host ] sync
16:57:18,866 [ test-runner:run-tests-983 @ target-host ] script-cmd: sync-drop-fs-cache-${{os}}
16:57:18,866 [ test-runner:run-tests-983 @ target-host ] sync-drop-fs-cache-linux
16:57:18,866 [ test-runner:run-tests-983 @ target-host ] script-cmd: sudo
16:57:18,866 [ test-runner:run-tests-983 @ target-host ] sudo
16:57:18,866 [ test-runner:run-tests-983 @ target-host ] script-cmd: sudo-${{os}}
16:57:18,866 [ test-runner:run-tests-983 @ target-host ] sudo-linux
16:57:19,655 [ test-runner:run-tests-983 @ target-host ] sudo sh -c "echo 3 > /proc/sys/vm/drop_caches"
]3008;start=d224ad003da741da9444b635d6d2c1ed;user=zakkak;hostname=blanc;machineid=f469a615e9ef4e81b7d5be080a5de373;bootid=0e917e08584a49cb891ef04366e00ace;pid=209481;pidfdid=209482;comm=sudo;targetuser=root;sessionid=c163;type=session\]3008;end=d224ad003da741da9444b635d6d2c1ed\
16:57:19,664 [ test-runner:run-tests-983 @ target-host ] set-signal: LOAD_STEADY_STATE_START 1
16:57:19,664 [ test-runner:run-tests-983 @ target-host ] set-signal: LOG_REGEX_REACHED 1
16:57:20,067 [ test-runner:run-tests-983 @ target-host ] taskset --cpu-list 0-3 /home/zakkak/spring-quarkus-perf-comparison/spring-quarkus-perf-comparison/quarkus3/target/quarkus3-runner  &>/home/zakkak/spring-quarkus-perf-comparison/logs/load-test-quarkus3-native-6.log &
[1] 209510
16:57:20,468 [ test-runner:run-tests-983 @ target-host ] PID=$!
16:57:20,870 [ test-runner:run-tests-983 @ target-host ] echo $PID
209510
16:57:20,870 [ test-runner:run-tests-983 @ target-host ] set-state: JVM_PID 209510
16:57:20,870 [ test-runner:run-tests-983 @ target-host ] script-cmd: monitor-processes
16:57:20,870 [ test-runner:run-tests-983 @ target-host ] monitor-processes
16:57:20,870 [ test-runner:run-tests-983 @ target-host ] set-signal: LOAD_TEST_COMPLETE 1
16:57:21,345 [ test-runner:run-tests-983 @ target-host ] script-cmd: monitor-process
16:57:21,345 [ :monitor-process-2464 @ target-host ] monitor-process
16:57:21,353 [ :monitor-process-2464 @ target-host ] queue-download: ${{log_file}}=/home/zakkak/spring-quarkus-perf-comparison/logs/pidstat-quarkus3-native-6.log ../../20260311/none/target-host/
16:57:21,719 [ test-runner:run-tests-983 @ target-host ] script-cmd: monitor-process
16:57:21,719 [ :monitor-process-2472 @ target-host ] monitor-process
16:57:21,719 [ :monitor-process-2472 @ target-host ] queue-download: ${{log_file}}=/home/zakkak/spring-quarkus-perf-comparison/logs/mpstat-quarkus3-native-6.log ../../20260311/none/target-host/
16:57:21,856 [ :monitor-process-2464 @ target-host ] taskset --cpu-list 11 pidstat -u -p 209510 1 &>/home/zakkak/spring-quarkus-perf-comparison/logs/pidstat-quarkus3-native-6.log &
[1] 209617
16:57:22,094 [ test-runner:run-tests-983 @ target-host ] script-cmd: monitor-process
16:57:22,094 [ test-runner:run-tests-983 @ target-host ] script-cmd: monitor-postgres
16:57:22,094 [ test-runner:run-tests-983 @ target-host ] monitor-postgres
16:57:22,094 [ :monitor-process-2481 @ target-host ] monitor-process
16:57:22,094 [ :monitor-process-2481 @ target-host ] queue-download: ${{log_file}}=/home/zakkak/spring-quarkus-perf-comparison/logs/vmstat-quarkus3-native-6.log ../../20260311/none/target-host/
16:57:22,222 [ :monitor-process-2472 @ target-host ] taskset --cpu-list 11 mpstat -P ALL 1 &>/home/zakkak/spring-quarkus-perf-comparison/logs/mpstat-quarkus3-native-6.log &
[1] 209713
16:57:22,258 [ :monitor-process-2464 @ target-host ] PROCESS_PID=$!
16:57:22,496 [ :monitor-process-2481 @ target-host ] taskset --cpu-list 11 vmstat 1 &>/home/zakkak/spring-quarkus-perf-comparison/logs/vmstat-quarkus3-native-6.log &
[1] 209797
16:57:22,535 [ test-runner:run-tests-983 @ target-host ] POSTGRES_PID=$(/home/zakkak/spring-quarkus-perf-comparison/spring-quarkus-perf-comparison/scripts/infra.sh -r)
16:57:22,623 [ :monitor-process-2472 @ target-host ] PROCESS_PID=$!
16:57:22,659 [ :monitor-process-2464 @ target-host ] echo $PROCESS_PID
209617
16:57:22,659 [ :monitor-process-2464 @ target-host ] set-state: PROCESS_PID 209617
16:57:22,897 [ :monitor-process-2481 @ target-host ] PROCESS_PID=$!
16:57:22,937 [ test-runner:run-tests-983 @ target-host ] echo $POSTGRES_PID
209217
16:57:22,937 [ test-runner:run-tests-983 @ target-host ] set-state: POSTGRES_PID 209217
16:57:23,024 [ :monitor-process-2472 @ target-host ] echo $PROCESS_PID
209713
16:57:23,025 [ :monitor-process-2472 @ target-host ] set-state: PROCESS_PID 209713
16:57:23,299 [ :monitor-process-2481 @ target-host ] echo $PROCESS_PID
209797
16:57:23,299 [ :monitor-process-2481 @ target-host ] set-state: PROCESS_PID 209797
16:57:23,312 [ test-runner:run-tests-983 @ target-host ] script-cmd: monitor-process
16:57:23,312 [ :monitor-process-2497 @ target-host ] monitor-process
16:57:23,312 [ test-runner:run-tests-983 @ target-host ] JVM_PID = 209510
16:57:23,312 [ :monitor-process-2497 @ target-host ] queue-download: ${{log_file}}=/home/zakkak/spring-quarkus-perf-comparison/logs/postgres-pidstat-quarkus3-native-6.log ../../20260311/none/target-host/
16:57:23,312 [ test-runner:run-tests-983 @ target-host ] read-state: none
16:57:23,683 [ test-runner:run-tests-983 @ target-host ] script-cmd: watch-log
16:57:23,683 [ :watch-log-2506 @ target-host ] watch-log
16:57:23,693 [ :watch-log-2506 @ target-host ] regex: ${{log_regex}}
16:57:23,693 [ :watch-log-2506 @ target-host ] ctrlC
16:57:23,694 [ :watch-log-2506 @ target-host ] reached LOG_REGEX_REACHED
16:57:23,694 [ test-runner:run-tests-983 @ target-host ] wait-for: LOG_REGEX_REACHED
16:57:23,694 [ :watch-log-2506 @ target-host ] signal: LOG_REGEX_REACHED
16:57:23,814 [ :monitor-process-2497 @ target-host ] taskset --cpu-list 11 pidstat -u -p $(pgrep -d , -P 209217) 1 &>/home/zakkak/spring-quarkus-perf-comparison/logs/postgres-pidstat-quarkus3-native-6.log &
[1] 209915
16:57:24,095 [ :watch-log-2506 @ target-host ] tail -f /home/zakkak/spring-quarkus-perf-comparison/logs/load-test-quarkus3-native-6.log
__  ____  __  _____   ___  __ ____  ______ 
 --/ __ \/ / / / _ | / _ \/ //_/ / / / __/ 
 -/ /_/ / /_/ / __ |/ , _/ ,< / /_/ /\ \   
--\___\_\____/_/ |_/_/|_/_/|_|\____/___/   
2026-03-11 16:57:19,828 INFO  [io.quarkus] (main) quarkus3 1.0 native (powered by Quarkus 999-SNAPSHOT) started in 0.083s. Listening on: http://0.0.0.0:8080
2026-03-11 16:57:19,828 INFO  [io.quarkus] (main) Profile prod activated. 
2026-03-11 16:57:19,828 INFO  [io.quarkus] (main) Installed features: [agroal, cdi, config-yaml, hibernate-orm, hibernate-orm-panache, hibernate-validator, jdbc-postgresql, narayana-jta, rest, rest-jackson, smallrye-context-propagation, smallrye-health, vertx]
16:57:24,216 [ :monitor-process-2497 @ target-host ] PROCESS_PID=$!
16:57:24,617 [ :monitor-process-2497 @ target-host ] echo $PROCESS_PID
209915
16:57:24,617 [ :monitor-process-2497 @ target-host ] set-state: PROCESS_PID 209915
16:59:33,601 [ test-runner:run-tests-983 @ target-host ] taskset --cpu-list 7-9 jbang -R -XX:+UseNUMA wrk@hyperfoil -t 2 -c 100 -d 2m --timeout 2m http://localhost:8080/fruits 2>&1 >/home/zakkak/spring-quarkus-perf-comparison/logs/wrk-warmup-quarkus3-native-6.log
17:00:03,601 [ test-runner:run-tests-983 @ target-host ] sleep: 30s
17:00:03,601 [ :monitor-process-2472 @ target-host ] reached LOAD_STEADY_STATE_START
17:00:03,601 [ test-runner:run-tests-983 @ target-host ] signal: LOAD_STEADY_STATE_START
17:00:43,228 [ test-runner:run-tests-983 @ target-host ] taskset --cpu-list 7-9 jbang -R -XX:+UseNUMA wrk@hyperfoil -t 2 -c 100 -d 30s --timeout 30s http://localhost:8080/fruits 2>&1 >/home/zakkak/spring-quarkus-perf-comparison/logs/wrk-quarkus3-native-6.log
17:00:43,645 [ test-runner:run-tests-983 @ target-host ] cat /home/zakkak/spring-quarkus-perf-comparison/logs/wrk-quarkus3-native-6.log | grep "Requests/sec" | awk '{print $2}'
16072.54
17:00:43,645 [ test-runner:run-tests-983 @ target-host ] set-state: THROUGHPUT 16072.54
17:00:43,645 [ test-runner:run-tests-983 @ target-host ] script-cmd: state-array-push
17:00:43,645 [ test-runner:run-tests-983 @ target-host ] state-array-push
17:00:43,694 [ test-runner:run-tests-983 @ target-host ] set-state: RUN.output.results.quarkus3-native.load.throughput [16062.91,16005.87,15970.97,16057.97,16004.1,16142.53,16072.54]
17:00:44,098 [ test-runner:run-tests-983 @ target-host ] cat /home/zakkak/spring-quarkus-perf-comparison/logs/wrk-quarkus3-native-6.log | grep "Socket errors:" | sed -E 's/.*connectionErrors ([0-9]+).*/\1/'
17:00:44,098 [ test-runner:run-tests-983 @ target-host ] regex: ^$
17:00:44,098 [ test-runner:run-tests-983 @ target-host ] set-state: CONNECTION_ERRORS 0
17:00:44,098 [ test-runner:run-tests-983 @ target-host ] script-cmd: state-array-push
17:00:44,098 [ test-runner:run-tests-983 @ target-host ] state-array-push
17:00:44,135 [ test-runner:run-tests-983 @ target-host ] set-state: RUN.output.results.quarkus3-native.load.connectionErrors [0,0,0,0,0,0,0]
17:00:44,540 [ test-runner:run-tests-983 @ target-host ] cat /home/zakkak/spring-quarkus-perf-comparison/logs/wrk-quarkus3-native-6.log | grep "Socket errors:" | sed -E 's/.*requestTimeouts ([0-9]+)/\1/'
17:00:44,540 [ test-runner:run-tests-983 @ target-host ] regex: ^$
17:00:44,540 [ test-runner:run-tests-983 @ target-host ] set-state: REQUEST_TIMEOUTS 0
17:00:44,540 [ test-runner:run-tests-983 @ target-host ] script-cmd: state-array-push
17:00:44,540 [ test-runner:run-tests-983 @ target-host ] state-array-push
17:00:44,584 [ test-runner:run-tests-983 @ target-host ] set-state: RUN.output.results.quarkus3-native.load.requestTimeouts [0,0,0,0,0,0,0]
17:00:45,002 [ test-runner:run-tests-983 @ target-host ] pmap -x $PID | grep total | awk '{print $4}'
157804
17:00:45,002 [ test-runner:run-tests-983 @ target-host ] set-state: RSS 157804
17:00:45,032 [ test-runner:run-tests-983 @ target-host ] script-cmd: state-array-push
17:00:45,032 [ test-runner:run-tests-983 @ target-host ] state-array-push
17:00:45,067 [ test-runner:run-tests-983 @ target-host ] set-state: RUN.output.results.quarkus3-native.load.rss [156.94140625,154.36328125,157.14453125,154.8828125,155.859375,155.06640625,154.10546875]
17:00:45,085 [ test-runner:run-tests-983 @ target-host ] script-cmd: state-array-push
17:00:45,085 [ test-runner:run-tests-983 @ target-host ] state-array-push
17:00:45,122 [ test-runner:run-tests-983 @ target-host ] set-state: RUN.output.results.quarkus3-native.load.throughputDensity [102.34972646041267,103.68962016347395,101.63236272340848,103.6781921815889,102.68294736842105,104.10075522079755,104.29571468403843]
17:00:45,122 [ test-runner:run-tests-983 @ target-host ] reached LOAD_TEST_COMPLETE
17:00:45,122 [ :monitor-process-2464 @ target-host ] wait-for: LOAD_TEST_COMPLETE
17:00:45,122 [ :monitor-process-2472 @ target-host ] wait-for: LOAD_TEST_COMPLETE
17:00:45,122 [ :monitor-process-2481 @ target-host ] wait-for: LOAD_TEST_COMPLETE
17:00:45,122 [ :monitor-process-2497 @ target-host ] wait-for: LOAD_TEST_COMPLETE
17:00:45,122 [ test-runner:run-tests-983 @ target-host ] signal: LOAD_TEST_COMPLETE
17:00:45,524 [ :monitor-process-2464 @ target-host ] kill -15 $PROCESS_PID
bash: kill: (209617) - No such process
17:00:45,524 [ :monitor-process-2497 @ target-host ] kill -15 $PROCESS_PID
bash: kill: (209915) - No such process
17:00:45,524 [ :monitor-process-2472 @ target-host ] kill -15 $PROCESS_PID
bash: kill: (209713) - No such process
17:00:45,624 [ test-runner:run-tests-983 @ target-host ] kill -15 $PID
17:00:45,624 [ :monitor-process-2481 @ target-host ] kill -15 $PROCESS_PID
17:00:48,035 [ test-runner:run-tests-983 @ target-host ] sleep 2
17:00:48,035 [ test-runner:run-tests-983 @ target-host ] script-cmd: stop-test-services
17:00:48,035 [ test-runner:run-tests-983 @ target-host ] stop-test-services
17:00:48,696 [ test-runner:run-tests-983 @ target-host ] /home/zakkak/spring-quarkus-perf-comparison/spring-quarkus-perf-comparison/scripts/infra.sh -d
Using podman to stop containers
-----------------------------------------
[03/11/2026 17:00:48]: Stopping services
-----------------------------------------
Stopping PostgreSQL database 'fruits_db'
fruits_db
17:00:48,752 [ test-runner:run-tests-983 @ target-host ] for-each: ITERATION = 7
17:00:48,752 [ test-runner:run-tests-983 @ target-host ] set-state: LOG_FILE /home/zakkak/spring-quarkus-perf-comparison/logs/load-test-quarkus3-native-7.log
17:00:49,164 [ test-runner:run-tests-983 @ target-host ] touch /home/zakkak/spring-quarkus-perf-comparison/logs/load-test-quarkus3-native-7.log
17:00:49,164 [ test-runner:run-tests-983 @ target-host ] queue-download: ${{REPO_DIR}}/logs/wrk-warmup-${{RUNTIME.name}}-${{ITERATION}}.log=/home/zakkak/spring-quarkus-perf-comparison/logs/wrk-warmup-quarkus3-native-7.log ../../20260311/none/target-host/
17:00:49,164 [ test-runner:run-tests-983 @ target-host ] queue-download: ${{LOG_FILE}}=/home/zakkak/spring-quarkus-perf-comparison/logs/load-test-quarkus3-native-7.log ../../20260311/none/target-host/
17:00:49,164 [ test-runner:run-tests-983 @ target-host ] queue-download: ${{REPO_DIR}}/logs/wrk-${{RUNTIME.name}}-${{ITERATION}}.log=/home/zakkak/spring-quarkus-perf-comparison/logs/wrk-quarkus3-native-7.log ../../20260311/none/target-host/
17:00:49,164 [ test-runner:run-tests-983 @ target-host ] script-cmd: start-test-services
17:00:49,164 [ test-runner:run-tests-983 @ target-host ] start-test-services
17:01:00,303 [ test-runner:run-tests-983 @ target-host ] /home/zakkak/spring-quarkus-perf-comparison/spring-quarkus-perf-comparison/scripts/infra.sh -c 3 -p '4-6' -s
Using podman to start containers
-----------------------------------------
[03/11/2026 17:00:49]: Starting services
-----------------------------------------
Starting PostgreSQL database 'fruits_db'
PostgreSQL DB process: c389ceba80aca69db5e4fb130716ccaea770215fe75e545a6de42a97b776093d
Waiting for PostgreSQL to be ready...
localhost:5432 - no response
localhost:5432 - no response
localhost:5432 - accepting connections
17:01:00,303 [ test-runner:run-tests-983 @ target-host ] script-cmd: sync-drop-fs-cache
17:01:00,304 [ test-runner:run-tests-983 @ target-host ] sync-drop-fs-cache
17:01:00,304 [ test-runner:run-tests-983 @ target-host ] read-state: true
17:01:00,304 [ test-runner:run-tests-983 @ target-host ] regex: true
17:01:00,842 [ test-runner:run-tests-983 @ target-host ] sync
17:01:00,842 [ test-runner:run-tests-983 @ target-host ] script-cmd: sync-drop-fs-cache-${{os}}
17:01:00,842 [ test-runner:run-tests-983 @ target-host ] sync-drop-fs-cache-linux
17:01:00,842 [ test-runner:run-tests-983 @ target-host ] script-cmd: sudo
17:01:00,842 [ test-runner:run-tests-983 @ target-host ] sudo
17:01:00,842 [ test-runner:run-tests-983 @ target-host ] script-cmd: sudo-${{os}}
17:01:00,842 [ test-runner:run-tests-983 @ target-host ] sudo-linux
17:01:01,633 [ test-runner:run-tests-983 @ target-host ] sudo sh -c "echo 3 > /proc/sys/vm/drop_caches"
]3008;start=d83eacfd7366448b980db76d5b976f6c;user=zakkak;hostname=blanc;machineid=f469a615e9ef4e81b7d5be080a5de373;bootid=0e917e08584a49cb891ef04366e00ace;pid=211323;pidfdid=211324;comm=sudo;targetuser=root;sessionid=c164;type=session\]3008;end=d83eacfd7366448b980db76d5b976f6c\
17:01:01,634 [ test-runner:run-tests-983 @ target-host ] set-signal: LOAD_STEADY_STATE_START 1
17:01:01,634 [ test-runner:run-tests-983 @ target-host ] set-signal: LOG_REGEX_REACHED 1
17:01:02,036 [ test-runner:run-tests-983 @ target-host ] taskset --cpu-list 0-3 /home/zakkak/spring-quarkus-perf-comparison/spring-quarkus-perf-comparison/quarkus3/target/quarkus3-runner  &>/home/zakkak/spring-quarkus-perf-comparison/logs/load-test-quarkus3-native-7.log &
[1] 211353
17:01:02,438 [ test-runner:run-tests-983 @ target-host ] PID=$!
17:01:02,839 [ test-runner:run-tests-983 @ target-host ] echo $PID
211353
17:01:02,839 [ test-runner:run-tests-983 @ target-host ] set-state: JVM_PID 211353
17:01:02,839 [ test-runner:run-tests-983 @ target-host ] script-cmd: monitor-processes
17:01:02,839 [ test-runner:run-tests-983 @ target-host ] monitor-processes
17:01:02,839 [ test-runner:run-tests-983 @ target-host ] set-signal: LOAD_TEST_COMPLETE 1
17:01:03,317 [ test-runner:run-tests-983 @ target-host ] script-cmd: monitor-process
17:01:03,317 [ :monitor-process-2557 @ target-host ] monitor-process
17:01:03,326 [ :monitor-process-2557 @ target-host ] queue-download: ${{log_file}}=/home/zakkak/spring-quarkus-perf-comparison/logs/pidstat-quarkus3-native-7.log ../../20260311/none/target-host/
17:01:03,691 [ test-runner:run-tests-983 @ target-host ] script-cmd: monitor-process
17:01:03,691 [ :monitor-process-2565 @ target-host ] monitor-process
17:01:03,691 [ :monitor-process-2565 @ target-host ] queue-download: ${{log_file}}=/home/zakkak/spring-quarkus-perf-comparison/logs/mpstat-quarkus3-native-7.log ../../20260311/none/target-host/
17:01:03,828 [ :monitor-process-2557 @ target-host ] taskset --cpu-list 11 pidstat -u -p 211353 1 &>/home/zakkak/spring-quarkus-perf-comparison/logs/pidstat-quarkus3-native-7.log &
[1] 211460
17:01:04,065 [ test-runner:run-tests-983 @ target-host ] script-cmd: monitor-process
17:01:04,065 [ test-runner:run-tests-983 @ target-host ] script-cmd: monitor-postgres
17:01:04,065 [ test-runner:run-tests-983 @ target-host ] monitor-postgres
17:01:04,065 [ :monitor-process-2574 @ target-host ] monitor-process
17:01:04,065 [ :monitor-process-2574 @ target-host ] queue-download: ${{log_file}}=/home/zakkak/spring-quarkus-perf-comparison/logs/vmstat-quarkus3-native-7.log ../../20260311/none/target-host/
17:01:04,193 [ :monitor-process-2565 @ target-host ] taskset --cpu-list 11 mpstat -P ALL 1 &>/home/zakkak/spring-quarkus-perf-comparison/logs/mpstat-quarkus3-native-7.log &
[1] 211554
17:01:04,230 [ :monitor-process-2557 @ target-host ] PROCESS_PID=$!
17:01:04,467 [ :monitor-process-2574 @ target-host ] taskset --cpu-list 11 vmstat 1 &>/home/zakkak/spring-quarkus-perf-comparison/logs/vmstat-quarkus3-native-7.log &
[1] 211639
17:01:04,505 [ test-runner:run-tests-983 @ target-host ] POSTGRES_PID=$(/home/zakkak/spring-quarkus-perf-comparison/spring-quarkus-perf-comparison/scripts/infra.sh -r)
17:01:04,595 [ :monitor-process-2565 @ target-host ] PROCESS_PID=$!
17:01:04,631 [ :monitor-process-2557 @ target-host ] echo $PROCESS_PID
211460
17:01:04,631 [ :monitor-process-2557 @ target-host ] set-state: PROCESS_PID 211460
17:01:04,869 [ :monitor-process-2574 @ target-host ] PROCESS_PID=$!
17:01:04,907 [ test-runner:run-tests-983 @ target-host ] echo $POSTGRES_PID
211044
17:01:04,907 [ test-runner:run-tests-983 @ target-host ] set-state: POSTGRES_PID 211044
17:01:04,996 [ :monitor-process-2565 @ target-host ] echo $PROCESS_PID
211554
17:01:04,996 [ :monitor-process-2565 @ target-host ] set-state: PROCESS_PID 211554
17:01:05,270 [ :monitor-process-2574 @ target-host ] echo $PROCESS_PID
211639
17:01:05,270 [ :monitor-process-2574 @ target-host ] set-state: PROCESS_PID 211639
17:01:05,282 [ test-runner:run-tests-983 @ target-host ] script-cmd: monitor-process
17:01:05,282 [ test-runner:run-tests-983 @ target-host ] JVM_PID = 211353
17:01:05,282 [ :monitor-process-2590 @ target-host ] monitor-process
17:01:05,282 [ test-runner:run-tests-983 @ target-host ] read-state: none
17:01:05,282 [ :monitor-process-2590 @ target-host ] queue-download: ${{log_file}}=/home/zakkak/spring-quarkus-perf-comparison/logs/postgres-pidstat-quarkus3-native-7.log ../../20260311/none/target-host/
17:01:05,654 [ test-runner:run-tests-983 @ target-host ] script-cmd: watch-log
17:01:05,654 [ :watch-log-2599 @ target-host ] watch-log
17:01:05,655 [ :watch-log-2599 @ target-host ] regex: ${{log_regex}}
17:01:05,656 [ :watch-log-2599 @ target-host ] ctrlC
17:01:05,656 [ :watch-log-2599 @ target-host ] reached LOG_REGEX_REACHED
17:01:05,656 [ test-runner:run-tests-983 @ target-host ] wait-for: LOG_REGEX_REACHED
17:01:05,656 [ :watch-log-2599 @ target-host ] signal: LOG_REGEX_REACHED
17:01:05,785 [ :monitor-process-2590 @ target-host ] taskset --cpu-list 11 pidstat -u -p $(pgrep -d , -P 211044) 1 &>/home/zakkak/spring-quarkus-perf-comparison/logs/postgres-pidstat-quarkus3-native-7.log &
[1] 211757
17:01:06,057 [ :watch-log-2599 @ target-host ] tail -f /home/zakkak/spring-quarkus-perf-comparison/logs/load-test-quarkus3-native-7.log
__  ____  __  _____   ___  __ ____  ______ 
 --/ __ \/ / / / _ | / _ \/ //_/ / / / __/ 
 -/ /_/ / /_/ / __ |/ , _/ ,< / /_/ /\ \   
--\___\_\____/_/ |_/_/|_/_/|_|\____/___/   
2026-03-11 17:01:01,806 INFO  [io.quarkus] (main) quarkus3 1.0 native (powered by Quarkus 999-SNAPSHOT) started in 0.088s. Listening on: http://0.0.0.0:8080
2026-03-11 17:01:01,806 INFO  [io.quarkus] (main) Profile prod activated. 
2026-03-11 17:01:01,806 INFO  [io.quarkus] (main) Installed features: [agroal, cdi, config-yaml, hibernate-orm, hibernate-orm-panache, hibernate-validator, jdbc-postgresql, narayana-jta, rest, rest-jackson, smallrye-context-propagation, smallrye-health, vertx]
17:01:06,186 [ :monitor-process-2590 @ target-host ] PROCESS_PID=$!
17:01:06,587 [ :monitor-process-2590 @ target-host ] echo $PROCESS_PID
211757
17:01:06,588 [ :monitor-process-2590 @ target-host ] set-state: PROCESS_PID 211757
17:03:15,655 [ test-runner:run-tests-983 @ target-host ] taskset --cpu-list 7-9 jbang -R -XX:+UseNUMA wrk@hyperfoil -t 2 -c 100 -d 2m --timeout 2m http://localhost:8080/fruits 2>&1 >/home/zakkak/spring-quarkus-perf-comparison/logs/wrk-warmup-quarkus3-native-7.log
17:03:45,656 [ test-runner:run-tests-983 @ target-host ] sleep: 30s
17:03:45,656 [ :monitor-process-2565 @ target-host ] reached LOAD_STEADY_STATE_START
17:03:45,656 [ test-runner:run-tests-983 @ target-host ] signal: LOAD_STEADY_STATE_START
17:04:25,328 [ test-runner:run-tests-983 @ target-host ] taskset --cpu-list 7-9 jbang -R -XX:+UseNUMA wrk@hyperfoil -t 2 -c 100 -d 30s --timeout 30s http://localhost:8080/fruits 2>&1 >/home/zakkak/spring-quarkus-perf-comparison/logs/wrk-quarkus3-native-7.log
17:04:25,744 [ test-runner:run-tests-983 @ target-host ] cat /home/zakkak/spring-quarkus-perf-comparison/logs/wrk-quarkus3-native-7.log | grep "Requests/sec" | awk '{print $2}'
16088.10
17:04:25,745 [ test-runner:run-tests-983 @ target-host ] set-state: THROUGHPUT 16088.10
17:04:25,745 [ test-runner:run-tests-983 @ target-host ] script-cmd: state-array-push
17:04:25,745 [ test-runner:run-tests-983 @ target-host ] state-array-push
17:04:25,796 [ test-runner:run-tests-983 @ target-host ] set-state: RUN.output.results.quarkus3-native.load.throughput [16062.91,16005.87,15970.97,16057.97,16004.1,16142.53,16072.54,16088.1]
17:04:26,200 [ test-runner:run-tests-983 @ target-host ] cat /home/zakkak/spring-quarkus-perf-comparison/logs/wrk-quarkus3-native-7.log | grep "Socket errors:" | sed -E 's/.*connectionErrors ([0-9]+).*/\1/'
17:04:26,200 [ test-runner:run-tests-983 @ target-host ] regex: ^$
17:04:26,200 [ test-runner:run-tests-983 @ target-host ] set-state: CONNECTION_ERRORS 0
17:04:26,200 [ test-runner:run-tests-983 @ target-host ] script-cmd: state-array-push
17:04:26,200 [ test-runner:run-tests-983 @ target-host ] state-array-push
17:04:26,238 [ test-runner:run-tests-983 @ target-host ] set-state: RUN.output.results.quarkus3-native.load.connectionErrors [0,0,0,0,0,0,0,0]
17:04:26,641 [ test-runner:run-tests-983 @ target-host ] cat /home/zakkak/spring-quarkus-perf-comparison/logs/wrk-quarkus3-native-7.log | grep "Socket errors:" | sed -E 's/.*requestTimeouts ([0-9]+)/\1/'
17:04:26,641 [ test-runner:run-tests-983 @ target-host ] regex: ^$
17:04:26,642 [ test-runner:run-tests-983 @ target-host ] set-state: REQUEST_TIMEOUTS 0
17:04:26,642 [ test-runner:run-tests-983 @ target-host ] script-cmd: state-array-push
17:04:26,642 [ test-runner:run-tests-983 @ target-host ] state-array-push
17:04:26,684 [ test-runner:run-tests-983 @ target-host ] set-state: RUN.output.results.quarkus3-native.load.requestTimeouts [0,0,0,0,0,0,0,0]
17:04:27,102 [ test-runner:run-tests-983 @ target-host ] pmap -x $PID | grep total | awk '{print $4}'
158784
17:04:27,102 [ test-runner:run-tests-983 @ target-host ] set-state: RSS 158784
17:04:27,122 [ test-runner:run-tests-983 @ target-host ] script-cmd: state-array-push
17:04:27,122 [ test-runner:run-tests-983 @ target-host ] state-array-push
17:04:27,155 [ test-runner:run-tests-983 @ target-host ] set-state: RUN.output.results.quarkus3-native.load.rss [156.94140625,154.36328125,157.14453125,154.8828125,155.859375,155.06640625,154.10546875,155.0625]
17:04:27,172 [ test-runner:run-tests-983 @ target-host ] script-cmd: state-array-push
17:04:27,172 [ test-runner:run-tests-983 @ target-host ] state-array-push
17:04:27,208 [ test-runner:run-tests-983 @ target-host ] set-state: RUN.output.results.quarkus3-native.load.throughputDensity [102.34972646041267,103.68962016347395,101.63236272340848,103.6781921815889,102.68294736842105,104.10075522079755,104.29571468403843,103.75235792019348]
17:04:27,208 [ test-runner:run-tests-983 @ target-host ] reached LOAD_TEST_COMPLETE
17:04:27,208 [ :monitor-process-2557 @ target-host ] wait-for: LOAD_TEST_COMPLETE
17:04:27,208 [ :monitor-process-2565 @ target-host ] wait-for: LOAD_TEST_COMPLETE
17:04:27,208 [ :monitor-process-2574 @ target-host ] wait-for: LOAD_TEST_COMPLETE
17:04:27,208 [ :monitor-process-2590 @ target-host ] wait-for: LOAD_TEST_COMPLETE
17:04:27,208 [ test-runner:run-tests-983 @ target-host ] signal: LOAD_TEST_COMPLETE
17:04:27,610 [ :monitor-process-2557 @ target-host ] kill -15 $PROCESS_PID
bash: kill: (211460) - No such process
17:04:27,610 [ :monitor-process-2590 @ target-host ] kill -15 $PROCESS_PID
bash: kill: (211757) - No such process
17:04:27,610 [ :monitor-process-2565 @ target-host ] kill -15 $PROCESS_PID
bash: kill: (211554) - No such process
17:04:27,710 [ test-runner:run-tests-983 @ target-host ] kill -15 $PID
17:04:27,710 [ :monitor-process-2574 @ target-host ] kill -15 $PROCESS_PID
17:04:30,121 [ test-runner:run-tests-983 @ target-host ] sleep 2
17:04:30,121 [ test-runner:run-tests-983 @ target-host ] script-cmd: stop-test-services
17:04:30,121 [ test-runner:run-tests-983 @ target-host ] stop-test-services
17:04:30,790 [ test-runner:run-tests-983 @ target-host ] /home/zakkak/spring-quarkus-perf-comparison/spring-quarkus-perf-comparison/scripts/infra.sh -d
Using podman to stop containers
-----------------------------------------
[03/11/2026 17:04:30]: Stopping services
-----------------------------------------
Stopping PostgreSQL database 'fruits_db'
fruits_db
17:04:30,850 [ test-runner:run-tests-983 @ target-host ] for-each: ITERATION = 8
17:04:30,850 [ test-runner:run-tests-983 @ target-host ] set-state: LOG_FILE /home/zakkak/spring-quarkus-perf-comparison/logs/load-test-quarkus3-native-8.log
17:04:31,262 [ test-runner:run-tests-983 @ target-host ] touch /home/zakkak/spring-quarkus-perf-comparison/logs/load-test-quarkus3-native-8.log
17:04:31,262 [ test-runner:run-tests-983 @ target-host ] queue-download: ${{REPO_DIR}}/logs/wrk-warmup-${{RUNTIME.name}}-${{ITERATION}}.log=/home/zakkak/spring-quarkus-perf-comparison/logs/wrk-warmup-quarkus3-native-8.log ../../20260311/none/target-host/
17:04:31,263 [ test-runner:run-tests-983 @ target-host ] queue-download: ${{LOG_FILE}}=/home/zakkak/spring-quarkus-perf-comparison/logs/load-test-quarkus3-native-8.log ../../20260311/none/target-host/
17:04:31,263 [ test-runner:run-tests-983 @ target-host ] queue-download: ${{REPO_DIR}}/logs/wrk-${{RUNTIME.name}}-${{ITERATION}}.log=/home/zakkak/spring-quarkus-perf-comparison/logs/wrk-quarkus3-native-8.log ../../20260311/none/target-host/
17:04:31,263 [ test-runner:run-tests-983 @ target-host ] script-cmd: start-test-services
17:04:31,263 [ test-runner:run-tests-983 @ target-host ] start-test-services
17:04:42,401 [ test-runner:run-tests-983 @ target-host ] /home/zakkak/spring-quarkus-perf-comparison/spring-quarkus-perf-comparison/scripts/infra.sh -c 3 -p '4-6' -s
Using podman to start containers
-----------------------------------------
[03/11/2026 17:04:31]: Starting services
-----------------------------------------
Starting PostgreSQL database 'fruits_db'
PostgreSQL DB process: 6e48326aa60d2be76f1ee86bccf2e36f791cb78d2f8a3e71ce080628d55aa997
Waiting for PostgreSQL to be ready...
localhost:5432 - no response
localhost:5432 - no response
localhost:5432 - accepting connections
17:04:42,401 [ test-runner:run-tests-983 @ target-host ] script-cmd: sync-drop-fs-cache
17:04:42,402 [ test-runner:run-tests-983 @ target-host ] sync-drop-fs-cache
17:04:42,402 [ test-runner:run-tests-983 @ target-host ] read-state: true
17:04:42,402 [ test-runner:run-tests-983 @ target-host ] regex: true
17:04:43,029 [ test-runner:run-tests-983 @ target-host ] sync
17:04:43,029 [ test-runner:run-tests-983 @ target-host ] script-cmd: sync-drop-fs-cache-${{os}}
17:04:43,029 [ test-runner:run-tests-983 @ target-host ] sync-drop-fs-cache-linux
17:04:43,029 [ test-runner:run-tests-983 @ target-host ] script-cmd: sudo
17:04:43,029 [ test-runner:run-tests-983 @ target-host ] sudo
17:04:43,030 [ test-runner:run-tests-983 @ target-host ] script-cmd: sudo-${{os}}
17:04:43,030 [ test-runner:run-tests-983 @ target-host ] sudo-linux
17:04:43,819 [ test-runner:run-tests-983 @ target-host ] sudo sh -c "echo 3 > /proc/sys/vm/drop_caches"
]3008;start=cf81a957e4aa43738fa04d3226129054;user=zakkak;hostname=blanc;machineid=f469a615e9ef4e81b7d5be080a5de373;bootid=0e917e08584a49cb891ef04366e00ace;pid=213161;pidfdid=213162;comm=sudo;targetuser=root;sessionid=c165;type=session\]3008;end=cf81a957e4aa43738fa04d3226129054\
17:04:43,828 [ test-runner:run-tests-983 @ target-host ] set-signal: LOAD_STEADY_STATE_START 1
17:04:43,828 [ test-runner:run-tests-983 @ target-host ] set-signal: LOG_REGEX_REACHED 1
17:04:44,231 [ test-runner:run-tests-983 @ target-host ] taskset --cpu-list 0-3 /home/zakkak/spring-quarkus-perf-comparison/spring-quarkus-perf-comparison/quarkus3/target/quarkus3-runner  &>/home/zakkak/spring-quarkus-perf-comparison/logs/load-test-quarkus3-native-8.log &
[1] 213188
17:04:44,632 [ test-runner:run-tests-983 @ target-host ] PID=$!
17:04:45,034 [ test-runner:run-tests-983 @ target-host ] echo $PID
213188
17:04:45,034 [ test-runner:run-tests-983 @ target-host ] set-state: JVM_PID 213188
17:04:45,034 [ test-runner:run-tests-983 @ target-host ] script-cmd: monitor-processes
17:04:45,034 [ test-runner:run-tests-983 @ target-host ] monitor-processes
17:04:45,034 [ test-runner:run-tests-983 @ target-host ] set-signal: LOAD_TEST_COMPLETE 1
17:04:45,509 [ test-runner:run-tests-983 @ target-host ] script-cmd: monitor-process
17:04:45,510 [ :monitor-process-2650 @ target-host ] monitor-process
17:04:45,518 [ :monitor-process-2650 @ target-host ] queue-download: ${{log_file}}=/home/zakkak/spring-quarkus-perf-comparison/logs/pidstat-quarkus3-native-8.log ../../20260311/none/target-host/
17:04:45,884 [ test-runner:run-tests-983 @ target-host ] script-cmd: monitor-process
17:04:45,884 [ :monitor-process-2658 @ target-host ] monitor-process
17:04:45,884 [ :monitor-process-2658 @ target-host ] queue-download: ${{log_file}}=/home/zakkak/spring-quarkus-perf-comparison/logs/mpstat-quarkus3-native-8.log ../../20260311/none/target-host/
17:04:46,021 [ :monitor-process-2650 @ target-host ] taskset --cpu-list 11 pidstat -u -p 213188 1 &>/home/zakkak/spring-quarkus-perf-comparison/logs/pidstat-quarkus3-native-8.log &
[1] 213297
17:04:46,260 [ test-runner:run-tests-983 @ target-host ] script-cmd: monitor-process
17:04:46,260 [ test-runner:run-tests-983 @ target-host ] script-cmd: monitor-postgres
17:04:46,260 [ test-runner:run-tests-983 @ target-host ] monitor-postgres
17:04:46,260 [ :monitor-process-2667 @ target-host ] monitor-process
17:04:46,260 [ :monitor-process-2667 @ target-host ] queue-download: ${{log_file}}=/home/zakkak/spring-quarkus-perf-comparison/logs/vmstat-quarkus3-native-8.log ../../20260311/none/target-host/
17:04:46,387 [ :monitor-process-2658 @ target-host ] taskset --cpu-list 11 mpstat -P ALL 1 &>/home/zakkak/spring-quarkus-perf-comparison/logs/mpstat-quarkus3-native-8.log &
[1] 213394
17:04:46,422 [ :monitor-process-2650 @ target-host ] PROCESS_PID=$!
17:04:46,662 [ :monitor-process-2667 @ target-host ] taskset --cpu-list 11 vmstat 1 &>/home/zakkak/spring-quarkus-perf-comparison/logs/vmstat-quarkus3-native-8.log &
[1] 213478
17:04:46,701 [ test-runner:run-tests-983 @ target-host ] POSTGRES_PID=$(/home/zakkak/spring-quarkus-perf-comparison/spring-quarkus-perf-comparison/scripts/infra.sh -r)
17:04:46,788 [ :monitor-process-2658 @ target-host ] PROCESS_PID=$!
17:04:46,824 [ :monitor-process-2650 @ target-host ] echo $PROCESS_PID
213297
17:04:46,824 [ :monitor-process-2650 @ target-host ] set-state: PROCESS_PID 213297
17:04:47,063 [ :monitor-process-2667 @ target-host ] PROCESS_PID=$!
17:04:47,103 [ test-runner:run-tests-983 @ target-host ] echo $POSTGRES_PID
212886
17:04:47,103 [ test-runner:run-tests-983 @ target-host ] set-state: POSTGRES_PID 212886
17:04:47,190 [ :monitor-process-2658 @ target-host ] echo $PROCESS_PID
213394
17:04:47,190 [ :monitor-process-2658 @ target-host ] set-state: PROCESS_PID 213394
17:04:47,465 [ :monitor-process-2667 @ target-host ] echo $PROCESS_PID
213478
17:04:47,465 [ :monitor-process-2667 @ target-host ] set-state: PROCESS_PID 213478
17:04:47,478 [ test-runner:run-tests-983 @ target-host ] script-cmd: monitor-process
17:04:47,478 [ :monitor-process-2683 @ target-host ] monitor-process
17:04:47,478 [ test-runner:run-tests-983 @ target-host ] JVM_PID = 213188
17:04:47,478 [ :monitor-process-2683 @ target-host ] queue-download: ${{log_file}}=/home/zakkak/spring-quarkus-perf-comparison/logs/postgres-pidstat-quarkus3-native-8.log ../../20260311/none/target-host/
17:04:47,478 [ test-runner:run-tests-983 @ target-host ] read-state: none
17:04:47,850 [ test-runner:run-tests-983 @ target-host ] script-cmd: watch-log
17:04:47,850 [ :watch-log-2692 @ target-host ] watch-log
17:04:47,860 [ :watch-log-2692 @ target-host ] regex: ${{log_regex}}
17:04:47,860 [ :watch-log-2692 @ target-host ] ctrlC
17:04:47,860 [ :watch-log-2692 @ target-host ] reached LOG_REGEX_REACHED
17:04:47,860 [ test-runner:run-tests-983 @ target-host ] wait-for: LOG_REGEX_REACHED
17:04:47,861 [ :watch-log-2692 @ target-host ] signal: LOG_REGEX_REACHED
17:04:47,981 [ :monitor-process-2683 @ target-host ] taskset --cpu-list 11 pidstat -u -p $(pgrep -d , -P 212886) 1 &>/home/zakkak/spring-quarkus-perf-comparison/logs/postgres-pidstat-quarkus3-native-8.log &
[1] 213593
17:04:48,262 [ :watch-log-2692 @ target-host ] tail -f /home/zakkak/spring-quarkus-perf-comparison/logs/load-test-quarkus3-native-8.log
__  ____  __  _____   ___  __ ____  ______ 
 --/ __ \/ / / / _ | / _ \/ //_/ / / / __/ 
 -/ /_/ / /_/ / __ |/ , _/ ,< / /_/ /\ \   
--\___\_\____/_/ |_/_/|_/_/|_|\____/___/   
2026-03-11 17:04:43,999 INFO  [io.quarkus] (main) quarkus3 1.0 native (powered by Quarkus 999-SNAPSHOT) started in 0.089s. Listening on: http://0.0.0.0:8080
2026-03-11 17:04:43,999 INFO  [io.quarkus] (main) Profile prod activated. 
2026-03-11 17:04:43,999 INFO  [io.quarkus] (main) Installed features: [agroal, cdi, config-yaml, hibernate-orm, hibernate-orm-panache, hibernate-validator, jdbc-postgresql, narayana-jta, rest, rest-jackson, smallrye-context-propagation, smallrye-health, vertx]
17:04:48,382 [ :monitor-process-2683 @ target-host ] PROCESS_PID=$!
17:04:48,784 [ :monitor-process-2683 @ target-host ] echo $PROCESS_PID
213593
17:04:48,784 [ :monitor-process-2683 @ target-host ] set-state: PROCESS_PID 213593
17:06:57,730 [ test-runner:run-tests-983 @ target-host ] taskset --cpu-list 7-9 jbang -R -XX:+UseNUMA wrk@hyperfoil -t 2 -c 100 -d 2m --timeout 2m http://localhost:8080/fruits 2>&1 >/home/zakkak/spring-quarkus-perf-comparison/logs/wrk-warmup-quarkus3-native-8.log
17:07:27,731 [ test-runner:run-tests-983 @ target-host ] sleep: 30s
17:07:27,731 [ :monitor-process-2658 @ target-host ] reached LOAD_STEADY_STATE_START
17:07:27,731 [ test-runner:run-tests-983 @ target-host ] signal: LOAD_STEADY_STATE_START
17:08:07,449 [ test-runner:run-tests-983 @ target-host ] taskset --cpu-list 7-9 jbang -R -XX:+UseNUMA wrk@hyperfoil -t 2 -c 100 -d 30s --timeout 30s http://localhost:8080/fruits 2>&1 >/home/zakkak/spring-quarkus-perf-comparison/logs/wrk-quarkus3-native-8.log
17:08:07,866 [ test-runner:run-tests-983 @ target-host ] cat /home/zakkak/spring-quarkus-perf-comparison/logs/wrk-quarkus3-native-8.log | grep "Requests/sec" | awk '{print $2}'
16387.13
17:08:07,866 [ test-runner:run-tests-983 @ target-host ] set-state: THROUGHPUT 16387.13
17:08:07,866 [ test-runner:run-tests-983 @ target-host ] script-cmd: state-array-push
17:08:07,866 [ test-runner:run-tests-983 @ target-host ] state-array-push
17:08:07,916 [ test-runner:run-tests-983 @ target-host ] set-state: RUN.output.results.quarkus3-native.load.throughput [16062.91,16005.87,15970.97,16057.97,16004.1,16142.53,16072.54,16088.1,16387.13]
17:08:08,320 [ test-runner:run-tests-983 @ target-host ] cat /home/zakkak/spring-quarkus-perf-comparison/logs/wrk-quarkus3-native-8.log | grep "Socket errors:" | sed -E 's/.*connectionErrors ([0-9]+).*/\1/'
17:08:08,320 [ test-runner:run-tests-983 @ target-host ] regex: ^$
17:08:08,320 [ test-runner:run-tests-983 @ target-host ] set-state: CONNECTION_ERRORS 0
17:08:08,320 [ test-runner:run-tests-983 @ target-host ] script-cmd: state-array-push
17:08:08,320 [ test-runner:run-tests-983 @ target-host ] state-array-push
17:08:08,354 [ test-runner:run-tests-983 @ target-host ] set-state: RUN.output.results.quarkus3-native.load.connectionErrors [0,0,0,0,0,0,0,0,0]
17:08:08,758 [ test-runner:run-tests-983 @ target-host ] cat /home/zakkak/spring-quarkus-perf-comparison/logs/wrk-quarkus3-native-8.log | grep "Socket errors:" | sed -E 's/.*requestTimeouts ([0-9]+)/\1/'
17:08:08,758 [ test-runner:run-tests-983 @ target-host ] regex: ^$
17:08:08,758 [ test-runner:run-tests-983 @ target-host ] set-state: REQUEST_TIMEOUTS 0
17:08:08,758 [ test-runner:run-tests-983 @ target-host ] script-cmd: state-array-push
17:08:08,758 [ test-runner:run-tests-983 @ target-host ] state-array-push
17:08:08,796 [ test-runner:run-tests-983 @ target-host ] set-state: RUN.output.results.quarkus3-native.load.requestTimeouts [0,0,0,0,0,0,0,0,0]
17:08:09,213 [ test-runner:run-tests-983 @ target-host ] pmap -x $PID | grep total | awk '{print $4}'
162236
17:08:09,214 [ test-runner:run-tests-983 @ target-host ] set-state: RSS 162236
17:08:09,239 [ test-runner:run-tests-983 @ target-host ] script-cmd: state-array-push
17:08:09,239 [ test-runner:run-tests-983 @ target-host ] state-array-push
17:08:09,275 [ test-runner:run-tests-983 @ target-host ] set-state: RUN.output.results.quarkus3-native.load.rss [156.94140625,154.36328125,157.14453125,154.8828125,155.859375,155.06640625,154.10546875,155.0625,158.43359375]
17:08:09,293 [ test-runner:run-tests-983 @ target-host ] script-cmd: state-array-push
17:08:09,293 [ test-runner:run-tests-983 @ target-host ] state-array-push
17:08:09,330 [ test-runner:run-tests-983 @ target-host ] set-state: RUN.output.results.quarkus3-native.load.throughputDensity [102.34972646041267,103.68962016347395,101.63236272340848,103.6781921815889,102.68294736842105,104.10075522079755,104.29571468403843,103.75235792019348,103.43216745975]
17:08:09,330 [ test-runner:run-tests-983 @ target-host ] reached LOAD_TEST_COMPLETE
17:08:09,331 [ :monitor-process-2650 @ target-host ] wait-for: LOAD_TEST_COMPLETE
17:08:09,331 [ :monitor-process-2658 @ target-host ] wait-for: LOAD_TEST_COMPLETE
17:08:09,331 [ :monitor-process-2667 @ target-host ] wait-for: LOAD_TEST_COMPLETE
17:08:09,331 [ :monitor-process-2683 @ target-host ] wait-for: LOAD_TEST_COMPLETE
17:08:09,331 [ test-runner:run-tests-983 @ target-host ] signal: LOAD_TEST_COMPLETE
17:08:09,732 [ :monitor-process-2683 @ target-host ] kill -15 $PROCESS_PID
bash: kill: (213593) - No such process
17:08:09,732 [ :monitor-process-2650 @ target-host ] kill -15 $PROCESS_PID
bash: kill: (213297) - No such process
17:08:09,732 [ :monitor-process-2658 @ target-host ] kill -15 $PROCESS_PID
bash: kill: (213394) - No such process
17:08:09,833 [ test-runner:run-tests-983 @ target-host ] kill -15 $PID
17:08:09,833 [ :monitor-process-2667 @ target-host ] kill -15 $PROCESS_PID
17:08:12,244 [ test-runner:run-tests-983 @ target-host ] sleep 2
17:08:12,244 [ test-runner:run-tests-983 @ target-host ] script-cmd: stop-test-services
17:08:12,244 [ test-runner:run-tests-983 @ target-host ] stop-test-services
17:08:12,909 [ test-runner:run-tests-983 @ target-host ] /home/zakkak/spring-quarkus-perf-comparison/spring-quarkus-perf-comparison/scripts/infra.sh -d
Using podman to stop containers
-----------------------------------------
[03/11/2026 17:08:12]: Stopping services
-----------------------------------------
Stopping PostgreSQL database 'fruits_db'
fruits_db
17:08:12,970 [ test-runner:run-tests-983 @ target-host ] for-each: ITERATION = 9
17:08:12,970 [ test-runner:run-tests-983 @ target-host ] set-state: LOG_FILE /home/zakkak/spring-quarkus-perf-comparison/logs/load-test-quarkus3-native-9.log
17:08:13,382 [ test-runner:run-tests-983 @ target-host ] touch /home/zakkak/spring-quarkus-perf-comparison/logs/load-test-quarkus3-native-9.log
17:08:13,382 [ test-runner:run-tests-983 @ target-host ] queue-download: ${{REPO_DIR}}/logs/wrk-warmup-${{RUNTIME.name}}-${{ITERATION}}.log=/home/zakkak/spring-quarkus-perf-comparison/logs/wrk-warmup-quarkus3-native-9.log ../../20260311/none/target-host/
17:08:13,383 [ test-runner:run-tests-983 @ target-host ] queue-download: ${{LOG_FILE}}=/home/zakkak/spring-quarkus-perf-comparison/logs/load-test-quarkus3-native-9.log ../../20260311/none/target-host/
17:08:13,383 [ test-runner:run-tests-983 @ target-host ] queue-download: ${{REPO_DIR}}/logs/wrk-${{RUNTIME.name}}-${{ITERATION}}.log=/home/zakkak/spring-quarkus-perf-comparison/logs/wrk-quarkus3-native-9.log ../../20260311/none/target-host/
17:08:13,383 [ test-runner:run-tests-983 @ target-host ] script-cmd: start-test-services
17:08:13,383 [ test-runner:run-tests-983 @ target-host ] start-test-services
17:08:24,483 [ test-runner:run-tests-983 @ target-host ] /home/zakkak/spring-quarkus-perf-comparison/spring-quarkus-perf-comparison/scripts/infra.sh -c 3 -p '4-6' -s
Using podman to start containers
-----------------------------------------
[03/11/2026 17:08:13]: Starting services
-----------------------------------------
Starting PostgreSQL database 'fruits_db'
PostgreSQL DB process: c71b4608670535d5adb9de30912fe4e5a2d7f337c580cbe373b514963b2b4550
Waiting for PostgreSQL to be ready...
localhost:5432 - no response
localhost:5432 - no response
localhost:5432 - accepting connections
17:08:24,484 [ test-runner:run-tests-983 @ target-host ] script-cmd: sync-drop-fs-cache
17:08:24,484 [ test-runner:run-tests-983 @ target-host ] sync-drop-fs-cache
17:08:24,484 [ test-runner:run-tests-983 @ target-host ] read-state: true
17:08:24,484 [ test-runner:run-tests-983 @ target-host ] regex: true
17:08:24,968 [ test-runner:run-tests-983 @ target-host ] sync
17:08:24,969 [ test-runner:run-tests-983 @ target-host ] script-cmd: sync-drop-fs-cache-${{os}}
17:08:24,969 [ test-runner:run-tests-983 @ target-host ] sync-drop-fs-cache-linux
17:08:24,969 [ test-runner:run-tests-983 @ target-host ] script-cmd: sudo
17:08:24,969 [ test-runner:run-tests-983 @ target-host ] sudo
17:08:24,969 [ test-runner:run-tests-983 @ target-host ] script-cmd: sudo-${{os}}
17:08:24,969 [ test-runner:run-tests-983 @ target-host ] sudo-linux
17:08:25,791 [ test-runner:run-tests-983 @ target-host ] sudo sh -c "echo 3 > /proc/sys/vm/drop_caches"
]3008;start=c63796cef8884d22b2cd5c86a34d3a60;user=zakkak;hostname=blanc;machineid=f469a615e9ef4e81b7d5be080a5de373;bootid=0e917e08584a49cb891ef04366e00ace;pid=214999;pidfdid=215000;comm=sudo;targetuser=root;sessionid=c166;type=session\]3008;end=c63796cef8884d22b2cd5c86a34d3a60\
17:08:25,791 [ test-runner:run-tests-983 @ target-host ] set-signal: LOAD_STEADY_STATE_START 1
17:08:25,791 [ test-runner:run-tests-983 @ target-host ] set-signal: LOG_REGEX_REACHED 1
17:08:26,194 [ test-runner:run-tests-983 @ target-host ] taskset --cpu-list 0-3 /home/zakkak/spring-quarkus-perf-comparison/spring-quarkus-perf-comparison/quarkus3/target/quarkus3-runner  &>/home/zakkak/spring-quarkus-perf-comparison/logs/load-test-quarkus3-native-9.log &
[1] 215028
17:08:26,595 [ test-runner:run-tests-983 @ target-host ] PID=$!
17:08:26,996 [ test-runner:run-tests-983 @ target-host ] echo $PID
215028
17:08:26,997 [ test-runner:run-tests-983 @ target-host ] set-state: JVM_PID 215028
17:08:26,997 [ test-runner:run-tests-983 @ target-host ] script-cmd: monitor-processes
17:08:26,997 [ test-runner:run-tests-983 @ target-host ] monitor-processes
17:08:26,997 [ test-runner:run-tests-983 @ target-host ] set-signal: LOAD_TEST_COMPLETE 1
17:08:27,477 [ test-runner:run-tests-983 @ target-host ] script-cmd: monitor-process
17:08:27,477 [ :monitor-process-2743 @ target-host ] monitor-process
17:08:27,486 [ :monitor-process-2743 @ target-host ] queue-download: ${{log_file}}=/home/zakkak/spring-quarkus-perf-comparison/logs/pidstat-quarkus3-native-9.log ../../20260311/none/target-host/
17:08:27,852 [ test-runner:run-tests-983 @ target-host ] script-cmd: monitor-process
17:08:27,852 [ :monitor-process-2752 @ target-host ] monitor-process
17:08:27,852 [ :monitor-process-2752 @ target-host ] queue-download: ${{log_file}}=/home/zakkak/spring-quarkus-perf-comparison/logs/mpstat-quarkus3-native-9.log ../../20260311/none/target-host/
17:08:27,989 [ :monitor-process-2743 @ target-host ] taskset --cpu-list 11 pidstat -u -p 215028 1 &>/home/zakkak/spring-quarkus-perf-comparison/logs/pidstat-quarkus3-native-9.log &
[1] 215135
17:08:28,227 [ test-runner:run-tests-983 @ target-host ] script-cmd: monitor-process
17:08:28,227 [ test-runner:run-tests-983 @ target-host ] script-cmd: monitor-postgres
17:08:28,228 [ test-runner:run-tests-983 @ target-host ] monitor-postgres
17:08:28,228 [ :monitor-process-2760 @ target-host ] monitor-process
17:08:28,228 [ :monitor-process-2760 @ target-host ] queue-download: ${{log_file}}=/home/zakkak/spring-quarkus-perf-comparison/logs/vmstat-quarkus3-native-9.log ../../20260311/none/target-host/
17:08:28,355 [ :monitor-process-2752 @ target-host ] taskset --cpu-list 11 mpstat -P ALL 1 &>/home/zakkak/spring-quarkus-perf-comparison/logs/mpstat-quarkus3-native-9.log &
[1] 215232
17:08:28,390 [ :monitor-process-2743 @ target-host ] PROCESS_PID=$!
17:08:28,630 [ :monitor-process-2760 @ target-host ] taskset --cpu-list 11 vmstat 1 &>/home/zakkak/spring-quarkus-perf-comparison/logs/vmstat-quarkus3-native-9.log &
[1] 215317
17:08:28,668 [ test-runner:run-tests-983 @ target-host ] POSTGRES_PID=$(/home/zakkak/spring-quarkus-perf-comparison/spring-quarkus-perf-comparison/scripts/infra.sh -r)
17:08:28,756 [ :monitor-process-2752 @ target-host ] PROCESS_PID=$!
17:08:28,792 [ :monitor-process-2743 @ target-host ] echo $PROCESS_PID
215135
17:08:28,792 [ :monitor-process-2743 @ target-host ] set-state: PROCESS_PID 215135
17:08:29,031 [ :monitor-process-2760 @ target-host ] PROCESS_PID=$!
17:08:29,070 [ test-runner:run-tests-983 @ target-host ] echo $POSTGRES_PID
214725
17:08:29,070 [ test-runner:run-tests-983 @ target-host ] set-state: POSTGRES_PID 214725
17:08:29,158 [ :monitor-process-2752 @ target-host ] echo $PROCESS_PID
215232
17:08:29,158 [ :monitor-process-2752 @ target-host ] set-state: PROCESS_PID 215232
17:08:29,433 [ :monitor-process-2760 @ target-host ] echo $PROCESS_PID
215317
17:08:29,433 [ :monitor-process-2760 @ target-host ] set-state: PROCESS_PID 215317
17:08:29,444 [ test-runner:run-tests-983 @ target-host ] script-cmd: monitor-process
17:08:29,444 [ test-runner:run-tests-983 @ target-host ] JVM_PID = 215028
17:08:29,444 [ :monitor-process-2776 @ target-host ] monitor-process
17:08:29,445 [ test-runner:run-tests-983 @ target-host ] read-state: none
17:08:29,445 [ :monitor-process-2776 @ target-host ] queue-download: ${{log_file}}=/home/zakkak/spring-quarkus-perf-comparison/logs/postgres-pidstat-quarkus3-native-9.log ../../20260311/none/target-host/
17:08:29,817 [ test-runner:run-tests-983 @ target-host ] script-cmd: watch-log
17:08:29,817 [ :watch-log-2785 @ target-host ] watch-log
17:08:29,827 [ :watch-log-2785 @ target-host ] regex: ${{log_regex}}
17:08:29,827 [ :watch-log-2785 @ target-host ] ctrlC
17:08:29,827 [ :watch-log-2785 @ target-host ] reached LOG_REGEX_REACHED
17:08:29,827 [ test-runner:run-tests-983 @ target-host ] wait-for: LOG_REGEX_REACHED
17:08:29,827 [ :watch-log-2785 @ target-host ] signal: LOG_REGEX_REACHED
17:08:29,947 [ :monitor-process-2776 @ target-host ] taskset --cpu-list 11 pidstat -u -p $(pgrep -d , -P 214725) 1 &>/home/zakkak/spring-quarkus-perf-comparison/logs/postgres-pidstat-quarkus3-native-9.log &
[1] 215432
17:08:30,228 [ :watch-log-2785 @ target-host ] tail -f /home/zakkak/spring-quarkus-perf-comparison/logs/load-test-quarkus3-native-9.log
__  ____  __  _____   ___  __ ____  ______ 
 --/ __ \/ / / / _ | / _ \/ //_/ / / / __/ 
 -/ /_/ / /_/ / __ |/ , _/ ,< / /_/ /\ \   
--\___\_\____/_/ |_/_/|_/_/|_|\____/___/   
2026-03-11 17:08:25,964 INFO  [io.quarkus] (main) quarkus3 1.0 native (powered by Quarkus 999-SNAPSHOT) started in 0.092s. Listening on: http://0.0.0.0:8080
2026-03-11 17:08:25,964 INFO  [io.quarkus] (main) Profile prod activated. 
2026-03-11 17:08:25,964 INFO  [io.quarkus] (main) Installed features: [agroal, cdi, config-yaml, hibernate-orm, hibernate-orm-panache, hibernate-validator, jdbc-postgresql, narayana-jta, rest, rest-jackson, smallrye-context-propagation, smallrye-health, vertx]
17:08:30,349 [ :monitor-process-2776 @ target-host ] PROCESS_PID=$!
17:08:30,750 [ :monitor-process-2776 @ target-host ] echo $PROCESS_PID
215432
17:08:30,750 [ :monitor-process-2776 @ target-host ] set-state: PROCESS_PID 215432
17:10:40,173 [ test-runner:run-tests-983 @ target-host ] taskset --cpu-list 7-9 jbang -R -XX:+UseNUMA wrk@hyperfoil -t 2 -c 100 -d 2m --timeout 2m http://localhost:8080/fruits 2>&1 >/home/zakkak/spring-quarkus-perf-comparison/logs/wrk-warmup-quarkus3-native-9.log
17:11:10,173 [ test-runner:run-tests-983 @ target-host ] sleep: 30s
17:11:10,173 [ :monitor-process-2760 @ target-host ] reached LOAD_STEADY_STATE_START
17:11:10,173 [ test-runner:run-tests-983 @ target-host ] signal: LOAD_STEADY_STATE_START
17:11:49,777 [ test-runner:run-tests-983 @ target-host ] taskset --cpu-list 7-9 jbang -R -XX:+UseNUMA wrk@hyperfoil -t 2 -c 100 -d 30s --timeout 30s http://localhost:8080/fruits 2>&1 >/home/zakkak/spring-quarkus-perf-comparison/logs/wrk-quarkus3-native-9.log
17:11:50,193 [ test-runner:run-tests-983 @ target-host ] cat /home/zakkak/spring-quarkus-perf-comparison/logs/wrk-quarkus3-native-9.log | grep "Requests/sec" | awk '{print $2}'
16386.04
17:11:50,193 [ test-runner:run-tests-983 @ target-host ] set-state: THROUGHPUT 16386.04
17:11:50,193 [ test-runner:run-tests-983 @ target-host ] script-cmd: state-array-push
17:11:50,193 [ test-runner:run-tests-983 @ target-host ] state-array-push
17:11:50,242 [ test-runner:run-tests-983 @ target-host ] set-state: RUN.output.results.quarkus3-native.load.throughput [16062.91,16005.87,15970.97,16057.97,16004.1,16142.53,16072.54,16088.1,16387.13,16386.04]
17:11:50,645 [ test-runner:run-tests-983 @ target-host ] cat /home/zakkak/spring-quarkus-perf-comparison/logs/wrk-quarkus3-native-9.log | grep "Socket errors:" | sed -E 's/.*connectionErrors ([0-9]+).*/\1/'
17:11:50,645 [ test-runner:run-tests-983 @ target-host ] regex: ^$
17:11:50,645 [ test-runner:run-tests-983 @ target-host ] set-state: CONNECTION_ERRORS 0
17:11:50,646 [ test-runner:run-tests-983 @ target-host ] script-cmd: state-array-push
17:11:50,646 [ test-runner:run-tests-983 @ target-host ] state-array-push
17:11:50,681 [ test-runner:run-tests-983 @ target-host ] set-state: RUN.output.results.quarkus3-native.load.connectionErrors [0,0,0,0,0,0,0,0,0,0]
17:11:51,085 [ test-runner:run-tests-983 @ target-host ] cat /home/zakkak/spring-quarkus-perf-comparison/logs/wrk-quarkus3-native-9.log | grep "Socket errors:" | sed -E 's/.*requestTimeouts ([0-9]+)/\1/'
17:11:51,085 [ test-runner:run-tests-983 @ target-host ] regex: ^$
17:11:51,085 [ test-runner:run-tests-983 @ target-host ] set-state: REQUEST_TIMEOUTS 0
17:11:51,085 [ test-runner:run-tests-983 @ target-host ] script-cmd: state-array-push
17:11:51,085 [ test-runner:run-tests-983 @ target-host ] state-array-push
17:11:51,120 [ test-runner:run-tests-983 @ target-host ] set-state: RUN.output.results.quarkus3-native.load.requestTimeouts [0,0,0,0,0,0,0,0,0,0]
17:11:51,530 [ test-runner:run-tests-983 @ target-host ] pmap -x $PID | grep total | awk '{print $4}'
161428
17:11:51,530 [ test-runner:run-tests-983 @ target-host ] set-state: RSS 161428
17:11:51,557 [ test-runner:run-tests-983 @ target-host ] script-cmd: state-array-push
17:11:51,557 [ test-runner:run-tests-983 @ target-host ] state-array-push
17:11:51,592 [ test-runner:run-tests-983 @ target-host ] set-state: RUN.output.results.quarkus3-native.load.rss [156.94140625,154.36328125,157.14453125,154.8828125,155.859375,155.06640625,154.10546875,155.0625,158.43359375,157.64453125]
17:11:51,610 [ test-runner:run-tests-983 @ target-host ] script-cmd: state-array-push
17:11:51,610 [ test-runner:run-tests-983 @ target-host ] state-array-push
17:11:51,645 [ test-runner:run-tests-983 @ target-host ] set-state: RUN.output.results.quarkus3-native.load.throughputDensity [102.34972646041267,103.68962016347395,101.63236272340848,103.6781921815889,102.68294736842105,104.10075522079755,104.29571468403843,103.75235792019348,103.43216745975,103.94296503704439]
17:11:51,645 [ test-runner:run-tests-983 @ target-host ] reached LOAD_TEST_COMPLETE
17:11:51,645 [ :monitor-process-2743 @ target-host ] wait-for: LOAD_TEST_COMPLETE
17:11:51,645 [ :monitor-process-2752 @ target-host ] wait-for: LOAD_TEST_COMPLETE
17:11:51,645 [ :monitor-process-2760 @ target-host ] wait-for: LOAD_TEST_COMPLETE
17:11:51,645 [ :monitor-process-2776 @ target-host ] wait-for: LOAD_TEST_COMPLETE
17:11:51,645 [ test-runner:run-tests-983 @ target-host ] signal: LOAD_TEST_COMPLETE
17:11:52,047 [ :monitor-process-2776 @ target-host ] kill -15 $PROCESS_PID
bash: kill: (215432) - No such process
17:11:52,047 [ :monitor-process-2752 @ target-host ] kill -15 $PROCESS_PID
bash: kill: (215232) - No such process
17:11:52,047 [ :monitor-process-2743 @ target-host ] kill -15 $PROCESS_PID
bash: kill: (215135) - No such process
17:11:52,147 [ test-runner:run-tests-983 @ target-host ] kill -15 $PID
17:11:52,148 [ :monitor-process-2760 @ target-host ] kill -15 $PROCESS_PID
17:11:54,551 [ test-runner:run-tests-983 @ target-host ] sleep 2
17:11:54,551 [ test-runner:run-tests-983 @ target-host ] script-cmd: stop-test-services
17:11:54,551 [ test-runner:run-tests-983 @ target-host ] stop-test-services
17:11:55,213 [ test-runner:run-tests-983 @ target-host ] /home/zakkak/spring-quarkus-perf-comparison/spring-quarkus-perf-comparison/scripts/infra.sh -d
Using podman to stop containers
-----------------------------------------
[03/11/2026 17:11:54]: Stopping services
-----------------------------------------
Stopping PostgreSQL database 'fruits_db'
fruits_db
17:11:55,277 [ test-runner:run-tests-983 @ target-host ] for-each: ITERATION
17:11:55,277 [ test-runner:run-tests-983 @ target-host ] script-cmd: state-array-calc-avg
17:11:55,277 [ test-runner:run-tests-983 @ target-host ] state-array-calc-avg
17:11:55,312 [ test-runner:run-tests-983 @ target-host ] set-state: RUN.output.results.quarkus3-native.load.avThroughput 16117.816000000003
17:11:55,312 [ test-runner:run-tests-983 @ target-host ] script-cmd: state-array-calc-avg
17:11:55,312 [ test-runner:run-tests-983 @ target-host ] state-array-calc-avg
17:11:55,347 [ test-runner:run-tests-983 @ target-host ] set-state: RUN.output.results.quarkus3-native.load.avMaxRss 155.950390625
17:11:55,348 [ test-runner:run-tests-983 @ target-host ] script-cmd: state-array-calc-max
17:11:55,348 [ test-runner:run-tests-983 @ target-host ] state-array-calc-max
17:11:55,395 [ test-runner:run-tests-983 @ target-host ] set-state: RUN.output.results.quarkus3-native.load.maxThroughputDensity 104.29571468403843
17:11:55,395 [ test-runner:run-tests-983 @ target-host ] script-cmd: state-array-calc-avg
17:11:55,395 [ test-runner:run-tests-983 @ target-host ] state-array-calc-avg
17:11:55,455 [ test-runner:run-tests-983 @ target-host ] set-state: RUN.output.results.quarkus3-native.load.avConnectionErrors 0
17:11:55,455 [ test-runner:run-tests-983 @ target-host ] script-cmd: state-array-calc-avg
17:11:55,455 [ test-runner:run-tests-983 @ target-host ] state-array-calc-avg
17:11:55,492 [ test-runner:run-tests-983 @ target-host ] set-state: RUN.output.results.quarkus3-native.load.avRequestTimeouts 0
17:11:55,492 [ test-runner:run-tests-983 @ target-host ] for-each: TEST
17:11:55,493 [ test-runner:run-tests-983 @ target-host ] for-each: RUNTIME
17:11:55,931 [ test-runner:cleanup-2817 @ target-host ] cleanup
17:11:55,931 [ test-runner:cleanup-2817 @ target-host ] script-cmd: stop-timestamp
17:11:55,931 [ test-runner:cleanup-2817 @ target-host ] stop-timestamp
17:11:56,333 [ test-runner:cleanup-2817 @ target-host ] date -u +%FT%TZ
2026-03-11T15:11:55Z
17:11:56,333 [ test-runner:cleanup-2817 @ target-host ] set-state: RUN.output.timing.stop 2026-03-11T15:11:55Z
17:11:56,333 [ test-runner:cleanup-2817 @ target-host ] script-cmd: download-metrics
17:11:56,333 [ test-runner:cleanup-2817 @ target-host ] download-metrics
17:11:56,744 [ test-runner:cleanup-2817 @ target-host ] mkdir -p /tmp
17:11:56,744 [ test-runner:cleanup-2817 @ target-host ] script-cmd: sudo
17:11:56,744 [ test-runner:cleanup-2817 @ target-host ] sudo
17:11:56,744 [ test-runner:cleanup-2817 @ target-host ] script-cmd: sudo-${{os}}
17:11:56,744 [ test-runner:cleanup-2817 @ target-host ] sudo-linux
17:11:57,425 [ test-runner:cleanup-2817 @ target-host ] sudo rm -Rf /tmp/metrics.json
]3008;start=4a12a19b941f432184d3904350b2b0f8;user=zakkak;hostname=blanc;machineid=f469a615e9ef4e81b7d5be080a5de373;bootid=0e917e08584a49cb891ef04366e00ace;pid=216690;pidfdid=216691;comm=sudo;targetuser=root;sessionid=c167;type=session\]3008;end=4a12a19b941f432184d3904350b2b0f8\
17:11:57,425 [ test-runner:cleanup-2817 @ target-host ] set-state: RUN.output.config {"jvm":{"home":"/home/zakkak/jvms/jdk-21.0.9+10","version":"25.0.2-tem","graalvm":{"home":"/home/zakkak/code/graal-oracle/sdk/latest_graalvm_home","version":"25.0.2-graalce"},"memory":"","args":""},"quarkus":{"version":"999-SNAPSHOT","build_config_args":"","native_build_options":"-Dquarkus.native.additional-build-args-append=--future-defaults=none"},"springboot3":{"version":"","native_build_options":""},"springboot4":{"version":"","native_build_options":""},"resources":{"cpu":{"app":"0-3","db":"4-6","load_generator":"7-9","1st_request":10,"monitor":11},"app_cpus":4},"profiler":{"name":"none","events":"cpu"},"repo":{"branch":"main","url":"https://github.com/quarkusio/spring-quarkus-perf-comparison.git","scenario":"tuned","commit":"14e9ae9b8bc5ec009f5c1108ca2171ce3867ffb2","short_commit":"14e9ae9","scenarioName":"Tuned"},"num_iterations":10}
17:11:57,426 [ test-runner:cleanup-2817 @ target-host ] set-state: RUN.output.env {"run":{"host":{"user":"zakkak","name":"LOCAL","target":"LOCAL"}},"host":{"os":"Fedora Linux 43 (Workstation Edition)","type":"ASUS System Product Name","kernel":"6.18.16-200.fc43.x86_64","cpu":"AMD Ryzen 9 7950X 16-Core Processor (32 cpus)","gpu":"Advanced Micro Devices, Inc. [AMD/ATI] Raphael","memory":"61Gi"}}
17:11:57,834 [ test-runner:cleanup-2817 @ target-host ] echo '{"timing":{"start":"2026-03-11T14:18:46Z","stop":"2026-03-11T15:11:55Z"},"results":{"quarkus3-native":{"build":{"timings":[15.73,45,44.64,44.49,44.82,44.31,44.17,44.11,44.17,44.51],"native":{"rss":[2.04,4.83,4.76,4.71,4.58,4.65,4.78,4.55,4.85,4.74],"binarySize":""},"avBuildTime":41.595000000000006,"avNativeRSS":4.449,"classCount":"7,977","fieldCount":"8,248","methodCount":"31,001","reflectionClassCount":"3,738","reflectionFieldCount":127,"reflectionMethodCount":"4,498"},"startup":{"timings":[32,32,33,32,32,33,33,32,34,33],"avStartTime":32.6},"rss":{"startup":[66.5546875,66.5,66.50390625,66.4921875,66.39453125,66.5078125,66.4921875,66.50390625,66.3671875,66.49609375],"firstRequest":[73.37109375,73.31640625,73.31640625,73.30859375,73.2109375,73.32421875,73.30859375,73.3203125,73.18359375,73.31640625],"avStartupRss":66.48125,"avFirstRequestRss":73.29765625},"load":{"throughput":[16062.91,16005.87,15970.97,16057.97,16004.1,16142.53,16072.54,16088.1,16387.13,16386.04],"connectionErrors":[0,0,0,0,0,0,0,0,0,0],"requestTimeouts":[0,0,0,0,0,0,0,0,0,0],"rss":[156.94140625,154.36328125,157.14453125,154.8828125,155.859375,155.06640625,154.10546875,155.0625,158.43359375,157.64453125],"throughputDensity":[102.34972646041267,103.68962016347395,101.63236272340848,103.6781921815889,102.68294736842105,104.10075522079755,104.29571468403843,103.75235792019348,103.43216745975,103.94296503704439],"avThroughput":16117.816000000003,"avMaxRss":155.950390625,"maxThroughputDensity":104.29571468403843,"avConnectionErrors":0,"avRequestTimeouts":0}}},"config":{"jvm":{"args":"","memory":"","graalvm":{"version":"25.0.2-graalce","home":"/home/zakkak/code/graal-oracle/sdk/latest_graalvm_home"},"version":"25.0.2-tem","home":"/home/zakkak/jvms/jdk-21.0.9+10"},"num_iterations":10,"quarkus":{"build_config_args":"","native_build_options":"-Dquarkus.native.additional-build-args-append=--future-defaults=none","version":"999-SNAPSHOT"},"repo":{"short_commit":"14e9ae9","scenario":"tuned","commit":"14e9ae9b8bc5ec009f5c1108ca2171ce3867ffb2","branch":"main","scenarioName":"Tuned","url":"https://github.com/quarkusio/spring-quarkus-perf-comparison.git"},"springboot3":{"native_build_options":"","version":""},"springboot4":{"native_build_options":"","version":""},"resources":{"cpu":{"app":"0-3","1st_request":10,"monitor":11,"load_generator":"7-9","db":"4-6"},"app_cpus":4},"profiler":{"name":"none","events":"cpu"}},"env":{"host":{"memory":"61Gi","os":"Fedora Linux 43 (Workstation Edition)","kernel":"6.18.16-200.fc43.x86_64","cpu":"AMD Ryzen 9 7950X 16-Core Processor (32 cpus)","type":"ASUS System Product Name","gpu":"Advanced Micro Devices, Inc. [AMD/ATI] Raphael"},"run":{"host":{"name":"LOCAL","user":"zakkak","target":"LOCAL"}}}}' > /tmp/metrics.json
17:11:57,834 [ test-runner:cleanup-2817 @ target-host ] queue-download: ${{METRICS_DIR}}/metrics.json=/tmp/metrics.json ../../20260311/none/target-host/
17:11:57,834 [ test-runner:cleanup-2817 @ target-host ] script-cmd: stop-test-services
17:11:57,834 [ test-runner:cleanup-2817 @ target-host ] stop-test-services
17:11:58,259 [ test-runner:cleanup-2817 @ target-host ] /home/zakkak/spring-quarkus-perf-comparison/spring-quarkus-perf-comparison/scripts/infra.sh -d
Using podman to stop containers
-----------------------------------------
[03/11/2026 17:11:57]: Stopping services
-----------------------------------------
Stopping PostgreSQL database 'fruits_db'
Error: no container with name or ID "fruits_db" found: no such container
17:11:58,265 [ test-runner:run-tests-983 @ target-host ] run-1773238712384 closing state:
 env = {"run":{"host":{"user":"zakkak","name":"LOCAL","target":"LOCAL"}},"host":{"os":"Fedora Linux 43 (Workstation Edition)","type":"ASUS System Product Name","kernel":"6.18.16-200.fc43.x86_64","cpu":"AMD Ryzen 9 7950X 16-Core Processor (32 cpus)","gpu":"Advanced Micro Devices, Inc. [AMD/ATI] Raphael","memory":"61Gi"}}
 config = {"jvm":{"home":"/home/zakkak/jvms/jdk-21.0.9+10","version":"25.0.2-tem","graalvm":{"home":"/home/zakkak/code/graal-oracle/sdk/latest_graalvm_home","version":"25.0.2-graalce"},"memory":"","args":""},"quarkus":{"version":"999-SNAPSHOT","build_config_args":"","native_build_options":"-Dquarkus.native.additional-build-args-append=--future-defaults=none"},"springboot3":{"version":"","native_build_options":""},"springboot4":{"version":"","native_build_options":""},"resources":{"cpu":{"app":"0-3","db":"4-6","load_generator":"7-9","1st_request":"10","monitor":"11"},"app_cpus":"4"},"profiler":{"name":"none","events":"cpu"},"repo":{"branch":"main","url":"https://github.com/quarkusio/spring-quarkus-perf-comparison.git","scenario":"tuned","commit":"14e9ae9b8bc5ec009f5c1108ca2171ce3867ffb2","short_commit":"14e9ae9","scenarioName":"Tuned"},"num_iterations":"10"}
 APP_CMD_PREFIX = taskset --cpu-list ${{config.resources.cpu.app}}
 LOAD_GEN_CMD_PREFIX = taskset --cpu-list ${{config.resources.cpu.load_generator}}
 MONITOR_CMD_PREFIX = taskset --cpu-list ${{config.resources.cpu.monitor}}
 WRK_BIN = ${{LOAD_GEN_CMD_PREFIX}} jbang -R -XX:+UseNUMA wrk@hyperfoil
 DROP_OS_FILESYSTEM_CACHES = true
 PAUSE_TIME = 2
 PROFILER_JVM_ARGS = 
 BASE_JAVA_CMD = ${{APP_CMD_PREFIX}} java ${{config.jvm.memory}} ${{config.jvm.args}} ${{PROFILER_JVM_ARGS}}
 TESTS = ["measure-build-times","measure-time-to-first-request","measure-rss","run-load-test"]
 RUNTIMES = ["quarkus3-native"]
 TARGET_URL = http://localhost:8080/fruits
 QUARKUS-PLATFORM-ARTIFACT-ID = quarkus-bom
 PROJ_REPO_NAME = spring-quarkus-perf-comparison
 METRICS_DIR = /tmp
 ASYNC_PROFILER = async-profiler
 RUNTIMECMDS = [{"updateScript":"update-quarkus-version","runCmd":"${{BASE_JAVA_CMD}} -jar ${{QUARKUS3_DIR}}/target/quarkus-app/quarkus-run.jar","updateVersion":"${{config.quarkus.version}}","buildCmd":"./mvnw ${{config.quarkus.build_config_args}} clean package -DskipTests","name":"quarkus3-jvm","type":"jvm","dir":"${{QUARKUS3_DIR}}","logFileStartedRegex":".*quarkus3.+started in.*"},{"updateScript":"update-quarkus-version","runCmd":"${{BASE_JAVA_CMD}} -jar ${{QUARKUS3_VIRTUAL_DIR}}/target/quarkus-app/quarkus-run.jar","updateVersion":"${{config.quarkus.version}}","buildCmd":"./mvnw ${{config.quarkus.build_config_args}} clean package -DskipTests","name":"quarkus3-virtual","type":"jvm","dir":"${{QUARKUS3_VIRTUAL_DIR}}","logFileStartedRegex":".*quarkus3.+started in.*"},{"updateScript":"update-quarkus-version","runCmd":"${{APP_CMD_PREFIX}} ${{QUARKUS3_DIR}}/target/quarkus3-runner ${{config.jvm.memory}}","updateVersion":"${{config.quarkus.version}}","buildCmd":"./mvnw ${{config.quarkus.build_config_args}} clean package -DskipTests -Pnative ${{config.quarkus.native_build_options}}","name":"quarkus3-native","type":"native","dir":"${{QUARKUS3_DIR}}","logFileStartedRegex":".*quarkus3.+started in.*"},{"updateScript":"update-spring-boot-version","runCmd":"${{BASE_JAVA_CMD}} -jar ${{SPRING3_BOOT_DIR}}/target/springboot3.jar","updateVersion":"${{config.springboot3.version}}","buildCmd":"./mvnw clean package -DskipTests","name":"spring3-jvm","type":"jvm","dir":"${{SPRING3_BOOT_DIR}}","logFileStartedRegex":".*Started SpringBoot3Application in.+seconds.*"},{"updateScript":"update-spring-boot-version","runCmd":"${{BASE_JAVA_CMD}} -Dspring.threads.virtual.enabled=true -jar ${{SPRING3_BOOT_DIR}}/target/springboot3.jar","updateVersion":"${{config.springboot3.version}}","buildCmd":"./mvnw clean package -DskipTests -Dspring.threads.virtual.enabled=true","name":"spring3-virtual","type":"jvm","dir":"${{SPRING3_BOOT_DIR}}","logFileStartedRegex":".*Started SpringBoot3Application in.+seconds.*"},{"updateScript":"update-spring-boot-version","runCmd":"${{BASE_JAVA_CMD}} -Dspring.aot.enabled=true -jar ${{SPRING3_BOOT_DIR}}/target/springboot3.jar","updateVersion":"${{config.springboot3.version}}","buildCmd":"./mvnw clean compile spring-boot:process-aot package -DskipTests","name":"spring3-jvm-aot","type":"jvm","dir":"${{SPRING3_BOOT_DIR}}","logFileStartedRegex":".*Started SpringBoot3Application in.+seconds.*"},{"updateScript":"update-spring-boot-version","runCmd":"${{APP_CMD_PREFIX}} ${{SPRING3_BOOT_DIR}}/target/springboot3 ${{config.jvm.memory}}","updateVersion":"${{config.springboot3.version}}","buildCmd":"./mvnw clean -Pnative -DskipTests native:compile package ${{config.springboot3.native_build_options}}","name":"spring3-native","type":"native","dir":"${{SPRING3_BOOT_DIR}}","logFileStartedRegex":".*Started SpringBoot3Application in.+seconds.*"},{"updateScript":"update-spring-boot-version","runCmd":"${{BASE_JAVA_CMD}} -jar ${{SPRING4_BOOT_DIR}}/target/springboot4.jar","updateVersion":"${{config.springboot4.version}}","buildCmd":"./mvnw clean package -DskipTests","name":"spring4-jvm","type":"jvm","dir":"${{SPRING4_BOOT_DIR}}","logFileStartedRegex":".*Started SpringBoot4Application in.+seconds.*"},{"updateScript":"update-spring-boot-version","runCmd":"${{BASE_JAVA_CMD}} -Dspring.threads.virtual.enabled=true -jar ${{SPRING4_BOOT_DIR}}/target/springboot4.jar","updateVersion":"${{config.springboot4.version}}","buildCmd":"./mvnw clean package -DskipTests -Dspring.threads.virtual.enabled=true","name":"spring4-virtual","type":"jvm","dir":"${{SPRING4_BOOT_DIR}}","logFileStartedRegex":".*Started SpringBoot4Application in.+seconds.*"},{"updateScript":"update-spring-boot-version","runCmd":"${{BASE_JAVA_CMD}} -Dspring.aot.enabled=true -jar ${{SPRING4_BOOT_DIR}}/target/springboot4.jar","updateVersion":"${{config.springboot4.version}}","buildCmd":"./mvnw clean compile spring-boot:process-aot package -DskipTests","name":"spring4-jvm-aot","type":"jvm","dir":"${{SPRING4_BOOT_DIR}}","logFileStartedRegex":".*Started SpringBoot4Application in.+seconds.*"},{"updateScript":"update-spring-boot-version","runCmd":"${{APP_CMD_PREFIX}} ${{SPRING4_BOOT_DIR}}/target/springboot4 ${{config.jvm.memory}}","updateVersion":"${{config.springboot4.version}}","buildCmd":"./mvnw clean -Pnative -DskipTests native:compile package ${{config.springboot4.native_build_options}}","name":"spring4-native","type":"native","dir":"${{SPRING4_BOOT_DIR}}","logFileStartedRegex":".*Started SpringBoot4Application in.+seconds.*"}]
 BASE_DIR = /home/zakkak
 REPO_DIR = /home/zakkak/spring-quarkus-perf-comparison
 PROJ_REPO_DIR = /home/zakkak/spring-quarkus-perf-comparison/spring-quarkus-perf-comparison
 SCRIPTS_DIR = /home/zakkak/spring-quarkus-perf-comparison/spring-quarkus-perf-comparison/scripts/perf-lab
 HELPER_SCRIPTS_DIR = /home/zakkak/spring-quarkus-perf-comparison/spring-quarkus-perf-comparison/scripts/perf-lab/scripts
 SPRING3_BOOT_DIR = /home/zakkak/spring-quarkus-perf-comparison/spring-quarkus-perf-comparison/springboot3
 SPRING4_BOOT_DIR = /home/zakkak/spring-quarkus-perf-comparison/spring-quarkus-perf-comparison/springboot4
 QUARKUS3_DIR = /home/zakkak/spring-quarkus-perf-comparison/spring-quarkus-perf-comparison/quarkus3
 QUARKUS3_VIRTUAL_DIR = /home/zakkak/spring-quarkus-perf-comparison/spring-quarkus-perf-comparison/quarkus3-virtual
 ASYNC_PROFILER_DIR = /home/zakkak/async-profiler
 os = linux
 output = {"timing":{"start":"2026-03-11T14:18:46Z","stop":"2026-03-11T15:11:55Z"},"results":{"quarkus3-native":{"build":{"timings":["15.73","45","44.64","44.49","44.82","44.31","44.17","44.11","44.17","44.51"],"native":{"rss":["2.04","4.83","4.76","4.71","4.58","4.65","4.78","4.55","4.85","4.74"],"binarySize":""},"avBuildTime":"41.595000000000006","avNativeRSS":"4.449","classCount":"7,977","fieldCount":"8,248","methodCount":"31,001","reflectionClassCount":"3,738","reflectionFieldCount":"127","reflectionMethodCount":"4,498"},"startup":{"timings":["32","32","33","32","32","33","33","32","34","33"],"avStartTime":"32.6"},"rss":{"startup":["66.5546875","66.5","66.50390625","66.4921875","66.39453125","66.5078125","66.4921875","66.50390625","66.3671875","66.49609375"],"firstRequest":["73.37109375","73.31640625","73.31640625","73.30859375","73.2109375","73.32421875","73.30859375","73.3203125","73.18359375","73.31640625"],"avStartupRss":"66.48125","avFirstRequestRss":"73.29765625"},"load":{"throughput":["16062.91","16005.87","15970.97","16057.97","16004.1","16142.53","16072.54","16088.1","16387.13","16386.04"],"connectionErrors":["0","0","0","0","0","0","0","0","0","0"],"requestTimeouts":["0","0","0","0","0","0","0","0","0","0"],"rss":["156.94140625","154.36328125","157.14453125","154.8828125","155.859375","155.06640625","154.10546875","155.0625","158.43359375","157.64453125"],"throughputDensity":["102.34972646041267","103.68962016347395","101.63236272340848","103.6781921815889","102.68294736842105","104.10075522079755","104.29571468403843","103.75235792019348","103.43216745975","103.94296503704439"],"avThroughput":"16117.816000000003","avMaxRss":"155.950390625","maxThroughputDensity":"104.29571468403843","avConnectionErrors":"0","avRequestTimeouts":"0"}}},"config":{"jvm":{"args":"","memory":"","graalvm":{"version":"25.0.2-graalce","home":"/home/zakkak/code/graal-oracle/sdk/latest_graalvm_home"},"version":"25.0.2-tem","home":"/home/zakkak/jvms/jdk-21.0.9+10"},"num_iterations":"10","quarkus":{"build_config_args":"","native_build_options":"-Dquarkus.native.additional-build-args-append=--future-defaults=none","version":"999-SNAPSHOT"},"repo":{"short_commit":"14e9ae9","scenario":"tuned","commit":"14e9ae9b8bc5ec009f5c1108ca2171ce3867ffb2","branch":"main","scenarioName":"Tuned","url":"https://github.com/quarkusio/spring-quarkus-perf-comparison.git"},"springboot3":{"native_build_options":"","version":""},"springboot4":{"native_build_options":"","version":""},"resources":{"cpu":{"app":"0-3","1st_request":"10","monitor":"11","load_generator":"7-9","db":"4-6"},"app_cpus":"4"},"profiler":{"name":"none","events":"cpu"}},"env":{"host":{"memory":"61Gi","os":"Fedora Linux 43 (Workstation Edition)","kernel":"6.18.16-200.fc43.x86_64","cpu":"AMD Ryzen 9 7950X 16-Core Processor (32 cpus)","type":"ASUS System Product Name","gpu":"Advanced Micro Devices, Inc. [AMD/ATI] Raphael"},"run":{"host":{"name":"LOCAL","user":"zakkak","target":"LOCAL"}}}}
 SHELL_PID = 179883
 LOCAL : 
   run-tests : 
     id=983 : 
       RUNTIMECMD = {"updateScript":"update-quarkus-version","runCmd":"taskset --cpu-list 0-3 /home/zakkak/spring-quarkus-perf-comparison/spring-quarkus-perf-comparison/quarkus3/target/quarkus3-runner ","updateVersion":"999-SNAPSHOT","buildCmd":"./mvnw  clean package -DskipTests -Pnative -Dquarkus.native.additional-build-args-append=--future-defaults=none","name":"quarkus3-native","type":"native","dir":"/home/zakkak/spring-quarkus-perf-comparison/spring-quarkus-perf-comparison/quarkus3","logFileStartedRegex":".*quarkus3.+started in.*"}
       TYPE = native
       BUILD_TIME = 44.51
       NATIVE_BUILD_RSS = 4.74
       START_TIME = 33
       RSS_STARTUP = 68092
       FIRST_REQUEST = 75076
       APP_LOG_REGEX = .*quarkus3.+started in.*
       LOG_FILE = /home/zakkak/spring-quarkus-perf-comparison/logs/load-test-quarkus3-native-9.log
       JVM_PID = 215028
       POSTGRES_PID = 214725
       THROUGHPUT = 16386.04
       CONNECTION_ERRORS = 0
       REQUEST_TIMEOUTS = 0
       RSS = 161428
   cleanup : 
     id=2817 : 
   setup : 
     id=807 : 

