19:00:00,907 [ :- @  ] run-1773248400696 starting state:
 env = {"run":{"host":{"user":"zakkak","name":"LOCAL","target":"LOCAL"}}}
 config = {"jvm":{"home":"/home/zakkak/jvms/jdk-21.0.9+10","version":"25.0.2-tem","graalvm":{"home":"/home/zakkak/code/graal-oracle/sdk/latest_graalvm_home","version":"25.0.2-graalce"},"memory":"","args":""},"quarkus":{"version":"999-SNAPSHOT","build_config_args":"","native_build_options":"-Dquarkus.native.additional-build-args-append=--future-defaults=run-time-initialize-security-providers"},"springboot3":{"version":"","native_build_options":""},"springboot4":{"version":"","native_build_options":""},"resources":{"cpu":{"app":"0-3","db":"4-6","load_generator":"7-9","1st_request":"10","monitor":"11"},"app_cpus":"4"},"profiler":{"name":"none","events":"cpu"},"repo":{"branch":"main","url":"https://github.com/quarkusio/spring-quarkus-perf-comparison.git","scenario":"tuned"},"num_iterations":"10"}
 APP_CMD_PREFIX = taskset --cpu-list ${{config.resources.cpu.app}}
 LOAD_GEN_CMD_PREFIX = taskset --cpu-list ${{config.resources.cpu.load_generator}}
 MONITOR_CMD_PREFIX = taskset --cpu-list ${{config.resources.cpu.monitor}}
 WRK_BIN = ${{LOAD_GEN_CMD_PREFIX}} jbang -R -XX:+UseNUMA wrk@hyperfoil
 DROP_OS_FILESYSTEM_CACHES = true
 PAUSE_TIME = 2
 PROFILER_JVM_ARGS = 
 BASE_JAVA_CMD = ${{APP_CMD_PREFIX}} java ${{config.jvm.memory}} ${{config.jvm.args}} ${{PROFILER_JVM_ARGS}}
 TESTS = ["measure-build-times","measure-time-to-first-request","measure-rss","run-load-test"]
 RUNTIMES = ["quarkus3-native"]
 TARGET_URL = http://localhost:8080/fruits
 QUARKUS-PLATFORM-ARTIFACT-ID = quarkus-bom
 PROJ_REPO_NAME = spring-quarkus-perf-comparison
 METRICS_DIR = /tmp
 ASYNC_PROFILER = async-profiler
 RUNTIMECMDS = [{"updateScript":"update-quarkus-version","runCmd":"${{BASE_JAVA_CMD}} -jar ${{QUARKUS3_DIR}}/target/quarkus-app/quarkus-run.jar","updateVersion":"${{config.quarkus.version}}","buildCmd":"./mvnw ${{config.quarkus.build_config_args}} clean package -DskipTests","name":"quarkus3-jvm","type":"jvm","dir":"${{QUARKUS3_DIR}}","logFileStartedRegex":".*quarkus3.+started in.*"},{"updateScript":"update-quarkus-version","runCmd":"${{BASE_JAVA_CMD}} -jar ${{QUARKUS3_VIRTUAL_DIR}}/target/quarkus-app/quarkus-run.jar","updateVersion":"${{config.quarkus.version}}","buildCmd":"./mvnw ${{config.quarkus.build_config_args}} clean package -DskipTests","name":"quarkus3-virtual","type":"jvm","dir":"${{QUARKUS3_VIRTUAL_DIR}}","logFileStartedRegex":".*quarkus3.+started in.*"},{"updateScript":"update-quarkus-version","runCmd":"${{APP_CMD_PREFIX}} ${{QUARKUS3_DIR}}/target/quarkus3-runner ${{config.jvm.memory}}","updateVersion":"${{config.quarkus.version}}","buildCmd":"./mvnw ${{config.quarkus.build_config_args}} clean package -DskipTests -Pnative ${{config.quarkus.native_build_options}}","name":"quarkus3-native","type":"native","dir":"${{QUARKUS3_DIR}}","logFileStartedRegex":".*quarkus3.+started in.*"},{"updateScript":"update-spring-boot-version","runCmd":"${{BASE_JAVA_CMD}} -jar ${{SPRING3_BOOT_DIR}}/target/springboot3.jar","updateVersion":"${{config.springboot3.version}}","buildCmd":"./mvnw clean package -DskipTests","name":"spring3-jvm","type":"jvm","dir":"${{SPRING3_BOOT_DIR}}","logFileStartedRegex":".*Started SpringBoot3Application in.+seconds.*"},{"updateScript":"update-spring-boot-version","runCmd":"${{BASE_JAVA_CMD}} -Dspring.threads.virtual.enabled=true -jar ${{SPRING3_BOOT_DIR}}/target/springboot3.jar","updateVersion":"${{config.springboot3.version}}","buildCmd":"./mvnw clean package -DskipTests -Dspring.threads.virtual.enabled=true","name":"spring3-virtual","type":"jvm","dir":"${{SPRING3_BOOT_DIR}}","logFileStartedRegex":".*Started SpringBoot3Application in.+seconds.*"},{"updateScript":"update-spring-boot-version","runCmd":"${{BASE_JAVA_CMD}} -Dspring.aot.enabled=true -jar ${{SPRING3_BOOT_DIR}}/target/springboot3.jar","updateVersion":"${{config.springboot3.version}}","buildCmd":"./mvnw clean compile spring-boot:process-aot package -DskipTests","name":"spring3-jvm-aot","type":"jvm","dir":"${{SPRING3_BOOT_DIR}}","logFileStartedRegex":".*Started SpringBoot3Application in.+seconds.*"},{"updateScript":"update-spring-boot-version","runCmd":"${{APP_CMD_PREFIX}} ${{SPRING3_BOOT_DIR}}/target/springboot3 ${{config.jvm.memory}}","updateVersion":"${{config.springboot3.version}}","buildCmd":"./mvnw clean -Pnative -DskipTests native:compile package ${{config.springboot3.native_build_options}}","name":"spring3-native","type":"native","dir":"${{SPRING3_BOOT_DIR}}","logFileStartedRegex":".*Started SpringBoot3Application in.+seconds.*"},{"updateScript":"update-spring-boot-version","runCmd":"${{BASE_JAVA_CMD}} -jar ${{SPRING4_BOOT_DIR}}/target/springboot4.jar","updateVersion":"${{config.springboot4.version}}","buildCmd":"./mvnw clean package -DskipTests","name":"spring4-jvm","type":"jvm","dir":"${{SPRING4_BOOT_DIR}}","logFileStartedRegex":".*Started SpringBoot4Application in.+seconds.*"},{"updateScript":"update-spring-boot-version","runCmd":"${{BASE_JAVA_CMD}} -Dspring.threads.virtual.enabled=true -jar ${{SPRING4_BOOT_DIR}}/target/springboot4.jar","updateVersion":"${{config.springboot4.version}}","buildCmd":"./mvnw clean package -DskipTests -Dspring.threads.virtual.enabled=true","name":"spring4-virtual","type":"jvm","dir":"${{SPRING4_BOOT_DIR}}","logFileStartedRegex":".*Started SpringBoot4Application in.+seconds.*"},{"updateScript":"update-spring-boot-version","runCmd":"${{BASE_JAVA_CMD}} -Dspring.aot.enabled=true -jar ${{SPRING4_BOOT_DIR}}/target/springboot4.jar","updateVersion":"${{config.springboot4.version}}","buildCmd":"./mvnw clean compile spring-boot:process-aot package -DskipTests","name":"spring4-jvm-aot","type":"jvm","dir":"${{SPRING4_BOOT_DIR}}","logFileStartedRegex":".*Started SpringBoot4Application in.+seconds.*"},{"updateScript":"update-spring-boot-version","runCmd":"${{APP_CMD_PREFIX}} ${{SPRING4_BOOT_DIR}}/target/springboot4 ${{config.jvm.memory}}","updateVersion":"${{config.springboot4.version}}","buildCmd":"./mvnw clean -Pnative -DskipTests native:compile package ${{config.springboot4.native_build_options}}","name":"spring4-native","type":"native","dir":"${{SPRING4_BOOT_DIR}}","logFileStartedRegex":".*Started SpringBoot4Application in.+seconds.*"}]

19:00:01,192 [ test-runner:setup-807 @ target-host ] setup
19:00:01,307 [ test-runner:setup-807 @ target-host ] start-env:
19:00:01,307 [ test-runner:setup-807 @ target-host ] script-cmd: update-state
19:00:01,308 [ test-runner:setup-807 @ target-host ] update-state
19:00:01,711 [ test-runner:setup-807 @ target-host ] echo $(realpath ~)
/home/zakkak
19:00:01,712 [ test-runner:setup-807 @ target-host ] set-state: RUN.BASE_DIR /home/zakkak
19:00:01,713 [ test-runner:setup-807 @ target-host ] set-state: RUN.REPO_DIR /home/zakkak/spring-quarkus-perf-comparison
19:00:01,714 [ test-runner:setup-807 @ target-host ] set-state: RUN.PROJ_REPO_DIR /home/zakkak/spring-quarkus-perf-comparison/spring-quarkus-perf-comparison
19:00:01,715 [ test-runner:setup-807 @ target-host ] set-state: RUN.SCRIPTS_DIR /home/zakkak/spring-quarkus-perf-comparison/spring-quarkus-perf-comparison/scripts/perf-lab
19:00:01,716 [ test-runner:setup-807 @ target-host ] set-state: RUN.HELPER_SCRIPTS_DIR /home/zakkak/spring-quarkus-perf-comparison/spring-quarkus-perf-comparison/scripts/perf-lab/scripts
19:00:01,717 [ test-runner:setup-807 @ target-host ] set-state: RUN.SPRING3_BOOT_DIR /home/zakkak/spring-quarkus-perf-comparison/spring-quarkus-perf-comparison/springboot3
19:00:01,718 [ test-runner:setup-807 @ target-host ] set-state: RUN.SPRING4_BOOT_DIR /home/zakkak/spring-quarkus-perf-comparison/spring-quarkus-perf-comparison/springboot4
19:00:01,719 [ test-runner:setup-807 @ target-host ] set-state: RUN.QUARKUS3_DIR /home/zakkak/spring-quarkus-perf-comparison/spring-quarkus-perf-comparison/quarkus3
19:00:01,719 [ test-runner:setup-807 @ target-host ] set-state: RUN.QUARKUS3_VIRTUAL_DIR /home/zakkak/spring-quarkus-perf-comparison/spring-quarkus-perf-comparison/quarkus3-virtual
19:00:01,720 [ test-runner:setup-807 @ target-host ] set-state: RUN.ASYNC_PROFILER_DIR /home/zakkak/async-profiler
19:00:01,720 [ test-runner:setup-807 @ target-host ] script-cmd: detect-os
19:00:01,720 [ test-runner:setup-807 @ target-host ] detect-os
19:00:02,124 [ test-runner:setup-807 @ target-host ] uname -a
Linux blanc 6.18.16-200.fc43.x86_64 #1 SMP PREEMPT_DYNAMIC Wed Mar  4 19:13:32 UTC 2026 x86_64 GNU/Linux
19:00:02,125 [ test-runner:setup-807 @ target-host ] regex: .*Linux.*
19:00:02,125 [ test-runner:setup-807 @ target-host ] set-state: RUN.os linux
19:00:02,125 [ test-runner:setup-807 @ target-host ] script-cmd: capture-system-info
19:00:02,126 [ test-runner:setup-807 @ target-host ] capture-system-info
19:00:02,126 [ test-runner:setup-807 @ target-host ] script-cmd: capture-system-info-${{os}}
19:00:02,126 [ test-runner:setup-807 @ target-host ] capture-system-info-linux
19:00:02,530 [ test-runner:setup-807 @ target-host ] grep '^PRETTY_NAME=' /etc/os-release | cut -d= -f2 | tr -d '"'
Fedora Linux 43 (Workstation Edition)
19:00:02,530 [ test-runner:setup-807 @ target-host ] set-state: RUN.env.host.os Fedora Linux 43 (Workstation Edition)
19:00:02,942 [ test-runner:setup-807 @ target-host ] cat /sys/class/dmi/id/sys_vendor /sys/class/dmi/id/product_name 2>/dev/null | paste -sd ' ' || echo 'Unknown'
ASUS System Product Name
19:00:02,942 [ test-runner:setup-807 @ target-host ] set-state: RUN.env.host.type ASUS System Product Name
19:00:03,345 [ test-runner:setup-807 @ target-host ] uname -r
6.18.16-200.fc43.x86_64
19:00:03,345 [ test-runner:setup-807 @ target-host ] set-state: RUN.env.host.kernel 6.18.16-200.fc43.x86_64
19:00:03,770 [ test-runner:setup-807 @ target-host ] lscpu | awk -F: '/^Model name:/ {model=$2} /^CPU\(s):/ {cpus=$2} END {gsub(/^[ \t]+|[ \t]+$/, "", model); gsub(/^[ \t]+|[ \t]+$/, "", cpus); print model " (" cpus " cpus)"}'

AMD Ryzen 9 7950X 16-Core Processor (32 cpus)
19:00:03,770 [ test-runner:setup-807 @ target-host ] set-state: RUN.env.host.cpu AMD Ryzen 9 7950X 16-Core Processor (32 cpus)
19:00:04,206 [ test-runner:setup-807 @ target-host ] lspci | grep -iE 'vga|3d|display' | sed 's/.*: //; s/ (rev.*)$//' | head -n1
Advanced Micro Devices, Inc. [AMD/ATI] Raphael
19:00:04,207 [ test-runner:setup-807 @ target-host ] set-state: RUN.env.host.gpu Advanced Micro Devices, Inc. [AMD/ATI] Raphael
19:00:04,619 [ test-runner:setup-807 @ target-host ] free -h | grep '^Mem:' | awk '{print $2}'
61Gi
19:00:04,619 [ test-runner:setup-807 @ target-host ] set-state: RUN.env.host.memory 61Gi
19:00:04,619 [ test-runner:setup-807 @ target-host ] script-cmd: config-env
19:00:04,620 [ test-runner:setup-807 @ target-host ] config-env
19:00:04,620 [ test-runner:setup-807 @ target-host ] script-cmd: sudo
19:00:04,620 [ test-runner:setup-807 @ target-host ] sudo
19:00:04,621 [ test-runner:setup-807 @ target-host ] script-cmd: sudo-${{os}}
19:00:04,621 [ test-runner:setup-807 @ target-host ] sudo-linux
19:00:05,068 [ test-runner:setup-807 @ target-host ] sudo rm -Rf /home/zakkak/spring-quarkus-perf-comparison/logs
]3008;start=af90380ac9604e4f9e1668166180b274;user=zakkak;hostname=blanc;machineid=f469a615e9ef4e81b7d5be080a5de373;bootid=0e917e08584a49cb891ef04366e00ace;pid=291254;pidfdid=291255;comm=sudo;targetuser=root;sessionid=c254;type=session\]3008;end=af90380ac9604e4f9e1668166180b274\
19:00:05,471 [ test-runner:setup-807 @ target-host ] mkdir -p /home/zakkak/spring-quarkus-perf-comparison/logs
19:00:05,471 [ test-runner:setup-807 @ target-host ] script-cmd: ensure-requirements
19:00:05,472 [ test-runner:setup-807 @ target-host ] ensure-requirements
19:00:05,472 [ test-runner:setup-807 @ target-host ] script-cmd: ensure-graalvm
19:00:05,472 [ test-runner:setup-807 @ target-host ] ensure-graalvm
19:00:05,473 [ test-runner:setup-807 @ target-host ] read-state: /home/zakkak/code/graal-oracle/sdk/latest_graalvm_home
19:00:05,473 [ test-runner:setup-807 @ target-host ] 
19:00:05,474 [ test-runner:setup-807 @ target-host ] Using locally installed GraalVM from /home/zakkak/code/graal-oracle/sdk/latest_graalvm_home
19:00:05,876 [ test-runner:setup-807 @ target-host ] export GRAALVM_HOME=/home/zakkak/code/graal-oracle/sdk/latest_graalvm_home
19:00:06,288 [ test-runner:setup-807 @ target-host ] test -d "$GRAALVM_HOME"
19:00:06,288 [ test-runner:setup-807 @ target-host ] regex: .*
19:00:06,699 [ test-runner:setup-807 @ target-host ] test -x "$GRAALVM_HOME/bin/native-image"
19:00:06,699 [ test-runner:setup-807 @ target-host ] regex: .*
19:00:06,699 [ test-runner:setup-807 @ target-host ] Showing GraalVM version
19:00:07,198 [ test-runner:setup-807 @ target-host ] $GRAALVM_HOME/bin/java -version
openjdk version "25.0.1" 2025-10-21
OpenJDK Runtime Environment GraalVM CE 25.1.0-dev+8.1 (build 25.0.1+8-jvmci-25.1-b14)
OpenJDK 64-Bit Server VM GraalVM CE 25.1.0-dev+8.1 (build 25.0.1+8-jvmci-25.1-b14, mixed mode, sharing)
19:00:07,199 [ test-runner:setup-807 @ target-host ] script-cmd: ensure-java
19:00:07,199 [ test-runner:setup-807 @ target-host ] ensure-java
19:00:07,199 [ test-runner:setup-807 @ target-host ] read-state: /home/zakkak/jvms/jdk-21.0.9+10
19:00:07,199 [ test-runner:setup-807 @ target-host ] 
19:00:07,200 [ test-runner:setup-807 @ target-host ] Using locally installed Java from /home/zakkak/jvms/jdk-21.0.9+10
19:00:07,602 [ test-runner:setup-807 @ target-host ] export JAVA_HOME=/home/zakkak/jvms/jdk-21.0.9+10
19:00:08,005 [ test-runner:setup-807 @ target-host ] export PATH=$JAVA_HOME/bin:$PATH
19:00:08,407 [ test-runner:setup-807 @ target-host ] test -d "$JAVA_HOME"
19:00:08,407 [ test-runner:setup-807 @ target-host ] regex: .*
19:00:08,809 [ test-runner:setup-807 @ target-host ] test -x "$JAVA_HOME/bin/java"
19:00:08,809 [ test-runner:setup-807 @ target-host ] regex: .*
19:00:08,809 [ test-runner:setup-807 @ target-host ] Showing Java version
19:00:09,232 [ test-runner:setup-807 @ target-host ] java -version
openjdk version "21.0.9" 2025-10-21 LTS
OpenJDK Runtime Environment Temurin-21.0.9+10 (build 21.0.9+10-LTS)
OpenJDK 64-Bit Server VM Temurin-21.0.9+10 (build 21.0.9+10-LTS, mixed mode, sharing)
19:00:09,232 [ test-runner:setup-807 @ target-host ] script-cmd: ensure-git
19:00:09,232 [ test-runner:setup-807 @ target-host ] ensure-git
19:00:09,233 [ test-runner:setup-807 @ target-host ] script-cmd: ensure-git-${{os}}
19:00:09,233 [ test-runner:setup-807 @ target-host ] ensure-git-linux
19:00:09,233 [ test-runner:setup-807 @ target-host ] script-cmd: check-and-install-package
19:00:09,233 [ test-runner:setup-807 @ target-host ] check-and-install-package
19:00:09,646 [ test-runner:setup-807 @ target-host ] which git
/usr/bin/git
19:00:09,647 [ test-runner:setup-807 @ target-host ] script-cmd: ensure-gcc
19:00:09,647 [ test-runner:setup-807 @ target-host ] ensure-gcc
19:00:09,647 [ test-runner:setup-807 @ target-host ] script-cmd: ensure-gcc-${{os}}
19:00:09,647 [ test-runner:setup-807 @ target-host ] ensure-gcc-linux
19:00:09,648 [ test-runner:setup-807 @ target-host ] script-cmd: check-and-install-package
19:00:09,648 [ test-runner:setup-807 @ target-host ] check-and-install-package
19:00:10,060 [ test-runner:setup-807 @ target-host ] which gcc
/usr/bin/gcc
19:00:10,061 [ test-runner:setup-807 @ target-host ] script-cmd: ensure-jbang
19:00:10,061 [ test-runner:setup-807 @ target-host ] ensure-jbang
19:00:10,061 [ test-runner:setup-807 @ target-host ] script-cmd: ensure-jbang-${{os}}
19:00:10,062 [ test-runner:setup-807 @ target-host ] ensure-jbang-linux
19:00:10,465 [ test-runner:setup-807 @ target-host ] which jbang
~/.sdkman/candidates/jbang/current/bin/jbang
19:00:10,466 [ test-runner:setup-807 @ target-host ] script-cmd: ensure-jvm-opts
19:00:10,466 [ test-runner:setup-807 @ target-host ] ensure-jvm-opts
19:00:10,466 [ test-runner:setup-807 @ target-host ] read-state: config.profiler.name
19:00:10,466 [ test-runner:setup-807 @ target-host ] script-cmd: clone-repo
19:00:10,467 [ test-runner:setup-807 @ target-host ] clone-repo
19:00:10,467 [ test-runner:setup-807 @ target-host ] script-cmd: sudo
19:00:10,467 [ test-runner:setup-807 @ target-host ] sudo
19:00:10,468 [ test-runner:setup-807 @ target-host ] script-cmd: sudo-${{os}}
19:00:10,468 [ test-runner:setup-807 @ target-host ] sudo-linux
19:00:10,920 [ test-runner:setup-807 @ target-host ] sudo rm -Rf /home/zakkak/spring-quarkus-perf-comparison/logs
]3008;start=5240005ae77f426791a87308ea8acf0d;user=zakkak;hostname=blanc;machineid=f469a615e9ef4e81b7d5be080a5de373;bootid=0e917e08584a49cb891ef04366e00ace;pid=291341;pidfdid=291342;comm=sudo;targetuser=root;sessionid=c255;type=session\]3008;end=5240005ae77f426791a87308ea8acf0d\
19:00:11,323 [ test-runner:setup-807 @ target-host ] mkdir -p /home/zakkak/spring-quarkus-perf-comparison/logs
19:00:11,726 [ test-runner:setup-807 @ target-host ] cd /home/zakkak/spring-quarkus-perf-comparison
19:00:11,726 [ test-runner:setup-807 @ target-host ] Cloning project repo main@https://github.com/quarkusio/spring-quarkus-perf-comparison.git
19:00:12,142 [ test-runner:setup-807 @ target-host ] git clone -b main https://github.com/quarkusio/spring-quarkus-perf-comparison.git
fatal: destination path 'spring-quarkus-perf-comparison' already exists and is not an empty directory.
19:00:12,544 [ test-runner:setup-807 @ target-host ] cd spring-quarkus-perf-comparison
19:00:12,544 [ test-runner:setup-807 @ target-host ] Checked out repo
19:00:12,957 [ test-runner:setup-807 @ target-host ] git remote get-url origin
https://github.com/quarkusio/spring-quarkus-perf-comparison.git
19:00:13,361 [ test-runner:setup-807 @ target-host ] git branch --show-current
main
19:00:13,362 [ test-runner:setup-807 @ target-host ] script-cmd: capture-repo-info
19:00:13,362 [ test-runner:setup-807 @ target-host ] capture-repo-info
19:00:13,764 [ test-runner:setup-807 @ target-host ] cd /home/zakkak/spring-quarkus-perf-comparison/spring-quarkus-perf-comparison
19:00:14,168 [ test-runner:setup-807 @ target-host ] git rev-parse HEAD
14e9ae9b8bc5ec009f5c1108ca2171ce3867ffb2
19:00:14,168 [ test-runner:setup-807 @ target-host ] set-state: RUN.config.repo.commit 14e9ae9b8bc5ec009f5c1108ca2171ce3867ffb2
19:00:14,573 [ test-runner:setup-807 @ target-host ] git rev-parse --short HEAD
14e9ae9
19:00:14,573 [ test-runner:setup-807 @ target-host ] set-state: RUN.config.repo.short_commit 14e9ae9
19:00:14,574 [ test-runner:setup-807 @ target-host ] read-state: tuned
19:00:14,574 [ test-runner:setup-807 @ target-host ] 
19:00:14,574 [ test-runner:setup-807 @ target-host ] regex: tuned
19:00:14,574 [ test-runner:setup-807 @ target-host ] set-state: RUN.config.repo.scenarioName Tuned
19:00:14,574 [ test-runner:setup-807 @ target-host ] script-cmd: stop-test-services
19:00:14,575 [ test-runner:setup-807 @ target-host ] stop-test-services
19:00:15,003 [ test-runner:setup-807 @ target-host ] /home/zakkak/spring-quarkus-perf-comparison/spring-quarkus-perf-comparison/scripts/infra.sh -d
Using podman to stop containers
-----------------------------------------
[03/11/2026 19:00:14]: Stopping services
-----------------------------------------
Stopping PostgreSQL database 'fruits_db'
Error: no container with name or ID "fruits_db" found: no such container
19:00:15,003 [ test-runner:setup-807 @ target-host ] script-cmd: start-timestamp
19:00:15,004 [ test-runner:setup-807 @ target-host ] start-timestamp
19:00:15,406 [ test-runner:setup-807 @ target-host ] date -u +%FT%TZ
2026-03-11T17:00:15Z
19:00:15,407 [ test-runner:setup-807 @ target-host ] set-state: RUN.output.timing.start 2026-03-11T17:00:15Z
19:00:15,513 [ test-runner:setup-807 @ target-host ] stop-env: export PATH="/home/zakkak/jvms/jdk-21.0.9+10/bin:/home/zakkak/.jbang/bin:/home/zakkak/.local/bin:/home/zakkak/bin:/home/zakkak/.npm-global/bin:/home/zakkak/.jbang/bin:/home/zakkak/.sdkman/candidates/quarkus/current/bin:/home/zakkak/.sdkman/candidates/maven/current/bin:/home/zakkak/.sdkman/candidates/jreleaser/current/bin:/home/zakkak/.sdkman/candidates/jbang/current/bin:/home/zakkak/.sdkman/candidates/java/current/bin:/home/zakkak/.sdkman/candidates/gradle/current/bin:/home/zakkak/.local/share/JetBrains/Toolbox/apps/intellij-idea-ultimate/bin:/home/zakkak/bin:/home/zakkak/.local/bin:/home/zakkak/.cargo/bin:/usr/local/bin:/usr/bin"  JAVA_HOME="/home/zakkak/jvms/jdk-21.0.9+10"  GRAALVM_HOME="/home/zakkak/code/graal-oracle/sdk/latest_graalvm_home"
19:00:15,895 [ test-runner:run-tests-983 @ target-host ] script-cmd: run-tests
19:00:15,895 [ test-runner:run-tests-983 @ target-host ] run-tests
19:00:16,317 [ test-runner:run-tests-983 @ target-host ] java -version
openjdk version "21.0.9" 2025-10-21 LTS
OpenJDK Runtime Environment Temurin-21.0.9+10 (build 21.0.9+10-LTS)
OpenJDK 64-Bit Server VM Temurin-21.0.9+10 (build 21.0.9+10-LTS, mixed mode, sharing)
19:00:16,719 [ test-runner:run-tests-983 @ target-host ] echo $$
291428
19:00:16,719 [ test-runner:run-tests-983 @ target-host ] set-state: RUN.SHELL_PID 291428
19:00:17,179 [ test-runner:run-tests-983 @ target-host ] for-each: RUNTIME = quarkus3-native
19:00:17,185 [ test-runner:run-tests-983 @ target-host ] set-state: RUNTIMECMD {"updateScript":"update-quarkus-version","runCmd":"taskset --cpu-list 0-3 /home/zakkak/spring-quarkus-perf-comparison/spring-quarkus-perf-comparison/quarkus3/target/quarkus3-runner ","updateVersion":"999-SNAPSHOT","buildCmd":"./mvnw  clean package -DskipTests -Pnative -Dquarkus.native.additional-build-args-append=--future-defaults=run-time-initialize-security-providers","name":"quarkus3-native","type":"native","dir":"/home/zakkak/spring-quarkus-perf-comparison/spring-quarkus-perf-comparison/quarkus3","logFileStartedRegex":".*quarkus3.+started in.*"}
19:00:17,185 [ test-runner:run-tests-983 @ target-host ] Updating version: 999-SNAPSHOT
19:00:17,185 [ test-runner:run-tests-983 @ target-host ] script-cmd: ${{RUNTIMECMD.updateScript:abort-script-not-found}}
19:00:17,185 [ test-runner:run-tests-983 @ target-host ] update-quarkus-version
19:00:17,185 [ test-runner:run-tests-983 @ target-host ] script-cmd: check-dependency-exists
19:00:17,186 [ test-runner:run-tests-983 @ target-host ] check-dependency-exists
19:00:17,588 [ test-runner:run-tests-983 @ target-host ] cd /home/zakkak/spring-quarkus-perf-comparison/spring-quarkus-perf-comparison/quarkus3
19:00:19,853 [ test-runner:run-tests-983 @ target-host ] ./mvnw dependency:get -Dartifact=io.quarkus:quarkus-bom:999-SNAPSHOT -Dpackaging=pom
[INFO] Scanning for projects...
[WARNING] Quarkus Maven extension: an explicit 'argLine' is defined in maven-surefire-plugin config, but does not contain '@{argLine}': we will not be able to inject JVM parameters automatically. Please add '@{argLine}' to the argLine configuration you have defined.
[INFO] 
[INFO] -------------------------< org.acme:quarkus3 >--------------------------
[INFO] Building quarkus3 1.0
[INFO]   from pom.xml
[INFO] ------------------------------[ quarkus ]-------------------------------
[INFO] 
[INFO] --- dependency:3.7.0:get (default-cli) @ quarkus3 ---
[INFO] Resolving io.quarkus:quarkus-bom:pom:999-SNAPSHOT with transitive dependencies
[INFO] ------------------------------------------------------------------------
[INFO] BUILD SUCCESS
[INFO] ------------------------------------------------------------------------
[INFO] Total time:  1.115 s
[INFO] Finished at: 2026-03-11T19:00:19+02:00
[INFO] ------------------------------------------------------------------------
19:00:19,854 [ test-runner:run-tests-983 @ target-host ] 
19:00:19,854 [ test-runner:run-tests-983 @ target-host ] Artifact io.quarkus:quarkus-bom:999-SNAPSHOT is available in maven central
19:00:21,884 [ test-runner:run-tests-983 @ target-host ] ./mvnw versions:set-property -Dproperty=quarkus.platform.version -DnewVersion=999-SNAPSHOT
[INFO] Scanning for projects...
[WARNING] Quarkus Maven extension: an explicit 'argLine' is defined in maven-surefire-plugin config, but does not contain '@{argLine}': we will not be able to inject JVM parameters automatically. Please add '@{argLine}' to the argLine configuration you have defined.
[INFO] 
[INFO] -------------------------< org.acme:quarkus3 >--------------------------
[INFO] Building quarkus3 1.0
[INFO]   from pom.xml
[INFO] ------------------------------[ quarkus ]-------------------------------
[INFO] 
[INFO] --- versions:2.21.0:set-property (default-cli) @ quarkus3 ---
[INFO] ------------------------------------------------------------------------
[INFO] BUILD SUCCESS
[INFO] ------------------------------------------------------------------------
[INFO] Total time:  0.952 s
[INFO] Finished at: 2026-03-11T19:00:21+02:00
[INFO] ------------------------------------------------------------------------
19:00:21,884 [ test-runner:run-tests-983 @ target-host ] Testing: quarkus3-native
19:00:21,893 [ test-runner:run-tests-983 @ target-host ] for-each: TEST = measure-build-times
19:00:21,893 [ test-runner:run-tests-983 @ target-host ] script-cmd: ${{TEST}}
19:00:21,893 [ test-runner:run-tests-983 @ target-host ] measure-build-times
19:00:21,893 [ test-runner:run-tests-983 @ target-host ] Build times
19:00:22,295 [ test-runner:run-tests-983 @ target-host ] cd /home/zakkak/spring-quarkus-perf-comparison/spring-quarkus-perf-comparison/quarkus3
19:00:22,295 [ test-runner:run-tests-983 @ target-host ] JVM version
19:00:22,718 [ test-runner:run-tests-983 @ target-host ] java -version
openjdk version "21.0.9" 2025-10-21 LTS
OpenJDK Runtime Environment Temurin-21.0.9+10 (build 21.0.9+10-LTS)
OpenJDK 64-Bit Server VM Temurin-21.0.9+10 (build 21.0.9+10-LTS, mixed mode, sharing)
19:00:22,718 [ test-runner:run-tests-983 @ target-host ] Graal VM Version
19:00:23,161 [ test-runner:run-tests-983 @ target-host ] $GRAALVM_HOME/bin/java -version
openjdk version "25.0.1" 2025-10-21
OpenJDK Runtime Environment GraalVM CE 25.1.0-dev+8.1 (build 25.0.1+8-jvmci-25.1-b14)
OpenJDK 64-Bit Server VM GraalVM CE 25.1.0-dev+8.1 (build 25.0.1+8-jvmci-25.1-b14, mixed mode, sharing)
19:00:23,161 [ test-runner:run-tests-983 @ target-host ] set-state: TYPE native
19:00:23,639 [ test-runner:run-tests-983 @ target-host ] for-each: ITERATION = 0
19:00:23,640 [ test-runner:run-tests-983 @ target-host ] queue-download: ${{REPO_DIR}}/logs/build-times-${{RUNTIME.name}}-${{ITERATION}}.log=/home/zakkak/spring-quarkus-perf-comparison/logs/build-times-quarkus3-native-0.log ../../20260311/run-time-initialize-security-providers/target-host/
19:00:23,641 [ test-runner:run-tests-983 @ target-host ] script-cmd: sync-drop-fs-cache
19:00:23,641 [ test-runner:run-tests-983 @ target-host ] sync-drop-fs-cache
19:00:23,641 [ test-runner:run-tests-983 @ target-host ] read-state: true
19:00:23,641 [ test-runner:run-tests-983 @ target-host ] regex: true
19:00:24,079 [ test-runner:run-tests-983 @ target-host ] sync
19:00:24,079 [ test-runner:run-tests-983 @ target-host ] script-cmd: sync-drop-fs-cache-${{os}}
19:00:24,080 [ test-runner:run-tests-983 @ target-host ] sync-drop-fs-cache-linux
19:00:24,080 [ test-runner:run-tests-983 @ target-host ] script-cmd: sudo
19:00:24,080 [ test-runner:run-tests-983 @ target-host ] sudo
19:00:24,080 [ test-runner:run-tests-983 @ target-host ] script-cmd: sudo-${{os}}
19:00:24,080 [ test-runner:run-tests-983 @ target-host ] sudo-linux
19:00:24,862 [ test-runner:run-tests-983 @ target-host ] sudo sh -c "echo 3 > /proc/sys/vm/drop_caches"
]3008;start=3e003ffe0c2b46dc93d733a92ba0f9cd;user=zakkak;hostname=blanc;machineid=f469a615e9ef4e81b7d5be080a5de373;bootid=0e917e08584a49cb891ef04366e00ace;pid=292022;pidfdid=292023;comm=sudo;targetuser=root;sessionid=c256;type=session\]3008;end=3e003ffe0c2b46dc93d733a92ba0f9cd\
19:01:10,103 [ test-runner:run-tests-983 @ target-host ] /usr/bin/time -p ./mvnw  clean package -DskipTests -Pnative -Dquarkus.native.additional-build-args-append=--future-defaults=run-time-initialize-security-providers 2>&1 >/home/zakkak/spring-quarkus-perf-comparison/logs/build-times-quarkus3-native-0.log | grep real | awk '{print $2}'
44.82
19:01:10,104 [ test-runner:run-tests-983 @ target-host ] set-state: BUILD_TIME 44.82
19:01:10,104 [ test-runner:run-tests-983 @ target-host ] script-cmd: state-array-push
19:01:10,104 [ test-runner:run-tests-983 @ target-host ] state-array-push
19:01:10,369 [ test-runner:run-tests-983 @ target-host ] set-state: RUN.output.results.quarkus3-native.build.timings [44.82]
19:01:10,369 [ test-runner:run-tests-983 @ target-host ] read-state: native
19:01:10,369 [ test-runner:run-tests-983 @ target-host ] regex: native
19:01:10,774 [ test-runner:run-tests-983 @ target-host ] sed -n 's/.*Peak RSS: \([0-9.]*\)\(GB\|GiB\).*/\1/p' /home/zakkak/spring-quarkus-perf-comparison/logs/build-times-quarkus3-native-0.log
4.57
19:01:10,774 [ test-runner:run-tests-983 @ target-host ] set-state: NATIVE_BUILD_RSS 4.57
19:01:10,775 [ test-runner:run-tests-983 @ target-host ] script-cmd: state-array-push
19:01:10,775 [ test-runner:run-tests-983 @ target-host ] state-array-push
19:01:10,959 [ test-runner:run-tests-983 @ target-host ] set-state: RUN.output.results.quarkus3-native.build.native.rss [4.57]
19:01:11,067 [ test-runner:run-tests-983 @ target-host ] for-each: ITERATION = 1
19:01:11,067 [ test-runner:run-tests-983 @ target-host ] queue-download: ${{REPO_DIR}}/logs/build-times-${{RUNTIME.name}}-${{ITERATION}}.log=/home/zakkak/spring-quarkus-perf-comparison/logs/build-times-quarkus3-native-1.log ../../20260311/run-time-initialize-security-providers/target-host/
19:01:11,067 [ test-runner:run-tests-983 @ target-host ] script-cmd: sync-drop-fs-cache
19:01:11,067 [ test-runner:run-tests-983 @ target-host ] sync-drop-fs-cache
19:01:11,068 [ test-runner:run-tests-983 @ target-host ] read-state: true
19:01:11,068 [ test-runner:run-tests-983 @ target-host ] regex: true
19:01:11,624 [ test-runner:run-tests-983 @ target-host ] sync
19:01:11,624 [ test-runner:run-tests-983 @ target-host ] script-cmd: sync-drop-fs-cache-${{os}}
19:01:11,625 [ test-runner:run-tests-983 @ target-host ] sync-drop-fs-cache-linux
19:01:11,625 [ test-runner:run-tests-983 @ target-host ] script-cmd: sudo
19:01:11,625 [ test-runner:run-tests-983 @ target-host ] sudo
19:01:11,625 [ test-runner:run-tests-983 @ target-host ] script-cmd: sudo-${{os}}
19:01:11,625 [ test-runner:run-tests-983 @ target-host ] sudo-linux
19:01:12,454 [ test-runner:run-tests-983 @ target-host ] sudo sh -c "echo 3 > /proc/sys/vm/drop_caches"
]3008;start=36c9817c15e64ee4b660cba48eaf30c6;user=zakkak;hostname=blanc;machineid=f469a615e9ef4e81b7d5be080a5de373;bootid=0e917e08584a49cb891ef04366e00ace;pid=292701;pidfdid=292702;comm=sudo;targetuser=root;sessionid=c257;type=session\]3008;end=36c9817c15e64ee4b660cba48eaf30c6\
19:01:57,399 [ test-runner:run-tests-983 @ target-host ] /usr/bin/time -p ./mvnw  clean package -DskipTests -Pnative -Dquarkus.native.additional-build-args-append=--future-defaults=run-time-initialize-security-providers 2>&1 >/home/zakkak/spring-quarkus-perf-comparison/logs/build-times-quarkus3-native-1.log | grep real | awk '{print $2}'
44.52
19:01:57,399 [ test-runner:run-tests-983 @ target-host ] set-state: BUILD_TIME 44.52
19:01:57,400 [ test-runner:run-tests-983 @ target-host ] script-cmd: state-array-push
19:01:57,400 [ test-runner:run-tests-983 @ target-host ] state-array-push
19:01:57,470 [ test-runner:run-tests-983 @ target-host ] set-state: RUN.output.results.quarkus3-native.build.timings [44.82,44.52]
19:01:57,470 [ test-runner:run-tests-983 @ target-host ] read-state: native
19:01:57,470 [ test-runner:run-tests-983 @ target-host ] regex: native
19:01:57,875 [ test-runner:run-tests-983 @ target-host ] sed -n 's/.*Peak RSS: \([0-9.]*\)\(GB\|GiB\).*/\1/p' /home/zakkak/spring-quarkus-perf-comparison/logs/build-times-quarkus3-native-1.log
4.57
19:01:57,876 [ test-runner:run-tests-983 @ target-host ] set-state: NATIVE_BUILD_RSS 4.57
19:01:57,876 [ test-runner:run-tests-983 @ target-host ] script-cmd: state-array-push
19:01:57,876 [ test-runner:run-tests-983 @ target-host ] state-array-push
19:01:57,931 [ test-runner:run-tests-983 @ target-host ] set-state: RUN.output.results.quarkus3-native.build.native.rss [4.57,4.57]
19:01:58,016 [ test-runner:run-tests-983 @ target-host ] for-each: ITERATION = 2
19:01:58,017 [ test-runner:run-tests-983 @ target-host ] queue-download: ${{REPO_DIR}}/logs/build-times-${{RUNTIME.name}}-${{ITERATION}}.log=/home/zakkak/spring-quarkus-perf-comparison/logs/build-times-quarkus3-native-2.log ../../20260311/run-time-initialize-security-providers/target-host/
19:01:58,017 [ test-runner:run-tests-983 @ target-host ] script-cmd: sync-drop-fs-cache
19:01:58,017 [ test-runner:run-tests-983 @ target-host ] sync-drop-fs-cache
19:01:58,017 [ test-runner:run-tests-983 @ target-host ] read-state: true
19:01:58,017 [ test-runner:run-tests-983 @ target-host ] regex: true
19:01:58,574 [ test-runner:run-tests-983 @ target-host ] sync
19:01:58,574 [ test-runner:run-tests-983 @ target-host ] script-cmd: sync-drop-fs-cache-${{os}}
19:01:58,574 [ test-runner:run-tests-983 @ target-host ] sync-drop-fs-cache-linux
19:01:58,574 [ test-runner:run-tests-983 @ target-host ] script-cmd: sudo
19:01:58,575 [ test-runner:run-tests-983 @ target-host ] sudo
19:01:58,575 [ test-runner:run-tests-983 @ target-host ] script-cmd: sudo-${{os}}
19:01:58,575 [ test-runner:run-tests-983 @ target-host ] sudo-linux
19:01:59,424 [ test-runner:run-tests-983 @ target-host ] sudo sh -c "echo 3 > /proc/sys/vm/drop_caches"
]3008;start=66040a86a512412b9f4fccb47a8d4168;user=zakkak;hostname=blanc;machineid=f469a615e9ef4e81b7d5be080a5de373;bootid=0e917e08584a49cb891ef04366e00ace;pid=293310;pidfdid=293311;comm=sudo;targetuser=root;sessionid=c258;type=session\]3008;end=66040a86a512412b9f4fccb47a8d4168\
19:02:44,704 [ test-runner:run-tests-983 @ target-host ] /usr/bin/time -p ./mvnw  clean package -DskipTests -Pnative -Dquarkus.native.additional-build-args-append=--future-defaults=run-time-initialize-security-providers 2>&1 >/home/zakkak/spring-quarkus-perf-comparison/logs/build-times-quarkus3-native-2.log | grep real | awk '{print $2}'
44.86
19:02:44,704 [ test-runner:run-tests-983 @ target-host ] set-state: BUILD_TIME 44.86
19:02:44,705 [ test-runner:run-tests-983 @ target-host ] script-cmd: state-array-push
19:02:44,705 [ test-runner:run-tests-983 @ target-host ] state-array-push
19:02:44,765 [ test-runner:run-tests-983 @ target-host ] set-state: RUN.output.results.quarkus3-native.build.timings [44.82,44.52,44.86]
19:02:44,766 [ test-runner:run-tests-983 @ target-host ] read-state: native
19:02:44,766 [ test-runner:run-tests-983 @ target-host ] regex: native
19:02:45,170 [ test-runner:run-tests-983 @ target-host ] sed -n 's/.*Peak RSS: \([0-9.]*\)\(GB\|GiB\).*/\1/p' /home/zakkak/spring-quarkus-perf-comparison/logs/build-times-quarkus3-native-2.log
4.66
19:02:45,170 [ test-runner:run-tests-983 @ target-host ] set-state: NATIVE_BUILD_RSS 4.66
19:02:45,171 [ test-runner:run-tests-983 @ target-host ] script-cmd: state-array-push
19:02:45,171 [ test-runner:run-tests-983 @ target-host ] state-array-push
19:02:45,221 [ test-runner:run-tests-983 @ target-host ] set-state: RUN.output.results.quarkus3-native.build.native.rss [4.57,4.57,4.66]
19:02:45,297 [ test-runner:run-tests-983 @ target-host ] for-each: ITERATION = 3
19:02:45,298 [ test-runner:run-tests-983 @ target-host ] queue-download: ${{REPO_DIR}}/logs/build-times-${{RUNTIME.name}}-${{ITERATION}}.log=/home/zakkak/spring-quarkus-perf-comparison/logs/build-times-quarkus3-native-3.log ../../20260311/run-time-initialize-security-providers/target-host/
19:02:45,298 [ test-runner:run-tests-983 @ target-host ] script-cmd: sync-drop-fs-cache
19:02:45,298 [ test-runner:run-tests-983 @ target-host ] sync-drop-fs-cache
19:02:45,298 [ test-runner:run-tests-983 @ target-host ] read-state: true
19:02:45,298 [ test-runner:run-tests-983 @ target-host ] regex: true
19:02:45,847 [ test-runner:run-tests-983 @ target-host ] sync
19:02:45,847 [ test-runner:run-tests-983 @ target-host ] script-cmd: sync-drop-fs-cache-${{os}}
19:02:45,847 [ test-runner:run-tests-983 @ target-host ] sync-drop-fs-cache-linux
19:02:45,847 [ test-runner:run-tests-983 @ target-host ] script-cmd: sudo
19:02:45,847 [ test-runner:run-tests-983 @ target-host ] sudo
19:02:45,847 [ test-runner:run-tests-983 @ target-host ] script-cmd: sudo-${{os}}
19:02:45,848 [ test-runner:run-tests-983 @ target-host ] sudo-linux
19:02:46,704 [ test-runner:run-tests-983 @ target-host ] sudo sh -c "echo 3 > /proc/sys/vm/drop_caches"
]3008;start=f2c6c35c3de941aab19f5fd065fdbea5;user=zakkak;hostname=blanc;machineid=f469a615e9ef4e81b7d5be080a5de373;bootid=0e917e08584a49cb891ef04366e00ace;pid=293924;pidfdid=293925;comm=sudo;targetuser=root;sessionid=c259;type=session\]3008;end=f2c6c35c3de941aab19f5fd065fdbea5\
19:03:31,449 [ test-runner:run-tests-983 @ target-host ] /usr/bin/time -p ./mvnw  clean package -DskipTests -Pnative -Dquarkus.native.additional-build-args-append=--future-defaults=run-time-initialize-security-providers 2>&1 >/home/zakkak/spring-quarkus-perf-comparison/logs/build-times-quarkus3-native-3.log | grep real | awk '{print $2}'
44.33
19:03:31,450 [ test-runner:run-tests-983 @ target-host ] set-state: BUILD_TIME 44.33
19:03:31,450 [ test-runner:run-tests-983 @ target-host ] script-cmd: state-array-push
19:03:31,450 [ test-runner:run-tests-983 @ target-host ] state-array-push
19:03:31,504 [ test-runner:run-tests-983 @ target-host ] set-state: RUN.output.results.quarkus3-native.build.timings [44.82,44.52,44.86,44.33]
19:03:31,504 [ test-runner:run-tests-983 @ target-host ] read-state: native
19:03:31,504 [ test-runner:run-tests-983 @ target-host ] regex: native
19:03:31,909 [ test-runner:run-tests-983 @ target-host ] sed -n 's/.*Peak RSS: \([0-9.]*\)\(GB\|GiB\).*/\1/p' /home/zakkak/spring-quarkus-perf-comparison/logs/build-times-quarkus3-native-3.log
4.68
19:03:31,909 [ test-runner:run-tests-983 @ target-host ] set-state: NATIVE_BUILD_RSS 4.68
19:03:31,910 [ test-runner:run-tests-983 @ target-host ] script-cmd: state-array-push
19:03:31,910 [ test-runner:run-tests-983 @ target-host ] state-array-push
19:03:31,961 [ test-runner:run-tests-983 @ target-host ] set-state: RUN.output.results.quarkus3-native.build.native.rss [4.57,4.57,4.66,4.68]
19:03:32,038 [ test-runner:run-tests-983 @ target-host ] for-each: ITERATION = 4
19:03:32,038 [ test-runner:run-tests-983 @ target-host ] queue-download: ${{REPO_DIR}}/logs/build-times-${{RUNTIME.name}}-${{ITERATION}}.log=/home/zakkak/spring-quarkus-perf-comparison/logs/build-times-quarkus3-native-4.log ../../20260311/run-time-initialize-security-providers/target-host/
19:03:32,038 [ test-runner:run-tests-983 @ target-host ] script-cmd: sync-drop-fs-cache
19:03:32,038 [ test-runner:run-tests-983 @ target-host ] sync-drop-fs-cache
19:03:32,038 [ test-runner:run-tests-983 @ target-host ] read-state: true
19:03:32,038 [ test-runner:run-tests-983 @ target-host ] regex: true
19:03:32,587 [ test-runner:run-tests-983 @ target-host ] sync
19:03:32,587 [ test-runner:run-tests-983 @ target-host ] script-cmd: sync-drop-fs-cache-${{os}}
19:03:32,587 [ test-runner:run-tests-983 @ target-host ] sync-drop-fs-cache-linux
19:03:32,587 [ test-runner:run-tests-983 @ target-host ] script-cmd: sudo
19:03:32,587 [ test-runner:run-tests-983 @ target-host ] sudo
19:03:32,588 [ test-runner:run-tests-983 @ target-host ] script-cmd: sudo-${{os}}
19:03:32,588 [ test-runner:run-tests-983 @ target-host ] sudo-linux
19:03:33,400 [ test-runner:run-tests-983 @ target-host ] sudo sh -c "echo 3 > /proc/sys/vm/drop_caches"
]3008;start=8a7c711065524818b509ba7caa811c05;user=zakkak;hostname=blanc;machineid=f469a615e9ef4e81b7d5be080a5de373;bootid=0e917e08584a49cb891ef04366e00ace;pid=294528;pidfdid=294529;comm=sudo;targetuser=root;sessionid=c260;type=session\]3008;end=8a7c711065524818b509ba7caa811c05\
19:04:17,908 [ test-runner:run-tests-983 @ target-host ] /usr/bin/time -p ./mvnw  clean package -DskipTests -Pnative -Dquarkus.native.additional-build-args-append=--future-defaults=run-time-initialize-security-providers 2>&1 >/home/zakkak/spring-quarkus-perf-comparison/logs/build-times-quarkus3-native-4.log | grep real | awk '{print $2}'
44.08
19:04:17,908 [ test-runner:run-tests-983 @ target-host ] set-state: BUILD_TIME 44.08
19:04:17,908 [ test-runner:run-tests-983 @ target-host ] script-cmd: state-array-push
19:04:17,908 [ test-runner:run-tests-983 @ target-host ] state-array-push
19:04:17,965 [ test-runner:run-tests-983 @ target-host ] set-state: RUN.output.results.quarkus3-native.build.timings [44.82,44.52,44.86,44.33,44.08]
19:04:17,965 [ test-runner:run-tests-983 @ target-host ] read-state: native
19:04:17,965 [ test-runner:run-tests-983 @ target-host ] regex: native
19:04:18,370 [ test-runner:run-tests-983 @ target-host ] sed -n 's/.*Peak RSS: \([0-9.]*\)\(GB\|GiB\).*/\1/p' /home/zakkak/spring-quarkus-perf-comparison/logs/build-times-quarkus3-native-4.log
4.78
19:04:18,370 [ test-runner:run-tests-983 @ target-host ] set-state: NATIVE_BUILD_RSS 4.78
19:04:18,370 [ test-runner:run-tests-983 @ target-host ] script-cmd: state-array-push
19:04:18,370 [ test-runner:run-tests-983 @ target-host ] state-array-push
19:04:18,421 [ test-runner:run-tests-983 @ target-host ] set-state: RUN.output.results.quarkus3-native.build.native.rss [4.57,4.57,4.66,4.68,4.78]
19:04:18,492 [ test-runner:run-tests-983 @ target-host ] for-each: ITERATION = 5
19:04:18,492 [ test-runner:run-tests-983 @ target-host ] queue-download: ${{REPO_DIR}}/logs/build-times-${{RUNTIME.name}}-${{ITERATION}}.log=/home/zakkak/spring-quarkus-perf-comparison/logs/build-times-quarkus3-native-5.log ../../20260311/run-time-initialize-security-providers/target-host/
19:04:18,492 [ test-runner:run-tests-983 @ target-host ] script-cmd: sync-drop-fs-cache
19:04:18,492 [ test-runner:run-tests-983 @ target-host ] sync-drop-fs-cache
19:04:18,493 [ test-runner:run-tests-983 @ target-host ] read-state: true
19:04:18,493 [ test-runner:run-tests-983 @ target-host ] regex: true
19:04:19,040 [ test-runner:run-tests-983 @ target-host ] sync
19:04:19,041 [ test-runner:run-tests-983 @ target-host ] script-cmd: sync-drop-fs-cache-${{os}}
19:04:19,041 [ test-runner:run-tests-983 @ target-host ] sync-drop-fs-cache-linux
19:04:19,041 [ test-runner:run-tests-983 @ target-host ] script-cmd: sudo
19:04:19,041 [ test-runner:run-tests-983 @ target-host ] sudo
19:04:19,041 [ test-runner:run-tests-983 @ target-host ] script-cmd: sudo-${{os}}
19:04:19,042 [ test-runner:run-tests-983 @ target-host ] sudo-linux
19:04:19,878 [ test-runner:run-tests-983 @ target-host ] sudo sh -c "echo 3 > /proc/sys/vm/drop_caches"
]3008;start=db7d3f33bf0447db8fd102dc0fff463a;user=zakkak;hostname=blanc;machineid=f469a615e9ef4e81b7d5be080a5de373;bootid=0e917e08584a49cb891ef04366e00ace;pid=295123;pidfdid=295124;comm=sudo;targetuser=root;sessionid=c261;type=session\]3008;end=db7d3f33bf0447db8fd102dc0fff463a\
19:05:04,517 [ test-runner:run-tests-983 @ target-host ] /usr/bin/time -p ./mvnw  clean package -DskipTests -Pnative -Dquarkus.native.additional-build-args-append=--future-defaults=run-time-initialize-security-providers 2>&1 >/home/zakkak/spring-quarkus-perf-comparison/logs/build-times-quarkus3-native-5.log | grep real | awk '{print $2}'
44.22
19:05:04,517 [ test-runner:run-tests-983 @ target-host ] set-state: BUILD_TIME 44.22
19:05:04,517 [ test-runner:run-tests-983 @ target-host ] script-cmd: state-array-push
19:05:04,517 [ test-runner:run-tests-983 @ target-host ] state-array-push
19:05:04,565 [ test-runner:run-tests-983 @ target-host ] set-state: RUN.output.results.quarkus3-native.build.timings [44.82,44.52,44.86,44.33,44.08,44.22]
19:05:04,565 [ test-runner:run-tests-983 @ target-host ] read-state: native
19:05:04,565 [ test-runner:run-tests-983 @ target-host ] regex: native
19:05:04,969 [ test-runner:run-tests-983 @ target-host ] sed -n 's/.*Peak RSS: \([0-9.]*\)\(GB\|GiB\).*/\1/p' /home/zakkak/spring-quarkus-perf-comparison/logs/build-times-quarkus3-native-5.log
4.76
19:05:04,969 [ test-runner:run-tests-983 @ target-host ] set-state: NATIVE_BUILD_RSS 4.76
19:05:04,969 [ test-runner:run-tests-983 @ target-host ] script-cmd: state-array-push
19:05:04,969 [ test-runner:run-tests-983 @ target-host ] state-array-push
19:05:05,018 [ test-runner:run-tests-983 @ target-host ] set-state: RUN.output.results.quarkus3-native.build.native.rss [4.57,4.57,4.66,4.68,4.78,4.76]
19:05:05,085 [ test-runner:run-tests-983 @ target-host ] for-each: ITERATION = 6
19:05:05,085 [ test-runner:run-tests-983 @ target-host ] queue-download: ${{REPO_DIR}}/logs/build-times-${{RUNTIME.name}}-${{ITERATION}}.log=/home/zakkak/spring-quarkus-perf-comparison/logs/build-times-quarkus3-native-6.log ../../20260311/run-time-initialize-security-providers/target-host/
19:05:05,085 [ test-runner:run-tests-983 @ target-host ] script-cmd: sync-drop-fs-cache
19:05:05,085 [ test-runner:run-tests-983 @ target-host ] sync-drop-fs-cache
19:05:05,086 [ test-runner:run-tests-983 @ target-host ] read-state: true
19:05:05,086 [ test-runner:run-tests-983 @ target-host ] regex: true
19:05:05,625 [ test-runner:run-tests-983 @ target-host ] sync
19:05:05,625 [ test-runner:run-tests-983 @ target-host ] script-cmd: sync-drop-fs-cache-${{os}}
19:05:05,625 [ test-runner:run-tests-983 @ target-host ] sync-drop-fs-cache-linux
19:05:05,625 [ test-runner:run-tests-983 @ target-host ] script-cmd: sudo
19:05:05,625 [ test-runner:run-tests-983 @ target-host ] sudo
19:05:05,626 [ test-runner:run-tests-983 @ target-host ] script-cmd: sudo-${{os}}
19:05:05,626 [ test-runner:run-tests-983 @ target-host ] sudo-linux
19:05:06,455 [ test-runner:run-tests-983 @ target-host ] sudo sh -c "echo 3 > /proc/sys/vm/drop_caches"
]3008;start=4c96bb3b821a4ecda6a15ebfb5a6feaa;user=zakkak;hostname=blanc;machineid=f469a615e9ef4e81b7d5be080a5de373;bootid=0e917e08584a49cb891ef04366e00ace;pid=295730;pidfdid=295731;comm=sudo;targetuser=root;sessionid=c262;type=session\]3008;end=4c96bb3b821a4ecda6a15ebfb5a6feaa\
19:05:53,411 [ test-runner:run-tests-983 @ target-host ] /usr/bin/time -p ./mvnw  clean package -DskipTests -Pnative -Dquarkus.native.additional-build-args-append=--future-defaults=run-time-initialize-security-providers 2>&1 >/home/zakkak/spring-quarkus-perf-comparison/logs/build-times-quarkus3-native-6.log | grep real | awk '{print $2}'
46.54
19:05:53,411 [ test-runner:run-tests-983 @ target-host ] set-state: BUILD_TIME 46.54
19:05:53,411 [ test-runner:run-tests-983 @ target-host ] script-cmd: state-array-push
19:05:53,411 [ test-runner:run-tests-983 @ target-host ] state-array-push
19:05:53,471 [ test-runner:run-tests-983 @ target-host ] set-state: RUN.output.results.quarkus3-native.build.timings [44.82,44.52,44.86,44.33,44.08,44.22,46.54]
19:05:53,471 [ test-runner:run-tests-983 @ target-host ] read-state: native
19:05:53,472 [ test-runner:run-tests-983 @ target-host ] regex: native
19:05:53,876 [ test-runner:run-tests-983 @ target-host ] sed -n 's/.*Peak RSS: \([0-9.]*\)\(GB\|GiB\).*/\1/p' /home/zakkak/spring-quarkus-perf-comparison/logs/build-times-quarkus3-native-6.log
4.51
19:05:53,877 [ test-runner:run-tests-983 @ target-host ] set-state: NATIVE_BUILD_RSS 4.51
19:05:53,877 [ test-runner:run-tests-983 @ target-host ] script-cmd: state-array-push
19:05:53,877 [ test-runner:run-tests-983 @ target-host ] state-array-push
19:05:53,923 [ test-runner:run-tests-983 @ target-host ] set-state: RUN.output.results.quarkus3-native.build.native.rss [4.57,4.57,4.66,4.68,4.78,4.76,4.51]
19:05:53,987 [ test-runner:run-tests-983 @ target-host ] for-each: ITERATION = 7
19:05:53,987 [ test-runner:run-tests-983 @ target-host ] queue-download: ${{REPO_DIR}}/logs/build-times-${{RUNTIME.name}}-${{ITERATION}}.log=/home/zakkak/spring-quarkus-perf-comparison/logs/build-times-quarkus3-native-7.log ../../20260311/run-time-initialize-security-providers/target-host/
19:05:53,987 [ test-runner:run-tests-983 @ target-host ] script-cmd: sync-drop-fs-cache
19:05:53,987 [ test-runner:run-tests-983 @ target-host ] sync-drop-fs-cache
19:05:53,987 [ test-runner:run-tests-983 @ target-host ] read-state: true
19:05:53,987 [ test-runner:run-tests-983 @ target-host ] regex: true
19:05:54,539 [ test-runner:run-tests-983 @ target-host ] sync
19:05:54,539 [ test-runner:run-tests-983 @ target-host ] script-cmd: sync-drop-fs-cache-${{os}}
19:05:54,539 [ test-runner:run-tests-983 @ target-host ] sync-drop-fs-cache-linux
19:05:54,540 [ test-runner:run-tests-983 @ target-host ] script-cmd: sudo
19:05:54,540 [ test-runner:run-tests-983 @ target-host ] sudo
19:05:54,540 [ test-runner:run-tests-983 @ target-host ] script-cmd: sudo-${{os}}
19:05:54,540 [ test-runner:run-tests-983 @ target-host ] sudo-linux
19:05:55,366 [ test-runner:run-tests-983 @ target-host ] sudo sh -c "echo 3 > /proc/sys/vm/drop_caches"
]3008;start=ac795fdb4b794b16b8cd71f3899a4581;user=zakkak;hostname=blanc;machineid=f469a615e9ef4e81b7d5be080a5de373;bootid=0e917e08584a49cb891ef04366e00ace;pid=296337;pidfdid=296338;comm=sudo;targetuser=root;sessionid=c263;type=session\]3008;end=ac795fdb4b794b16b8cd71f3899a4581\
19:06:40,604 [ test-runner:run-tests-983 @ target-host ] /usr/bin/time -p ./mvnw  clean package -DskipTests -Pnative -Dquarkus.native.additional-build-args-append=--future-defaults=run-time-initialize-security-providers 2>&1 >/home/zakkak/spring-quarkus-perf-comparison/logs/build-times-quarkus3-native-7.log | grep real | awk '{print $2}'
44.82
19:06:40,604 [ test-runner:run-tests-983 @ target-host ] set-state: BUILD_TIME 44.82
19:06:40,604 [ test-runner:run-tests-983 @ target-host ] script-cmd: state-array-push
19:06:40,604 [ test-runner:run-tests-983 @ target-host ] state-array-push
19:06:40,651 [ test-runner:run-tests-983 @ target-host ] set-state: RUN.output.results.quarkus3-native.build.timings [44.82,44.52,44.86,44.33,44.08,44.22,46.54,44.82]
19:06:40,651 [ test-runner:run-tests-983 @ target-host ] read-state: native
19:06:40,651 [ test-runner:run-tests-983 @ target-host ] regex: native
19:06:41,056 [ test-runner:run-tests-983 @ target-host ] sed -n 's/.*Peak RSS: \([0-9.]*\)\(GB\|GiB\).*/\1/p' /home/zakkak/spring-quarkus-perf-comparison/logs/build-times-quarkus3-native-7.log
4.58
19:06:41,056 [ test-runner:run-tests-983 @ target-host ] set-state: NATIVE_BUILD_RSS 4.58
19:06:41,056 [ test-runner:run-tests-983 @ target-host ] script-cmd: state-array-push
19:06:41,056 [ test-runner:run-tests-983 @ target-host ] state-array-push
19:06:41,099 [ test-runner:run-tests-983 @ target-host ] set-state: RUN.output.results.quarkus3-native.build.native.rss [4.57,4.57,4.66,4.68,4.78,4.76,4.51,4.58]
19:06:41,167 [ test-runner:run-tests-983 @ target-host ] for-each: ITERATION = 8
19:06:41,167 [ test-runner:run-tests-983 @ target-host ] queue-download: ${{REPO_DIR}}/logs/build-times-${{RUNTIME.name}}-${{ITERATION}}.log=/home/zakkak/spring-quarkus-perf-comparison/logs/build-times-quarkus3-native-8.log ../../20260311/run-time-initialize-security-providers/target-host/
19:06:41,167 [ test-runner:run-tests-983 @ target-host ] script-cmd: sync-drop-fs-cache
19:06:41,167 [ test-runner:run-tests-983 @ target-host ] sync-drop-fs-cache
19:06:41,167 [ test-runner:run-tests-983 @ target-host ] read-state: true
19:06:41,167 [ test-runner:run-tests-983 @ target-host ] regex: true
19:06:41,700 [ test-runner:run-tests-983 @ target-host ] sync
19:06:41,701 [ test-runner:run-tests-983 @ target-host ] script-cmd: sync-drop-fs-cache-${{os}}
19:06:41,701 [ test-runner:run-tests-983 @ target-host ] sync-drop-fs-cache-linux
19:06:41,701 [ test-runner:run-tests-983 @ target-host ] script-cmd: sudo
19:06:41,701 [ test-runner:run-tests-983 @ target-host ] sudo
19:06:41,701 [ test-runner:run-tests-983 @ target-host ] script-cmd: sudo-${{os}}
19:06:41,701 [ test-runner:run-tests-983 @ target-host ] sudo-linux
19:06:42,538 [ test-runner:run-tests-983 @ target-host ] sudo sh -c "echo 3 > /proc/sys/vm/drop_caches"
]3008;start=16a4d19bd82f4ab4829569aeb43a25a3;user=zakkak;hostname=blanc;machineid=f469a615e9ef4e81b7d5be080a5de373;bootid=0e917e08584a49cb891ef04366e00ace;pid=296941;pidfdid=296942;comm=sudo;targetuser=root;sessionid=c264;type=session\]3008;end=16a4d19bd82f4ab4829569aeb43a25a3\
19:07:28,390 [ test-runner:run-tests-983 @ target-host ] /usr/bin/time -p ./mvnw  clean package -DskipTests -Pnative -Dquarkus.native.additional-build-args-append=--future-defaults=run-time-initialize-security-providers 2>&1 >/home/zakkak/spring-quarkus-perf-comparison/logs/build-times-quarkus3-native-8.log | grep real | awk '{print $2}'
45.44
19:07:28,390 [ test-runner:run-tests-983 @ target-host ] set-state: BUILD_TIME 45.44
19:07:28,390 [ test-runner:run-tests-983 @ target-host ] script-cmd: state-array-push
19:07:28,390 [ test-runner:run-tests-983 @ target-host ] state-array-push
19:07:28,439 [ test-runner:run-tests-983 @ target-host ] set-state: RUN.output.results.quarkus3-native.build.timings [44.82,44.52,44.86,44.33,44.08,44.22,46.54,44.82,45.44]
19:07:28,440 [ test-runner:run-tests-983 @ target-host ] read-state: native
19:07:28,440 [ test-runner:run-tests-983 @ target-host ] regex: native
19:07:28,844 [ test-runner:run-tests-983 @ target-host ] sed -n 's/.*Peak RSS: \([0-9.]*\)\(GB\|GiB\).*/\1/p' /home/zakkak/spring-quarkus-perf-comparison/logs/build-times-quarkus3-native-8.log
4.70
19:07:28,844 [ test-runner:run-tests-983 @ target-host ] set-state: NATIVE_BUILD_RSS 4.70
19:07:28,844 [ test-runner:run-tests-983 @ target-host ] script-cmd: state-array-push
19:07:28,845 [ test-runner:run-tests-983 @ target-host ] state-array-push
19:07:28,889 [ test-runner:run-tests-983 @ target-host ] set-state: RUN.output.results.quarkus3-native.build.native.rss [4.57,4.57,4.66,4.68,4.78,4.76,4.51,4.58,4.7]
19:07:28,956 [ test-runner:run-tests-983 @ target-host ] for-each: ITERATION = 9
19:07:28,956 [ test-runner:run-tests-983 @ target-host ] queue-download: ${{REPO_DIR}}/logs/build-times-${{RUNTIME.name}}-${{ITERATION}}.log=/home/zakkak/spring-quarkus-perf-comparison/logs/build-times-quarkus3-native-9.log ../../20260311/run-time-initialize-security-providers/target-host/
19:07:28,956 [ test-runner:run-tests-983 @ target-host ] script-cmd: sync-drop-fs-cache
19:07:28,956 [ test-runner:run-tests-983 @ target-host ] sync-drop-fs-cache
19:07:28,957 [ test-runner:run-tests-983 @ target-host ] read-state: true
19:07:28,957 [ test-runner:run-tests-983 @ target-host ] regex: true
19:07:29,483 [ test-runner:run-tests-983 @ target-host ] sync
19:07:29,483 [ test-runner:run-tests-983 @ target-host ] script-cmd: sync-drop-fs-cache-${{os}}
19:07:29,483 [ test-runner:run-tests-983 @ target-host ] sync-drop-fs-cache-linux
19:07:29,483 [ test-runner:run-tests-983 @ target-host ] script-cmd: sudo
19:07:29,483 [ test-runner:run-tests-983 @ target-host ] sudo
19:07:29,483 [ test-runner:run-tests-983 @ target-host ] script-cmd: sudo-${{os}}
19:07:29,483 [ test-runner:run-tests-983 @ target-host ] sudo-linux
19:07:30,335 [ test-runner:run-tests-983 @ target-host ] sudo sh -c "echo 3 > /proc/sys/vm/drop_caches"
]3008;start=44e1c325ee204ca8b103cfec3d5ba5b4;user=zakkak;hostname=blanc;machineid=f469a615e9ef4e81b7d5be080a5de373;bootid=0e917e08584a49cb891ef04366e00ace;pid=297556;pidfdid=297557;comm=sudo;targetuser=root;sessionid=c265;type=session\]3008;end=44e1c325ee204ca8b103cfec3d5ba5b4\
19:08:16,362 [ test-runner:run-tests-983 @ target-host ] /usr/bin/time -p ./mvnw  clean package -DskipTests -Pnative -Dquarkus.native.additional-build-args-append=--future-defaults=run-time-initialize-security-providers 2>&1 >/home/zakkak/spring-quarkus-perf-comparison/logs/build-times-quarkus3-native-9.log | grep real | awk '{print $2}'
45.61
19:08:16,362 [ test-runner:run-tests-983 @ target-host ] set-state: BUILD_TIME 45.61
19:08:16,363 [ test-runner:run-tests-983 @ target-host ] script-cmd: state-array-push
19:08:16,363 [ test-runner:run-tests-983 @ target-host ] state-array-push
19:08:16,407 [ test-runner:run-tests-983 @ target-host ] set-state: RUN.output.results.quarkus3-native.build.timings [44.82,44.52,44.86,44.33,44.08,44.22,46.54,44.82,45.44,45.61]
19:08:16,407 [ test-runner:run-tests-983 @ target-host ] read-state: native
19:08:16,407 [ test-runner:run-tests-983 @ target-host ] regex: native
19:08:16,811 [ test-runner:run-tests-983 @ target-host ] sed -n 's/.*Peak RSS: \([0-9.]*\)\(GB\|GiB\).*/\1/p' /home/zakkak/spring-quarkus-perf-comparison/logs/build-times-quarkus3-native-9.log
4.43
19:08:16,811 [ test-runner:run-tests-983 @ target-host ] set-state: NATIVE_BUILD_RSS 4.43
19:08:16,811 [ test-runner:run-tests-983 @ target-host ] script-cmd: state-array-push
19:08:16,812 [ test-runner:run-tests-983 @ target-host ] state-array-push
19:08:16,853 [ test-runner:run-tests-983 @ target-host ] set-state: RUN.output.results.quarkus3-native.build.native.rss [4.57,4.57,4.66,4.68,4.78,4.76,4.51,4.58,4.7,4.43]
19:08:16,913 [ test-runner:run-tests-983 @ target-host ] for-each: ITERATION
19:08:16,913 [ test-runner:run-tests-983 @ target-host ] script-cmd: state-array-calc-avg
19:08:16,914 [ test-runner:run-tests-983 @ target-host ] state-array-calc-avg
19:08:16,961 [ test-runner:run-tests-983 @ target-host ] set-state: RUN.output.results.quarkus3-native.build.avBuildTime 44.92399999999999
19:08:16,961 [ test-runner:run-tests-983 @ target-host ] read-state: native
19:08:16,961 [ test-runner:run-tests-983 @ target-host ] regex: native
19:08:16,961 [ test-runner:run-tests-983 @ target-host ] script-cmd: state-array-calc-avg
19:08:16,962 [ test-runner:run-tests-983 @ target-host ] state-array-calc-avg
19:08:17,006 [ test-runner:run-tests-983 @ target-host ] set-state: RUN.output.results.quarkus3-native.build.avNativeRSS 4.6240000000000006
19:08:17,411 [ test-runner:run-tests-983 @ target-host ] sed -n 's/^[[:space:]]*\([0-9.]*\)\(MB\|MiB\) in total image size.*/\1/p' /home/zakkak/spring-quarkus-perf-comparison/logs/build-times-quarkus3-native-0.log
86.32
19:08:17,411 [ test-runner:run-tests-983 @ target-host ] set-state: RUN.output.results.quarkus3-native.build.native.binarySize 86.32
19:08:17,823 [ test-runner:run-tests-983 @ target-host ] cat /home/zakkak/spring-quarkus-perf-comparison/logs/build-times-quarkus3-native-0.log | grep "types.*fields.*methods found reachable" | awk '{print $1}'
22,663
19:08:17,824 [ test-runner:run-tests-983 @ target-host ] set-state: RUN.output.results.quarkus3-native.build.classCount 22,663
19:08:18,228 [ test-runner:run-tests-983 @ target-host ] cat /home/zakkak/spring-quarkus-perf-comparison/logs/build-times-quarkus3-native-0.log | grep "types.*fields.*methods found reachable" | awk '{print $3}'
29,228
19:08:18,228 [ test-runner:run-tests-983 @ target-host ] set-state: RUN.output.results.quarkus3-native.build.fieldCount 29,228
19:08:18,632 [ test-runner:run-tests-983 @ target-host ] cat /home/zakkak/spring-quarkus-perf-comparison/logs/build-times-quarkus3-native-0.log | grep "types.*fields.*methods found reachable" | awk '{print $6}'
106,573
19:08:18,632 [ test-runner:run-tests-983 @ target-host ] set-state: RUN.output.results.quarkus3-native.build.methodCount 106,573
19:08:19,036 [ test-runner:run-tests-983 @ target-host ] cat /home/zakkak/spring-quarkus-perf-comparison/logs/build-times-quarkus3-native-0.log | grep "types.*fields.*methods registered for reflection" | awk '{print $1}'
7,966
19:08:19,036 [ test-runner:run-tests-983 @ target-host ] set-state: RUN.output.results.quarkus3-native.build.reflectionClassCount 7,966
19:08:19,440 [ test-runner:run-tests-983 @ target-host ] cat /home/zakkak/spring-quarkus-perf-comparison/logs/build-times-quarkus3-native-0.log | grep "types.*fields.*methods registered for reflection" | awk '{print $3}'
169
19:08:19,440 [ test-runner:run-tests-983 @ target-host ] set-state: RUN.output.results.quarkus3-native.build.reflectionFieldCount 169
19:08:19,844 [ test-runner:run-tests-983 @ target-host ] cat /home/zakkak/spring-quarkus-perf-comparison/logs/build-times-quarkus3-native-0.log | grep "types.*fields.*methods registered for reflection" | awk '{print $6}'
5,257
19:08:19,844 [ test-runner:run-tests-983 @ target-host ] set-state: RUN.output.results.quarkus3-native.build.reflectionMethodCount 5,257
19:08:19,844 [ test-runner:run-tests-983 @ target-host ] for-each: TEST = measure-time-to-first-request
19:08:19,845 [ test-runner:run-tests-983 @ target-host ] script-cmd: ${{TEST}}
19:08:19,845 [ test-runner:run-tests-983 @ target-host ] measure-time-to-first-request
19:08:19,845 [ test-runner:run-tests-983 @ target-host ] Measuring Time to first request
19:08:20,267 [ test-runner:run-tests-983 @ target-host ] java -version
openjdk version "21.0.9" 2025-10-21 LTS
OpenJDK Runtime Environment Temurin-21.0.9+10 (build 21.0.9+10-LTS)
OpenJDK 64-Bit Server VM Temurin-21.0.9+10 (build 21.0.9+10-LTS, mixed mode, sharing)
19:08:20,668 [ test-runner:run-tests-983 @ target-host ] cd /home/zakkak/spring-quarkus-perf-comparison/spring-quarkus-perf-comparison/quarkus3
19:09:05,278 [ test-runner:run-tests-983 @ target-host ] ./mvnw  clean package -DskipTests -Pnative -Dquarkus.native.additional-build-args-append=--future-defaults=run-time-initialize-security-providers
[INFO] Scanning for projects...
[WARNING] Quarkus Maven extension: an explicit 'argLine' is defined in maven-surefire-plugin config, but does not contain '@{argLine}': we will not be able to inject JVM parameters automatically. Please add '@{argLine}' to the argLine configuration you have defined.
[INFO] 
[INFO] -------------------------< org.acme:quarkus3 >--------------------------
[INFO] Building quarkus3 1.0
[INFO]   from pom.xml
[INFO] ------------------------------[ quarkus ]-------------------------------
[INFO] 
[INFO] --- clean:3.2.0:clean (default-clean) @ quarkus3 ---
[INFO] Deleting /home/zakkak/spring-quarkus-perf-comparison/spring-quarkus-perf-comparison/quarkus3/target
[INFO] 
[INFO] --- resources:3.3.1:resources (default-resources) @ quarkus3 ---
[WARNING] Using platform encoding (UTF-8 actually) to copy filtered resources, i.e. build is platform dependent!
[INFO] Copying 2 resources from src/main/resources to target/classes
[INFO] 
[INFO] --- quarkus:3.32.2:generate-code (default-generate-code) @ quarkus3 ---
[INFO] 
[INFO] --- compiler:3.15.0:compile (default-compile) @ quarkus3 ---
[INFO] Recompiling the module because of changed source code.
[WARNING] File encoding has not been set, using platform encoding UTF-8, i.e. build is platform dependent!
[INFO] Compiling 16 source files with javac [debug release 21] to target/classes
[INFO] 
[INFO] --- resources:3.3.1:testResources (default-testResources) @ quarkus3 ---
[WARNING] Using platform encoding (UTF-8 actually) to copy filtered resources, i.e. build is platform dependent!
[INFO] skip non existing resourceDirectory /home/zakkak/spring-quarkus-perf-comparison/spring-quarkus-perf-comparison/quarkus3/src/test/resources
[INFO] 
[INFO] --- quarkus:3.32.2:generate-code-tests (default-generate-code-tests) @ quarkus3 ---
[INFO] 
[INFO] --- compiler:3.15.0:testCompile (default-testCompile) @ quarkus3 ---
[INFO] Recompiling the module because of changed dependency.
[WARNING] File encoding has not been set, using platform encoding UTF-8, i.e. build is platform dependent!
[INFO] Compiling 4 source files with javac [debug release 21] to target/test-classes
[INFO] 
[INFO] --- surefire:3.5.5:test (default-test) @ quarkus3 ---
[INFO] Tests are skipped.
[INFO] 
[INFO] --- quarkus:3.32.2:build (default-build) @ quarkus3 ---
[INFO] [io.quarkus.deployment.pkg.jar.NativeImageSourceJarBuilder] Building native image source jar: /home/zakkak/spring-quarkus-perf-comparison/spring-quarkus-perf-comparison/quarkus3/target/quarkus3-native-image-source-jar/quarkus3-runner.jar
[INFO] [io.quarkus.deployment.pkg.steps.NativeImageBuildStep] Building native image from /home/zakkak/spring-quarkus-perf-comparison/spring-quarkus-perf-comparison/quarkus3/target/quarkus3-native-image-source-jar/quarkus3-runner.jar
[INFO] [io.quarkus.deployment.pkg.steps.NativeImageBuildStep] Running Quarkus native-image plugin on GRAALVM 25.1.0-dev JDK 25.0.1+8-jvmci-25.1-b14
[INFO] [io.quarkus.deployment.pkg.steps.NativeImageBuildRunner] /home/zakkak/code/graal-oracle/sdk/latest_graalvm_home/bin/native-image -J-DCoordinatorEnvironmentBean.transactionStatusManagerEnable=false -J-Dsun.nio.ch.maxUpdateArraySize=100 -J-Djava.util.logging.manager=org.jboss.logmanager.LogManager -J-Dvertx.logger-delegate-factory-class-name=io.quarkus.vertx.core.runtime.VertxLogDelegateFactory -J-Dvertx.disableDnsResolver=true -J-Dio.netty.leakDetection.level=DISABLED -J-Dio.netty.allocator.maxOrder=3 -J-Duser.language=en -J-Duser.country=IE -J-Dlogging.initial-configurator.min-level=500 -H:+UnlockExperimentalVMOptions -H:IncludeLocales=en-IE -H:-UnlockExperimentalVMOptions --enable-native-access=ALL-UNNAMED -J-Dfile.encoding=UTF-8 -J--add-exports=org.graalvm.nativeimage.builder/com.oracle.svm.core.jdk=ALL-UNNAMED --features=io.quarkus.jdbc.postgresql.runtime.graal.SQLXMLFeature,io.quarkus.hibernate.validator.runtime.DisableLoggingFeature,io.quarkus.runner.Feature,io.quarkus.runtime.graal.DisableLoggingFeature,io.quarkus.runtime.graal.JVMChecksFeature,io.quarkus.hibernate.orm.runtime.graal.RegisterServicesForReflectionFeature,io.quarkus.hibernate.orm.runtime.graal.DisableLoggingFeature,org.hibernate.graalvm.internal.GraalVMStaticFeature,io.quarkus.caffeine.runtime.graal.CacheConstructorsFeature,io.quarkus.runtime.graal.SkipConsoleServiceProvidersFeature -J--add-exports=java.security.jgss/sun.security.krb5=ALL-UNNAMED -J--add-exports=java.security.jgss/sun.security.jgss=ALL-UNNAMED -J--add-opens=java.base/java.text=ALL-UNNAMED -J--add-opens=java.base/java.io=ALL-UNNAMED -J--add-opens=java.base/java.lang.invoke=ALL-UNNAMED -J--add-opens=java.base/java.util=ALL-UNNAMED -H:+UnlockExperimentalVMOptions -H:BuildOutputJSONFile=quarkus3-runner-build-output-stats.json -H:-UnlockExperimentalVMOptions -H:+UnlockExperimentalVMOptions -H:+GenerateBuildArtifactsFile -H:-UnlockExperimentalVMOptions --future-defaults=run-time-initialize-security-providers -H:+UnlockExperimentalVMOptions -H:+AllowFoldMethods -H:-UnlockExperimentalVMOptions -J-Djava.awt.headless=true --no-fallback --link-at-build-time -H:+UnlockExperimentalVMOptions -H:+ReportExceptionStackTraces -H:-UnlockExperimentalVMOptions -H:-AddAllCharsets --enable-url-protocols=http,https -H:NativeLinkerOption=-no-pie --enable-monitoring=heapdump,threaddump -H:+UnlockExperimentalVMOptions -H:-UseServiceLoaderFeature -H:-UnlockExperimentalVMOptions -J--add-exports=org.graalvm.nativeimage/org.graalvm.nativeimage.impl=ALL-UNNAMED --exclude-config io\.netty\.netty-codec /META-INF/native-image/io\.netty/netty-codec/generated/handlers/reflect-config\.json --exclude-config io\.netty\.netty-handler /META-INF/native-image/io\.netty/netty-handler/generated/handlers/reflect-config\.json quarkus3-runner -jar quarkus3-runner.jar
Warning: Using a deprecated option --no-fallback from command line. No effect, no replacement available
Warning: Option 'FallbackThreshold' is deprecated and might be removed in a future release: It no longer has any effect, and no replacement is available. Please refer to the GraalVM release notes.
Warning: Option 'DynamicProxyConfigurationResources' is deprecated and might be removed in a future release: This can be caused by a proxy-config.json file in your META-INF directory. Consider including proxy configuration in the reflection section of reachability-metadata.json instead.. Please refer to the GraalVM release notes.
========================================================================================================================
GraalVM Native Image: Generating 'quarkus3-runner' (executable)...
========================================================================================================================
For detailed information and explanations on the build output, visit:
https://github.com/oracle/graal/blob/master/docs/reference-manual/native-image/BuildOutput.md
------------------------------------------------------------------------------------------------------------------------
[1/8] Initializing...                                                                                   (4.0s @ 0.44GiB)
 Builder configuration:
 - Java version: 25.0.1+8, vendor version: GraalVM CE 25.1.0-dev+8.1
 - Graal compiler: optimization level: 2, target machine: x86-64-v3
 - C compiler: gcc (redhat, x86_64, 15.2.1)
 - Assertions: disabled, system assertions: disabled
 - 11 user-specific feature(s):
   - io.quarkus.caffeine.runtime.graal.CacheConstructorsFeature
   - io.quarkus.hibernate.orm.runtime.graal.DisableLoggingFeature: Disables INFO logging during the analysis phase
   - io.quarkus.hibernate.orm.runtime.graal.RegisterServicesForReflectionFeature: Makes methods of reachable Hibernate services accessible through Class#getMethods()
   - io.quarkus.hibernate.validator.runtime.DisableLoggingFeature: Disables INFO logging during the analysis phase for the [org.hibernate.validator.internal.util.Version] categories
   - io.quarkus.jdbc.postgresql.runtime.graal.SQLXMLFeature
   - io.quarkus.runner.Feature: Auto-generated class by Quarkus from the existing extensions
   - io.quarkus.runtime.graal.DisableLoggingFeature: Adapts logging during the analysis phase
   - io.quarkus.runtime.graal.JVMChecksFeature
   - io.quarkus.runtime.graal.SkipConsoleServiceProvidersFeature: Skip unsupported console service providers when quarkus.native.auto-service-loader-registration is false
   - org.eclipse.angus.activation.nativeimage.AngusActivationFeature
   - org.hibernate.graalvm.internal.GraalVMStaticFeature: Hibernate ORM's static reflection registrations for GraalVM
 Image configuration:
 - Garbage collector: Serial GC (max heap size: 80% of RAM)
 - Assertions: disabled (class-specific config may apply), system assertions: disabled
------------------------------------------------------------------------------------------------------------------------
 5 experimental option(s) unlocked:
 - '-H:+AllowFoldMethods' (origin(s): command line)
 - '-H:BuildOutputJSONFile' (origin(s): command line)
 - '-H:-UseServiceLoaderFeature' (origin(s): command line)
 - '-H:+GenerateBuildArtifactsFile' (origin(s): command line)
 - '-H:AddOpens' (alternative API option(s): --add-opens java.base/java.lang=ALL-UNNAMED; origin(s): command line)
------------------------------------------------------------------------------------------------------------------------
Build resources:
 - 30.00GiB of memory (48.4% of system memory, capped at 30GiB)
 - 32 thread(s) (100.0% of 32 available processor(s), determined at start)
[2/8] Performing analysis...  [******]                                                                  (8.9s @ 2.53GiB)
   22,659 types,  29,228 fields, and 106,573 methods found reachable
    7,966 types,     169 fields, and   5,203 methods registered for reflection
       63 types,      69 fields, and      55 methods registered for JNI access
      105 resource accesses registered with 188.29KiB total size
        4 native libraries: dl, pthread, rt, z
[3/8] Building universe...                                                                              (3.0s @ 2.91GiB)
[4/8] Parsing methods...      [*]                                                                       (1.3s @ 2.96GiB)
[5/8] Inlining methods...     [****]                                                                    (0.8s @ 3.15GiB)
[6/8] Compiling methods...    [***]                                                                     (8.3s @ 1.91GiB)
[7/8] Laying out methods...   [***]                                                                     (5.8s @ 2.53GiB)
[8/8] Creating image...       [**]                                                                      (3.7s @ 2.90GiB)
  36.10MiB (41.82%) for code area:    71,302 compilation units
  43.88MiB (50.83%) for image heap:  498,388 objects and 16 resources
   6.35MiB ( 7.35%) for other data
  86.32MiB in total image size, 80.57MiB in total file size
------------------------------------------------------------------------------------------------------------------------
Top 10 origins of code area:                                Top 10 object types in image heap:
   1.54MiB java.base/sun.security.ssl                         11.54MiB byte[] for code metadata
   1.05MiB java.base/java.util                                 6.42MiB byte[] for string data
 856.81KiB o.g.n.runtime/com.oracle.svm.core.code              4.32MiB o.g.n.runtime/c.o.s.core.hub.DynamicHubCompanion
 697.47KiB java.base/com.sun.crypto.provider                   4.10MiB java.base/java.lang.String
 637.13KiB jdk.proxy4/jdk.proxy4                               3.36MiB java.base/java.lang.Class
 533.01KiB java.base/java.lang                                 1.43MiB byte[] for reflection metadata
 532.07KiB io.netty.buffer                                     1.31MiB byte[] for general heap data
 506.32KiB java.base/java.lang.invoke                        901.72KiB java.base/java.lang.Object[]
 468.03KiB org.postgresql.jdbc                               832.50KiB java.base/java.lang.reflect.Method
 460.62KiB org.hibernate.query.hql.internal                  799.02KiB o.g.n.runtime/c.o.s.c.h.ImageReflectionMetadata
  27.88MiB for 984 more packages                               8.91MiB for 5204 more object types
------------------------------------------------------------------------------------------------------------------------
Recommendations:
 FUTR: Use '--future-defaults=all' to prepare for future releases.
 HEAP: Set max heap for improved and more predictable memory usage.
 CPU:  Enable more CPU features with '-march=native' for improved performance.
------------------------------------------------------------------------------------------------------------------------
                       3.0s (8.0% of total time) in 330 GCs | Peak RSS: 4.52GiB | CPU load: 15.71
------------------------------------------------------------------------------------------------------------------------
Build artifacts:
 /home/zakkak/spring-quarkus-perf-comparison/spring-quarkus-perf-comparison/quarkus3/target/quarkus3-native-image-source-jar/build-artifacts.json (build_info, 92B)
 /home/zakkak/spring-quarkus-perf-comparison/spring-quarkus-perf-comparison/quarkus3/target/quarkus3-native-image-source-jar/quarkus3-runner (executable, 80.57MiB)
 /home/zakkak/spring-quarkus-perf-comparison/spring-quarkus-perf-comparison/quarkus3/target/quarkus3-native-image-source-jar/quarkus3-runner-build-output-stats.json (build_info, 1.00KiB)
========================================================================================================================
Finished generating 'quarkus3-runner' in 37.2s.

The build process encountered 3 warnings.

[INFO] [io.quarkus.deployment.pkg.steps.NativeImageBuildRunner] objcopy --strip-debug quarkus3-runner
[INFO] [io.quarkus.deployment.QuarkusAugmentor] Quarkus augmentation completed in 40624ms
[INFO] ------------------------------------------------------------------------
[INFO] BUILD SUCCESS
[INFO] ------------------------------------------------------------------------
[INFO] Total time:  43.494 s
[INFO] Finished at: 2026-03-11T19:09:04+02:00
[INFO] ------------------------------------------------------------------------
19:09:05,322 [ test-runner:run-tests-983 @ target-host ] for-each: ITERATION = 0
19:09:05,323 [ test-runner:run-tests-983 @ target-host ] queue-download: ${{REPO_DIR}}/logs/measure-time-to-first-request-${{RUNTIME.name}}-${{ITERATION}}.log=/home/zakkak/spring-quarkus-perf-comparison/logs/measure-time-to-first-request-quarkus3-native-0.log ../../20260311/run-time-initialize-security-providers/target-host/
19:09:05,323 [ test-runner:run-tests-983 @ target-host ] script-cmd: start-test-services
19:09:05,323 [ test-runner:run-tests-983 @ target-host ] start-test-services
19:09:16,478 [ test-runner:run-tests-983 @ target-host ] /home/zakkak/spring-quarkus-perf-comparison/spring-quarkus-perf-comparison/scripts/infra.sh -c 3 -p '4-6' -s
Using podman to start containers
-----------------------------------------
[03/11/2026 19:09:05]: Starting services
-----------------------------------------
Starting PostgreSQL database 'fruits_db'
PostgreSQL DB process: 0153057a7f62b89beeb1959f6b7a70cf210e10db296b5da881d0c6f353298eff
Waiting for PostgreSQL to be ready...
localhost:5432 - no response
localhost:5432 - no response
localhost:5432 - accepting connections
19:09:16,478 [ test-runner:run-tests-983 @ target-host ] script-cmd: sync-drop-fs-cache
19:09:16,479 [ test-runner:run-tests-983 @ target-host ] sync-drop-fs-cache
19:09:16,479 [ test-runner:run-tests-983 @ target-host ] read-state: true
19:09:16,479 [ test-runner:run-tests-983 @ target-host ] regex: true
19:09:16,974 [ test-runner:run-tests-983 @ target-host ] sync
19:09:16,974 [ test-runner:run-tests-983 @ target-host ] script-cmd: sync-drop-fs-cache-${{os}}
19:09:16,974 [ test-runner:run-tests-983 @ target-host ] sync-drop-fs-cache-linux
19:09:16,974 [ test-runner:run-tests-983 @ target-host ] script-cmd: sudo
19:09:16,974 [ test-runner:run-tests-983 @ target-host ] sudo
19:09:16,975 [ test-runner:run-tests-983 @ target-host ] script-cmd: sudo-${{os}}
19:09:16,975 [ test-runner:run-tests-983 @ target-host ] sudo-linux
19:09:17,868 [ test-runner:run-tests-983 @ target-host ] sudo sh -c "echo 3 > /proc/sys/vm/drop_caches"
]3008;start=39c099802e9d4a108461b53edb9664af;user=zakkak;hostname=blanc;machineid=f469a615e9ef4e81b7d5be080a5de373;bootid=0e917e08584a49cb891ef04366e00ace;pid=299090;pidfdid=299091;comm=sudo;targetuser=root;sessionid=c266;type=session\]3008;end=39c099802e9d4a108461b53edb9664af\
19:09:18,280 [ test-runner:run-tests-983 @ target-host ] taskset --cpu-list 0-3 /home/zakkak/spring-quarkus-perf-comparison/spring-quarkus-perf-comparison/quarkus3/target/quarkus3-runner  &>/home/zakkak/spring-quarkus-perf-comparison/logs/measure-time-to-first-request-quarkus3-native-0.log &
[1] 299117
19:09:18,681 [ test-runner:run-tests-983 @ target-host ] APP_PID=$!
19:09:19,136 [ test-runner:run-tests-983 @ target-host ] timeout 60s bash -c "taskset --cpu-list 10 /home/zakkak/spring-quarkus-perf-comparison/spring-quarkus-perf-comparison/scripts/perf-lab/scripts/time-to-1st-request.sh http://localhost:8080/fruits"
39
19:09:19,136 [ test-runner:run-tests-983 @ target-host ] 
19:09:19,136 [ test-runner:run-tests-983 @ target-host ] set-state: START_TIME 39
19:09:19,638 [ test-runner:run-tests-983 @ target-host ] kill -15 $APP_PID
19:09:19,639 [ test-runner:run-tests-983 @ target-host ] script-cmd: state-array-push
19:09:19,639 [ test-runner:run-tests-983 @ target-host ] state-array-push
19:09:19,724 [ test-runner:run-tests-983 @ target-host ] set-state: RUN.output.results.quarkus3-native.startup.timings [39]
19:09:22,127 [ test-runner:run-tests-983 @ target-host ] sleep 2
19:09:22,127 [ test-runner:run-tests-983 @ target-host ] script-cmd: stop-test-services
19:09:22,127 [ test-runner:run-tests-983 @ target-host ] stop-test-services
19:09:22,794 [ test-runner:run-tests-983 @ target-host ] /home/zakkak/spring-quarkus-perf-comparison/spring-quarkus-perf-comparison/scripts/infra.sh -d
Using podman to stop containers
-----------------------------------------
[03/11/2026 19:09:22]: Stopping services
-----------------------------------------
Stopping PostgreSQL database 'fruits_db'
fruits_db
19:09:22,855 [ test-runner:run-tests-983 @ target-host ] for-each: ITERATION = 1
19:09:22,855 [ test-runner:run-tests-983 @ target-host ] queue-download: ${{REPO_DIR}}/logs/measure-time-to-first-request-${{RUNTIME.name}}-${{ITERATION}}.log=/home/zakkak/spring-quarkus-perf-comparison/logs/measure-time-to-first-request-quarkus3-native-1.log ../../20260311/run-time-initialize-security-providers/target-host/
19:09:22,856 [ test-runner:run-tests-983 @ target-host ] script-cmd: start-test-services
19:09:22,856 [ test-runner:run-tests-983 @ target-host ] start-test-services
19:09:34,004 [ test-runner:run-tests-983 @ target-host ] /home/zakkak/spring-quarkus-perf-comparison/spring-quarkus-perf-comparison/scripts/infra.sh -c 3 -p '4-6' -s
Using podman to start containers
-----------------------------------------
[03/11/2026 19:09:22]: Starting services
-----------------------------------------
Starting PostgreSQL database 'fruits_db'
PostgreSQL DB process: ac463a5abe6474c9c313317bf6e8f7872211ba36405c99a0afa865a2e658b373
Waiting for PostgreSQL to be ready...
localhost:5432 - no response
localhost:5432 - no response
localhost:5432 - accepting connections
19:09:34,004 [ test-runner:run-tests-983 @ target-host ] script-cmd: sync-drop-fs-cache
19:09:34,004 [ test-runner:run-tests-983 @ target-host ] sync-drop-fs-cache
19:09:34,004 [ test-runner:run-tests-983 @ target-host ] read-state: true
19:09:34,004 [ test-runner:run-tests-983 @ target-host ] regex: true
19:09:34,587 [ test-runner:run-tests-983 @ target-host ] sync
19:09:34,587 [ test-runner:run-tests-983 @ target-host ] script-cmd: sync-drop-fs-cache-${{os}}
19:09:34,587 [ test-runner:run-tests-983 @ target-host ] sync-drop-fs-cache-linux
19:09:34,587 [ test-runner:run-tests-983 @ target-host ] script-cmd: sudo
19:09:34,587 [ test-runner:run-tests-983 @ target-host ] sudo
19:09:34,587 [ test-runner:run-tests-983 @ target-host ] script-cmd: sudo-${{os}}
19:09:34,587 [ test-runner:run-tests-983 @ target-host ] sudo-linux
19:09:35,378 [ test-runner:run-tests-983 @ target-host ] sudo sh -c "echo 3 > /proc/sys/vm/drop_caches"
]3008;start=e785a6843a204a88b596489fb8af3eb6;user=zakkak;hostname=blanc;machineid=f469a615e9ef4e81b7d5be080a5de373;bootid=0e917e08584a49cb891ef04366e00ace;pid=299549;pidfdid=299550;comm=sudo;targetuser=root;sessionid=c267;type=session\]3008;end=e785a6843a204a88b596489fb8af3eb6\
19:09:35,783 [ test-runner:run-tests-983 @ target-host ] taskset --cpu-list 0-3 /home/zakkak/spring-quarkus-perf-comparison/spring-quarkus-perf-comparison/quarkus3/target/quarkus3-runner  &>/home/zakkak/spring-quarkus-perf-comparison/logs/measure-time-to-first-request-quarkus3-native-1.log &
[1] 299579
19:09:36,184 [ test-runner:run-tests-983 @ target-host ] APP_PID=$!
19:09:36,648 [ test-runner:run-tests-983 @ target-host ] timeout 60s bash -c "taskset --cpu-list 10 /home/zakkak/spring-quarkus-perf-comparison/spring-quarkus-perf-comparison/scripts/perf-lab/scripts/time-to-1st-request.sh http://localhost:8080/fruits"
41
19:09:36,648 [ test-runner:run-tests-983 @ target-host ] 
19:09:36,648 [ test-runner:run-tests-983 @ target-host ] set-state: START_TIME 41
19:09:37,150 [ test-runner:run-tests-983 @ target-host ] kill -15 $APP_PID
19:09:37,150 [ test-runner:run-tests-983 @ target-host ] script-cmd: state-array-push
19:09:37,150 [ test-runner:run-tests-983 @ target-host ] state-array-push
19:09:37,200 [ test-runner:run-tests-983 @ target-host ] set-state: RUN.output.results.quarkus3-native.startup.timings [39,41]
19:09:39,604 [ test-runner:run-tests-983 @ target-host ] sleep 2
19:09:39,604 [ test-runner:run-tests-983 @ target-host ] script-cmd: stop-test-services
19:09:39,604 [ test-runner:run-tests-983 @ target-host ] stop-test-services
19:09:40,243 [ test-runner:run-tests-983 @ target-host ] /home/zakkak/spring-quarkus-perf-comparison/spring-quarkus-perf-comparison/scripts/infra.sh -d
Using podman to stop containers
-----------------------------------------
[03/11/2026 19:09:39]: Stopping services
-----------------------------------------
Stopping PostgreSQL database 'fruits_db'
fruits_db
19:09:40,303 [ test-runner:run-tests-983 @ target-host ] for-each: ITERATION = 2
19:09:40,303 [ test-runner:run-tests-983 @ target-host ] queue-download: ${{REPO_DIR}}/logs/measure-time-to-first-request-${{RUNTIME.name}}-${{ITERATION}}.log=/home/zakkak/spring-quarkus-perf-comparison/logs/measure-time-to-first-request-quarkus3-native-2.log ../../20260311/run-time-initialize-security-providers/target-host/
19:09:40,304 [ test-runner:run-tests-983 @ target-host ] script-cmd: start-test-services
19:09:40,304 [ test-runner:run-tests-983 @ target-host ] start-test-services
19:09:51,387 [ test-runner:run-tests-983 @ target-host ] /home/zakkak/spring-quarkus-perf-comparison/spring-quarkus-perf-comparison/scripts/infra.sh -c 3 -p '4-6' -s
Using podman to start containers
-----------------------------------------
[03/11/2026 19:09:40]: Starting services
-----------------------------------------
Starting PostgreSQL database 'fruits_db'
PostgreSQL DB process: 139168ad15a8144aa54adea11f9e0d71ce3f765aaa69484c278a50460ddbaa03
Waiting for PostgreSQL to be ready...
localhost:5432 - no response
localhost:5432 - no response
localhost:5432 - accepting connections
19:09:51,387 [ test-runner:run-tests-983 @ target-host ] script-cmd: sync-drop-fs-cache
19:09:51,387 [ test-runner:run-tests-983 @ target-host ] sync-drop-fs-cache
19:09:51,387 [ test-runner:run-tests-983 @ target-host ] read-state: true
19:09:51,387 [ test-runner:run-tests-983 @ target-host ] regex: true
19:09:51,996 [ test-runner:run-tests-983 @ target-host ] sync
19:09:51,996 [ test-runner:run-tests-983 @ target-host ] script-cmd: sync-drop-fs-cache-${{os}}
19:09:51,996 [ test-runner:run-tests-983 @ target-host ] sync-drop-fs-cache-linux
19:09:51,996 [ test-runner:run-tests-983 @ target-host ] script-cmd: sudo
19:09:51,996 [ test-runner:run-tests-983 @ target-host ] sudo
19:09:51,996 [ test-runner:run-tests-983 @ target-host ] script-cmd: sudo-${{os}}
19:09:51,997 [ test-runner:run-tests-983 @ target-host ] sudo-linux
19:09:52,795 [ test-runner:run-tests-983 @ target-host ] sudo sh -c "echo 3 > /proc/sys/vm/drop_caches"
]3008;start=a87871d872d04364a51a870af781639f;user=zakkak;hostname=blanc;machineid=f469a615e9ef4e81b7d5be080a5de373;bootid=0e917e08584a49cb891ef04366e00ace;pid=300005;pidfdid=300006;comm=sudo;targetuser=root;sessionid=c268;type=session\]3008;end=a87871d872d04364a51a870af781639f\
19:09:53,199 [ test-runner:run-tests-983 @ target-host ] taskset --cpu-list 0-3 /home/zakkak/spring-quarkus-perf-comparison/spring-quarkus-perf-comparison/quarkus3/target/quarkus3-runner  &>/home/zakkak/spring-quarkus-perf-comparison/logs/measure-time-to-first-request-quarkus3-native-2.log &
[1] 300032
19:09:53,600 [ test-runner:run-tests-983 @ target-host ] APP_PID=$!
19:09:54,046 [ test-runner:run-tests-983 @ target-host ] timeout 60s bash -c "taskset --cpu-list 10 /home/zakkak/spring-quarkus-perf-comparison/spring-quarkus-perf-comparison/scripts/perf-lab/scripts/time-to-1st-request.sh http://localhost:8080/fruits"
33
19:09:54,046 [ test-runner:run-tests-983 @ target-host ] 
19:09:54,046 [ test-runner:run-tests-983 @ target-host ] set-state: START_TIME 33
19:09:54,548 [ test-runner:run-tests-983 @ target-host ] kill -15 $APP_PID
19:09:54,548 [ test-runner:run-tests-983 @ target-host ] script-cmd: state-array-push
19:09:54,548 [ test-runner:run-tests-983 @ target-host ] state-array-push
19:09:54,596 [ test-runner:run-tests-983 @ target-host ] set-state: RUN.output.results.quarkus3-native.startup.timings [39,41,33]
19:09:57,000 [ test-runner:run-tests-983 @ target-host ] sleep 2
19:09:57,000 [ test-runner:run-tests-983 @ target-host ] script-cmd: stop-test-services
19:09:57,000 [ test-runner:run-tests-983 @ target-host ] stop-test-services
19:09:57,635 [ test-runner:run-tests-983 @ target-host ] /home/zakkak/spring-quarkus-perf-comparison/spring-quarkus-perf-comparison/scripts/infra.sh -d
Using podman to stop containers
-----------------------------------------
[03/11/2026 19:09:57]: Stopping services
-----------------------------------------
Stopping PostgreSQL database 'fruits_db'
fruits_db
19:09:57,693 [ test-runner:run-tests-983 @ target-host ] for-each: ITERATION = 3
19:09:57,693 [ test-runner:run-tests-983 @ target-host ] queue-download: ${{REPO_DIR}}/logs/measure-time-to-first-request-${{RUNTIME.name}}-${{ITERATION}}.log=/home/zakkak/spring-quarkus-perf-comparison/logs/measure-time-to-first-request-quarkus3-native-3.log ../../20260311/run-time-initialize-security-providers/target-host/
19:09:57,693 [ test-runner:run-tests-983 @ target-host ] script-cmd: start-test-services
19:09:57,693 [ test-runner:run-tests-983 @ target-host ] start-test-services
19:10:08,784 [ test-runner:run-tests-983 @ target-host ] /home/zakkak/spring-quarkus-perf-comparison/spring-quarkus-perf-comparison/scripts/infra.sh -c 3 -p '4-6' -s
Using podman to start containers
-----------------------------------------
[03/11/2026 19:09:57]: Starting services
-----------------------------------------
Starting PostgreSQL database 'fruits_db'
PostgreSQL DB process: 4c2b71b7b2cc207efa6391b362893284c49b017c1f8c09e4c5ea5c05ec976520
Waiting for PostgreSQL to be ready...
localhost:5432 - no response
localhost:5432 - no response
localhost:5432 - accepting connections
19:10:08,784 [ test-runner:run-tests-983 @ target-host ] script-cmd: sync-drop-fs-cache
19:10:08,784 [ test-runner:run-tests-983 @ target-host ] sync-drop-fs-cache
19:10:08,784 [ test-runner:run-tests-983 @ target-host ] read-state: true
19:10:08,784 [ test-runner:run-tests-983 @ target-host ] regex: true
19:10:09,345 [ test-runner:run-tests-983 @ target-host ] sync
19:10:09,345 [ test-runner:run-tests-983 @ target-host ] script-cmd: sync-drop-fs-cache-${{os}}
19:10:09,346 [ test-runner:run-tests-983 @ target-host ] sync-drop-fs-cache-linux
19:10:09,346 [ test-runner:run-tests-983 @ target-host ] script-cmd: sudo
19:10:09,346 [ test-runner:run-tests-983 @ target-host ] sudo
19:10:09,346 [ test-runner:run-tests-983 @ target-host ] script-cmd: sudo-${{os}}
19:10:09,346 [ test-runner:run-tests-983 @ target-host ] sudo-linux
19:10:10,108 [ test-runner:run-tests-983 @ target-host ] sudo sh -c "echo 3 > /proc/sys/vm/drop_caches"
]3008;start=9ba47ae576e34a1fbb8867a0235c87db;user=zakkak;hostname=blanc;machineid=f469a615e9ef4e81b7d5be080a5de373;bootid=0e917e08584a49cb891ef04366e00ace;pid=300456;pidfdid=300457;comm=sudo;targetuser=root;sessionid=c269;type=session\]3008;end=9ba47ae576e34a1fbb8867a0235c87db\
19:10:10,519 [ test-runner:run-tests-983 @ target-host ] taskset --cpu-list 0-3 /home/zakkak/spring-quarkus-perf-comparison/spring-quarkus-perf-comparison/quarkus3/target/quarkus3-runner  &>/home/zakkak/spring-quarkus-perf-comparison/logs/measure-time-to-first-request-quarkus3-native-3.log &
[1] 300487
19:10:10,921 [ test-runner:run-tests-983 @ target-host ] APP_PID=$!
19:10:11,384 [ test-runner:run-tests-983 @ target-host ] timeout 60s bash -c "taskset --cpu-list 10 /home/zakkak/spring-quarkus-perf-comparison/spring-quarkus-perf-comparison/scripts/perf-lab/scripts/time-to-1st-request.sh http://localhost:8080/fruits"
40
19:10:11,384 [ test-runner:run-tests-983 @ target-host ] 
19:10:11,384 [ test-runner:run-tests-983 @ target-host ] set-state: START_TIME 40
19:10:11,886 [ test-runner:run-tests-983 @ target-host ] kill -15 $APP_PID
19:10:11,887 [ test-runner:run-tests-983 @ target-host ] script-cmd: state-array-push
19:10:11,887 [ test-runner:run-tests-983 @ target-host ] state-array-push
19:10:11,935 [ test-runner:run-tests-983 @ target-host ] set-state: RUN.output.results.quarkus3-native.startup.timings [39,41,33,40]
19:10:14,339 [ test-runner:run-tests-983 @ target-host ] sleep 2
19:10:14,339 [ test-runner:run-tests-983 @ target-host ] script-cmd: stop-test-services
19:10:14,339 [ test-runner:run-tests-983 @ target-host ] stop-test-services
19:10:14,974 [ test-runner:run-tests-983 @ target-host ] /home/zakkak/spring-quarkus-perf-comparison/spring-quarkus-perf-comparison/scripts/infra.sh -d
Using podman to stop containers
-----------------------------------------
[03/11/2026 19:10:14]: Stopping services
-----------------------------------------
Stopping PostgreSQL database 'fruits_db'
fruits_db
19:10:15,044 [ test-runner:run-tests-983 @ target-host ] for-each: ITERATION = 4
19:10:15,045 [ test-runner:run-tests-983 @ target-host ] queue-download: ${{REPO_DIR}}/logs/measure-time-to-first-request-${{RUNTIME.name}}-${{ITERATION}}.log=/home/zakkak/spring-quarkus-perf-comparison/logs/measure-time-to-first-request-quarkus3-native-4.log ../../20260311/run-time-initialize-security-providers/target-host/
19:10:15,045 [ test-runner:run-tests-983 @ target-host ] script-cmd: start-test-services
19:10:15,045 [ test-runner:run-tests-983 @ target-host ] start-test-services
19:10:26,133 [ test-runner:run-tests-983 @ target-host ] /home/zakkak/spring-quarkus-perf-comparison/spring-quarkus-perf-comparison/scripts/infra.sh -c 3 -p '4-6' -s
Using podman to start containers
-----------------------------------------
[03/11/2026 19:10:15]: Starting services
-----------------------------------------
Starting PostgreSQL database 'fruits_db'
PostgreSQL DB process: 6368d092148b6dda2f47c30903cd0484470561fd4378fdcf948ec14cf33ebee3
Waiting for PostgreSQL to be ready...
localhost:5432 - no response
localhost:5432 - no response
localhost:5432 - accepting connections
19:10:26,133 [ test-runner:run-tests-983 @ target-host ] script-cmd: sync-drop-fs-cache
19:10:26,133 [ test-runner:run-tests-983 @ target-host ] sync-drop-fs-cache
19:10:26,133 [ test-runner:run-tests-983 @ target-host ] read-state: true
19:10:26,133 [ test-runner:run-tests-983 @ target-host ] regex: true
19:10:26,767 [ test-runner:run-tests-983 @ target-host ] sync
19:10:26,767 [ test-runner:run-tests-983 @ target-host ] script-cmd: sync-drop-fs-cache-${{os}}
19:10:26,767 [ test-runner:run-tests-983 @ target-host ] sync-drop-fs-cache-linux
19:10:26,767 [ test-runner:run-tests-983 @ target-host ] script-cmd: sudo
19:10:26,767 [ test-runner:run-tests-983 @ target-host ] sudo
19:10:26,768 [ test-runner:run-tests-983 @ target-host ] script-cmd: sudo-${{os}}
19:10:26,768 [ test-runner:run-tests-983 @ target-host ] sudo-linux
19:10:27,555 [ test-runner:run-tests-983 @ target-host ] sudo sh -c "echo 3 > /proc/sys/vm/drop_caches"
]3008;start=e150d2455dd3453e9b1a37ebef22d8cd;user=zakkak;hostname=blanc;machineid=f469a615e9ef4e81b7d5be080a5de373;bootid=0e917e08584a49cb891ef04366e00ace;pid=300914;pidfdid=300915;comm=sudo;targetuser=root;sessionid=c270;type=session\]3008;end=e150d2455dd3453e9b1a37ebef22d8cd\
19:10:27,960 [ test-runner:run-tests-983 @ target-host ] taskset --cpu-list 0-3 /home/zakkak/spring-quarkus-perf-comparison/spring-quarkus-perf-comparison/quarkus3/target/quarkus3-runner  &>/home/zakkak/spring-quarkus-perf-comparison/logs/measure-time-to-first-request-quarkus3-native-4.log &
[1] 300944
19:10:28,361 [ test-runner:run-tests-983 @ target-host ] APP_PID=$!
19:10:28,825 [ test-runner:run-tests-983 @ target-host ] timeout 60s bash -c "taskset --cpu-list 10 /home/zakkak/spring-quarkus-perf-comparison/spring-quarkus-perf-comparison/scripts/perf-lab/scripts/time-to-1st-request.sh http://localhost:8080/fruits"
42
19:10:28,826 [ test-runner:run-tests-983 @ target-host ] 
19:10:28,826 [ test-runner:run-tests-983 @ target-host ] set-state: START_TIME 42
19:10:29,328 [ test-runner:run-tests-983 @ target-host ] kill -15 $APP_PID
19:10:29,328 [ test-runner:run-tests-983 @ target-host ] script-cmd: state-array-push
19:10:29,328 [ test-runner:run-tests-983 @ target-host ] state-array-push
19:10:29,376 [ test-runner:run-tests-983 @ target-host ] set-state: RUN.output.results.quarkus3-native.startup.timings [39,41,33,40,42]
19:10:31,779 [ test-runner:run-tests-983 @ target-host ] sleep 2
19:10:31,779 [ test-runner:run-tests-983 @ target-host ] script-cmd: stop-test-services
19:10:31,779 [ test-runner:run-tests-983 @ target-host ] stop-test-services
19:10:32,429 [ test-runner:run-tests-983 @ target-host ] /home/zakkak/spring-quarkus-perf-comparison/spring-quarkus-perf-comparison/scripts/infra.sh -d
Using podman to stop containers
-----------------------------------------
[03/11/2026 19:10:31]: Stopping services
-----------------------------------------
Stopping PostgreSQL database 'fruits_db'
fruits_db
19:10:32,485 [ test-runner:run-tests-983 @ target-host ] for-each: ITERATION = 5
19:10:32,486 [ test-runner:run-tests-983 @ target-host ] queue-download: ${{REPO_DIR}}/logs/measure-time-to-first-request-${{RUNTIME.name}}-${{ITERATION}}.log=/home/zakkak/spring-quarkus-perf-comparison/logs/measure-time-to-first-request-quarkus3-native-5.log ../../20260311/run-time-initialize-security-providers/target-host/
19:10:32,486 [ test-runner:run-tests-983 @ target-host ] script-cmd: start-test-services
19:10:32,486 [ test-runner:run-tests-983 @ target-host ] start-test-services
19:10:43,592 [ test-runner:run-tests-983 @ target-host ] /home/zakkak/spring-quarkus-perf-comparison/spring-quarkus-perf-comparison/scripts/infra.sh -c 3 -p '4-6' -s
Using podman to start containers
-----------------------------------------
[03/11/2026 19:10:32]: Starting services
-----------------------------------------
Starting PostgreSQL database 'fruits_db'
PostgreSQL DB process: 233c431c659766889d3c91d17c6797908e17785f4426554528fa0e7a8f62d6a7
Waiting for PostgreSQL to be ready...
localhost:5432 - no response
localhost:5432 - no response
localhost:5432 - accepting connections
19:10:43,592 [ test-runner:run-tests-983 @ target-host ] script-cmd: sync-drop-fs-cache
19:10:43,592 [ test-runner:run-tests-983 @ target-host ] sync-drop-fs-cache
19:10:43,592 [ test-runner:run-tests-983 @ target-host ] read-state: true
19:10:43,593 [ test-runner:run-tests-983 @ target-host ] regex: true
19:10:44,137 [ test-runner:run-tests-983 @ target-host ] sync
19:10:44,137 [ test-runner:run-tests-983 @ target-host ] script-cmd: sync-drop-fs-cache-${{os}}
19:10:44,137 [ test-runner:run-tests-983 @ target-host ] sync-drop-fs-cache-linux
19:10:44,137 [ test-runner:run-tests-983 @ target-host ] script-cmd: sudo
19:10:44,137 [ test-runner:run-tests-983 @ target-host ] sudo
19:10:44,137 [ test-runner:run-tests-983 @ target-host ] script-cmd: sudo-${{os}}
19:10:44,137 [ test-runner:run-tests-983 @ target-host ] sudo-linux
19:10:44,908 [ test-runner:run-tests-983 @ target-host ] sudo sh -c "echo 3 > /proc/sys/vm/drop_caches"
]3008;start=d9ceef9608e34108be29cf9c4bd802bd;user=zakkak;hostname=blanc;machineid=f469a615e9ef4e81b7d5be080a5de373;bootid=0e917e08584a49cb891ef04366e00ace;pid=301362;pidfdid=301363;comm=sudo;targetuser=root;sessionid=c271;type=session\]3008;end=d9ceef9608e34108be29cf9c4bd802bd\
19:10:45,312 [ test-runner:run-tests-983 @ target-host ] taskset --cpu-list 0-3 /home/zakkak/spring-quarkus-perf-comparison/spring-quarkus-perf-comparison/quarkus3/target/quarkus3-runner  &>/home/zakkak/spring-quarkus-perf-comparison/logs/measure-time-to-first-request-quarkus3-native-5.log &
[1] 301391
19:10:45,714 [ test-runner:run-tests-983 @ target-host ] APP_PID=$!
19:10:46,159 [ test-runner:run-tests-983 @ target-host ] timeout 60s bash -c "taskset --cpu-list 10 /home/zakkak/spring-quarkus-perf-comparison/spring-quarkus-perf-comparison/scripts/perf-lab/scripts/time-to-1st-request.sh http://localhost:8080/fruits"
33
19:10:46,159 [ test-runner:run-tests-983 @ target-host ] 
19:10:46,159 [ test-runner:run-tests-983 @ target-host ] set-state: START_TIME 33
19:10:46,661 [ test-runner:run-tests-983 @ target-host ] kill -15 $APP_PID
19:10:46,661 [ test-runner:run-tests-983 @ target-host ] script-cmd: state-array-push
19:10:46,661 [ test-runner:run-tests-983 @ target-host ] state-array-push
19:10:46,703 [ test-runner:run-tests-983 @ target-host ] set-state: RUN.output.results.quarkus3-native.startup.timings [39,41,33,40,42,33]
19:10:49,106 [ test-runner:run-tests-983 @ target-host ] sleep 2
19:10:49,106 [ test-runner:run-tests-983 @ target-host ] script-cmd: stop-test-services
19:10:49,106 [ test-runner:run-tests-983 @ target-host ] stop-test-services
19:10:49,749 [ test-runner:run-tests-983 @ target-host ] /home/zakkak/spring-quarkus-perf-comparison/spring-quarkus-perf-comparison/scripts/infra.sh -d
Using podman to stop containers
-----------------------------------------
[03/11/2026 19:10:49]: Stopping services
-----------------------------------------
Stopping PostgreSQL database 'fruits_db'
fruits_db
19:10:49,807 [ test-runner:run-tests-983 @ target-host ] for-each: ITERATION = 6
19:10:49,807 [ test-runner:run-tests-983 @ target-host ] queue-download: ${{REPO_DIR}}/logs/measure-time-to-first-request-${{RUNTIME.name}}-${{ITERATION}}.log=/home/zakkak/spring-quarkus-perf-comparison/logs/measure-time-to-first-request-quarkus3-native-6.log ../../20260311/run-time-initialize-security-providers/target-host/
19:10:49,807 [ test-runner:run-tests-983 @ target-host ] script-cmd: start-test-services
19:10:49,807 [ test-runner:run-tests-983 @ target-host ] start-test-services
19:11:00,899 [ test-runner:run-tests-983 @ target-host ] /home/zakkak/spring-quarkus-perf-comparison/spring-quarkus-perf-comparison/scripts/infra.sh -c 3 -p '4-6' -s
Using podman to start containers
-----------------------------------------
[03/11/2026 19:10:49]: Starting services
-----------------------------------------
Starting PostgreSQL database 'fruits_db'
PostgreSQL DB process: 493e220cd1c53e44303a49b1bfcd8647caf2fc4ea7abbb41718b9c3ebdec4fb0
Waiting for PostgreSQL to be ready...
localhost:5432 - no response
localhost:5432 - no response
localhost:5432 - accepting connections
19:11:00,900 [ test-runner:run-tests-983 @ target-host ] script-cmd: sync-drop-fs-cache
19:11:00,900 [ test-runner:run-tests-983 @ target-host ] sync-drop-fs-cache
19:11:00,900 [ test-runner:run-tests-983 @ target-host ] read-state: true
19:11:00,900 [ test-runner:run-tests-983 @ target-host ] regex: true
19:11:01,508 [ test-runner:run-tests-983 @ target-host ] sync
19:11:01,508 [ test-runner:run-tests-983 @ target-host ] script-cmd: sync-drop-fs-cache-${{os}}
19:11:01,508 [ test-runner:run-tests-983 @ target-host ] sync-drop-fs-cache-linux
19:11:01,508 [ test-runner:run-tests-983 @ target-host ] script-cmd: sudo
19:11:01,508 [ test-runner:run-tests-983 @ target-host ] sudo
19:11:01,508 [ test-runner:run-tests-983 @ target-host ] script-cmd: sudo-${{os}}
19:11:01,508 [ test-runner:run-tests-983 @ target-host ] sudo-linux
19:11:02,273 [ test-runner:run-tests-983 @ target-host ] sudo sh -c "echo 3 > /proc/sys/vm/drop_caches"
]3008;start=1b54b4c0b6274eb0a84408da77fa6d12;user=zakkak;hostname=blanc;machineid=f469a615e9ef4e81b7d5be080a5de373;bootid=0e917e08584a49cb891ef04366e00ace;pid=301811;pidfdid=301812;comm=sudo;targetuser=root;sessionid=c272;type=session\]3008;end=1b54b4c0b6274eb0a84408da77fa6d12\
19:11:02,677 [ test-runner:run-tests-983 @ target-host ] taskset --cpu-list 0-3 /home/zakkak/spring-quarkus-perf-comparison/spring-quarkus-perf-comparison/quarkus3/target/quarkus3-runner  &>/home/zakkak/spring-quarkus-perf-comparison/logs/measure-time-to-first-request-quarkus3-native-6.log &
[1] 301838
19:11:03,078 [ test-runner:run-tests-983 @ target-host ] APP_PID=$!
19:11:03,543 [ test-runner:run-tests-983 @ target-host ] timeout 60s bash -c "taskset --cpu-list 10 /home/zakkak/spring-quarkus-perf-comparison/spring-quarkus-perf-comparison/scripts/perf-lab/scripts/time-to-1st-request.sh http://localhost:8080/fruits"
42
19:11:03,543 [ test-runner:run-tests-983 @ target-host ] 
19:11:03,544 [ test-runner:run-tests-983 @ target-host ] set-state: START_TIME 42
19:11:04,046 [ test-runner:run-tests-983 @ target-host ] kill -15 $APP_PID
19:11:04,046 [ test-runner:run-tests-983 @ target-host ] script-cmd: state-array-push
19:11:04,046 [ test-runner:run-tests-983 @ target-host ] state-array-push
19:11:04,097 [ test-runner:run-tests-983 @ target-host ] set-state: RUN.output.results.quarkus3-native.startup.timings [39,41,33,40,42,33,42]
19:11:06,500 [ test-runner:run-tests-983 @ target-host ] sleep 2
19:11:06,500 [ test-runner:run-tests-983 @ target-host ] script-cmd: stop-test-services
19:11:06,500 [ test-runner:run-tests-983 @ target-host ] stop-test-services
19:11:07,136 [ test-runner:run-tests-983 @ target-host ] /home/zakkak/spring-quarkus-perf-comparison/spring-quarkus-perf-comparison/scripts/infra.sh -d
Using podman to stop containers
-----------------------------------------
[03/11/2026 19:11:06]: Stopping services
-----------------------------------------
Stopping PostgreSQL database 'fruits_db'
fruits_db
19:11:07,208 [ test-runner:run-tests-983 @ target-host ] for-each: ITERATION = 7
19:11:07,209 [ test-runner:run-tests-983 @ target-host ] queue-download: ${{REPO_DIR}}/logs/measure-time-to-first-request-${{RUNTIME.name}}-${{ITERATION}}.log=/home/zakkak/spring-quarkus-perf-comparison/logs/measure-time-to-first-request-quarkus3-native-7.log ../../20260311/run-time-initialize-security-providers/target-host/
19:11:07,209 [ test-runner:run-tests-983 @ target-host ] script-cmd: start-test-services
19:11:07,209 [ test-runner:run-tests-983 @ target-host ] start-test-services
19:11:18,296 [ test-runner:run-tests-983 @ target-host ] /home/zakkak/spring-quarkus-perf-comparison/spring-quarkus-perf-comparison/scripts/infra.sh -c 3 -p '4-6' -s
Using podman to start containers
-----------------------------------------
[03/11/2026 19:11:07]: Starting services
-----------------------------------------
Starting PostgreSQL database 'fruits_db'
PostgreSQL DB process: 7cc8f0427f08918b6568db5c2214679a538cb208438afd9edb7072efdb64691b
Waiting for PostgreSQL to be ready...
localhost:5432 - no response
localhost:5432 - no response
localhost:5432 - accepting connections
19:11:18,296 [ test-runner:run-tests-983 @ target-host ] script-cmd: sync-drop-fs-cache
19:11:18,296 [ test-runner:run-tests-983 @ target-host ] sync-drop-fs-cache
19:11:18,297 [ test-runner:run-tests-983 @ target-host ] read-state: true
19:11:18,297 [ test-runner:run-tests-983 @ target-host ] regex: true
19:11:18,842 [ test-runner:run-tests-983 @ target-host ] sync
19:11:18,843 [ test-runner:run-tests-983 @ target-host ] script-cmd: sync-drop-fs-cache-${{os}}
19:11:18,843 [ test-runner:run-tests-983 @ target-host ] sync-drop-fs-cache-linux
19:11:18,843 [ test-runner:run-tests-983 @ target-host ] script-cmd: sudo
19:11:18,843 [ test-runner:run-tests-983 @ target-host ] sudo
19:11:18,843 [ test-runner:run-tests-983 @ target-host ] script-cmd: sudo-${{os}}
19:11:18,843 [ test-runner:run-tests-983 @ target-host ] sudo-linux
19:11:19,607 [ test-runner:run-tests-983 @ target-host ] sudo sh -c "echo 3 > /proc/sys/vm/drop_caches"
]3008;start=86f5949b8af247e28a2672fb8dee9d89;user=zakkak;hostname=blanc;machineid=f469a615e9ef4e81b7d5be080a5de373;bootid=0e917e08584a49cb891ef04366e00ace;pid=302256;pidfdid=302257;comm=sudo;targetuser=root;sessionid=c273;type=session\]3008;end=86f5949b8af247e28a2672fb8dee9d89\
19:11:20,012 [ test-runner:run-tests-983 @ target-host ] taskset --cpu-list 0-3 /home/zakkak/spring-quarkus-perf-comparison/spring-quarkus-perf-comparison/quarkus3/target/quarkus3-runner  &>/home/zakkak/spring-quarkus-perf-comparison/logs/measure-time-to-first-request-quarkus3-native-7.log &
[1] 302286
19:11:20,414 [ test-runner:run-tests-983 @ target-host ] APP_PID=$!
19:11:20,879 [ test-runner:run-tests-983 @ target-host ] timeout 60s bash -c "taskset --cpu-list 10 /home/zakkak/spring-quarkus-perf-comparison/spring-quarkus-perf-comparison/scripts/perf-lab/scripts/time-to-1st-request.sh http://localhost:8080/fruits"
42
19:11:20,879 [ test-runner:run-tests-983 @ target-host ] 
19:11:20,879 [ test-runner:run-tests-983 @ target-host ] set-state: START_TIME 42
19:11:21,381 [ test-runner:run-tests-983 @ target-host ] kill -15 $APP_PID
19:11:21,381 [ test-runner:run-tests-983 @ target-host ] script-cmd: state-array-push
19:11:21,381 [ test-runner:run-tests-983 @ target-host ] state-array-push
19:11:21,428 [ test-runner:run-tests-983 @ target-host ] set-state: RUN.output.results.quarkus3-native.startup.timings [39,41,33,40,42,33,42,42]
19:11:23,831 [ test-runner:run-tests-983 @ target-host ] sleep 2
19:11:23,832 [ test-runner:run-tests-983 @ target-host ] script-cmd: stop-test-services
19:11:23,832 [ test-runner:run-tests-983 @ target-host ] stop-test-services
19:11:24,479 [ test-runner:run-tests-983 @ target-host ] /home/zakkak/spring-quarkus-perf-comparison/spring-quarkus-perf-comparison/scripts/infra.sh -d
Using podman to stop containers
-----------------------------------------
[03/11/2026 19:11:23]: Stopping services
-----------------------------------------
Stopping PostgreSQL database 'fruits_db'
fruits_db
19:11:24,537 [ test-runner:run-tests-983 @ target-host ] for-each: ITERATION = 8
19:11:24,537 [ test-runner:run-tests-983 @ target-host ] queue-download: ${{REPO_DIR}}/logs/measure-time-to-first-request-${{RUNTIME.name}}-${{ITERATION}}.log=/home/zakkak/spring-quarkus-perf-comparison/logs/measure-time-to-first-request-quarkus3-native-8.log ../../20260311/run-time-initialize-security-providers/target-host/
19:11:24,537 [ test-runner:run-tests-983 @ target-host ] script-cmd: start-test-services
19:11:24,537 [ test-runner:run-tests-983 @ target-host ] start-test-services
19:11:35,649 [ test-runner:run-tests-983 @ target-host ] /home/zakkak/spring-quarkus-perf-comparison/spring-quarkus-perf-comparison/scripts/infra.sh -c 3 -p '4-6' -s
Using podman to start containers
-----------------------------------------
[03/11/2026 19:11:24]: Starting services
-----------------------------------------
Starting PostgreSQL database 'fruits_db'
PostgreSQL DB process: 117db9bf156f230d5427a16dec95b3ea6badbba211dff2fb3ca326ebff7f2216
Waiting for PostgreSQL to be ready...
localhost:5432 - no response
localhost:5432 - no response
localhost:5432 - accepting connections
19:11:35,649 [ test-runner:run-tests-983 @ target-host ] script-cmd: sync-drop-fs-cache
19:11:35,649 [ test-runner:run-tests-983 @ target-host ] sync-drop-fs-cache
19:11:35,649 [ test-runner:run-tests-983 @ target-host ] read-state: true
19:11:35,649 [ test-runner:run-tests-983 @ target-host ] regex: true
19:11:36,234 [ test-runner:run-tests-983 @ target-host ] sync
19:11:36,234 [ test-runner:run-tests-983 @ target-host ] script-cmd: sync-drop-fs-cache-${{os}}
19:11:36,234 [ test-runner:run-tests-983 @ target-host ] sync-drop-fs-cache-linux
19:11:36,234 [ test-runner:run-tests-983 @ target-host ] script-cmd: sudo
19:11:36,234 [ test-runner:run-tests-983 @ target-host ] sudo
19:11:36,235 [ test-runner:run-tests-983 @ target-host ] script-cmd: sudo-${{os}}
19:11:36,235 [ test-runner:run-tests-983 @ target-host ] sudo-linux
19:11:37,004 [ test-runner:run-tests-983 @ target-host ] sudo sh -c "echo 3 > /proc/sys/vm/drop_caches"
]3008;start=6c70bead4d644d998c808a96c879999c;user=zakkak;hostname=blanc;machineid=f469a615e9ef4e81b7d5be080a5de373;bootid=0e917e08584a49cb891ef04366e00ace;pid=302710;pidfdid=302711;comm=sudo;targetuser=root;sessionid=c274;type=session\]3008;end=6c70bead4d644d998c808a96c879999c\
19:11:37,407 [ test-runner:run-tests-983 @ target-host ] taskset --cpu-list 0-3 /home/zakkak/spring-quarkus-perf-comparison/spring-quarkus-perf-comparison/quarkus3/target/quarkus3-runner  &>/home/zakkak/spring-quarkus-perf-comparison/logs/measure-time-to-first-request-quarkus3-native-8.log &
[1] 302740
19:11:37,808 [ test-runner:run-tests-983 @ target-host ] APP_PID=$!
19:11:38,257 [ test-runner:run-tests-983 @ target-host ] timeout 60s bash -c "taskset --cpu-list 10 /home/zakkak/spring-quarkus-perf-comparison/spring-quarkus-perf-comparison/scripts/perf-lab/scripts/time-to-1st-request.sh http://localhost:8080/fruits"
32
19:11:38,257 [ test-runner:run-tests-983 @ target-host ] 
19:11:38,257 [ test-runner:run-tests-983 @ target-host ] set-state: START_TIME 32
19:11:38,759 [ test-runner:run-tests-983 @ target-host ] kill -15 $APP_PID
19:11:38,759 [ test-runner:run-tests-983 @ target-host ] script-cmd: state-array-push
19:11:38,759 [ test-runner:run-tests-983 @ target-host ] state-array-push
19:11:38,801 [ test-runner:run-tests-983 @ target-host ] set-state: RUN.output.results.quarkus3-native.startup.timings [39,41,33,40,42,33,42,42,32]
19:11:41,205 [ test-runner:run-tests-983 @ target-host ] sleep 2
19:11:41,205 [ test-runner:run-tests-983 @ target-host ] script-cmd: stop-test-services
19:11:41,205 [ test-runner:run-tests-983 @ target-host ] stop-test-services
19:11:41,840 [ test-runner:run-tests-983 @ target-host ] /home/zakkak/spring-quarkus-perf-comparison/spring-quarkus-perf-comparison/scripts/infra.sh -d
Using podman to stop containers
-----------------------------------------
[03/11/2026 19:11:41]: Stopping services
-----------------------------------------
Stopping PostgreSQL database 'fruits_db'
fruits_db
19:11:41,909 [ test-runner:run-tests-983 @ target-host ] for-each: ITERATION = 9
19:11:41,909 [ test-runner:run-tests-983 @ target-host ] queue-download: ${{REPO_DIR}}/logs/measure-time-to-first-request-${{RUNTIME.name}}-${{ITERATION}}.log=/home/zakkak/spring-quarkus-perf-comparison/logs/measure-time-to-first-request-quarkus3-native-9.log ../../20260311/run-time-initialize-security-providers/target-host/
19:11:41,910 [ test-runner:run-tests-983 @ target-host ] script-cmd: start-test-services
19:11:41,910 [ test-runner:run-tests-983 @ target-host ] start-test-services
19:11:53,013 [ test-runner:run-tests-983 @ target-host ] /home/zakkak/spring-quarkus-perf-comparison/spring-quarkus-perf-comparison/scripts/infra.sh -c 3 -p '4-6' -s
Using podman to start containers
-----------------------------------------
[03/11/2026 19:11:41]: Starting services
-----------------------------------------
Starting PostgreSQL database 'fruits_db'
PostgreSQL DB process: cccaf8725a4a02334e25d70fe25b9e5f8f6f3f69aab4e61378ef21c76502e379
Waiting for PostgreSQL to be ready...
localhost:5432 - no response
localhost:5432 - no response
localhost:5432 - accepting connections
19:11:53,014 [ test-runner:run-tests-983 @ target-host ] script-cmd: sync-drop-fs-cache
19:11:53,014 [ test-runner:run-tests-983 @ target-host ] sync-drop-fs-cache
19:11:53,014 [ test-runner:run-tests-983 @ target-host ] read-state: true
19:11:53,014 [ test-runner:run-tests-983 @ target-host ] regex: true
19:11:53,559 [ test-runner:run-tests-983 @ target-host ] sync
19:11:53,560 [ test-runner:run-tests-983 @ target-host ] script-cmd: sync-drop-fs-cache-${{os}}
19:11:53,560 [ test-runner:run-tests-983 @ target-host ] sync-drop-fs-cache-linux
19:11:53,560 [ test-runner:run-tests-983 @ target-host ] script-cmd: sudo
19:11:53,560 [ test-runner:run-tests-983 @ target-host ] sudo
19:11:53,560 [ test-runner:run-tests-983 @ target-host ] script-cmd: sudo-${{os}}
19:11:53,560 [ test-runner:run-tests-983 @ target-host ] sudo-linux
19:11:54,341 [ test-runner:run-tests-983 @ target-host ] sudo sh -c "echo 3 > /proc/sys/vm/drop_caches"
]3008;start=5c3b5ff911c3408a9f5c96454815cd48;user=zakkak;hostname=blanc;machineid=f469a615e9ef4e81b7d5be080a5de373;bootid=0e917e08584a49cb891ef04366e00ace;pid=303163;pidfdid=303164;comm=sudo;targetuser=root;sessionid=c275;type=session\]3008;end=5c3b5ff911c3408a9f5c96454815cd48\
19:11:54,746 [ test-runner:run-tests-983 @ target-host ] taskset --cpu-list 0-3 /home/zakkak/spring-quarkus-perf-comparison/spring-quarkus-perf-comparison/quarkus3/target/quarkus3-runner  &>/home/zakkak/spring-quarkus-perf-comparison/logs/measure-time-to-first-request-quarkus3-native-9.log &
[1] 303192
19:11:55,147 [ test-runner:run-tests-983 @ target-host ] APP_PID=$!
19:11:55,611 [ test-runner:run-tests-983 @ target-host ] timeout 60s bash -c "taskset --cpu-list 10 /home/zakkak/spring-quarkus-perf-comparison/spring-quarkus-perf-comparison/scripts/perf-lab/scripts/time-to-1st-request.sh http://localhost:8080/fruits"
41
19:11:55,611 [ test-runner:run-tests-983 @ target-host ] 
19:11:55,612 [ test-runner:run-tests-983 @ target-host ] set-state: START_TIME 41
19:11:56,123 [ test-runner:run-tests-983 @ target-host ] kill -15 $APP_PID
19:11:56,123 [ test-runner:run-tests-983 @ target-host ] script-cmd: state-array-push
19:11:56,123 [ test-runner:run-tests-983 @ target-host ] state-array-push
19:11:56,173 [ test-runner:run-tests-983 @ target-host ] set-state: RUN.output.results.quarkus3-native.startup.timings [39,41,33,40,42,33,42,42,32,41]
19:11:58,576 [ test-runner:run-tests-983 @ target-host ] sleep 2
19:11:58,576 [ test-runner:run-tests-983 @ target-host ] script-cmd: stop-test-services
19:11:58,576 [ test-runner:run-tests-983 @ target-host ] stop-test-services
19:11:59,210 [ test-runner:run-tests-983 @ target-host ] /home/zakkak/spring-quarkus-perf-comparison/spring-quarkus-perf-comparison/scripts/infra.sh -d
Using podman to stop containers
-----------------------------------------
[03/11/2026 19:11:58]: Stopping services
-----------------------------------------
Stopping PostgreSQL database 'fruits_db'
fruits_db
19:11:59,271 [ test-runner:run-tests-983 @ target-host ] for-each: ITERATION
19:11:59,272 [ test-runner:run-tests-983 @ target-host ] script-cmd: state-array-calc-avg
19:11:59,272 [ test-runner:run-tests-983 @ target-host ] state-array-calc-avg
19:11:59,312 [ test-runner:run-tests-983 @ target-host ] set-state: RUN.output.results.quarkus3-native.startup.avStartTime 38.5
19:11:59,313 [ test-runner:run-tests-983 @ target-host ] for-each: TEST = measure-rss
19:11:59,313 [ test-runner:run-tests-983 @ target-host ] script-cmd: ${{TEST}}
19:11:59,313 [ test-runner:run-tests-983 @ target-host ] measure-rss
19:11:59,313 [ test-runner:run-tests-983 @ target-host ] Measuring RSS
19:11:59,771 [ test-runner:run-tests-983 @ target-host ] java -version
openjdk version "21.0.9" 2025-10-21 LTS
OpenJDK Runtime Environment Temurin-21.0.9+10 (build 21.0.9+10-LTS)
OpenJDK 64-Bit Server VM Temurin-21.0.9+10 (build 21.0.9+10-LTS, mixed mode, sharing)
19:12:00,173 [ test-runner:run-tests-983 @ target-host ] cd /home/zakkak/spring-quarkus-perf-comparison/spring-quarkus-perf-comparison/quarkus3
19:12:16,186 [ test-runner:run-tests-983 @ target-host ] ./mvnw  clean package -DskipTests -Pnative -Dquarkus.native.additional-build-args-append=--future-defaults=run-time-initialize-security-providers
[INFO] Scanning for projects...
[WARNING] Quarkus Maven extension: an explicit 'argLine' is defined in maven-surefire-plugin config, but does not contain '@{argLine}': we will not be able to inject JVM parameters automatically. Please add '@{argLine}' to the argLine configuration you have defined.
[INFO] 
[INFO] -------------------------< org.acme:quarkus3 >--------------------------
[INFO] Building quarkus3 1.0
[INFO]   from pom.xml
[INFO] ------------------------------[ quarkus ]-------------------------------
[INFO] 
[INFO] --- clean:3.2.0:clean (default-clean) @ quarkus3 ---
[INFO] Deleting /home/zakkak/spring-quarkus-perf-comparison/spring-quarkus-perf-comparison/quarkus3/target
[INFO] 
[INFO] --- resources:3.3.1:resources (default-resources) @ quarkus3 ---
[WARNING] Using platform encoding (UTF-8 actually) to copy filtered resources, i.e. build is platform dependent!
[INFO] Copying 2 resources from src/main/resources to target/classes
[INFO] 
[INFO] --- quarkus:3.32.2:generate-code (default-generate-code) @ quarkus3 ---
[INFO] 
[INFO] --- compiler:3.15.0:compile (default-compile) @ quarkus3 ---
[INFO] Recompiling the module because of changed source code.
[WARNING] File encoding has not been set, using platform encoding UTF-8, i.e. build is platform dependent!
[INFO] Compiling 16 source files with javac [debug release 21] to target/classes
[INFO] 
[INFO] --- resources:3.3.1:testResources (default-testResources) @ quarkus3 ---
[WARNING] Using platform encoding (UTF-8 actually) to copy filtered resources, i.e. build is platform dependent!
[INFO] skip non existing resourceDirectory /home/zakkak/spring-quarkus-perf-comparison/spring-quarkus-perf-comparison/quarkus3/src/test/resources
[INFO] 
[INFO] --- quarkus:3.32.2:generate-code-tests (default-generate-code-tests) @ quarkus3 ---
[INFO] 
[INFO] --- compiler:3.15.0:testCompile (default-testCompile) @ quarkus3 ---
[INFO] Recompiling the module because of changed dependency.
[WARNING] File encoding has not been set, using platform encoding UTF-8, i.e. build is platform dependent!
[INFO] Compiling 4 source files with javac [debug release 21] to target/test-classes
[INFO] 
[INFO] --- surefire:3.5.5:test (default-test) @ quarkus3 ---
[INFO] Tests are skipped.
[INFO] 
[INFO] --- quarkus:3.32.2:build (default-build) @ quarkus3 ---
[INFO] [io.quarkus.deployment.pkg.jar.NativeImageSourceJarBuilder] Building native image source jar: /home/zakkak/spring-quarkus-perf-comparison/spring-quarkus-perf-comparison/quarkus3/target/quarkus3-native-image-source-jar/quarkus3-runner.jar
[INFO] [io.quarkus.deployment.pkg.steps.NativeImageBuildStep] Building native image from /home/zakkak/spring-quarkus-perf-comparison/spring-quarkus-perf-comparison/quarkus3/target/quarkus3-native-image-source-jar/quarkus3-runner.jar
[INFO] [io.quarkus.deployment.pkg.steps.NativeImageBuildStep] Running Quarkus native-image plugin on GRAALVM 25.1.0-dev JDK 25.0.1+8-jvmci-25.1-b14
[INFO] [io.quarkus.deployment.pkg.steps.NativeImageBuildRunner] /home/zakkak/code/graal-oracle/sdk/latest_graalvm_home/bin/native-image -J-DCoordinatorEnvironmentBean.transactionStatusManagerEnable=false -J-Dsun.nio.ch.maxUpdateArraySize=100 -J-Djava.util.logging.manager=org.jboss.logmanager.LogManager -J-Dvertx.logger-delegate-factory-class-name=io.quarkus.vertx.core.runtime.VertxLogDelegateFactory -J-Dvertx.disableDnsResolver=true -J-Dio.netty.leakDetection.level=DISABLED -J-Dio.netty.allocator.maxOrder=3 -J-Duser.language=en -J-Duser.country=IE -J-Dlogging.initial-configurator.min-level=500 -H:+UnlockExperimentalVMOptions -H:IncludeLocales=en-IE -H:-UnlockExperimentalVMOptions --enable-native-access=ALL-UNNAMED -J-Dfile.encoding=UTF-8 -J--add-exports=org.graalvm.nativeimage.builder/com.oracle.svm.core.jdk=ALL-UNNAMED --features=io.quarkus.jdbc.postgresql.runtime.graal.SQLXMLFeature,io.quarkus.hibernate.validator.runtime.DisableLoggingFeature,io.quarkus.runner.Feature,io.quarkus.runtime.graal.DisableLoggingFeature,io.quarkus.runtime.graal.JVMChecksFeature,io.quarkus.hibernate.orm.runtime.graal.RegisterServicesForReflectionFeature,io.quarkus.hibernate.orm.runtime.graal.DisableLoggingFeature,org.hibernate.graalvm.internal.GraalVMStaticFeature,io.quarkus.caffeine.runtime.graal.CacheConstructorsFeature,io.quarkus.runtime.graal.SkipConsoleServiceProvidersFeature -J--add-exports=java.security.jgss/sun.security.krb5=ALL-UNNAMED -J--add-exports=java.security.jgss/sun.security.jgss=ALL-UNNAMED -J--add-opens=java.base/java.text=ALL-UNNAMED -J--add-opens=java.base/java.io=ALL-UNNAMED -J--add-opens=java.base/java.lang.invoke=ALL-UNNAMED -J--add-opens=java.base/java.util=ALL-UNNAMED -H:+UnlockExperimentalVMOptions -H:BuildOutputJSONFile=quarkus3-runner-build-output-stats.json -H:-UnlockExperimentalVMOptions -H:+UnlockExperimentalVMOptions -H:+GenerateBuildArtifactsFile -H:-UnlockExperimentalVMOptions --future-defaults=run-time-initialize-security-providers -H:+UnlockExperimentalVMOptions -H:+AllowFoldMethods -H:-UnlockExperimentalVMOptions -J-Djava.awt.headless=true --no-fallback --link-at-build-time -H:+UnlockExperimentalVMOptions -H:+ReportExceptionStackTraces -H:-UnlockExperimentalVMOptions -H:-AddAllCharsets --enable-url-protocols=http,https -H:NativeLinkerOption=-no-pie --enable-monitoring=heapdump,threaddump -H:+UnlockExperimentalVMOptions -H:-UseServiceLoaderFeature -H:-UnlockExperimentalVMOptions -J--add-exports=org.graalvm.nativeimage/org.graalvm.nativeimage.impl=ALL-UNNAMED --exclude-config io\.netty\.netty-codec /META-INF/native-image/io\.netty/netty-codec/generated/handlers/reflect-config\.json --exclude-config io\.netty\.netty-handler /META-INF/native-image/io\.netty/netty-handler/generated/handlers/reflect-config\.json quarkus3-runner -jar quarkus3-runner.jar
Warning: Using a deprecated option --no-fallback from command line. No effect, no replacement available
Warning: Option 'FallbackThreshold' is deprecated and might be removed in a future release: It no longer has any effect, and no replacement is available. Please refer to the GraalVM release notes.
Warning: Option 'DynamicProxyConfigurationResources' is deprecated and might be removed in a future release: This can be caused by a proxy-config.json file in your META-INF directory. Consider including proxy configuration in the reflection section of reachability-metadata.json instead.. Please refer to the GraalVM release notes.
========================================================================================================================
GraalVM Native Image: Generating 'quarkus3-runner' (executable)...
========================================================================================================================
For detailed information and explanations on the build output, visit:
https://github.com/oracle/graal/blob/master/docs/reference-manual/native-image/BuildOutput.md
------------------------------------------------------------------------------------------------------------------------
[1/8] Initializing...                                                                                   (4.0s @ 0.45GiB)
 Builder configuration:
 - Java version: 25.0.1+8, vendor version: GraalVM CE 25.1.0-dev+8.1
 - Graal compiler: optimization level: 2, target machine: x86-64-v3
 - C compiler: gcc (redhat, x86_64, 15.2.1)
 - Assertions: disabled, system assertions: disabled
 - 11 user-specific feature(s):
   - io.quarkus.caffeine.runtime.graal.CacheConstructorsFeature
   - io.quarkus.hibernate.orm.runtime.graal.DisableLoggingFeature: Disables INFO logging during the analysis phase
   - io.quarkus.hibernate.orm.runtime.graal.RegisterServicesForReflectionFeature: Makes methods of reachable Hibernate services accessible through Class#getMethods()
   - io.quarkus.hibernate.validator.runtime.DisableLoggingFeature: Disables INFO logging during the analysis phase for the [org.hibernate.validator.internal.util.Version] categories
   - io.quarkus.jdbc.postgresql.runtime.graal.SQLXMLFeature
   - io.quarkus.runner.Feature: Auto-generated class by Quarkus from the existing extensions
   - io.quarkus.runtime.graal.DisableLoggingFeature: Adapts logging during the analysis phase
   - io.quarkus.runtime.graal.JVMChecksFeature
   - io.quarkus.runtime.graal.SkipConsoleServiceProvidersFeature: Skip unsupported console service providers when quarkus.native.auto-service-loader-registration is false
   - org.eclipse.angus.activation.nativeimage.AngusActivationFeature
   - org.hibernate.graalvm.internal.GraalVMStaticFeature: Hibernate ORM's static reflection registrations for GraalVM
 Image configuration:
 - Garbage collector: Serial GC (max heap size: 80% of RAM)
 - Assertions: disabled (class-specific config may apply), system assertions: disabled
------------------------------------------------------------------------------------------------------------------------
 5 experimental option(s) unlocked:
 - '-H:+AllowFoldMethods' (origin(s): command line)
 - '-H:BuildOutputJSONFile' (origin(s): command line)
 - '-H:-UseServiceLoaderFeature' (origin(s): command line)
 - '-H:+GenerateBuildArtifactsFile' (origin(s): command line)
 - '-H:AddOpens' (alternative API option(s): --add-opens java.base/java.lang=ALL-UNNAMED; origin(s): command line)
------------------------------------------------------------------------------------------------------------------------
Build resources:
 - 30.00GiB of memory (48.4% of system memory, capped at 30GiB)
 - 32 thread(s) (100.0% of 32 available processor(s), determined at start)
[2/8] Performing analysis...  []                                                                        (3.4s @ 0.88GiB)
    7,554 types,   7,290 fields, and  27,653 methods found reachable
    3,624 types,     125 fields, and   4,458 methods registered for reflection
      105 resource accesses registered with 188.29KiB total size

Error: com.oracle.graal.pointsto.constraints.UnsupportedPlatformException: Type is not available in this platform: com.oracle.svm.hosted.NativeImageSystemClassLoader$NativeImageForkJoinWorkerThread
Caused by: com.oracle.graal.pointsto.constraints.UnsupportedPlatformException: Type is not available in this platform: com.oracle.svm.hosted.NativeImageSystemClassLoader$NativeImageForkJoinWorkerThread
	at org.graalvm.nativeimage.pointsto/com.oracle.graal.pointsto.meta.AnalysisUniverse.createType(AnalysisUniverse.java:238)
	at org.graalvm.nativeimage.pointsto/com.oracle.graal.pointsto.meta.AnalysisUniverse.lookupAllowUnresolved(AnalysisUniverse.java:226)
	at org.graalvm.nativeimage.pointsto/com.oracle.graal.pointsto.meta.AnalysisUniverse.lookup(AnalysisUniverse.java:203)
	at org.graalvm.nativeimage.pointsto/com.oracle.graal.pointsto.heap.ImageHeapScanner.createImageHeapObject(ImageHeapScanner.java:333)
	at org.graalvm.nativeimage.pointsto/com.oracle.graal.pointsto.heap.ImageHeapScanner.lambda$getOrCreateImageHeapConstant$1(ImageHeapScanner.java:285)
	at java.base/java.util.concurrent.FutureTask.run(FutureTask.java:328)
	at org.graalvm.nativeimage.pointsto/com.oracle.graal.pointsto.util.AnalysisFuture.ensureDone(AnalysisFuture.java:69)
	at org.graalvm.nativeimage.pointsto/com.oracle.graal.pointsto.heap.ImageHeapScanner.getOrCreateImageHeapConstant(ImageHeapScanner.java:293)
	at org.graalvm.nativeimage.builder/com.oracle.svm.hosted.heap.SVMImageHeapScanner.getOrCreateImageHeapConstant(SVMImageHeapScanner.java:87)
	at org.graalvm.nativeimage.pointsto/com.oracle.graal.pointsto.heap.ImageHeapScanner.createImageHeapConstant(ImageHeapScanner.java:257)
	at org.graalvm.nativeimage.pointsto/com.oracle.graal.pointsto.heap.ImageHeapScanner.createFieldValue(ImageHeapScanner.java:518)
	at org.graalvm.nativeimage.pointsto/com.oracle.graal.pointsto.heap.ImageHeapScanner.lambda$createImageHeapInstance$3(ImageHeapScanner.java:421)
	at java.base/java.util.concurrent.FutureTask.run(FutureTask.java:328)
	at org.graalvm.nativeimage.pointsto/com.oracle.graal.pointsto.util.AnalysisFuture.ensureDone(AnalysisFuture.java:69)
	at org.graalvm.nativeimage.pointsto/com.oracle.graal.pointsto.heap.ImageHeapInstance.readFieldValue(ImageHeapInstance.java:173)
	at org.graalvm.nativeimage.pointsto/com.oracle.graal.pointsto.heap.ImageHeapScanner.updateInstanceField(ImageHeapScanner.java:667)
	at org.graalvm.nativeimage.pointsto/com.oracle.graal.pointsto.heap.ImageHeapScanner.onObjectReachable(ImageHeapScanner.java:654)
	at org.graalvm.nativeimage.builder/com.oracle.svm.hosted.heap.SVMImageHeapScanner.onObjectReachable(SVMImageHeapScanner.java:121)
	at org.graalvm.nativeimage.pointsto/com.oracle.graal.pointsto.heap.ImageHeapScanner.lambda$markReachable$0(ImageHeapScanner.java:606)
	at org.graalvm.nativeimage.pointsto/com.oracle.graal.pointsto.util.CompletionExecutor.executeCommand(CompletionExecutor.java:166)
	at org.graalvm.nativeimage.pointsto/com.oracle.graal.pointsto.util.CompletionExecutor.lambda$executeService$0(CompletionExecutor.java:152)
	at java.base/java.util.concurrent.ForkJoinTask$RunnableExecuteAction.compute(ForkJoinTask.java:1750)
	at java.base/java.util.concurrent.ForkJoinTask$RunnableExecuteAction.compute(ForkJoinTask.java:1742)
	at java.base/java.util.concurrent.ForkJoinTask$InterruptibleTask.exec(ForkJoinTask.java:1659)
	at java.base/java.util.concurrent.ForkJoinTask.doExec(ForkJoinTask.java:511)
	at java.base/java.util.concurrent.ForkJoinPool$WorkQueue.topLevelExec(ForkJoinPool.java:1450)
	at java.base/java.util.concurrent.ForkJoinPool.runWorker(ForkJoinPool.java:2019)
	at java.base/java.util.concurrent.ForkJoinWorkerThread.run(ForkJoinWorkerThread.java:187)
Internal exception: com.oracle.graal.pointsto.util.AnalysisError: com.oracle.graal.pointsto.constraints.UnsupportedPlatformException: Type is not available in this platform: com.oracle.svm.hosted.NativeImageSystemClassLoader$NativeImageForkJoinWorkerThread
	at org.graalvm.nativeimage.pointsto/com.oracle.graal.pointsto.util.AnalysisFuture.setException(AnalysisFuture.java:55)
	at java.base/java.util.concurrent.FutureTask.run(FutureTask.java:333)
	at org.graalvm.nativeimage.pointsto/com.oracle.graal.pointsto.util.AnalysisFuture.ensureDone(AnalysisFuture.java:69)
	at org.graalvm.nativeimage.pointsto/com.oracle.graal.pointsto.heap.ImageHeapScanner.getOrCreateImageHeapConstant(ImageHeapScanner.java:293)
	at org.graalvm.nativeimage.builder/com.oracle.svm.hosted.heap.SVMImageHeapScanner.getOrCreateImageHeapConstant(SVMImageHeapScanner.java:87)
	at org.graalvm.nativeimage.pointsto/com.oracle.graal.pointsto.heap.ImageHeapScanner.createImageHeapConstant(ImageHeapScanner.java:257)
	at org.graalvm.nativeimage.pointsto/com.oracle.graal.pointsto.heap.ImageHeapScanner.createFieldValue(ImageHeapScanner.java:518)
	at org.graalvm.nativeimage.pointsto/com.oracle.graal.pointsto.heap.ImageHeapScanner.lambda$createImageHeapInstance$3(ImageHeapScanner.java:421)
	at java.base/java.util.concurrent.FutureTask.run(FutureTask.java:328)
	at org.graalvm.nativeimage.pointsto/com.oracle.graal.pointsto.util.AnalysisFuture.ensureDone(AnalysisFuture.java:69)
	at org.graalvm.nativeimage.pointsto/com.oracle.graal.pointsto.heap.ImageHeapInstance.readFieldValue(ImageHeapInstance.java:173)
	at org.graalvm.nativeimage.pointsto/com.oracle.graal.pointsto.heap.ImageHeapScanner.updateInstanceField(ImageHeapScanner.java:667)
	at org.graalvm.nativeimage.pointsto/com.oracle.graal.pointsto.heap.ImageHeapScanner.onObjectReachable(ImageHeapScanner.java:654)
	at org.graalvm.nativeimage.builder/com.oracle.svm.hosted.heap.SVMImageHeapScanner.onObjectReachable(SVMImageHeapScanner.java:121)
	at org.graalvm.nativeimage.pointsto/com.oracle.graal.pointsto.heap.ImageHeapScanner.lambda$markReachable$0(ImageHeapScanner.java:606)
	at org.graalvm.nativeimage.pointsto/com.oracle.graal.pointsto.util.CompletionExecutor.executeCommand(CompletionExecutor.java:166)
	at org.graalvm.nativeimage.pointsto/com.oracle.graal.pointsto.util.CompletionExecutor.lambda$executeService$0(CompletionExecutor.java:152)
	at java.base/java.util.concurrent.ForkJoinTask$RunnableExecuteAction.compute(ForkJoinTask.java:1750)
	at java.base/java.util.concurrent.ForkJoinTask$RunnableExecuteAction.compute(ForkJoinTask.java:1742)
	at java.base/java.util.concurrent.ForkJoinTask$InterruptibleTask.exec(ForkJoinTask.java:1659)
	at java.base/java.util.concurrent.ForkJoinTask.doExec(ForkJoinTask.java:511)
	at java.base/java.util.concurrent.ForkJoinPool$WorkQueue.topLevelExec(ForkJoinPool.java:1450)
	at java.base/java.util.concurrent.ForkJoinPool.runWorker(ForkJoinPool.java:2019)
	at java.base/java.util.concurrent.ForkJoinWorkerThread.run(ForkJoinWorkerThread.java:187)
Caused by: com.oracle.graal.pointsto.constraints.UnsupportedPlatformException: Type is not available in this platform: com.oracle.svm.hosted.NativeImageSystemClassLoader$NativeImageForkJoinWorkerThread
	at org.graalvm.nativeimage.pointsto/com.oracle.graal.pointsto.meta.AnalysisUniverse.createType(AnalysisUniverse.java:238)
	at org.graalvm.nativeimage.pointsto/com.oracle.graal.pointsto.meta.AnalysisUniverse.lookupAllowUnresolved(AnalysisUniverse.java:226)
	at org.graalvm.nativeimage.pointsto/com.oracle.graal.pointsto.meta.AnalysisUniverse.lookup(AnalysisUniverse.java:203)
	at org.graalvm.nativeimage.pointsto/com.oracle.graal.pointsto.heap.ImageHeapScanner.createImageHeapObject(ImageHeapScanner.java:333)
	at org.graalvm.nativeimage.pointsto/com.oracle.graal.pointsto.heap.ImageHeapScanner.lambda$getOrCreateImageHeapConstant$1(ImageHeapScanner.java:285)
	at java.base/java.util.concurrent.FutureTask.run(FutureTask.java:328)
	... 22 more
------------------------------------------------------------------------------------------------------------------------
                       0.6s (7.2% of total time) in 57 GCs | Peak RSS: 2.00GiB | CPU load: 14.73
========================================================================================================================
Failed generating 'quarkus3-runner' after 7.9s.

The build process encountered 3 warnings.

[INFO] ------------------------------------------------------------------------
[INFO] BUILD FAILURE
[INFO] ------------------------------------------------------------------------
[INFO] Total time:  14.757 s
[INFO] Finished at: 2026-03-11T19:12:15+02:00
[INFO] ------------------------------------------------------------------------
[ERROR] Failed to execute goal io.quarkus.platform:quarkus-maven-plugin:3.32.2:build (default-build) on project quarkus3: Failed to build quarkus application: io.quarkus.builder.BuildException: Build failure: Build failed due to errors
[ERROR] 	[error]: Build step io.quarkus.deployment.pkg.steps.NativeImageBuildStep#build threw an exception: io.quarkus.deployment.pkg.steps.NativeImageBuildStep$ImageGenerationFailureException: Image generation failed
[ERROR] 	at io.quarkus.deployment.pkg.steps.NativeImageBuildStep.imageGenerationFailed(NativeImageBuildStep.java:513)
[ERROR] 	at io.quarkus.deployment.pkg.steps.NativeImageBuildStep.build(NativeImageBuildStep.java:290)
[ERROR] 	at java.base/java.lang.invoke.MethodHandle.invokeWithArguments(MethodHandle.java:733)
[ERROR] 	at io.quarkus.deployment.ExtensionLoader$3.execute(ExtensionLoader.java:898)
[ERROR] 	at io.quarkus.builder.BuildContext.run(BuildContext.java:242)
[ERROR] 	at org.jboss.threads.ContextHandler$1.runWith(ContextHandler.java:18)
[ERROR] 	at org.jboss.threads.EnhancedQueueExecutor$Task.doRunWith(EnhancedQueueExecutor.java:2651)
[ERROR] 	at org.jboss.threads.EnhancedQueueExecutor$Task.run(EnhancedQueueExecutor.java:2630)
[ERROR] 	at org.jboss.threads.EnhancedQueueExecutor.runThreadBody(EnhancedQueueExecutor.java:1622)
[ERROR] 	at org.jboss.threads.EnhancedQueueExecutor$ThreadBody.run(EnhancedQueueExecutor.java:1589)
[ERROR] 	at java.base/java.lang.Thread.run(Thread.java:1583)
[ERROR] 	at org.jboss.threads.JBossThread.run(JBossThread.java:501)
[ERROR] Caused by: io.smallrye.common.process.AbnormalExitException: Process exited abnormally (pid 303649) with exit code 1
[ERROR] 	at io.smallrye.common.process.PipelineRunner.collectProblems(PipelineRunner.java:559)
[ERROR] 	at io.smallrye.common.process.ProcessRunner.complete(ProcessRunner.java:165)
[ERROR] 	at io.smallrye.common.process.ProcessRunner.run(ProcessRunner.java:95)
[ERROR] 	at io.smallrye.common.process.ProcessBuilderImpl.run(ProcessBuilderImpl.java:199)
[ERROR] 	at io.quarkus.deployment.pkg.steps.NativeImageBuildRunner.build(NativeImageBuildRunner.java:77)
[ERROR] 	at io.quarkus.deployment.pkg.steps.NativeImageBuildStep.build(NativeImageBuildStep.java:284)
[ERROR] 	... 10 more
[ERROR] -> [Help 1]
[ERROR] 
[ERROR] To see the full stack trace of the errors, re-run Maven with the -e switch.
[ERROR] Re-run Maven using the -X switch to enable full debug logging.
[ERROR] 
[ERROR] For more information about the errors and possible solutions, please read the following articles:
[ERROR] [Help 1] http://cwiki.apache.org/confluence/display/MAVEN/MojoExecutionException
19:12:16,229 [ test-runner:run-tests-983 @ target-host ] for-each: ITERATION = 0
19:12:16,230 [ test-runner:run-tests-983 @ target-host ] queue-download: ${{REPO_DIR}}/logs/measure-rss-${{RUNTIME.name}}-${{ITERATION}}.log=/home/zakkak/spring-quarkus-perf-comparison/logs/measure-rss-quarkus3-native-0.log ../../20260311/run-time-initialize-security-providers/target-host/
19:12:16,230 [ test-runner:run-tests-983 @ target-host ] script-cmd: start-test-services
19:12:16,230 [ test-runner:run-tests-983 @ target-host ] start-test-services
19:12:27,322 [ test-runner:run-tests-983 @ target-host ] /home/zakkak/spring-quarkus-perf-comparison/spring-quarkus-perf-comparison/scripts/infra.sh -c 3 -p '4-6' -s
Using podman to start containers
-----------------------------------------
[03/11/2026 19:12:16]: Starting services
-----------------------------------------
Starting PostgreSQL database 'fruits_db'
PostgreSQL DB process: d770c54bb5c713e24ccefd36f96784f10f493306858b771cb77838bbc45bbe3b
Waiting for PostgreSQL to be ready...
localhost:5432 - no response
localhost:5432 - no response
localhost:5432 - accepting connections
19:12:27,322 [ test-runner:run-tests-983 @ target-host ] script-cmd: sync-drop-fs-cache
19:12:27,322 [ test-runner:run-tests-983 @ target-host ] sync-drop-fs-cache
19:12:27,322 [ test-runner:run-tests-983 @ target-host ] read-state: true
19:12:27,322 [ test-runner:run-tests-983 @ target-host ] regex: true
19:12:27,806 [ test-runner:run-tests-983 @ target-host ] sync
19:12:27,806 [ test-runner:run-tests-983 @ target-host ] script-cmd: sync-drop-fs-cache-${{os}}
19:12:27,806 [ test-runner:run-tests-983 @ target-host ] sync-drop-fs-cache-linux
19:12:27,806 [ test-runner:run-tests-983 @ target-host ] script-cmd: sudo
19:12:27,806 [ test-runner:run-tests-983 @ target-host ] sudo
19:12:27,806 [ test-runner:run-tests-983 @ target-host ] script-cmd: sudo-${{os}}
19:12:27,806 [ test-runner:run-tests-983 @ target-host ] sudo-linux
19:12:28,669 [ test-runner:run-tests-983 @ target-host ] sudo sh -c "echo 3 > /proc/sys/vm/drop_caches"
]3008;start=632191b52f1e4a9ea1908138ae73c799;user=zakkak;hostname=blanc;machineid=f469a615e9ef4e81b7d5be080a5de373;bootid=0e917e08584a49cb891ef04366e00ace;pid=304145;pidfdid=304146;comm=sudo;targetuser=root;sessionid=c276;type=session\]3008;end=632191b52f1e4a9ea1908138ae73c799\
19:12:29,172 [ test-runner:run-tests-983 @ target-host ] taskset --cpu-list 0-3 /home/zakkak/spring-quarkus-perf-comparison/spring-quarkus-perf-comparison/quarkus3/target/quarkus3-runner  &>/home/zakkak/spring-quarkus-perf-comparison/logs/measure-rss-quarkus3-native-0.log &
[1] 304177
19:12:29,574 [ test-runner:run-tests-983 @ target-host ] APP_PID=$!
19:12:31,977 [ test-runner:run-tests-983 @ target-host ] sleep 2
19:12:32,395 [ test-runner:run-tests-983 @ target-host ] pmap -x $APP_PID | grep total | awk '{print $4}'
19:12:32,395 [ test-runner:run-tests-983 @ target-host ] set-state: RSS_STARTUP ""
19:12:32,446 [ test-runner:run-tests-983 @ target-host ] script-cmd: state-array-push
19:12:32,446 [ test-runner:run-tests-983 @ target-host ] state-array-push
19:12:32,715 [ test-runner:run-tests-983 @ target-host ] set-state: RUN.output.results.quarkus3-native.rss.startup =[...[], ${{= ${{RSS_STARTUP}}/1024 }}]
19:12:33,138 [ test-runner:run-tests-983 @ target-host ] curl -s  http://localhost:8080/fruits > /dev/null
19:12:33,542 [ test-runner:run-tests-983 @ target-host ] pmap -x $APP_PID | grep total | awk '{print $4}'
19:12:33,542 [ test-runner:run-tests-983 @ target-host ] set-state: FIRST_REQUEST ""
19:12:33,565 [ test-runner:run-tests-983 @ target-host ] script-cmd: state-array-push
19:12:33,565 [ test-runner:run-tests-983 @ target-host ] state-array-push
19:12:33,891 [ test-runner:run-tests-983 @ target-host ] set-state: RUN.output.results.quarkus3-native.rss.firstRequest =[...[], ${{= ${{FIRST_REQUEST}}/1024 }}]
19:12:34,293 [ test-runner:run-tests-983 @ target-host ] kill -15 $APP_PID
bash: kill: (304177) - No such process
19:12:36,705 [ test-runner:run-tests-983 @ target-host ] sleep 2
19:12:36,705 [ test-runner:run-tests-983 @ target-host ] script-cmd: stop-test-services
19:12:36,705 [ test-runner:run-tests-983 @ target-host ] stop-test-services
19:12:37,365 [ test-runner:run-tests-983 @ target-host ] /home/zakkak/spring-quarkus-perf-comparison/spring-quarkus-perf-comparison/scripts/infra.sh -d
Using podman to stop containers
-----------------------------------------
[03/11/2026 19:12:36]: Stopping services
-----------------------------------------
Stopping PostgreSQL database 'fruits_db'
fruits_db
19:12:37,449 [ test-runner:run-tests-983 @ target-host ] for-each: ITERATION = 1
19:12:37,450 [ test-runner:run-tests-983 @ target-host ] queue-download: ${{REPO_DIR}}/logs/measure-rss-${{RUNTIME.name}}-${{ITERATION}}.log=/home/zakkak/spring-quarkus-perf-comparison/logs/measure-rss-quarkus3-native-1.log ../../20260311/run-time-initialize-security-providers/target-host/
19:12:37,450 [ test-runner:run-tests-983 @ target-host ] script-cmd: start-test-services
19:12:37,450 [ test-runner:run-tests-983 @ target-host ] start-test-services
19:12:48,568 [ test-runner:run-tests-983 @ target-host ] /home/zakkak/spring-quarkus-perf-comparison/spring-quarkus-perf-comparison/scripts/infra.sh -c 3 -p '4-6' -s
Using podman to start containers
-----------------------------------------
[03/11/2026 19:12:37]: Starting services
-----------------------------------------
Starting PostgreSQL database 'fruits_db'
PostgreSQL DB process: 86efdfb5a1ac6dce3258544dfa08347077306f90cc9207df19328bb8f9f06c88
Waiting for PostgreSQL to be ready...
localhost:5432 - no response
localhost:5432 - no response
localhost:5432 - accepting connections
19:12:48,568 [ test-runner:run-tests-983 @ target-host ] script-cmd: sync-drop-fs-cache
19:12:48,568 [ test-runner:run-tests-983 @ target-host ] sync-drop-fs-cache
19:12:48,568 [ test-runner:run-tests-983 @ target-host ] read-state: true
19:12:48,568 [ test-runner:run-tests-983 @ target-host ] regex: true
19:12:49,120 [ test-runner:run-tests-983 @ target-host ] sync
19:12:49,121 [ test-runner:run-tests-983 @ target-host ] script-cmd: sync-drop-fs-cache-${{os}}
19:12:49,121 [ test-runner:run-tests-983 @ target-host ] sync-drop-fs-cache-linux
19:12:49,121 [ test-runner:run-tests-983 @ target-host ] script-cmd: sudo
19:12:49,121 [ test-runner:run-tests-983 @ target-host ] sudo
19:12:49,122 [ test-runner:run-tests-983 @ target-host ] script-cmd: sudo-${{os}}
19:12:49,122 [ test-runner:run-tests-983 @ target-host ] sudo-linux
19:12:49,876 [ test-runner:run-tests-983 @ target-host ] sudo sh -c "echo 3 > /proc/sys/vm/drop_caches"
]3008;start=862b44389bc14fadb79e6c491c94bdaf;user=zakkak;hostname=blanc;machineid=f469a615e9ef4e81b7d5be080a5de373;bootid=0e917e08584a49cb891ef04366e00ace;pid=304601;pidfdid=304602;comm=sudo;targetuser=root;sessionid=c277;type=session\]3008;end=862b44389bc14fadb79e6c491c94bdaf\
19:12:50,388 [ test-runner:run-tests-983 @ target-host ] taskset --cpu-list 0-3 /home/zakkak/spring-quarkus-perf-comparison/spring-quarkus-perf-comparison/quarkus3/target/quarkus3-runner  &>/home/zakkak/spring-quarkus-perf-comparison/logs/measure-rss-quarkus3-native-1.log &
[1] 304629
19:12:50,789 [ test-runner:run-tests-983 @ target-host ] APP_PID=$!
19:12:53,201 [ test-runner:run-tests-983 @ target-host ] sleep 2
19:12:53,619 [ test-runner:run-tests-983 @ target-host ] pmap -x $APP_PID | grep total | awk '{print $4}'
19:12:53,619 [ test-runner:run-tests-983 @ target-host ] set-state: RSS_STARTUP ""
19:12:53,658 [ test-runner:run-tests-983 @ target-host ] script-cmd: state-array-push
19:12:53,658 [ test-runner:run-tests-983 @ target-host ] state-array-push
19:12:53,905 [ test-runner:run-tests-983 @ target-host ] set-state: RUN.output.results.quarkus3-native.rss.startup =[...=[...[], ${{= ${{RSS_STARTUP}}/1024 }}], ${{= ${{RSS_STARTUP}}/1024 }}]
19:12:54,337 [ test-runner:run-tests-983 @ target-host ] curl -s  http://localhost:8080/fruits > /dev/null
19:12:54,741 [ test-runner:run-tests-983 @ target-host ] pmap -x $APP_PID | grep total | awk '{print $4}'
19:12:54,741 [ test-runner:run-tests-983 @ target-host ] set-state: FIRST_REQUEST ""
19:12:54,760 [ test-runner:run-tests-983 @ target-host ] script-cmd: state-array-push
19:12:54,760 [ test-runner:run-tests-983 @ target-host ] state-array-push
19:12:55,004 [ test-runner:run-tests-983 @ target-host ] set-state: RUN.output.results.quarkus3-native.rss.firstRequest =[...=[...[], ${{= ${{FIRST_REQUEST}}/1024 }}], ${{= ${{FIRST_REQUEST}}/1024 }}]
19:12:55,406 [ test-runner:run-tests-983 @ target-host ] kill -15 $APP_PID
bash: kill: (304629) - No such process
19:12:57,809 [ test-runner:run-tests-983 @ target-host ] sleep 2
19:12:57,809 [ test-runner:run-tests-983 @ target-host ] script-cmd: stop-test-services
19:12:57,809 [ test-runner:run-tests-983 @ target-host ] stop-test-services
19:12:58,466 [ test-runner:run-tests-983 @ target-host ] /home/zakkak/spring-quarkus-perf-comparison/spring-quarkus-perf-comparison/scripts/infra.sh -d
Using podman to stop containers
-----------------------------------------
[03/11/2026 19:12:57]: Stopping services
-----------------------------------------
Stopping PostgreSQL database 'fruits_db'
fruits_db
19:12:58,522 [ test-runner:run-tests-983 @ target-host ] for-each: ITERATION = 2
19:12:58,523 [ test-runner:run-tests-983 @ target-host ] queue-download: ${{REPO_DIR}}/logs/measure-rss-${{RUNTIME.name}}-${{ITERATION}}.log=/home/zakkak/spring-quarkus-perf-comparison/logs/measure-rss-quarkus3-native-2.log ../../20260311/run-time-initialize-security-providers/target-host/
19:12:58,523 [ test-runner:run-tests-983 @ target-host ] script-cmd: start-test-services
19:12:58,523 [ test-runner:run-tests-983 @ target-host ] start-test-services
19:13:09,610 [ test-runner:run-tests-983 @ target-host ] /home/zakkak/spring-quarkus-perf-comparison/spring-quarkus-perf-comparison/scripts/infra.sh -c 3 -p '4-6' -s
Using podman to start containers
-----------------------------------------
[03/11/2026 19:12:58]: Starting services
-----------------------------------------
Starting PostgreSQL database 'fruits_db'
PostgreSQL DB process: cd0a6d32a1688e28ca599d84332581eb0789914c1f51157a6404ba9da09c06ce
Waiting for PostgreSQL to be ready...
localhost:5432 - no response
localhost:5432 - no response
localhost:5432 - accepting connections
19:13:09,610 [ test-runner:run-tests-983 @ target-host ] script-cmd: sync-drop-fs-cache
19:13:09,610 [ test-runner:run-tests-983 @ target-host ] sync-drop-fs-cache
19:13:09,610 [ test-runner:run-tests-983 @ target-host ] read-state: true
19:13:09,610 [ test-runner:run-tests-983 @ target-host ] regex: true
19:13:10,202 [ test-runner:run-tests-983 @ target-host ] sync
19:13:10,203 [ test-runner:run-tests-983 @ target-host ] script-cmd: sync-drop-fs-cache-${{os}}
19:13:10,203 [ test-runner:run-tests-983 @ target-host ] sync-drop-fs-cache-linux
19:13:10,203 [ test-runner:run-tests-983 @ target-host ] script-cmd: sudo
19:13:10,203 [ test-runner:run-tests-983 @ target-host ] sudo
19:13:10,203 [ test-runner:run-tests-983 @ target-host ] script-cmd: sudo-${{os}}
19:13:10,203 [ test-runner:run-tests-983 @ target-host ] sudo-linux
19:13:10,984 [ test-runner:run-tests-983 @ target-host ] sudo sh -c "echo 3 > /proc/sys/vm/drop_caches"
]3008;start=814af44a68ed47278b0182fb6765005a;user=zakkak;hostname=blanc;machineid=f469a615e9ef4e81b7d5be080a5de373;bootid=0e917e08584a49cb891ef04366e00ace;pid=305048;pidfdid=305049;comm=sudo;targetuser=root;sessionid=c278;type=session\]3008;end=814af44a68ed47278b0182fb6765005a\
19:13:11,487 [ test-runner:run-tests-983 @ target-host ] taskset --cpu-list 0-3 /home/zakkak/spring-quarkus-perf-comparison/spring-quarkus-perf-comparison/quarkus3/target/quarkus3-runner  &>/home/zakkak/spring-quarkus-perf-comparison/logs/measure-rss-quarkus3-native-2.log &
[1] 305075
19:13:11,889 [ test-runner:run-tests-983 @ target-host ] APP_PID=$!
19:13:14,301 [ test-runner:run-tests-983 @ target-host ] sleep 2
19:13:14,720 [ test-runner:run-tests-983 @ target-host ] pmap -x $APP_PID | grep total | awk '{print $4}'
19:13:14,720 [ test-runner:run-tests-983 @ target-host ] set-state: RSS_STARTUP ""
19:13:14,750 [ test-runner:run-tests-983 @ target-host ] script-cmd: state-array-push
19:13:14,750 [ test-runner:run-tests-983 @ target-host ] state-array-push
19:13:15,036 [ test-runner:run-tests-983 @ target-host ] set-state: RUN.output.results.quarkus3-native.rss.startup =[...=[...=[...[], ${{= ${{RSS_STARTUP}}/1024 }}], ${{= ${{RSS_STARTUP}}/1024 }}], ${{= ${{RSS_STARTUP}}/1024 }}]
19:13:15,473 [ test-runner:run-tests-983 @ target-host ] curl -s  http://localhost:8080/fruits > /dev/null
19:13:15,877 [ test-runner:run-tests-983 @ target-host ] pmap -x $APP_PID | grep total | awk '{print $4}'
19:13:15,877 [ test-runner:run-tests-983 @ target-host ] set-state: FIRST_REQUEST ""
19:13:15,908 [ test-runner:run-tests-983 @ target-host ] script-cmd: state-array-push
19:13:15,908 [ test-runner:run-tests-983 @ target-host ] state-array-push
19:13:16,191 [ test-runner:run-tests-983 @ target-host ] set-state: RUN.output.results.quarkus3-native.rss.firstRequest =[...=[...=[...[], ${{= ${{FIRST_REQUEST}}/1024 }}], ${{= ${{FIRST_REQUEST}}/1024 }}], ${{= ${{FIRST_REQUEST}}/1024 }}]
19:13:16,593 [ test-runner:run-tests-983 @ target-host ] kill -15 $APP_PID
bash: kill: (305075) - No such process
19:13:18,996 [ test-runner:run-tests-983 @ target-host ] sleep 2
19:13:18,996 [ test-runner:run-tests-983 @ target-host ] script-cmd: stop-test-services
19:13:18,996 [ test-runner:run-tests-983 @ target-host ] stop-test-services
19:13:19,655 [ test-runner:run-tests-983 @ target-host ] /home/zakkak/spring-quarkus-perf-comparison/spring-quarkus-perf-comparison/scripts/infra.sh -d
Using podman to stop containers
-----------------------------------------
[03/11/2026 19:13:19]: Stopping services
-----------------------------------------
Stopping PostgreSQL database 'fruits_db'
fruits_db
19:13:19,711 [ test-runner:run-tests-983 @ target-host ] for-each: ITERATION = 3
19:13:19,712 [ test-runner:run-tests-983 @ target-host ] queue-download: ${{REPO_DIR}}/logs/measure-rss-${{RUNTIME.name}}-${{ITERATION}}.log=/home/zakkak/spring-quarkus-perf-comparison/logs/measure-rss-quarkus3-native-3.log ../../20260311/run-time-initialize-security-providers/target-host/
19:13:19,712 [ test-runner:run-tests-983 @ target-host ] script-cmd: start-test-services
19:13:19,712 [ test-runner:run-tests-983 @ target-host ] start-test-services
19:13:30,807 [ test-runner:run-tests-983 @ target-host ] /home/zakkak/spring-quarkus-perf-comparison/spring-quarkus-perf-comparison/scripts/infra.sh -c 3 -p '4-6' -s
Using podman to start containers
-----------------------------------------
[03/11/2026 19:13:19]: Starting services
-----------------------------------------
Starting PostgreSQL database 'fruits_db'
PostgreSQL DB process: dc65287233bf96c5a966a59bbedba9f632a21283ce383d94536374bdb7e2d8b4
Waiting for PostgreSQL to be ready...
localhost:5432 - no response
localhost:5432 - no response
localhost:5432 - accepting connections
19:13:30,807 [ test-runner:run-tests-983 @ target-host ] script-cmd: sync-drop-fs-cache
19:13:30,807 [ test-runner:run-tests-983 @ target-host ] sync-drop-fs-cache
19:13:30,807 [ test-runner:run-tests-983 @ target-host ] read-state: true
19:13:30,807 [ test-runner:run-tests-983 @ target-host ] regex: true
19:13:31,358 [ test-runner:run-tests-983 @ target-host ] sync
19:13:31,358 [ test-runner:run-tests-983 @ target-host ] script-cmd: sync-drop-fs-cache-${{os}}
19:13:31,358 [ test-runner:run-tests-983 @ target-host ] sync-drop-fs-cache-linux
19:13:31,358 [ test-runner:run-tests-983 @ target-host ] script-cmd: sudo
19:13:31,358 [ test-runner:run-tests-983 @ target-host ] sudo
19:13:31,358 [ test-runner:run-tests-983 @ target-host ] script-cmd: sudo-${{os}}
19:13:31,358 [ test-runner:run-tests-983 @ target-host ] sudo-linux
19:13:32,136 [ test-runner:run-tests-983 @ target-host ] sudo sh -c "echo 3 > /proc/sys/vm/drop_caches"
]3008;start=e18a375fe3d04d4b9b8c21519b70f788;user=zakkak;hostname=blanc;machineid=f469a615e9ef4e81b7d5be080a5de373;bootid=0e917e08584a49cb891ef04366e00ace;pid=305486;pidfdid=305487;comm=sudo;targetuser=root;sessionid=c279;type=session\]3008;end=e18a375fe3d04d4b9b8c21519b70f788\
19:13:32,648 [ test-runner:run-tests-983 @ target-host ] taskset --cpu-list 0-3 /home/zakkak/spring-quarkus-perf-comparison/spring-quarkus-perf-comparison/quarkus3/target/quarkus3-runner  &>/home/zakkak/spring-quarkus-perf-comparison/logs/measure-rss-quarkus3-native-3.log &
[1] 305513
19:13:33,049 [ test-runner:run-tests-983 @ target-host ] APP_PID=$!
19:13:35,461 [ test-runner:run-tests-983 @ target-host ] sleep 2
19:13:35,881 [ test-runner:run-tests-983 @ target-host ] pmap -x $APP_PID | grep total | awk '{print $4}'
19:13:35,881 [ test-runner:run-tests-983 @ target-host ] set-state: RSS_STARTUP ""
19:13:35,911 [ test-runner:run-tests-983 @ target-host ] script-cmd: state-array-push
19:13:35,911 [ test-runner:run-tests-983 @ target-host ] state-array-push
19:13:36,284 [ test-runner:run-tests-983 @ target-host ] set-state: RUN.output.results.quarkus3-native.rss.startup =[...=[...=[...=[...[], ${{= ${{RSS_STARTUP}}/1024 }}], ${{= ${{RSS_STARTUP}}/1024 }}], ${{= ${{RSS_STARTUP}}/1024 }}], ${{= ${{RSS_STARTUP}}/1024 }}]
19:13:36,721 [ test-runner:run-tests-983 @ target-host ] curl -s  http://localhost:8080/fruits > /dev/null
19:13:37,125 [ test-runner:run-tests-983 @ target-host ] pmap -x $APP_PID | grep total | awk '{print $4}'
19:13:37,125 [ test-runner:run-tests-983 @ target-host ] set-state: FIRST_REQUEST ""
19:13:37,154 [ test-runner:run-tests-983 @ target-host ] script-cmd: state-array-push
19:13:37,154 [ test-runner:run-tests-983 @ target-host ] state-array-push
19:13:37,538 [ test-runner:run-tests-983 @ target-host ] set-state: RUN.output.results.quarkus3-native.rss.firstRequest =[...=[...=[...=[...[], ${{= ${{FIRST_REQUEST}}/1024 }}], ${{= ${{FIRST_REQUEST}}/1024 }}], ${{= ${{FIRST_REQUEST}}/1024 }}], ${{= ${{FIRST_REQUEST}}/1024 }}]
19:13:37,939 [ test-runner:run-tests-983 @ target-host ] kill -15 $APP_PID
bash: kill: (305513) - No such process
19:13:40,342 [ test-runner:run-tests-983 @ target-host ] sleep 2
19:13:40,342 [ test-runner:run-tests-983 @ target-host ] script-cmd: stop-test-services
19:13:40,342 [ test-runner:run-tests-983 @ target-host ] stop-test-services
19:13:41,016 [ test-runner:run-tests-983 @ target-host ] /home/zakkak/spring-quarkus-perf-comparison/spring-quarkus-perf-comparison/scripts/infra.sh -d
Using podman to stop containers
-----------------------------------------
[03/11/2026 19:13:40]: Stopping services
-----------------------------------------
Stopping PostgreSQL database 'fruits_db'
fruits_db
19:13:41,072 [ test-runner:run-tests-983 @ target-host ] for-each: ITERATION = 4
19:13:41,072 [ test-runner:run-tests-983 @ target-host ] queue-download: ${{REPO_DIR}}/logs/measure-rss-${{RUNTIME.name}}-${{ITERATION}}.log=/home/zakkak/spring-quarkus-perf-comparison/logs/measure-rss-quarkus3-native-4.log ../../20260311/run-time-initialize-security-providers/target-host/
19:13:41,072 [ test-runner:run-tests-983 @ target-host ] script-cmd: start-test-services
19:13:41,072 [ test-runner:run-tests-983 @ target-host ] start-test-services
19:13:52,167 [ test-runner:run-tests-983 @ target-host ] /home/zakkak/spring-quarkus-perf-comparison/spring-quarkus-perf-comparison/scripts/infra.sh -c 3 -p '4-6' -s
Using podman to start containers
-----------------------------------------
[03/11/2026 19:13:41]: Starting services
-----------------------------------------
Starting PostgreSQL database 'fruits_db'
PostgreSQL DB process: 1fc6685fd12719fbf277385c56c34ff955399793310dad4b4ae6a45c61ba46b0
Waiting for PostgreSQL to be ready...
localhost:5432 - no response
localhost:5432 - no response
localhost:5432 - accepting connections
19:13:52,167 [ test-runner:run-tests-983 @ target-host ] script-cmd: sync-drop-fs-cache
19:13:52,167 [ test-runner:run-tests-983 @ target-host ] sync-drop-fs-cache
19:13:52,167 [ test-runner:run-tests-983 @ target-host ] read-state: true
19:13:52,167 [ test-runner:run-tests-983 @ target-host ] regex: true
19:13:52,768 [ test-runner:run-tests-983 @ target-host ] sync
19:13:52,768 [ test-runner:run-tests-983 @ target-host ] script-cmd: sync-drop-fs-cache-${{os}}
19:13:52,768 [ test-runner:run-tests-983 @ target-host ] sync-drop-fs-cache-linux
19:13:52,768 [ test-runner:run-tests-983 @ target-host ] script-cmd: sudo
19:13:52,768 [ test-runner:run-tests-983 @ target-host ] sudo
19:13:52,768 [ test-runner:run-tests-983 @ target-host ] script-cmd: sudo-${{os}}
19:13:52,768 [ test-runner:run-tests-983 @ target-host ] sudo-linux
19:13:53,560 [ test-runner:run-tests-983 @ target-host ] sudo sh -c "echo 3 > /proc/sys/vm/drop_caches"
]3008;start=687f8ba6b5c54bf1812d5bb71ba4d92a;user=zakkak;hostname=blanc;machineid=f469a615e9ef4e81b7d5be080a5de373;bootid=0e917e08584a49cb891ef04366e00ace;pid=305927;pidfdid=305928;comm=sudo;targetuser=root;sessionid=c280;type=session\]3008;end=687f8ba6b5c54bf1812d5bb71ba4d92a\
19:13:54,063 [ test-runner:run-tests-983 @ target-host ] taskset --cpu-list 0-3 /home/zakkak/spring-quarkus-perf-comparison/spring-quarkus-perf-comparison/quarkus3/target/quarkus3-runner  &>/home/zakkak/spring-quarkus-perf-comparison/logs/measure-rss-quarkus3-native-4.log &
[1] 305956
19:13:54,465 [ test-runner:run-tests-983 @ target-host ] APP_PID=$!
19:13:56,877 [ test-runner:run-tests-983 @ target-host ] sleep 2
19:13:57,297 [ test-runner:run-tests-983 @ target-host ] pmap -x $APP_PID | grep total | awk '{print $4}'
19:13:57,297 [ test-runner:run-tests-983 @ target-host ] set-state: RSS_STARTUP ""
19:13:57,325 [ test-runner:run-tests-983 @ target-host ] script-cmd: state-array-push
19:13:57,325 [ test-runner:run-tests-983 @ target-host ] state-array-push
19:13:57,703 [ test-runner:run-tests-983 @ target-host ] set-state: RUN.output.results.quarkus3-native.rss.startup =[...=[...=[...=[...=[...[], ${{= ${{RSS_STARTUP}}/1024 }}], ${{= ${{RSS_STARTUP}}/1024 }}], ${{= ${{RSS_STARTUP}}/1024 }}], ${{= ${{RSS_STARTUP}}/1024 }}], ${{= ${{RSS_STARTUP}}/1024 }}]
19:13:58,130 [ test-runner:run-tests-983 @ target-host ] curl -s  http://localhost:8080/fruits > /dev/null
19:13:58,534 [ test-runner:run-tests-983 @ target-host ] pmap -x $APP_PID | grep total | awk '{print $4}'
19:13:58,534 [ test-runner:run-tests-983 @ target-host ] set-state: FIRST_REQUEST ""
19:13:58,554 [ test-runner:run-tests-983 @ target-host ] script-cmd: state-array-push
19:13:58,554 [ test-runner:run-tests-983 @ target-host ] state-array-push
19:13:58,904 [ test-runner:run-tests-983 @ target-host ] set-state: RUN.output.results.quarkus3-native.rss.firstRequest =[...=[...=[...=[...=[...[], ${{= ${{FIRST_REQUEST}}/1024 }}], ${{= ${{FIRST_REQUEST}}/1024 }}], ${{= ${{FIRST_REQUEST}}/1024 }}], ${{= ${{FIRST_REQUEST}}/1024 }}], ${{= ${{FIRST_REQUEST}}/1024 }}]
19:13:59,306 [ test-runner:run-tests-983 @ target-host ] kill -15 $APP_PID
bash: kill: (305956) - No such process
19:14:01,709 [ test-runner:run-tests-983 @ target-host ] sleep 2
19:14:01,709 [ test-runner:run-tests-983 @ target-host ] script-cmd: stop-test-services
19:14:01,709 [ test-runner:run-tests-983 @ target-host ] stop-test-services
19:14:02,365 [ test-runner:run-tests-983 @ target-host ] /home/zakkak/spring-quarkus-perf-comparison/spring-quarkus-perf-comparison/scripts/infra.sh -d
Using podman to stop containers
-----------------------------------------
[03/11/2026 19:14:01]: Stopping services
-----------------------------------------
Stopping PostgreSQL database 'fruits_db'
fruits_db
19:14:02,446 [ test-runner:run-tests-983 @ target-host ] for-each: ITERATION = 5
19:14:02,446 [ test-runner:run-tests-983 @ target-host ] queue-download: ${{REPO_DIR}}/logs/measure-rss-${{RUNTIME.name}}-${{ITERATION}}.log=/home/zakkak/spring-quarkus-perf-comparison/logs/measure-rss-quarkus3-native-5.log ../../20260311/run-time-initialize-security-providers/target-host/
19:14:02,446 [ test-runner:run-tests-983 @ target-host ] script-cmd: start-test-services
19:14:02,446 [ test-runner:run-tests-983 @ target-host ] start-test-services
19:14:13,577 [ test-runner:run-tests-983 @ target-host ] /home/zakkak/spring-quarkus-perf-comparison/spring-quarkus-perf-comparison/scripts/infra.sh -c 3 -p '4-6' -s
Using podman to start containers
-----------------------------------------
[03/11/2026 19:14:02]: Starting services
-----------------------------------------
Starting PostgreSQL database 'fruits_db'
PostgreSQL DB process: 49c5ec43fd0ba4886c78360817eb1908bcddb0b2899a9c957ea3234e1aae9a98
Waiting for PostgreSQL to be ready...
localhost:5432 - no response
localhost:5432 - no response
localhost:5432 - accepting connections
19:14:13,577 [ test-runner:run-tests-983 @ target-host ] script-cmd: sync-drop-fs-cache
19:14:13,577 [ test-runner:run-tests-983 @ target-host ] sync-drop-fs-cache
19:14:13,577 [ test-runner:run-tests-983 @ target-host ] read-state: true
19:14:13,577 [ test-runner:run-tests-983 @ target-host ] regex: true
19:14:14,134 [ test-runner:run-tests-983 @ target-host ] sync
19:14:14,134 [ test-runner:run-tests-983 @ target-host ] script-cmd: sync-drop-fs-cache-${{os}}
19:14:14,134 [ test-runner:run-tests-983 @ target-host ] sync-drop-fs-cache-linux
19:14:14,134 [ test-runner:run-tests-983 @ target-host ] script-cmd: sudo
19:14:14,135 [ test-runner:run-tests-983 @ target-host ] sudo
19:14:14,135 [ test-runner:run-tests-983 @ target-host ] script-cmd: sudo-${{os}}
19:14:14,135 [ test-runner:run-tests-983 @ target-host ] sudo-linux
19:14:14,911 [ test-runner:run-tests-983 @ target-host ] sudo sh -c "echo 3 > /proc/sys/vm/drop_caches"
]3008;start=f07c2163e79e4bd1a3118e9557afae49;user=zakkak;hostname=blanc;machineid=f469a615e9ef4e81b7d5be080a5de373;bootid=0e917e08584a49cb891ef04366e00ace;pid=306372;pidfdid=306373;comm=sudo;targetuser=root;sessionid=c281;type=session\]3008;end=f07c2163e79e4bd1a3118e9557afae49\
19:14:15,422 [ test-runner:run-tests-983 @ target-host ] taskset --cpu-list 0-3 /home/zakkak/spring-quarkus-perf-comparison/spring-quarkus-perf-comparison/quarkus3/target/quarkus3-runner  &>/home/zakkak/spring-quarkus-perf-comparison/logs/measure-rss-quarkus3-native-5.log &
[1] 306399
19:14:15,824 [ test-runner:run-tests-983 @ target-host ] APP_PID=$!
19:14:18,236 [ test-runner:run-tests-983 @ target-host ] sleep 2
19:14:18,654 [ test-runner:run-tests-983 @ target-host ] pmap -x $APP_PID | grep total | awk '{print $4}'
19:14:18,654 [ test-runner:run-tests-983 @ target-host ] set-state: RSS_STARTUP ""
19:14:18,692 [ test-runner:run-tests-983 @ target-host ] script-cmd: state-array-push
19:14:18,692 [ test-runner:run-tests-983 @ target-host ] state-array-push
19:14:19,159 [ test-runner:run-tests-983 @ target-host ] set-state: RUN.output.results.quarkus3-native.rss.startup =[...=[...=[...=[...=[...=[...[], ${{= ${{RSS_STARTUP}}/1024 }}], ${{= ${{RSS_STARTUP}}/1024 }}], ${{= ${{RSS_STARTUP}}/1024 }}], ${{= ${{RSS_STARTUP}}/1024 }}], ${{= ${{RSS_STARTUP}}/1024 }}], ${{= ${{RSS_STARTUP}}/1024 }}]
19:14:19,590 [ test-runner:run-tests-983 @ target-host ] curl -s  http://localhost:8080/fruits > /dev/null
19:14:19,994 [ test-runner:run-tests-983 @ target-host ] pmap -x $APP_PID | grep total | awk '{print $4}'
19:14:19,994 [ test-runner:run-tests-983 @ target-host ] set-state: FIRST_REQUEST ""
19:14:20,011 [ test-runner:run-tests-983 @ target-host ] script-cmd: state-array-push
19:14:20,011 [ test-runner:run-tests-983 @ target-host ] state-array-push
19:14:20,373 [ test-runner:run-tests-983 @ target-host ] set-state: RUN.output.results.quarkus3-native.rss.firstRequest =[...=[...=[...=[...=[...=[...[], ${{= ${{FIRST_REQUEST}}/1024 }}], ${{= ${{FIRST_REQUEST}}/1024 }}], ${{= ${{FIRST_REQUEST}}/1024 }}], ${{= ${{FIRST_REQUEST}}/1024 }}], ${{= ${{FIRST_REQUEST}}/1024 }}], ${{= ${{FIRST_REQUEST}}/1024 }}]
19:14:20,775 [ test-runner:run-tests-983 @ target-host ] kill -15 $APP_PID
bash: kill: (306399) - No such process
19:14:23,178 [ test-runner:run-tests-983 @ target-host ] sleep 2
19:14:23,178 [ test-runner:run-tests-983 @ target-host ] script-cmd: stop-test-services
19:14:23,178 [ test-runner:run-tests-983 @ target-host ] stop-test-services
19:14:23,851 [ test-runner:run-tests-983 @ target-host ] /home/zakkak/spring-quarkus-perf-comparison/spring-quarkus-perf-comparison/scripts/infra.sh -d
Using podman to stop containers
-----------------------------------------
[03/11/2026 19:14:23]: Stopping services
-----------------------------------------
Stopping PostgreSQL database 'fruits_db'
fruits_db
19:14:23,912 [ test-runner:run-tests-983 @ target-host ] for-each: ITERATION = 6
19:14:23,913 [ test-runner:run-tests-983 @ target-host ] queue-download: ${{REPO_DIR}}/logs/measure-rss-${{RUNTIME.name}}-${{ITERATION}}.log=/home/zakkak/spring-quarkus-perf-comparison/logs/measure-rss-quarkus3-native-6.log ../../20260311/run-time-initialize-security-providers/target-host/
19:14:23,913 [ test-runner:run-tests-983 @ target-host ] script-cmd: start-test-services
19:14:23,913 [ test-runner:run-tests-983 @ target-host ] start-test-services
19:14:35,010 [ test-runner:run-tests-983 @ target-host ] /home/zakkak/spring-quarkus-perf-comparison/spring-quarkus-perf-comparison/scripts/infra.sh -c 3 -p '4-6' -s
Using podman to start containers
-----------------------------------------
[03/11/2026 19:14:23]: Starting services
-----------------------------------------
Starting PostgreSQL database 'fruits_db'
PostgreSQL DB process: 6d5466eddc8ac54bdc3d67c4502b8ff3eb3c8804cae1713374b4d3f5410265ac
Waiting for PostgreSQL to be ready...
localhost:5432 - no response
localhost:5432 - no response
localhost:5432 - accepting connections
19:14:35,010 [ test-runner:run-tests-983 @ target-host ] script-cmd: sync-drop-fs-cache
19:14:35,010 [ test-runner:run-tests-983 @ target-host ] sync-drop-fs-cache
19:14:35,010 [ test-runner:run-tests-983 @ target-host ] read-state: true
19:14:35,010 [ test-runner:run-tests-983 @ target-host ] regex: true
19:14:35,603 [ test-runner:run-tests-983 @ target-host ] sync
19:14:35,603 [ test-runner:run-tests-983 @ target-host ] script-cmd: sync-drop-fs-cache-${{os}}
19:14:35,603 [ test-runner:run-tests-983 @ target-host ] sync-drop-fs-cache-linux
19:14:35,603 [ test-runner:run-tests-983 @ target-host ] script-cmd: sudo
19:14:35,603 [ test-runner:run-tests-983 @ target-host ] sudo
19:14:35,604 [ test-runner:run-tests-983 @ target-host ] script-cmd: sudo-${{os}}
19:14:35,604 [ test-runner:run-tests-983 @ target-host ] sudo-linux
19:14:36,368 [ test-runner:run-tests-983 @ target-host ] sudo sh -c "echo 3 > /proc/sys/vm/drop_caches"
]3008;start=04fc6ec2265d4b8395dbd76e4195c568;user=zakkak;hostname=blanc;machineid=f469a615e9ef4e81b7d5be080a5de373;bootid=0e917e08584a49cb891ef04366e00ace;pid=306806;pidfdid=306807;comm=sudo;targetuser=root;sessionid=c282;type=session\]3008;end=04fc6ec2265d4b8395dbd76e4195c568\
19:14:36,880 [ test-runner:run-tests-983 @ target-host ] taskset --cpu-list 0-3 /home/zakkak/spring-quarkus-perf-comparison/spring-quarkus-perf-comparison/quarkus3/target/quarkus3-runner  &>/home/zakkak/spring-quarkus-perf-comparison/logs/measure-rss-quarkus3-native-6.log &
[1] 306836
19:14:37,281 [ test-runner:run-tests-983 @ target-host ] APP_PID=$!
19:14:39,693 [ test-runner:run-tests-983 @ target-host ] sleep 2
19:14:40,111 [ test-runner:run-tests-983 @ target-host ] pmap -x $APP_PID | grep total | awk '{print $4}'
19:14:40,111 [ test-runner:run-tests-983 @ target-host ] set-state: RSS_STARTUP ""
19:14:40,141 [ test-runner:run-tests-983 @ target-host ] script-cmd: state-array-push
19:14:40,141 [ test-runner:run-tests-983 @ target-host ] state-array-push
19:14:40,613 [ test-runner:run-tests-983 @ target-host ] set-state: RUN.output.results.quarkus3-native.rss.startup =[...=[...=[...=[...=[...=[...=[...[], ${{= ${{RSS_STARTUP}}/1024 }}], ${{= ${{RSS_STARTUP}}/1024 }}], ${{= ${{RSS_STARTUP}}/1024 }}], ${{= ${{RSS_STARTUP}}/1024 }}], ${{= ${{RSS_STARTUP}}/1024 }}], ${{= ${{RSS_STARTUP}}/1024 }}], ${{= ${{RSS_STARTUP}}/1024 }}]
19:14:41,044 [ test-runner:run-tests-983 @ target-host ] curl -s  http://localhost:8080/fruits > /dev/null
19:14:41,448 [ test-runner:run-tests-983 @ target-host ] pmap -x $APP_PID | grep total | awk '{print $4}'
19:14:41,448 [ test-runner:run-tests-983 @ target-host ] set-state: FIRST_REQUEST ""
19:14:41,476 [ test-runner:run-tests-983 @ target-host ] script-cmd: state-array-push
19:14:41,476 [ test-runner:run-tests-983 @ target-host ] state-array-push
19:14:41,957 [ test-runner:run-tests-983 @ target-host ] set-state: RUN.output.results.quarkus3-native.rss.firstRequest =[...=[...=[...=[...=[...=[...=[...[], ${{= ${{FIRST_REQUEST}}/1024 }}], ${{= ${{FIRST_REQUEST}}/1024 }}], ${{= ${{FIRST_REQUEST}}/1024 }}], ${{= ${{FIRST_REQUEST}}/1024 }}], ${{= ${{FIRST_REQUEST}}/1024 }}], ${{= ${{FIRST_REQUEST}}/1024 }}], ${{= ${{FIRST_REQUEST}}/1024 }}]
19:14:42,358 [ test-runner:run-tests-983 @ target-host ] kill -15 $APP_PID
bash: kill: (306836) - No such process
19:14:44,761 [ test-runner:run-tests-983 @ target-host ] sleep 2
19:14:44,761 [ test-runner:run-tests-983 @ target-host ] script-cmd: stop-test-services
19:14:44,761 [ test-runner:run-tests-983 @ target-host ] stop-test-services
19:14:45,434 [ test-runner:run-tests-983 @ target-host ] /home/zakkak/spring-quarkus-perf-comparison/spring-quarkus-perf-comparison/scripts/infra.sh -d
Using podman to stop containers
-----------------------------------------
[03/11/2026 19:14:44]: Stopping services
-----------------------------------------
Stopping PostgreSQL database 'fruits_db'
fruits_db
19:14:45,486 [ test-runner:run-tests-983 @ target-host ] for-each: ITERATION = 7
19:14:45,486 [ test-runner:run-tests-983 @ target-host ] queue-download: ${{REPO_DIR}}/logs/measure-rss-${{RUNTIME.name}}-${{ITERATION}}.log=/home/zakkak/spring-quarkus-perf-comparison/logs/measure-rss-quarkus3-native-7.log ../../20260311/run-time-initialize-security-providers/target-host/
19:14:45,486 [ test-runner:run-tests-983 @ target-host ] script-cmd: start-test-services
19:14:45,486 [ test-runner:run-tests-983 @ target-host ] start-test-services
19:14:56,576 [ test-runner:run-tests-983 @ target-host ] /home/zakkak/spring-quarkus-perf-comparison/spring-quarkus-perf-comparison/scripts/infra.sh -c 3 -p '4-6' -s
Using podman to start containers
-----------------------------------------
[03/11/2026 19:14:45]: Starting services
-----------------------------------------
Starting PostgreSQL database 'fruits_db'
PostgreSQL DB process: 1c1c05790234445e0bd8495cc9b2fe96b6ab4a5c216ec15e00e1bf2211631120
Waiting for PostgreSQL to be ready...
localhost:5432 - no response
localhost:5432 - no response
localhost:5432 - accepting connections
19:14:56,576 [ test-runner:run-tests-983 @ target-host ] script-cmd: sync-drop-fs-cache
19:14:56,576 [ test-runner:run-tests-983 @ target-host ] sync-drop-fs-cache
19:14:56,577 [ test-runner:run-tests-983 @ target-host ] read-state: true
19:14:56,577 [ test-runner:run-tests-983 @ target-host ] regex: true
19:14:57,119 [ test-runner:run-tests-983 @ target-host ] sync
19:14:57,119 [ test-runner:run-tests-983 @ target-host ] script-cmd: sync-drop-fs-cache-${{os}}
19:14:57,119 [ test-runner:run-tests-983 @ target-host ] sync-drop-fs-cache-linux
19:14:57,119 [ test-runner:run-tests-983 @ target-host ] script-cmd: sudo
19:14:57,119 [ test-runner:run-tests-983 @ target-host ] sudo
19:14:57,119 [ test-runner:run-tests-983 @ target-host ] script-cmd: sudo-${{os}}
19:14:57,119 [ test-runner:run-tests-983 @ target-host ] sudo-linux
19:14:57,896 [ test-runner:run-tests-983 @ target-host ] sudo sh -c "echo 3 > /proc/sys/vm/drop_caches"
]3008;start=6b9b7b9662064372a721be17223fb311;user=zakkak;hostname=blanc;machineid=f469a615e9ef4e81b7d5be080a5de373;bootid=0e917e08584a49cb891ef04366e00ace;pid=307253;pidfdid=307254;comm=sudo;targetuser=root;sessionid=c283;type=session\]3008;end=6b9b7b9662064372a721be17223fb311\
19:14:58,407 [ test-runner:run-tests-983 @ target-host ] taskset --cpu-list 0-3 /home/zakkak/spring-quarkus-perf-comparison/spring-quarkus-perf-comparison/quarkus3/target/quarkus3-runner  &>/home/zakkak/spring-quarkus-perf-comparison/logs/measure-rss-quarkus3-native-7.log &
[1] 307280
19:14:58,808 [ test-runner:run-tests-983 @ target-host ] APP_PID=$!
19:15:01,220 [ test-runner:run-tests-983 @ target-host ] sleep 2
19:15:01,638 [ test-runner:run-tests-983 @ target-host ] pmap -x $APP_PID | grep total | awk '{print $4}'
19:15:01,638 [ test-runner:run-tests-983 @ target-host ] set-state: RSS_STARTUP ""
19:15:01,666 [ test-runner:run-tests-983 @ target-host ] script-cmd: state-array-push
19:15:01,666 [ test-runner:run-tests-983 @ target-host ] state-array-push
19:15:02,118 [ test-runner:run-tests-983 @ target-host ] set-state: RUN.output.results.quarkus3-native.rss.startup =[...=[...=[...=[...=[...=[...=[...=[...[], ${{= ${{RSS_STARTUP}}/1024 }}], ${{= ${{RSS_STARTUP}}/1024 }}], ${{= ${{RSS_STARTUP}}/1024 }}], ${{= ${{RSS_STARTUP}}/1024 }}], ${{= ${{RSS_STARTUP}}/1024 }}], ${{= ${{RSS_STARTUP}}/1024 }}], ${{= ${{RSS_STARTUP}}/1024 }}], ${{= ${{RSS_STARTUP}}/1024 }}]
19:15:02,549 [ test-runner:run-tests-983 @ target-host ] curl -s  http://localhost:8080/fruits > /dev/null
19:15:02,953 [ test-runner:run-tests-983 @ target-host ] pmap -x $APP_PID | grep total | awk '{print $4}'
19:15:02,953 [ test-runner:run-tests-983 @ target-host ] set-state: FIRST_REQUEST ""
19:15:02,972 [ test-runner:run-tests-983 @ target-host ] script-cmd: state-array-push
19:15:02,972 [ test-runner:run-tests-983 @ target-host ] state-array-push
19:15:03,489 [ test-runner:run-tests-983 @ target-host ] set-state: RUN.output.results.quarkus3-native.rss.firstRequest =[...=[...=[...=[...=[...=[...=[...=[...[], ${{= ${{FIRST_REQUEST}}/1024 }}], ${{= ${{FIRST_REQUEST}}/1024 }}], ${{= ${{FIRST_REQUEST}}/1024 }}], ${{= ${{FIRST_REQUEST}}/1024 }}], ${{= ${{FIRST_REQUEST}}/1024 }}], ${{= ${{FIRST_REQUEST}}/1024 }}], ${{= ${{FIRST_REQUEST}}/1024 }}], ${{= ${{FIRST_REQUEST}}/1024 }}]
19:15:03,891 [ test-runner:run-tests-983 @ target-host ] kill -15 $APP_PID
bash: kill: (307280) - No such process
19:15:06,294 [ test-runner:run-tests-983 @ target-host ] sleep 2
19:15:06,294 [ test-runner:run-tests-983 @ target-host ] script-cmd: stop-test-services
19:15:06,294 [ test-runner:run-tests-983 @ target-host ] stop-test-services
19:15:06,969 [ test-runner:run-tests-983 @ target-host ] /home/zakkak/spring-quarkus-perf-comparison/spring-quarkus-perf-comparison/scripts/infra.sh -d
Using podman to stop containers
-----------------------------------------
[03/11/2026 19:15:06]: Stopping services
-----------------------------------------
Stopping PostgreSQL database 'fruits_db'
fruits_db
19:15:07,051 [ test-runner:run-tests-983 @ target-host ] for-each: ITERATION = 8
19:15:07,051 [ test-runner:run-tests-983 @ target-host ] queue-download: ${{REPO_DIR}}/logs/measure-rss-${{RUNTIME.name}}-${{ITERATION}}.log=/home/zakkak/spring-quarkus-perf-comparison/logs/measure-rss-quarkus3-native-8.log ../../20260311/run-time-initialize-security-providers/target-host/
19:15:07,052 [ test-runner:run-tests-983 @ target-host ] script-cmd: start-test-services
19:15:07,052 [ test-runner:run-tests-983 @ target-host ] start-test-services
19:15:18,142 [ test-runner:run-tests-983 @ target-host ] /home/zakkak/spring-quarkus-perf-comparison/spring-quarkus-perf-comparison/scripts/infra.sh -c 3 -p '4-6' -s
Using podman to start containers
-----------------------------------------
[03/11/2026 19:15:07]: Starting services
-----------------------------------------
Starting PostgreSQL database 'fruits_db'
PostgreSQL DB process: 414b88c23261facec9509d613a66c5de63baca434dd1f67f22b0ff33533e150d
Waiting for PostgreSQL to be ready...
localhost:5432 - no response
localhost:5432 - no response
localhost:5432 - accepting connections
19:15:18,142 [ test-runner:run-tests-983 @ target-host ] script-cmd: sync-drop-fs-cache
19:15:18,142 [ test-runner:run-tests-983 @ target-host ] sync-drop-fs-cache
19:15:18,142 [ test-runner:run-tests-983 @ target-host ] read-state: true
19:15:18,142 [ test-runner:run-tests-983 @ target-host ] regex: true
19:15:18,729 [ test-runner:run-tests-983 @ target-host ] sync
19:15:18,730 [ test-runner:run-tests-983 @ target-host ] script-cmd: sync-drop-fs-cache-${{os}}
19:15:18,730 [ test-runner:run-tests-983 @ target-host ] sync-drop-fs-cache-linux
19:15:18,730 [ test-runner:run-tests-983 @ target-host ] script-cmd: sudo
19:15:18,730 [ test-runner:run-tests-983 @ target-host ] sudo
19:15:18,731 [ test-runner:run-tests-983 @ target-host ] script-cmd: sudo-${{os}}
19:15:18,731 [ test-runner:run-tests-983 @ target-host ] sudo-linux
19:15:19,517 [ test-runner:run-tests-983 @ target-host ] sudo sh -c "echo 3 > /proc/sys/vm/drop_caches"
]3008;start=ccda28c6a1044d0ea6cf45d07d417f8d;user=zakkak;hostname=blanc;machineid=f469a615e9ef4e81b7d5be080a5de373;bootid=0e917e08584a49cb891ef04366e00ace;pid=307689;pidfdid=307690;comm=sudo;targetuser=root;sessionid=c284;type=session\]3008;end=ccda28c6a1044d0ea6cf45d07d417f8d\
19:15:20,021 [ test-runner:run-tests-983 @ target-host ] taskset --cpu-list 0-3 /home/zakkak/spring-quarkus-perf-comparison/spring-quarkus-perf-comparison/quarkus3/target/quarkus3-runner  &>/home/zakkak/spring-quarkus-perf-comparison/logs/measure-rss-quarkus3-native-8.log &
[1] 307717
19:15:20,423 [ test-runner:run-tests-983 @ target-host ] APP_PID=$!
19:15:22,828 [ test-runner:run-tests-983 @ target-host ] sleep 2
19:15:23,246 [ test-runner:run-tests-983 @ target-host ] pmap -x $APP_PID | grep total | awk '{print $4}'
19:15:23,246 [ test-runner:run-tests-983 @ target-host ] set-state: RSS_STARTUP ""
19:15:23,283 [ test-runner:run-tests-983 @ target-host ] script-cmd: state-array-push
19:15:23,283 [ test-runner:run-tests-983 @ target-host ] state-array-push
19:15:23,794 [ test-runner:run-tests-983 @ target-host ] set-state: RUN.output.results.quarkus3-native.rss.startup =[...=[...=[...=[...=[...=[...=[...=[...=[...[], ${{= ${{RSS_STARTUP}}/1024 }}], ${{= ${{RSS_STARTUP}}/1024 }}], ${{= ${{RSS_STARTUP}}/1024 }}], ${{= ${{RSS_STARTUP}}/1024 }}], ${{= ${{RSS_STARTUP}}/1024 }}], ${{= ${{RSS_STARTUP}}/1024 }}], ${{= ${{RSS_STARTUP}}/1024 }}], ${{= ${{RSS_STARTUP}}/1024 }}], ${{= ${{RSS_STARTUP}}/1024 }}]
19:15:24,225 [ test-runner:run-tests-983 @ target-host ] curl -s  http://localhost:8080/fruits > /dev/null
19:15:24,629 [ test-runner:run-tests-983 @ target-host ] pmap -x $APP_PID | grep total | awk '{print $4}'
19:15:24,629 [ test-runner:run-tests-983 @ target-host ] set-state: FIRST_REQUEST ""
19:15:24,647 [ test-runner:run-tests-983 @ target-host ] script-cmd: state-array-push
19:15:24,647 [ test-runner:run-tests-983 @ target-host ] state-array-push
19:15:25,258 [ test-runner:run-tests-983 @ target-host ] set-state: RUN.output.results.quarkus3-native.rss.firstRequest =[...=[...=[...=[...=[...=[...=[...=[...=[...[], ${{= ${{FIRST_REQUEST}}/1024 }}], ${{= ${{FIRST_REQUEST}}/1024 }}], ${{= ${{FIRST_REQUEST}}/1024 }}], ${{= ${{FIRST_REQUEST}}/1024 }}], ${{= ${{FIRST_REQUEST}}/1024 }}], ${{= ${{FIRST_REQUEST}}/1024 }}], ${{= ${{FIRST_REQUEST}}/1024 }}], ${{= ${{FIRST_REQUEST}}/1024 }}], ${{= ${{FIRST_REQUEST}}/1024 }}]
19:15:25,660 [ test-runner:run-tests-983 @ target-host ] kill -15 $APP_PID
bash: kill: (307717) - No such process
19:15:28,062 [ test-runner:run-tests-983 @ target-host ] sleep 2
19:15:28,062 [ test-runner:run-tests-983 @ target-host ] script-cmd: stop-test-services
19:15:28,063 [ test-runner:run-tests-983 @ target-host ] stop-test-services
19:15:28,737 [ test-runner:run-tests-983 @ target-host ] /home/zakkak/spring-quarkus-perf-comparison/spring-quarkus-perf-comparison/scripts/infra.sh -d
Using podman to stop containers
-----------------------------------------
[03/11/2026 19:15:28]: Stopping services
-----------------------------------------
Stopping PostgreSQL database 'fruits_db'
fruits_db
19:15:28,789 [ test-runner:run-tests-983 @ target-host ] for-each: ITERATION = 9
19:15:28,789 [ test-runner:run-tests-983 @ target-host ] queue-download: ${{REPO_DIR}}/logs/measure-rss-${{RUNTIME.name}}-${{ITERATION}}.log=/home/zakkak/spring-quarkus-perf-comparison/logs/measure-rss-quarkus3-native-9.log ../../20260311/run-time-initialize-security-providers/target-host/
19:15:28,789 [ test-runner:run-tests-983 @ target-host ] script-cmd: start-test-services
19:15:28,789 [ test-runner:run-tests-983 @ target-host ] start-test-services
19:15:39,906 [ test-runner:run-tests-983 @ target-host ] /home/zakkak/spring-quarkus-perf-comparison/spring-quarkus-perf-comparison/scripts/infra.sh -c 3 -p '4-6' -s
Using podman to start containers
-----------------------------------------
[03/11/2026 19:15:28]: Starting services
-----------------------------------------
Starting PostgreSQL database 'fruits_db'
PostgreSQL DB process: 0c682580b013331459345e5ea3b6abfc0d91df1f055f28e6bc91da20f681ec57
Waiting for PostgreSQL to be ready...
localhost:5432 - no response
localhost:5432 - no response
localhost:5432 - accepting connections
19:15:39,907 [ test-runner:run-tests-983 @ target-host ] script-cmd: sync-drop-fs-cache
19:15:39,907 [ test-runner:run-tests-983 @ target-host ] sync-drop-fs-cache
19:15:39,907 [ test-runner:run-tests-983 @ target-host ] read-state: true
19:15:39,907 [ test-runner:run-tests-983 @ target-host ] regex: true
19:15:40,485 [ test-runner:run-tests-983 @ target-host ] sync
19:15:40,485 [ test-runner:run-tests-983 @ target-host ] script-cmd: sync-drop-fs-cache-${{os}}
19:15:40,486 [ test-runner:run-tests-983 @ target-host ] sync-drop-fs-cache-linux
19:15:40,486 [ test-runner:run-tests-983 @ target-host ] script-cmd: sudo
19:15:40,486 [ test-runner:run-tests-983 @ target-host ] sudo
19:15:40,486 [ test-runner:run-tests-983 @ target-host ] script-cmd: sudo-${{os}}
19:15:40,486 [ test-runner:run-tests-983 @ target-host ] sudo-linux
19:15:41,260 [ test-runner:run-tests-983 @ target-host ] sudo sh -c "echo 3 > /proc/sys/vm/drop_caches"
]3008;start=7a4bea447f624a83bcbe2690b389e5a1;user=zakkak;hostname=blanc;machineid=f469a615e9ef4e81b7d5be080a5de373;bootid=0e917e08584a49cb891ef04366e00ace;pid=308132;pidfdid=308133;comm=sudo;targetuser=root;sessionid=c285;type=session\]3008;end=7a4bea447f624a83bcbe2690b389e5a1\
19:15:41,763 [ test-runner:run-tests-983 @ target-host ] taskset --cpu-list 0-3 /home/zakkak/spring-quarkus-perf-comparison/spring-quarkus-perf-comparison/quarkus3/target/quarkus3-runner  &>/home/zakkak/spring-quarkus-perf-comparison/logs/measure-rss-quarkus3-native-9.log &
[1] 308162
19:15:42,164 [ test-runner:run-tests-983 @ target-host ] APP_PID=$!
19:15:44,576 [ test-runner:run-tests-983 @ target-host ] sleep 2
19:15:44,994 [ test-runner:run-tests-983 @ target-host ] pmap -x $APP_PID | grep total | awk '{print $4}'
19:15:44,994 [ test-runner:run-tests-983 @ target-host ] set-state: RSS_STARTUP ""
19:15:45,022 [ test-runner:run-tests-983 @ target-host ] script-cmd: state-array-push
19:15:45,022 [ test-runner:run-tests-983 @ target-host ] state-array-push
19:15:45,511 [ test-runner:run-tests-983 @ target-host ] set-state: RUN.output.results.quarkus3-native.rss.startup =[...=[...=[...=[...=[...=[...=[...=[...=[...=[...[], ${{= ${{RSS_STARTUP}}/1024 }}], ${{= ${{RSS_STARTUP}}/1024 }}], ${{= ${{RSS_STARTUP}}/1024 }}], ${{= ${{RSS_STARTUP}}/1024 }}], ${{= ${{RSS_STARTUP}}/1024 }}], ${{= ${{RSS_STARTUP}}/1024 }}], ${{= ${{RSS_STARTUP}}/1024 }}], ${{= ${{RSS_STARTUP}}/1024 }}], ${{= ${{RSS_STARTUP}}/1024 }}], ${{= ${{RSS_STARTUP}}/1024 }}]
19:15:45,943 [ test-runner:run-tests-983 @ target-host ] curl -s  http://localhost:8080/fruits > /dev/null
19:15:46,347 [ test-runner:run-tests-983 @ target-host ] pmap -x $APP_PID | grep total | awk '{print $4}'
19:15:46,347 [ test-runner:run-tests-983 @ target-host ] set-state: FIRST_REQUEST ""
19:15:46,365 [ test-runner:run-tests-983 @ target-host ] script-cmd: state-array-push
19:15:46,365 [ test-runner:run-tests-983 @ target-host ] state-array-push
19:15:46,854 [ test-runner:run-tests-983 @ target-host ] set-state: RUN.output.results.quarkus3-native.rss.firstRequest =[...=[...=[...=[...=[...=[...=[...=[...=[...=[...[], ${{= ${{FIRST_REQUEST}}/1024 }}], ${{= ${{FIRST_REQUEST}}/1024 }}], ${{= ${{FIRST_REQUEST}}/1024 }}], ${{= ${{FIRST_REQUEST}}/1024 }}], ${{= ${{FIRST_REQUEST}}/1024 }}], ${{= ${{FIRST_REQUEST}}/1024 }}], ${{= ${{FIRST_REQUEST}}/1024 }}], ${{= ${{FIRST_REQUEST}}/1024 }}], ${{= ${{FIRST_REQUEST}}/1024 }}], ${{= ${{FIRST_REQUEST}}/1024 }}]
19:15:47,256 [ test-runner:run-tests-983 @ target-host ] kill -15 $APP_PID
bash: kill: (308162) - No such process
19:15:49,658 [ test-runner:run-tests-983 @ target-host ] sleep 2
19:15:49,658 [ test-runner:run-tests-983 @ target-host ] script-cmd: stop-test-services
19:15:49,659 [ test-runner:run-tests-983 @ target-host ] stop-test-services
19:15:50,332 [ test-runner:run-tests-983 @ target-host ] /home/zakkak/spring-quarkus-perf-comparison/spring-quarkus-perf-comparison/scripts/infra.sh -d
Using podman to stop containers
-----------------------------------------
[03/11/2026 19:15:49]: Stopping services
-----------------------------------------
Stopping PostgreSQL database 'fruits_db'
fruits_db
19:15:50,389 [ test-runner:run-tests-983 @ target-host ] for-each: ITERATION
19:15:50,390 [ test-runner:run-tests-983 @ target-host ] script-cmd: state-array-calc-avg
19:15:50,390 [ test-runner:run-tests-983 @ target-host ] state-array-calc-avg
19:15:51,084 [ test-runner:run-tests-983 @ target-host ] set-state: RUN.output.results.quarkus3-native.rss.avStartupRss =  (=[...=[...=[...=[...=[...=[...=[...=[...=[...=[...[], ${{= ${{RSS_STARTUP}}/1024 }}], ${{= ${{RSS_STARTUP}}/1024 }}], ${{= ${{RSS_STARTUP}}/1024 }}], ${{= ${{RSS_STARTUP}}/1024 }}], ${{= ${{RSS_STARTUP}}/1024 }}], ${{= ${{RSS_STARTUP}}/1024 }}], ${{= ${{RSS_STARTUP}}/1024 }}], ${{= ${{RSS_STARTUP}}/1024 }}], ${{= ${{RSS_STARTUP}}/1024 }}], ${{= ${{RSS_STARTUP}}/1024 }}].reduce((a, b) => a + b, 0) / =[...=[...=[...=[...=[...=[...=[...=[...=[...=[...[], ${{= ${{RSS_STARTUP}}/1024 }}], ${{= ${{RSS_STARTUP}}/1024 }}], ${{= ${{RSS_STARTUP}}/1024 }}], ${{= ${{RSS_STARTUP}}/1024 }}], ${{= ${{RSS_STARTUP}}/1024 }}], ${{= ${{RSS_STARTUP}}/1024 }}], ${{= ${{RSS_STARTUP}}/1024 }}], ${{= ${{RSS_STARTUP}}/1024 }}], ${{= ${{RSS_STARTUP}}/1024 }}], ${{= ${{RSS_STARTUP}}/1024 }}].length) || 0
19:15:51,085 [ test-runner:run-tests-983 @ target-host ] script-cmd: state-array-calc-avg
19:15:51,086 [ test-runner:run-tests-983 @ target-host ] state-array-calc-avg
19:15:51,772 [ test-runner:run-tests-983 @ target-host ] set-state: RUN.output.results.quarkus3-native.rss.avFirstRequestRss =  (=[...=[...=[...=[...=[...=[...=[...=[...=[...=[...[], ${{= ${{FIRST_REQUEST}}/1024 }}], ${{= ${{FIRST_REQUEST}}/1024 }}], ${{= ${{FIRST_REQUEST}}/1024 }}], ${{= ${{FIRST_REQUEST}}/1024 }}], ${{= ${{FIRST_REQUEST}}/1024 }}], ${{= ${{FIRST_REQUEST}}/1024 }}], ${{= ${{FIRST_REQUEST}}/1024 }}], ${{= ${{FIRST_REQUEST}}/1024 }}], ${{= ${{FIRST_REQUEST}}/1024 }}], ${{= ${{FIRST_REQUEST}}/1024 }}].reduce((a, b) => a + b, 0) / =[...=[...=[...=[...=[...=[...=[...=[...=[...=[...[], ${{= ${{FIRST_REQUEST}}/1024 }}], ${{= ${{FIRST_REQUEST}}/1024 }}], ${{= ${{FIRST_REQUEST}}/1024 }}], ${{= ${{FIRST_REQUEST}}/1024 }}], ${{= ${{FIRST_REQUEST}}/1024 }}], ${{= ${{FIRST_REQUEST}}/1024 }}], ${{= ${{FIRST_REQUEST}}/1024 }}], ${{= ${{FIRST_REQUEST}}/1024 }}], ${{= ${{FIRST_REQUEST}}/1024 }}], ${{= ${{FIRST_REQUEST}}/1024 }}].length) || 0
19:15:51,772 [ test-runner:run-tests-983 @ target-host ] for-each: TEST = run-load-test
19:15:51,772 [ test-runner:run-tests-983 @ target-host ] script-cmd: ${{TEST}}
19:15:51,772 [ test-runner:run-tests-983 @ target-host ] run-load-test
19:15:51,772 [ test-runner:run-tests-983 @ target-host ] Running workload
19:15:52,174 [ test-runner:run-tests-983 @ target-host ] cd /home/zakkak/spring-quarkus-perf-comparison/spring-quarkus-perf-comparison/quarkus3
19:16:38,444 [ test-runner:run-tests-983 @ target-host ] ./mvnw  clean package -DskipTests -Pnative -Dquarkus.native.additional-build-args-append=--future-defaults=run-time-initialize-security-providers
[INFO] Scanning for projects...
[WARNING] Quarkus Maven extension: an explicit 'argLine' is defined in maven-surefire-plugin config, but does not contain '@{argLine}': we will not be able to inject JVM parameters automatically. Please add '@{argLine}' to the argLine configuration you have defined.
[INFO] 
[INFO] -------------------------< org.acme:quarkus3 >--------------------------
[INFO] Building quarkus3 1.0
[INFO]   from pom.xml
[INFO] ------------------------------[ quarkus ]-------------------------------
[INFO] 
[INFO] --- clean:3.2.0:clean (default-clean) @ quarkus3 ---
[INFO] Deleting /home/zakkak/spring-quarkus-perf-comparison/spring-quarkus-perf-comparison/quarkus3/target
[INFO] 
[INFO] --- resources:3.3.1:resources (default-resources) @ quarkus3 ---
[WARNING] Using platform encoding (UTF-8 actually) to copy filtered resources, i.e. build is platform dependent!
[INFO] Copying 2 resources from src/main/resources to target/classes
[INFO] 
[INFO] --- quarkus:3.32.2:generate-code (default-generate-code) @ quarkus3 ---
[INFO] 
[INFO] --- compiler:3.15.0:compile (default-compile) @ quarkus3 ---
[INFO] Recompiling the module because of changed source code.
[WARNING] File encoding has not been set, using platform encoding UTF-8, i.e. build is platform dependent!
[INFO] Compiling 16 source files with javac [debug release 21] to target/classes
[INFO] 
[INFO] --- resources:3.3.1:testResources (default-testResources) @ quarkus3 ---
[WARNING] Using platform encoding (UTF-8 actually) to copy filtered resources, i.e. build is platform dependent!
[INFO] skip non existing resourceDirectory /home/zakkak/spring-quarkus-perf-comparison/spring-quarkus-perf-comparison/quarkus3/src/test/resources
[INFO] 
[INFO] --- quarkus:3.32.2:generate-code-tests (default-generate-code-tests) @ quarkus3 ---
[INFO] 
[INFO] --- compiler:3.15.0:testCompile (default-testCompile) @ quarkus3 ---
[INFO] Recompiling the module because of changed dependency.
[WARNING] File encoding has not been set, using platform encoding UTF-8, i.e. build is platform dependent!
[INFO] Compiling 4 source files with javac [debug release 21] to target/test-classes
[INFO] 
[INFO] --- surefire:3.5.5:test (default-test) @ quarkus3 ---
[INFO] Tests are skipped.
[INFO] 
[INFO] --- quarkus:3.32.2:build (default-build) @ quarkus3 ---
[INFO] [io.quarkus.deployment.pkg.jar.NativeImageSourceJarBuilder] Building native image source jar: /home/zakkak/spring-quarkus-perf-comparison/spring-quarkus-perf-comparison/quarkus3/target/quarkus3-native-image-source-jar/quarkus3-runner.jar
[INFO] [io.quarkus.deployment.pkg.steps.NativeImageBuildStep] Building native image from /home/zakkak/spring-quarkus-perf-comparison/spring-quarkus-perf-comparison/quarkus3/target/quarkus3-native-image-source-jar/quarkus3-runner.jar
[INFO] [io.quarkus.deployment.pkg.steps.NativeImageBuildStep] Running Quarkus native-image plugin on GRAALVM 25.1.0-dev JDK 25.0.1+8-jvmci-25.1-b14
[INFO] [io.quarkus.deployment.pkg.steps.NativeImageBuildRunner] /home/zakkak/code/graal-oracle/sdk/latest_graalvm_home/bin/native-image -J-DCoordinatorEnvironmentBean.transactionStatusManagerEnable=false -J-Dsun.nio.ch.maxUpdateArraySize=100 -J-Djava.util.logging.manager=org.jboss.logmanager.LogManager -J-Dvertx.logger-delegate-factory-class-name=io.quarkus.vertx.core.runtime.VertxLogDelegateFactory -J-Dvertx.disableDnsResolver=true -J-Dio.netty.leakDetection.level=DISABLED -J-Dio.netty.allocator.maxOrder=3 -J-Duser.language=en -J-Duser.country=IE -J-Dlogging.initial-configurator.min-level=500 -H:+UnlockExperimentalVMOptions -H:IncludeLocales=en-IE -H:-UnlockExperimentalVMOptions --enable-native-access=ALL-UNNAMED -J-Dfile.encoding=UTF-8 -J--add-exports=org.graalvm.nativeimage.builder/com.oracle.svm.core.jdk=ALL-UNNAMED --features=io.quarkus.jdbc.postgresql.runtime.graal.SQLXMLFeature,io.quarkus.hibernate.validator.runtime.DisableLoggingFeature,io.quarkus.runner.Feature,io.quarkus.runtime.graal.DisableLoggingFeature,io.quarkus.runtime.graal.JVMChecksFeature,io.quarkus.hibernate.orm.runtime.graal.RegisterServicesForReflectionFeature,io.quarkus.hibernate.orm.runtime.graal.DisableLoggingFeature,org.hibernate.graalvm.internal.GraalVMStaticFeature,io.quarkus.caffeine.runtime.graal.CacheConstructorsFeature,io.quarkus.runtime.graal.SkipConsoleServiceProvidersFeature -J--add-exports=java.security.jgss/sun.security.krb5=ALL-UNNAMED -J--add-exports=java.security.jgss/sun.security.jgss=ALL-UNNAMED -J--add-opens=java.base/java.text=ALL-UNNAMED -J--add-opens=java.base/java.io=ALL-UNNAMED -J--add-opens=java.base/java.lang.invoke=ALL-UNNAMED -J--add-opens=java.base/java.util=ALL-UNNAMED -H:+UnlockExperimentalVMOptions -H:BuildOutputJSONFile=quarkus3-runner-build-output-stats.json -H:-UnlockExperimentalVMOptions -H:+UnlockExperimentalVMOptions -H:+GenerateBuildArtifactsFile -H:-UnlockExperimentalVMOptions --future-defaults=run-time-initialize-security-providers -H:+UnlockExperimentalVMOptions -H:+AllowFoldMethods -H:-UnlockExperimentalVMOptions -J-Djava.awt.headless=true --no-fallback --link-at-build-time -H:+UnlockExperimentalVMOptions -H:+ReportExceptionStackTraces -H:-UnlockExperimentalVMOptions -H:-AddAllCharsets --enable-url-protocols=http,https -H:NativeLinkerOption=-no-pie --enable-monitoring=heapdump,threaddump -H:+UnlockExperimentalVMOptions -H:-UseServiceLoaderFeature -H:-UnlockExperimentalVMOptions -J--add-exports=org.graalvm.nativeimage/org.graalvm.nativeimage.impl=ALL-UNNAMED --exclude-config io\.netty\.netty-codec /META-INF/native-image/io\.netty/netty-codec/generated/handlers/reflect-config\.json --exclude-config io\.netty\.netty-handler /META-INF/native-image/io\.netty/netty-handler/generated/handlers/reflect-config\.json quarkus3-runner -jar quarkus3-runner.jar
Warning: Using a deprecated option --no-fallback from command line. No effect, no replacement available
Warning: Option 'FallbackThreshold' is deprecated and might be removed in a future release: It no longer has any effect, and no replacement is available. Please refer to the GraalVM release notes.
Warning: Option 'DynamicProxyConfigurationResources' is deprecated and might be removed in a future release: This can be caused by a proxy-config.json file in your META-INF directory. Consider including proxy configuration in the reflection section of reachability-metadata.json instead.. Please refer to the GraalVM release notes.
========================================================================================================================
GraalVM Native Image: Generating 'quarkus3-runner' (executable)...
========================================================================================================================
For detailed information and explanations on the build output, visit:
https://github.com/oracle/graal/blob/master/docs/reference-manual/native-image/BuildOutput.md
------------------------------------------------------------------------------------------------------------------------
[1/8] Initializing...                                                                                   (4.1s @ 0.45GiB)
 Builder configuration:
 - Java version: 25.0.1+8, vendor version: GraalVM CE 25.1.0-dev+8.1
 - Graal compiler: optimization level: 2, target machine: x86-64-v3
 - C compiler: gcc (redhat, x86_64, 15.2.1)
 - Assertions: disabled, system assertions: disabled
 - 11 user-specific feature(s):
   - io.quarkus.caffeine.runtime.graal.CacheConstructorsFeature
   - io.quarkus.hibernate.orm.runtime.graal.DisableLoggingFeature: Disables INFO logging during the analysis phase
   - io.quarkus.hibernate.orm.runtime.graal.RegisterServicesForReflectionFeature: Makes methods of reachable Hibernate services accessible through Class#getMethods()
   - io.quarkus.hibernate.validator.runtime.DisableLoggingFeature: Disables INFO logging during the analysis phase for the [org.hibernate.validator.internal.util.Version] categories
   - io.quarkus.jdbc.postgresql.runtime.graal.SQLXMLFeature
   - io.quarkus.runner.Feature: Auto-generated class by Quarkus from the existing extensions
   - io.quarkus.runtime.graal.DisableLoggingFeature: Adapts logging during the analysis phase
   - io.quarkus.runtime.graal.JVMChecksFeature
   - io.quarkus.runtime.graal.SkipConsoleServiceProvidersFeature: Skip unsupported console service providers when quarkus.native.auto-service-loader-registration is false
   - org.eclipse.angus.activation.nativeimage.AngusActivationFeature
   - org.hibernate.graalvm.internal.GraalVMStaticFeature: Hibernate ORM's static reflection registrations for GraalVM
 Image configuration:
 - Garbage collector: Serial GC (max heap size: 80% of RAM)
 - Assertions: disabled (class-specific config may apply), system assertions: disabled
------------------------------------------------------------------------------------------------------------------------
 5 experimental option(s) unlocked:
 - '-H:+AllowFoldMethods' (origin(s): command line)
 - '-H:BuildOutputJSONFile' (origin(s): command line)
 - '-H:-UseServiceLoaderFeature' (origin(s): command line)
 - '-H:+GenerateBuildArtifactsFile' (origin(s): command line)
 - '-H:AddOpens' (alternative API option(s): --add-opens java.base/java.lang=ALL-UNNAMED; origin(s): command line)
------------------------------------------------------------------------------------------------------------------------
Build resources:
 - 30.00GiB of memory (48.4% of system memory, capped at 30GiB)
 - 32 thread(s) (100.0% of 32 available processor(s), determined at start)
[2/8] Performing analysis...  [******]                                                                  (9.3s @ 2.31GiB)
   22,659 types,  29,228 fields, and 106,573 methods found reachable
    7,966 types,     169 fields, and   5,219 methods registered for reflection
       63 types,      69 fields, and      55 methods registered for JNI access
      105 resource accesses registered with 188.29KiB total size
        4 native libraries: dl, pthread, rt, z
[3/8] Building universe...                                                                              (2.8s @ 3.18GiB)
[4/8] Parsing methods...      [*]                                                                       (1.3s @ 2.51GiB)
[5/8] Inlining methods...     [****]                                                                    (0.8s @ 2.87GiB)
[6/8] Compiling methods...    [***]                                                                     (8.2s @ 1.79GiB)
[7/8] Laying out methods...   [***]                                                                     (5.9s @ 2.52GiB)
[8/8] Creating image...       [**]                                                                      (3.9s @ 2.89GiB)
  36.10MiB (41.82%) for code area:    71,302 compilation units
  43.88MiB (50.83%) for image heap:  498,402 objects and 16 resources
   6.35MiB ( 7.35%) for other data
  86.32MiB in total image size, 80.57MiB in total file size
------------------------------------------------------------------------------------------------------------------------
Top 10 origins of code area:                                Top 10 object types in image heap:
   1.54MiB java.base/sun.security.ssl                         11.54MiB byte[] for code metadata
   1.05MiB java.base/java.util                                 6.42MiB byte[] for string data
 856.81KiB o.g.n.runtime/com.oracle.svm.core.code              4.32MiB o.g.n.runtime/c.o.s.core.hub.DynamicHubCompanion
 697.47KiB java.base/com.sun.crypto.provider                   4.10MiB java.base/java.lang.String
 637.13KiB jdk.proxy4/jdk.proxy4                               3.36MiB java.base/java.lang.Class
 533.01KiB java.base/java.lang                                 1.43MiB byte[] for reflection metadata
 532.04KiB io.netty.buffer                                     1.31MiB byte[] for general heap data
 506.32KiB java.base/java.lang.invoke                        901.84KiB java.base/java.lang.Object[]
 468.03KiB org.postgresql.jdbc                               832.50KiB java.base/java.lang.reflect.Method
 460.62KiB org.hibernate.query.hql.internal                  799.06KiB o.g.n.runtime/c.o.s.c.h.ImageReflectionMetadata
  27.88MiB for 984 more packages                               8.91MiB for 5204 more object types
------------------------------------------------------------------------------------------------------------------------
Recommendations:
 FUTR: Use '--future-defaults=all' to prepare for future releases.
 HEAP: Set max heap for improved and more predictable memory usage.
 CPU:  Enable more CPU features with '-march=native' for improved performance.
------------------------------------------------------------------------------------------------------------------------
                       2.8s (7.3% of total time) in 301 GCs | Peak RSS: 4.53GiB | CPU load: 15.13
------------------------------------------------------------------------------------------------------------------------
Build artifacts:
 /home/zakkak/spring-quarkus-perf-comparison/spring-quarkus-perf-comparison/quarkus3/target/quarkus3-native-image-source-jar/build-artifacts.json (build_info, 92B)
 /home/zakkak/spring-quarkus-perf-comparison/spring-quarkus-perf-comparison/quarkus3/target/quarkus3-native-image-source-jar/quarkus3-runner (executable, 80.57MiB)
 /home/zakkak/spring-quarkus-perf-comparison/spring-quarkus-perf-comparison/quarkus3/target/quarkus3-native-image-source-jar/quarkus3-runner-build-output-stats.json (build_info, 1.00KiB)
========================================================================================================================
Finished generating 'quarkus3-runner' in 37.9s.

The build process encountered 3 warnings.

[INFO] [io.quarkus.deployment.pkg.steps.NativeImageBuildRunner] objcopy --strip-debug quarkus3-runner
[INFO] [io.quarkus.deployment.QuarkusAugmentor] Quarkus augmentation completed in 41675ms
[INFO] ------------------------------------------------------------------------
[INFO] BUILD SUCCESS
[INFO] ------------------------------------------------------------------------
[INFO] Total time:  45.047 s
[INFO] Finished at: 2026-03-11T19:16:37+02:00
[INFO] ------------------------------------------------------------------------
19:16:38,444 [ test-runner:run-tests-983 @ target-host ] set-state: APP_LOG_REGEX .*quarkus3.+started in.*
19:16:38,484 [ test-runner:run-tests-983 @ target-host ] for-each: ITERATION = 0
19:16:38,484 [ test-runner:run-tests-983 @ target-host ] set-state: LOG_FILE /home/zakkak/spring-quarkus-perf-comparison/logs/load-test-quarkus3-native-0.log
19:16:38,896 [ test-runner:run-tests-983 @ target-host ] touch /home/zakkak/spring-quarkus-perf-comparison/logs/load-test-quarkus3-native-0.log
19:16:38,896 [ test-runner:run-tests-983 @ target-host ] queue-download: ${{REPO_DIR}}/logs/wrk-warmup-${{RUNTIME.name}}-${{ITERATION}}.log=/home/zakkak/spring-quarkus-perf-comparison/logs/wrk-warmup-quarkus3-native-0.log ../../20260311/run-time-initialize-security-providers/target-host/
19:16:38,896 [ test-runner:run-tests-983 @ target-host ] queue-download: ${{LOG_FILE}}=/home/zakkak/spring-quarkus-perf-comparison/logs/load-test-quarkus3-native-0.log ../../20260311/run-time-initialize-security-providers/target-host/
19:16:38,896 [ test-runner:run-tests-983 @ target-host ] queue-download: ${{REPO_DIR}}/logs/wrk-${{RUNTIME.name}}-${{ITERATION}}.log=/home/zakkak/spring-quarkus-perf-comparison/logs/wrk-quarkus3-native-0.log ../../20260311/run-time-initialize-security-providers/target-host/
19:16:38,896 [ test-runner:run-tests-983 @ target-host ] script-cmd: start-test-services
19:16:38,896 [ test-runner:run-tests-983 @ target-host ] start-test-services
19:16:49,975 [ test-runner:run-tests-983 @ target-host ] /home/zakkak/spring-quarkus-perf-comparison/spring-quarkus-perf-comparison/scripts/infra.sh -c 3 -p '4-6' -s
Using podman to start containers
-----------------------------------------
[03/11/2026 19:16:38]: Starting services
-----------------------------------------
Starting PostgreSQL database 'fruits_db'
PostgreSQL DB process: a40fc1298ec14918bdf99d2f9ce6674a8c195d9e3189564280814604eb2c94c3
Waiting for PostgreSQL to be ready...
localhost:5432 - no response
localhost:5432 - no response
localhost:5432 - accepting connections
19:16:49,975 [ test-runner:run-tests-983 @ target-host ] script-cmd: sync-drop-fs-cache
19:16:49,975 [ test-runner:run-tests-983 @ target-host ] sync-drop-fs-cache
19:16:49,975 [ test-runner:run-tests-983 @ target-host ] read-state: true
19:16:49,975 [ test-runner:run-tests-983 @ target-host ] regex: true
19:16:50,594 [ test-runner:run-tests-983 @ target-host ] sync
19:16:50,595 [ test-runner:run-tests-983 @ target-host ] script-cmd: sync-drop-fs-cache-${{os}}
19:16:50,595 [ test-runner:run-tests-983 @ target-host ] sync-drop-fs-cache-linux
19:16:50,595 [ test-runner:run-tests-983 @ target-host ] script-cmd: sudo
19:16:50,595 [ test-runner:run-tests-983 @ target-host ] sudo
19:16:50,595 [ test-runner:run-tests-983 @ target-host ] script-cmd: sudo-${{os}}
19:16:50,595 [ test-runner:run-tests-983 @ target-host ] sudo-linux
19:16:51,454 [ test-runner:run-tests-983 @ target-host ] sudo sh -c "echo 3 > /proc/sys/vm/drop_caches"
]3008;start=3817ae8ffcda4468a34b564d257220bd;user=zakkak;hostname=blanc;machineid=f469a615e9ef4e81b7d5be080a5de373;bootid=0e917e08584a49cb891ef04366e00ace;pid=309174;pidfdid=309175;comm=sudo;targetuser=root;sessionid=c286;type=session\]3008;end=3817ae8ffcda4468a34b564d257220bd\
19:16:51,463 [ test-runner:run-tests-983 @ target-host ] set-signal: LOAD_STEADY_STATE_START 1
19:16:51,463 [ test-runner:run-tests-983 @ target-host ] set-signal: LOG_REGEX_REACHED 1
19:16:51,866 [ test-runner:run-tests-983 @ target-host ] taskset --cpu-list 0-3 /home/zakkak/spring-quarkus-perf-comparison/spring-quarkus-perf-comparison/quarkus3/target/quarkus3-runner  &>/home/zakkak/spring-quarkus-perf-comparison/logs/load-test-quarkus3-native-0.log &
[1] 309202
19:16:52,268 [ test-runner:run-tests-983 @ target-host ] PID=$!
19:16:52,669 [ test-runner:run-tests-983 @ target-host ] echo $PID
309202
19:16:52,669 [ test-runner:run-tests-983 @ target-host ] set-state: JVM_PID 309202
19:16:52,670 [ test-runner:run-tests-983 @ target-host ] script-cmd: monitor-processes
19:16:52,670 [ test-runner:run-tests-983 @ target-host ] monitor-processes
19:16:52,670 [ test-runner:run-tests-983 @ target-host ] set-signal: LOAD_TEST_COMPLETE 1
19:16:53,098 [ test-runner:run-tests-983 @ target-host ] script-cmd: monitor-process
19:16:53,098 [ :monitor-process-1906 @ target-host ] monitor-process
19:16:53,098 [ :monitor-process-1906 @ target-host ] queue-download: ${{log_file}}=/home/zakkak/spring-quarkus-perf-comparison/logs/pidstat-quarkus3-native-0.log ../../20260311/run-time-initialize-security-providers/target-host/
19:16:53,472 [ test-runner:run-tests-983 @ target-host ] script-cmd: monitor-process
19:16:53,472 [ :monitor-process-1914 @ target-host ] monitor-process
19:16:53,472 [ :monitor-process-1914 @ target-host ] queue-download: ${{log_file}}=/home/zakkak/spring-quarkus-perf-comparison/logs/mpstat-quarkus3-native-0.log ../../20260311/run-time-initialize-security-providers/target-host/
19:16:53,601 [ :monitor-process-1906 @ target-host ] taskset --cpu-list 11 pidstat -u -p 309202 1 &>/home/zakkak/spring-quarkus-perf-comparison/logs/pidstat-quarkus3-native-0.log &
[1] 309325
19:16:53,846 [ test-runner:run-tests-983 @ target-host ] script-cmd: monitor-process
19:16:53,846 [ :monitor-process-1923 @ target-host ] monitor-process
19:16:53,846 [ test-runner:run-tests-983 @ target-host ] script-cmd: monitor-postgres
19:16:53,846 [ test-runner:run-tests-983 @ target-host ] monitor-postgres
19:16:53,846 [ :monitor-process-1923 @ target-host ] queue-download: ${{log_file}}=/home/zakkak/spring-quarkus-perf-comparison/logs/vmstat-quarkus3-native-0.log ../../20260311/run-time-initialize-security-providers/target-host/
19:16:53,975 [ :monitor-process-1914 @ target-host ] taskset --cpu-list 11 mpstat -P ALL 1 &>/home/zakkak/spring-quarkus-perf-comparison/logs/mpstat-quarkus3-native-0.log &
[1] 309408
19:16:54,002 [ :monitor-process-1906 @ target-host ] PROCESS_PID=$!
19:16:54,249 [ :monitor-process-1923 @ target-host ] taskset --cpu-list 11 vmstat 1 &>/home/zakkak/spring-quarkus-perf-comparison/logs/vmstat-quarkus3-native-0.log &
[1] 309493
19:16:54,286 [ test-runner:run-tests-983 @ target-host ] POSTGRES_PID=$(/home/zakkak/spring-quarkus-perf-comparison/spring-quarkus-perf-comparison/scripts/infra.sh -r)
19:16:54,376 [ :monitor-process-1914 @ target-host ] PROCESS_PID=$!
19:16:54,404 [ :monitor-process-1906 @ target-host ] echo $PROCESS_PID
309325
19:16:54,404 [ :monitor-process-1906 @ target-host ] set-state: PROCESS_PID 309325
19:16:54,650 [ :monitor-process-1923 @ target-host ] PROCESS_PID=$!
19:16:54,687 [ test-runner:run-tests-983 @ target-host ] echo $POSTGRES_PID
308905
19:16:54,688 [ test-runner:run-tests-983 @ target-host ] set-state: POSTGRES_PID 308905
19:16:54,778 [ :monitor-process-1914 @ target-host ] echo $PROCESS_PID
309408
19:16:54,778 [ :monitor-process-1914 @ target-host ] set-state: PROCESS_PID 309408
19:16:55,052 [ :monitor-process-1923 @ target-host ] echo $PROCESS_PID
309493
19:16:55,052 [ :monitor-process-1923 @ target-host ] set-state: PROCESS_PID 309493
19:16:55,063 [ test-runner:run-tests-983 @ target-host ] script-cmd: monitor-process
19:16:55,063 [ test-runner:run-tests-983 @ target-host ] JVM_PID = 309202
19:16:55,063 [ :monitor-process-1939 @ target-host ] monitor-process
19:16:55,063 [ :monitor-process-1939 @ target-host ] queue-download: ${{log_file}}=/home/zakkak/spring-quarkus-perf-comparison/logs/postgres-pidstat-quarkus3-native-0.log ../../20260311/run-time-initialize-security-providers/target-host/
19:16:55,063 [ test-runner:run-tests-983 @ target-host ] read-state: none
19:16:55,436 [ test-runner:run-tests-983 @ target-host ] script-cmd: watch-log
19:16:55,436 [ :watch-log-1948 @ target-host ] watch-log
19:16:55,448 [ :watch-log-1948 @ target-host ] regex: ${{log_regex}}
19:16:55,449 [ :watch-log-1948 @ target-host ] ctrlC
19:16:55,449 [ :watch-log-1948 @ target-host ] reached LOG_REGEX_REACHED
19:16:55,449 [ test-runner:run-tests-983 @ target-host ] wait-for: LOG_REGEX_REACHED
19:16:55,449 [ :watch-log-1948 @ target-host ] signal: LOG_REGEX_REACHED
19:16:55,566 [ :monitor-process-1939 @ target-host ] taskset --cpu-list 11 pidstat -u -p $(pgrep -d , -P 308905) 1 &>/home/zakkak/spring-quarkus-perf-comparison/logs/postgres-pidstat-quarkus3-native-0.log &
[1] 309608
19:16:55,850 [ :watch-log-1948 @ target-host ] tail -f /home/zakkak/spring-quarkus-perf-comparison/logs/load-test-quarkus3-native-0.log
__  ____  __  _____   ___  __ ____  ______ 
 --/ __ \/ / / / _ | / _ \/ //_/ / / / __/ 
 -/ /_/ / /_/ / __ |/ , _/ ,< / /_/ /\ \   
--\___\_\____/_/ |_/_/|_/_/|_|\____/___/   
2026-03-11 19:16:51,605 INFO  [io.quarkus] (main) quarkus3 1.0 native (powered by Quarkus 999-SNAPSHOT) started in 0.074s. Listening on: http://0.0.0.0:8080
2026-03-11 19:16:51,605 INFO  [io.quarkus] (main) Profile prod activated. 
2026-03-11 19:16:51,605 INFO  [io.quarkus] (main) Installed features: [agroal, cdi, config-yaml, hibernate-orm, hibernate-orm-panache, hibernate-validator, jdbc-postgresql, narayana-jta, rest, rest-jackson, smallrye-context-propagation, smallrye-health, vertx]
19:16:55,968 [ :monitor-process-1939 @ target-host ] PROCESS_PID=$!
19:16:56,370 [ :monitor-process-1939 @ target-host ] echo $PROCESS_PID
309608
19:16:56,370 [ :monitor-process-1939 @ target-host ] set-state: PROCESS_PID 309608
19:19:05,369 [ test-runner:run-tests-983 @ target-host ] taskset --cpu-list 7-9 jbang -R -XX:+UseNUMA wrk@hyperfoil -t 2 -c 100 -d 2m --timeout 2m http://localhost:8080/fruits 2>&1 >/home/zakkak/spring-quarkus-perf-comparison/logs/wrk-warmup-quarkus3-native-0.log
19:19:35,369 [ test-runner:run-tests-983 @ target-host ] sleep: 30s
19:19:35,370 [ :monitor-process-1914 @ target-host ] reached LOAD_STEADY_STATE_START
19:19:35,370 [ test-runner:run-tests-983 @ target-host ] signal: LOAD_STEADY_STATE_START
19:20:15,061 [ test-runner:run-tests-983 @ target-host ] taskset --cpu-list 7-9 jbang -R -XX:+UseNUMA wrk@hyperfoil -t 2 -c 100 -d 30s --timeout 30s http://localhost:8080/fruits 2>&1 >/home/zakkak/spring-quarkus-perf-comparison/logs/wrk-quarkus3-native-0.log
19:20:15,476 [ test-runner:run-tests-983 @ target-host ] cat /home/zakkak/spring-quarkus-perf-comparison/logs/wrk-quarkus3-native-0.log | grep "Requests/sec" | awk '{print $2}'
16009.06
19:20:15,476 [ test-runner:run-tests-983 @ target-host ] set-state: THROUGHPUT 16009.06
19:20:15,477 [ test-runner:run-tests-983 @ target-host ] script-cmd: state-array-push
19:20:15,477 [ test-runner:run-tests-983 @ target-host ] state-array-push
19:20:15,556 [ test-runner:run-tests-983 @ target-host ] set-state: RUN.output.results.quarkus3-native.load.throughput [16009.06]
19:20:15,960 [ test-runner:run-tests-983 @ target-host ] cat /home/zakkak/spring-quarkus-perf-comparison/logs/wrk-quarkus3-native-0.log | grep "Socket errors:" | sed -E 's/.*connectionErrors ([0-9]+).*/\1/'
19:20:15,960 [ test-runner:run-tests-983 @ target-host ] regex: ^$
19:20:15,960 [ test-runner:run-tests-983 @ target-host ] set-state: CONNECTION_ERRORS 0
19:20:15,960 [ test-runner:run-tests-983 @ target-host ] script-cmd: state-array-push
19:20:15,960 [ test-runner:run-tests-983 @ target-host ] state-array-push
19:20:16,030 [ test-runner:run-tests-983 @ target-host ] set-state: RUN.output.results.quarkus3-native.load.connectionErrors [0]
19:20:16,433 [ test-runner:run-tests-983 @ target-host ] cat /home/zakkak/spring-quarkus-perf-comparison/logs/wrk-quarkus3-native-0.log | grep "Socket errors:" | sed -E 's/.*requestTimeouts ([0-9]+)/\1/'
19:20:16,433 [ test-runner:run-tests-983 @ target-host ] regex: ^$
19:20:16,433 [ test-runner:run-tests-983 @ target-host ] set-state: REQUEST_TIMEOUTS 0
19:20:16,434 [ test-runner:run-tests-983 @ target-host ] script-cmd: state-array-push
19:20:16,434 [ test-runner:run-tests-983 @ target-host ] state-array-push
19:20:16,503 [ test-runner:run-tests-983 @ target-host ] set-state: RUN.output.results.quarkus3-native.load.requestTimeouts [0]
19:20:16,920 [ test-runner:run-tests-983 @ target-host ] pmap -x $PID | grep total | awk '{print $4}'
158848
19:20:16,920 [ test-runner:run-tests-983 @ target-host ] set-state: RSS 158848
19:20:16,940 [ test-runner:run-tests-983 @ target-host ] script-cmd: state-array-push
19:20:16,940 [ test-runner:run-tests-983 @ target-host ] state-array-push
19:20:17,019 [ test-runner:run-tests-983 @ target-host ] set-state: RUN.output.results.quarkus3-native.load.rss [155.125]
19:20:17,039 [ test-runner:run-tests-983 @ target-host ] script-cmd: state-array-push
19:20:17,039 [ test-runner:run-tests-983 @ target-host ] state-array-push
19:20:17,122 [ test-runner:run-tests-983 @ target-host ] set-state: RUN.output.results.quarkus3-native.load.throughputDensity [103.20103142626914]
19:20:17,122 [ test-runner:run-tests-983 @ target-host ] reached LOAD_TEST_COMPLETE
19:20:17,122 [ :monitor-process-1906 @ target-host ] wait-for: LOAD_TEST_COMPLETE
19:20:17,122 [ :monitor-process-1914 @ target-host ] wait-for: LOAD_TEST_COMPLETE
19:20:17,122 [ :monitor-process-1923 @ target-host ] wait-for: LOAD_TEST_COMPLETE
19:20:17,122 [ :monitor-process-1939 @ target-host ] wait-for: LOAD_TEST_COMPLETE
19:20:17,122 [ test-runner:run-tests-983 @ target-host ] signal: LOAD_TEST_COMPLETE
19:20:17,524 [ :monitor-process-1914 @ target-host ] kill -15 $PROCESS_PID
bash: kill: (309408) - No such process
19:20:17,524 [ :monitor-process-1906 @ target-host ] kill -15 $PROCESS_PID
bash: kill: (309325) - No such process
19:20:17,524 [ :monitor-process-1939 @ target-host ] kill -15 $PROCESS_PID
bash: kill: (309608) - No such process
19:20:17,624 [ :monitor-process-1923 @ target-host ] kill -15 $PROCESS_PID
19:20:17,624 [ test-runner:run-tests-983 @ target-host ] kill -15 $PID
19:20:20,035 [ test-runner:run-tests-983 @ target-host ] sleep 2
19:20:20,035 [ test-runner:run-tests-983 @ target-host ] script-cmd: stop-test-services
19:20:20,035 [ test-runner:run-tests-983 @ target-host ] stop-test-services
19:20:20,686 [ test-runner:run-tests-983 @ target-host ] /home/zakkak/spring-quarkus-perf-comparison/spring-quarkus-perf-comparison/scripts/infra.sh -d
Using podman to stop containers
-----------------------------------------
[03/11/2026 19:20:20]: Stopping services
-----------------------------------------
Stopping PostgreSQL database 'fruits_db'
fruits_db
19:20:20,740 [ test-runner:run-tests-983 @ target-host ] for-each: ITERATION = 1
19:20:20,740 [ test-runner:run-tests-983 @ target-host ] set-state: LOG_FILE /home/zakkak/spring-quarkus-perf-comparison/logs/load-test-quarkus3-native-1.log
19:20:21,143 [ test-runner:run-tests-983 @ target-host ] touch /home/zakkak/spring-quarkus-perf-comparison/logs/load-test-quarkus3-native-1.log
19:20:21,143 [ test-runner:run-tests-983 @ target-host ] queue-download: ${{REPO_DIR}}/logs/wrk-warmup-${{RUNTIME.name}}-${{ITERATION}}.log=/home/zakkak/spring-quarkus-perf-comparison/logs/wrk-warmup-quarkus3-native-1.log ../../20260311/run-time-initialize-security-providers/target-host/
19:20:21,144 [ test-runner:run-tests-983 @ target-host ] queue-download: ${{LOG_FILE}}=/home/zakkak/spring-quarkus-perf-comparison/logs/load-test-quarkus3-native-1.log ../../20260311/run-time-initialize-security-providers/target-host/
19:20:21,144 [ test-runner:run-tests-983 @ target-host ] queue-download: ${{REPO_DIR}}/logs/wrk-${{RUNTIME.name}}-${{ITERATION}}.log=/home/zakkak/spring-quarkus-perf-comparison/logs/wrk-quarkus3-native-1.log ../../20260311/run-time-initialize-security-providers/target-host/
19:20:21,144 [ test-runner:run-tests-983 @ target-host ] script-cmd: start-test-services
19:20:21,144 [ test-runner:run-tests-983 @ target-host ] start-test-services
19:20:27,030 [ test-runner:run-tests-983 @ target-host ] /home/zakkak/spring-quarkus-perf-comparison/spring-quarkus-perf-comparison/scripts/infra.sh -c 3 -p '4-6' -s
Using podman to start containers
-----------------------------------------
[03/11/2026 19:20:21]: Starting services
-----------------------------------------
Starting PostgreSQL database 'fruits_db'
PostgreSQL DB process: 7b14170d4e2d6f1d1203ba9bbf7c6c3a1245fd4bac111282cdda4b24b11a5c03
Waiting for PostgreSQL to be ready...
localhost:5432 - no response
localhost:5432 - accepting connections
19:20:27,031 [ test-runner:run-tests-983 @ target-host ] script-cmd: sync-drop-fs-cache
19:20:27,031 [ test-runner:run-tests-983 @ target-host ] sync-drop-fs-cache
19:20:27,031 [ test-runner:run-tests-983 @ target-host ] read-state: true
19:20:27,031 [ test-runner:run-tests-983 @ target-host ] regex: true
19:20:27,525 [ test-runner:run-tests-983 @ target-host ] sync
19:20:27,525 [ test-runner:run-tests-983 @ target-host ] script-cmd: sync-drop-fs-cache-${{os}}
19:20:27,525 [ test-runner:run-tests-983 @ target-host ] sync-drop-fs-cache-linux
19:20:27,525 [ test-runner:run-tests-983 @ target-host ] script-cmd: sudo
19:20:27,525 [ test-runner:run-tests-983 @ target-host ] sudo
19:20:27,525 [ test-runner:run-tests-983 @ target-host ] script-cmd: sudo-${{os}}
19:20:27,525 [ test-runner:run-tests-983 @ target-host ] sudo-linux
19:20:28,345 [ test-runner:run-tests-983 @ target-host ] sudo sh -c "echo 3 > /proc/sys/vm/drop_caches"
]3008;start=ffd0e423e5b1437f807de087bf73ba94;user=zakkak;hostname=blanc;machineid=f469a615e9ef4e81b7d5be080a5de373;bootid=0e917e08584a49cb891ef04366e00ace;pid=310973;pidfdid=310974;comm=sudo;targetuser=root;sessionid=c287;type=session\]3008;end=ffd0e423e5b1437f807de087bf73ba94\
19:20:28,354 [ test-runner:run-tests-983 @ target-host ] set-signal: LOAD_STEADY_STATE_START 1
19:20:28,354 [ test-runner:run-tests-983 @ target-host ] set-signal: LOG_REGEX_REACHED 1
19:20:28,757 [ test-runner:run-tests-983 @ target-host ] taskset --cpu-list 0-3 /home/zakkak/spring-quarkus-perf-comparison/spring-quarkus-perf-comparison/quarkus3/target/quarkus3-runner  &>/home/zakkak/spring-quarkus-perf-comparison/logs/load-test-quarkus3-native-1.log &
[1] 311003
19:20:29,158 [ test-runner:run-tests-983 @ target-host ] PID=$!
19:20:29,560 [ test-runner:run-tests-983 @ target-host ] echo $PID
311003
19:20:29,560 [ test-runner:run-tests-983 @ target-host ] set-state: JVM_PID 311003
19:20:29,560 [ test-runner:run-tests-983 @ target-host ] script-cmd: monitor-processes
19:20:29,560 [ test-runner:run-tests-983 @ target-host ] monitor-processes
19:20:29,560 [ test-runner:run-tests-983 @ target-host ] set-signal: LOAD_TEST_COMPLETE 1
19:20:30,009 [ test-runner:run-tests-983 @ target-host ] script-cmd: monitor-process
19:20:30,009 [ :monitor-process-1999 @ target-host ] monitor-process
19:20:30,009 [ :monitor-process-1999 @ target-host ] queue-download: ${{log_file}}=/home/zakkak/spring-quarkus-perf-comparison/logs/pidstat-quarkus3-native-1.log ../../20260311/run-time-initialize-security-providers/target-host/
19:20:30,383 [ test-runner:run-tests-983 @ target-host ] script-cmd: monitor-process
19:20:30,383 [ :monitor-process-2007 @ target-host ] monitor-process
19:20:30,383 [ :monitor-process-2007 @ target-host ] queue-download: ${{log_file}}=/home/zakkak/spring-quarkus-perf-comparison/logs/mpstat-quarkus3-native-1.log ../../20260311/run-time-initialize-security-providers/target-host/
19:20:30,512 [ :monitor-process-1999 @ target-host ] taskset --cpu-list 11 pidstat -u -p 311003 1 &>/home/zakkak/spring-quarkus-perf-comparison/logs/pidstat-quarkus3-native-1.log &
[1] 311121
19:20:30,758 [ test-runner:run-tests-983 @ target-host ] script-cmd: monitor-process
19:20:30,758 [ test-runner:run-tests-983 @ target-host ] script-cmd: monitor-postgres
19:20:30,758 [ test-runner:run-tests-983 @ target-host ] monitor-postgres
19:20:30,758 [ :monitor-process-2016 @ target-host ] monitor-process
19:20:30,759 [ :monitor-process-2016 @ target-host ] queue-download: ${{log_file}}=/home/zakkak/spring-quarkus-perf-comparison/logs/vmstat-quarkus3-native-1.log ../../20260311/run-time-initialize-security-providers/target-host/
19:20:30,886 [ :monitor-process-2007 @ target-host ] taskset --cpu-list 11 mpstat -P ALL 1 &>/home/zakkak/spring-quarkus-perf-comparison/logs/mpstat-quarkus3-native-1.log &
[1] 311203
19:20:30,913 [ :monitor-process-1999 @ target-host ] PROCESS_PID=$!
19:20:31,161 [ :monitor-process-2016 @ target-host ] taskset --cpu-list 11 vmstat 1 &>/home/zakkak/spring-quarkus-perf-comparison/logs/vmstat-quarkus3-native-1.log &
[1] 311288
19:20:31,201 [ test-runner:run-tests-983 @ target-host ] POSTGRES_PID=$(/home/zakkak/spring-quarkus-perf-comparison/spring-quarkus-perf-comparison/scripts/infra.sh -r)
19:20:31,288 [ :monitor-process-2007 @ target-host ] PROCESS_PID=$!
19:20:31,315 [ :monitor-process-1999 @ target-host ] echo $PROCESS_PID
311121
19:20:31,315 [ :monitor-process-1999 @ target-host ] set-state: PROCESS_PID 311121
19:20:31,562 [ :monitor-process-2016 @ target-host ] PROCESS_PID=$!
19:20:31,603 [ test-runner:run-tests-983 @ target-host ] echo $POSTGRES_PID
310783
19:20:31,603 [ test-runner:run-tests-983 @ target-host ] set-state: POSTGRES_PID 310783
19:20:31,689 [ :monitor-process-2007 @ target-host ] echo $PROCESS_PID
311203
19:20:31,689 [ :monitor-process-2007 @ target-host ] set-state: PROCESS_PID 311203
19:20:31,964 [ :monitor-process-2016 @ target-host ] echo $PROCESS_PID
311288
19:20:31,964 [ :monitor-process-2016 @ target-host ] set-state: PROCESS_PID 311288
19:20:31,978 [ test-runner:run-tests-983 @ target-host ] script-cmd: monitor-process
19:20:31,978 [ :monitor-process-2032 @ target-host ] monitor-process
19:20:31,979 [ test-runner:run-tests-983 @ target-host ] JVM_PID = 311003
19:20:31,979 [ :monitor-process-2032 @ target-host ] queue-download: ${{log_file}}=/home/zakkak/spring-quarkus-perf-comparison/logs/postgres-pidstat-quarkus3-native-1.log ../../20260311/run-time-initialize-security-providers/target-host/
19:20:31,979 [ test-runner:run-tests-983 @ target-host ] read-state: none
19:20:32,350 [ test-runner:run-tests-983 @ target-host ] script-cmd: watch-log
19:20:32,350 [ :watch-log-2041 @ target-host ] watch-log
19:20:32,360 [ :watch-log-2041 @ target-host ] regex: ${{log_regex}}
19:20:32,360 [ :watch-log-2041 @ target-host ] ctrlC
19:20:32,360 [ :watch-log-2041 @ target-host ] reached LOG_REGEX_REACHED
19:20:32,360 [ test-runner:run-tests-983 @ target-host ] wait-for: LOG_REGEX_REACHED
19:20:32,360 [ :watch-log-2041 @ target-host ] signal: LOG_REGEX_REACHED
19:20:32,481 [ :monitor-process-2032 @ target-host ] taskset --cpu-list 11 pidstat -u -p $(pgrep -d , -P 310783) 1 &>/home/zakkak/spring-quarkus-perf-comparison/logs/postgres-pidstat-quarkus3-native-1.log &
[1] 311406
19:20:32,762 [ :watch-log-2041 @ target-host ] tail -f /home/zakkak/spring-quarkus-perf-comparison/logs/load-test-quarkus3-native-1.log
__  ____  __  _____   ___  __ ____  ______ 
 --/ __ \/ / / / _ | / _ \/ //_/ / / / __/ 
 -/ /_/ / /_/ / __ |/ , _/ ,< / /_/ /\ \   
--\___\_\____/_/ |_/_/|_/_/|_|\____/___/   
2026-03-11 19:20:28,494 INFO  [io.quarkus] (main) quarkus3 1.0 native (powered by Quarkus 999-SNAPSHOT) started in 0.076s. Listening on: http://0.0.0.0:8080
2026-03-11 19:20:28,494 INFO  [io.quarkus] (main) Profile prod activated. 
2026-03-11 19:20:28,494 INFO  [io.quarkus] (main) Installed features: [agroal, cdi, config-yaml, hibernate-orm, hibernate-orm-panache, hibernate-validator, jdbc-postgresql, narayana-jta, rest, rest-jackson, smallrye-context-propagation, smallrye-health, vertx]
19:20:32,883 [ :monitor-process-2032 @ target-host ] PROCESS_PID=$!
19:20:33,285 [ :monitor-process-2032 @ target-host ] echo $PROCESS_PID
311406
19:20:33,285 [ :monitor-process-2032 @ target-host ] set-state: PROCESS_PID 311406
19:22:42,275 [ test-runner:run-tests-983 @ target-host ] taskset --cpu-list 7-9 jbang -R -XX:+UseNUMA wrk@hyperfoil -t 2 -c 100 -d 2m --timeout 2m http://localhost:8080/fruits 2>&1 >/home/zakkak/spring-quarkus-perf-comparison/logs/wrk-warmup-quarkus3-native-1.log
19:23:12,275 [ test-runner:run-tests-983 @ target-host ] sleep: 30s
19:23:12,275 [ :monitor-process-2007 @ target-host ] reached LOAD_STEADY_STATE_START
19:23:12,275 [ test-runner:run-tests-983 @ target-host ] signal: LOAD_STEADY_STATE_START
19:23:51,912 [ test-runner:run-tests-983 @ target-host ] taskset --cpu-list 7-9 jbang -R -XX:+UseNUMA wrk@hyperfoil -t 2 -c 100 -d 30s --timeout 30s http://localhost:8080/fruits 2>&1 >/home/zakkak/spring-quarkus-perf-comparison/logs/wrk-quarkus3-native-1.log
19:23:52,329 [ test-runner:run-tests-983 @ target-host ] cat /home/zakkak/spring-quarkus-perf-comparison/logs/wrk-quarkus3-native-1.log | grep "Requests/sec" | awk '{print $2}'
16064.36
19:23:52,329 [ test-runner:run-tests-983 @ target-host ] set-state: THROUGHPUT 16064.36
19:23:52,330 [ test-runner:run-tests-983 @ target-host ] script-cmd: state-array-push
19:23:52,330 [ test-runner:run-tests-983 @ target-host ] state-array-push
19:23:52,376 [ test-runner:run-tests-983 @ target-host ] set-state: RUN.output.results.quarkus3-native.load.throughput [16009.06,16064.36]
19:23:52,780 [ test-runner:run-tests-983 @ target-host ] cat /home/zakkak/spring-quarkus-perf-comparison/logs/wrk-quarkus3-native-1.log | grep "Socket errors:" | sed -E 's/.*connectionErrors ([0-9]+).*/\1/'
19:23:52,780 [ test-runner:run-tests-983 @ target-host ] regex: ^$
19:23:52,780 [ test-runner:run-tests-983 @ target-host ] set-state: CONNECTION_ERRORS 0
19:23:52,780 [ test-runner:run-tests-983 @ target-host ] script-cmd: state-array-push
19:23:52,780 [ test-runner:run-tests-983 @ target-host ] state-array-push
19:23:52,815 [ test-runner:run-tests-983 @ target-host ] set-state: RUN.output.results.quarkus3-native.load.connectionErrors [0,0]
19:23:53,218 [ test-runner:run-tests-983 @ target-host ] cat /home/zakkak/spring-quarkus-perf-comparison/logs/wrk-quarkus3-native-1.log | grep "Socket errors:" | sed -E 's/.*requestTimeouts ([0-9]+)/\1/'
19:23:53,218 [ test-runner:run-tests-983 @ target-host ] regex: ^$
19:23:53,218 [ test-runner:run-tests-983 @ target-host ] set-state: REQUEST_TIMEOUTS 0
19:23:53,218 [ test-runner:run-tests-983 @ target-host ] script-cmd: state-array-push
19:23:53,219 [ test-runner:run-tests-983 @ target-host ] state-array-push
19:23:53,254 [ test-runner:run-tests-983 @ target-host ] set-state: RUN.output.results.quarkus3-native.load.requestTimeouts [0,0]
19:23:53,664 [ test-runner:run-tests-983 @ target-host ] pmap -x $PID | grep total | awk '{print $4}'
158436
19:23:53,664 [ test-runner:run-tests-983 @ target-host ] set-state: RSS 158436
19:23:53,681 [ test-runner:run-tests-983 @ target-host ] script-cmd: state-array-push
19:23:53,681 [ test-runner:run-tests-983 @ target-host ] state-array-push
19:23:53,715 [ test-runner:run-tests-983 @ target-host ] set-state: RUN.output.results.quarkus3-native.load.rss [155.125,154.72265625]
19:23:53,732 [ test-runner:run-tests-983 @ target-host ] script-cmd: state-array-push
19:23:53,732 [ test-runner:run-tests-983 @ target-host ] state-array-push
19:23:53,767 [ test-runner:run-tests-983 @ target-host ] set-state: RUN.output.results.quarkus3-native.load.throughputDensity [103.20103142626914,103.82681107829029]
19:23:53,767 [ test-runner:run-tests-983 @ target-host ] reached LOAD_TEST_COMPLETE
19:23:53,767 [ :monitor-process-1999 @ target-host ] wait-for: LOAD_TEST_COMPLETE
19:23:53,767 [ :monitor-process-2007 @ target-host ] wait-for: LOAD_TEST_COMPLETE
19:23:53,767 [ :monitor-process-2016 @ target-host ] wait-for: LOAD_TEST_COMPLETE
19:23:53,767 [ :monitor-process-2032 @ target-host ] wait-for: LOAD_TEST_COMPLETE
19:23:53,767 [ test-runner:run-tests-983 @ target-host ] signal: LOAD_TEST_COMPLETE
19:23:54,169 [ :monitor-process-2032 @ target-host ] kill -15 $PROCESS_PID
bash: kill: (311406) - No such process
19:23:54,169 [ :monitor-process-2007 @ target-host ] kill -15 $PROCESS_PID
bash: kill: (311203) - No such process
19:23:54,169 [ :monitor-process-1999 @ target-host ] kill -15 $PROCESS_PID
bash: kill: (311121) - No such process
19:23:54,269 [ test-runner:run-tests-983 @ target-host ] kill -15 $PID
19:23:54,269 [ :monitor-process-2016 @ target-host ] kill -15 $PROCESS_PID
19:23:56,680 [ test-runner:run-tests-983 @ target-host ] sleep 2
19:23:56,680 [ test-runner:run-tests-983 @ target-host ] script-cmd: stop-test-services
19:23:56,680 [ test-runner:run-tests-983 @ target-host ] stop-test-services
19:23:57,345 [ test-runner:run-tests-983 @ target-host ] /home/zakkak/spring-quarkus-perf-comparison/spring-quarkus-perf-comparison/scripts/infra.sh -d
Using podman to stop containers
-----------------------------------------
[03/11/2026 19:23:56]: Stopping services
-----------------------------------------
Stopping PostgreSQL database 'fruits_db'
fruits_db
19:23:57,399 [ test-runner:run-tests-983 @ target-host ] for-each: ITERATION = 2
19:23:57,399 [ test-runner:run-tests-983 @ target-host ] set-state: LOG_FILE /home/zakkak/spring-quarkus-perf-comparison/logs/load-test-quarkus3-native-2.log
19:23:57,804 [ test-runner:run-tests-983 @ target-host ] touch /home/zakkak/spring-quarkus-perf-comparison/logs/load-test-quarkus3-native-2.log
19:23:57,804 [ test-runner:run-tests-983 @ target-host ] queue-download: ${{REPO_DIR}}/logs/wrk-warmup-${{RUNTIME.name}}-${{ITERATION}}.log=/home/zakkak/spring-quarkus-perf-comparison/logs/wrk-warmup-quarkus3-native-2.log ../../20260311/run-time-initialize-security-providers/target-host/
19:23:57,804 [ test-runner:run-tests-983 @ target-host ] queue-download: ${{LOG_FILE}}=/home/zakkak/spring-quarkus-perf-comparison/logs/load-test-quarkus3-native-2.log ../../20260311/run-time-initialize-security-providers/target-host/
19:23:57,804 [ test-runner:run-tests-983 @ target-host ] queue-download: ${{REPO_DIR}}/logs/wrk-${{RUNTIME.name}}-${{ITERATION}}.log=/home/zakkak/spring-quarkus-perf-comparison/logs/wrk-quarkus3-native-2.log ../../20260311/run-time-initialize-security-providers/target-host/
19:23:57,804 [ test-runner:run-tests-983 @ target-host ] script-cmd: start-test-services
19:23:57,805 [ test-runner:run-tests-983 @ target-host ] start-test-services
19:24:08,902 [ test-runner:run-tests-983 @ target-host ] /home/zakkak/spring-quarkus-perf-comparison/spring-quarkus-perf-comparison/scripts/infra.sh -c 3 -p '4-6' -s
Using podman to start containers
-----------------------------------------
[03/11/2026 19:23:57]: Starting services
-----------------------------------------
Starting PostgreSQL database 'fruits_db'
PostgreSQL DB process: 95987d484d23ae4cbcd95309c597c2718b01a6945a012711800f17c127f484ea
Waiting for PostgreSQL to be ready...
localhost:5432 - no response
localhost:5432 - no response
localhost:5432 - accepting connections
19:24:08,902 [ test-runner:run-tests-983 @ target-host ] script-cmd: sync-drop-fs-cache
19:24:08,902 [ test-runner:run-tests-983 @ target-host ] sync-drop-fs-cache
19:24:08,902 [ test-runner:run-tests-983 @ target-host ] read-state: true
19:24:08,902 [ test-runner:run-tests-983 @ target-host ] regex: true
19:24:09,481 [ test-runner:run-tests-983 @ target-host ] sync
19:24:09,481 [ test-runner:run-tests-983 @ target-host ] script-cmd: sync-drop-fs-cache-${{os}}
19:24:09,481 [ test-runner:run-tests-983 @ target-host ] sync-drop-fs-cache-linux
19:24:09,481 [ test-runner:run-tests-983 @ target-host ] script-cmd: sudo
19:24:09,481 [ test-runner:run-tests-983 @ target-host ] sudo
19:24:09,481 [ test-runner:run-tests-983 @ target-host ] script-cmd: sudo-${{os}}
19:24:09,481 [ test-runner:run-tests-983 @ target-host ] sudo-linux
19:24:10,285 [ test-runner:run-tests-983 @ target-host ] sudo sh -c "echo 3 > /proc/sys/vm/drop_caches"
]3008;start=955b3b3f157e46eaa513789087ba3c76;user=zakkak;hostname=blanc;machineid=f469a615e9ef4e81b7d5be080a5de373;bootid=0e917e08584a49cb891ef04366e00ace;pid=312801;pidfdid=312802;comm=sudo;targetuser=root;sessionid=c288;type=session\]3008;end=955b3b3f157e46eaa513789087ba3c76\
19:24:10,294 [ test-runner:run-tests-983 @ target-host ] set-signal: LOAD_STEADY_STATE_START 1
19:24:10,294 [ test-runner:run-tests-983 @ target-host ] set-signal: LOG_REGEX_REACHED 1
19:24:10,697 [ test-runner:run-tests-983 @ target-host ] taskset --cpu-list 0-3 /home/zakkak/spring-quarkus-perf-comparison/spring-quarkus-perf-comparison/quarkus3/target/quarkus3-runner  &>/home/zakkak/spring-quarkus-perf-comparison/logs/load-test-quarkus3-native-2.log &
[1] 312830
19:24:11,098 [ test-runner:run-tests-983 @ target-host ] PID=$!
19:24:11,500 [ test-runner:run-tests-983 @ target-host ] echo $PID
312830
19:24:11,500 [ test-runner:run-tests-983 @ target-host ] set-state: JVM_PID 312830
19:24:11,500 [ test-runner:run-tests-983 @ target-host ] script-cmd: monitor-processes
19:24:11,500 [ test-runner:run-tests-983 @ target-host ] monitor-processes
19:24:11,500 [ test-runner:run-tests-983 @ target-host ] set-signal: LOAD_TEST_COMPLETE 1
19:24:11,953 [ test-runner:run-tests-983 @ target-host ] script-cmd: monitor-process
19:24:11,953 [ :monitor-process-2092 @ target-host ] monitor-process
19:24:11,961 [ :monitor-process-2092 @ target-host ] queue-download: ${{log_file}}=/home/zakkak/spring-quarkus-perf-comparison/logs/pidstat-quarkus3-native-2.log ../../20260311/run-time-initialize-security-providers/target-host/
19:24:12,328 [ test-runner:run-tests-983 @ target-host ] script-cmd: monitor-process
19:24:12,328 [ :monitor-process-2100 @ target-host ] monitor-process
19:24:12,328 [ :monitor-process-2100 @ target-host ] queue-download: ${{log_file}}=/home/zakkak/spring-quarkus-perf-comparison/logs/mpstat-quarkus3-native-2.log ../../20260311/run-time-initialize-security-providers/target-host/
19:24:12,464 [ :monitor-process-2092 @ target-host ] taskset --cpu-list 11 pidstat -u -p 312830 1 &>/home/zakkak/spring-quarkus-perf-comparison/logs/pidstat-quarkus3-native-2.log &
[1] 312953
19:24:12,702 [ test-runner:run-tests-983 @ target-host ] script-cmd: monitor-process
19:24:12,702 [ test-runner:run-tests-983 @ target-host ] script-cmd: monitor-postgres
19:24:12,702 [ :monitor-process-2109 @ target-host ] monitor-process
19:24:12,702 [ test-runner:run-tests-983 @ target-host ] monitor-postgres
19:24:12,703 [ :monitor-process-2109 @ target-host ] queue-download: ${{log_file}}=/home/zakkak/spring-quarkus-perf-comparison/logs/vmstat-quarkus3-native-2.log ../../20260311/run-time-initialize-security-providers/target-host/
19:24:12,830 [ :monitor-process-2100 @ target-host ] taskset --cpu-list 11 mpstat -P ALL 1 &>/home/zakkak/spring-quarkus-perf-comparison/logs/mpstat-quarkus3-native-2.log &
[1] 313030
19:24:12,866 [ :monitor-process-2092 @ target-host ] PROCESS_PID=$!
19:24:13,105 [ :monitor-process-2109 @ target-host ] taskset --cpu-list 11 vmstat 1 &>/home/zakkak/spring-quarkus-perf-comparison/logs/vmstat-quarkus3-native-2.log &
[1] 313115
19:24:13,143 [ test-runner:run-tests-983 @ target-host ] POSTGRES_PID=$(/home/zakkak/spring-quarkus-perf-comparison/spring-quarkus-perf-comparison/scripts/infra.sh -r)
19:24:13,232 [ :monitor-process-2100 @ target-host ] PROCESS_PID=$!
19:24:13,267 [ :monitor-process-2092 @ target-host ] echo $PROCESS_PID
312953
19:24:13,267 [ :monitor-process-2092 @ target-host ] set-state: PROCESS_PID 312953
19:24:13,506 [ :monitor-process-2109 @ target-host ] PROCESS_PID=$!
19:24:13,544 [ test-runner:run-tests-983 @ target-host ] echo $POSTGRES_PID
312535
19:24:13,544 [ test-runner:run-tests-983 @ target-host ] set-state: POSTGRES_PID 312535
19:24:13,633 [ :monitor-process-2100 @ target-host ] echo $PROCESS_PID
313030
19:24:13,633 [ :monitor-process-2100 @ target-host ] set-state: PROCESS_PID 313030
19:24:13,908 [ :monitor-process-2109 @ target-host ] echo $PROCESS_PID
313115
19:24:13,908 [ :monitor-process-2109 @ target-host ] set-state: PROCESS_PID 313115
19:24:13,919 [ test-runner:run-tests-983 @ target-host ] script-cmd: monitor-process
19:24:13,919 [ test-runner:run-tests-983 @ target-host ] JVM_PID = 312830
19:24:13,920 [ :monitor-process-2125 @ target-host ] monitor-process
19:24:13,920 [ test-runner:run-tests-983 @ target-host ] read-state: none
19:24:13,920 [ :monitor-process-2125 @ target-host ] queue-download: ${{log_file}}=/home/zakkak/spring-quarkus-perf-comparison/logs/postgres-pidstat-quarkus3-native-2.log ../../20260311/run-time-initialize-security-providers/target-host/
19:24:14,291 [ test-runner:run-tests-983 @ target-host ] script-cmd: watch-log
19:24:14,292 [ :watch-log-2134 @ target-host ] watch-log
19:24:14,302 [ :watch-log-2134 @ target-host ] regex: ${{log_regex}}
19:24:14,302 [ :watch-log-2134 @ target-host ] ctrlC
19:24:14,302 [ :watch-log-2134 @ target-host ] reached LOG_REGEX_REACHED
19:24:14,302 [ test-runner:run-tests-983 @ target-host ] wait-for: LOG_REGEX_REACHED
19:24:14,302 [ :watch-log-2134 @ target-host ] signal: LOG_REGEX_REACHED
19:24:14,422 [ :monitor-process-2125 @ target-host ] taskset --cpu-list 11 pidstat -u -p $(pgrep -d , -P 312535) 1 &>/home/zakkak/spring-quarkus-perf-comparison/logs/postgres-pidstat-quarkus3-native-2.log &
[1] 313232
19:24:14,704 [ :watch-log-2134 @ target-host ] tail -f /home/zakkak/spring-quarkus-perf-comparison/logs/load-test-quarkus3-native-2.log
__  ____  __  _____   ___  __ ____  ______ 
 --/ __ \/ / / / _ | / _ \/ //_/ / / / __/ 
 -/ /_/ / /_/ / __ |/ , _/ ,< / /_/ /\ \   
--\___\_\____/_/ |_/_/|_/_/|_|\____/___/   
2026-03-11 19:24:10,433 INFO  [io.quarkus] (main) quarkus3 1.0 native (powered by Quarkus 999-SNAPSHOT) started in 0.077s. Listening on: http://0.0.0.0:8080
2026-03-11 19:24:10,433 INFO  [io.quarkus] (main) Profile prod activated. 
2026-03-11 19:24:10,433 INFO  [io.quarkus] (main) Installed features: [agroal, cdi, config-yaml, hibernate-orm, hibernate-orm-panache, hibernate-validator, jdbc-postgresql, narayana-jta, rest, rest-jackson, smallrye-context-propagation, smallrye-health, vertx]
19:24:14,824 [ :monitor-process-2125 @ target-host ] PROCESS_PID=$!
19:24:15,228 [ :monitor-process-2125 @ target-host ] echo $PROCESS_PID
313232
19:24:15,228 [ :monitor-process-2125 @ target-host ] set-state: PROCESS_PID 313232
19:26:24,195 [ test-runner:run-tests-983 @ target-host ] taskset --cpu-list 7-9 jbang -R -XX:+UseNUMA wrk@hyperfoil -t 2 -c 100 -d 2m --timeout 2m http://localhost:8080/fruits 2>&1 >/home/zakkak/spring-quarkus-perf-comparison/logs/wrk-warmup-quarkus3-native-2.log
19:26:54,195 [ test-runner:run-tests-983 @ target-host ] sleep: 30s
19:26:54,195 [ :monitor-process-2100 @ target-host ] reached LOAD_STEADY_STATE_START
19:26:54,196 [ test-runner:run-tests-983 @ target-host ] signal: LOAD_STEADY_STATE_START
19:27:33,872 [ test-runner:run-tests-983 @ target-host ] taskset --cpu-list 7-9 jbang -R -XX:+UseNUMA wrk@hyperfoil -t 2 -c 100 -d 30s --timeout 30s http://localhost:8080/fruits 2>&1 >/home/zakkak/spring-quarkus-perf-comparison/logs/wrk-quarkus3-native-2.log
19:27:34,288 [ test-runner:run-tests-983 @ target-host ] cat /home/zakkak/spring-quarkus-perf-comparison/logs/wrk-quarkus3-native-2.log | grep "Requests/sec" | awk '{print $2}'
15953.08
19:27:34,288 [ test-runner:run-tests-983 @ target-host ] set-state: THROUGHPUT 15953.08
19:27:34,288 [ test-runner:run-tests-983 @ target-host ] script-cmd: state-array-push
19:27:34,288 [ test-runner:run-tests-983 @ target-host ] state-array-push
19:27:34,332 [ test-runner:run-tests-983 @ target-host ] set-state: RUN.output.results.quarkus3-native.load.throughput [16009.06,16064.36,15953.08]
19:27:34,735 [ test-runner:run-tests-983 @ target-host ] cat /home/zakkak/spring-quarkus-perf-comparison/logs/wrk-quarkus3-native-2.log | grep "Socket errors:" | sed -E 's/.*connectionErrors ([0-9]+).*/\1/'
19:27:34,735 [ test-runner:run-tests-983 @ target-host ] regex: ^$
19:27:34,736 [ test-runner:run-tests-983 @ target-host ] set-state: CONNECTION_ERRORS 0
19:27:34,736 [ test-runner:run-tests-983 @ target-host ] script-cmd: state-array-push
19:27:34,736 [ test-runner:run-tests-983 @ target-host ] state-array-push
19:27:34,770 [ test-runner:run-tests-983 @ target-host ] set-state: RUN.output.results.quarkus3-native.load.connectionErrors [0,0,0]
19:27:35,173 [ test-runner:run-tests-983 @ target-host ] cat /home/zakkak/spring-quarkus-perf-comparison/logs/wrk-quarkus3-native-2.log | grep "Socket errors:" | sed -E 's/.*requestTimeouts ([0-9]+)/\1/'
19:27:35,174 [ test-runner:run-tests-983 @ target-host ] regex: ^$
19:27:35,174 [ test-runner:run-tests-983 @ target-host ] set-state: REQUEST_TIMEOUTS 0
19:27:35,174 [ test-runner:run-tests-983 @ target-host ] script-cmd: state-array-push
19:27:35,174 [ test-runner:run-tests-983 @ target-host ] state-array-push
19:27:35,209 [ test-runner:run-tests-983 @ target-host ] set-state: RUN.output.results.quarkus3-native.load.requestTimeouts [0,0,0]
19:27:35,626 [ test-runner:run-tests-983 @ target-host ] pmap -x $PID | grep total | awk '{print $4}'
162628
19:27:35,627 [ test-runner:run-tests-983 @ target-host ] set-state: RSS 162628
19:27:35,644 [ test-runner:run-tests-983 @ target-host ] script-cmd: state-array-push
19:27:35,644 [ test-runner:run-tests-983 @ target-host ] state-array-push
19:27:35,679 [ test-runner:run-tests-983 @ target-host ] set-state: RUN.output.results.quarkus3-native.load.rss [155.125,154.72265625,158.81640625]
19:27:35,696 [ test-runner:run-tests-983 @ target-host ] script-cmd: state-array-push
19:27:35,696 [ test-runner:run-tests-983 @ target-host ] state-array-push
19:27:35,730 [ test-runner:run-tests-983 @ target-host ] set-state: RUN.output.results.quarkus3-native.load.throughputDensity [103.20103142626914,103.82681107829029,100.44982364660451]
19:27:35,730 [ test-runner:run-tests-983 @ target-host ] reached LOAD_TEST_COMPLETE
19:27:35,730 [ :monitor-process-2092 @ target-host ] wait-for: LOAD_TEST_COMPLETE
19:27:35,730 [ :monitor-process-2100 @ target-host ] wait-for: LOAD_TEST_COMPLETE
19:27:35,730 [ :monitor-process-2109 @ target-host ] wait-for: LOAD_TEST_COMPLETE
19:27:35,730 [ :monitor-process-2125 @ target-host ] wait-for: LOAD_TEST_COMPLETE
19:27:35,730 [ test-runner:run-tests-983 @ target-host ] signal: LOAD_TEST_COMPLETE
19:27:36,132 [ :monitor-process-2092 @ target-host ] kill -15 $PROCESS_PID
bash: kill: (312953) - No such process
19:27:36,132 [ :monitor-process-2100 @ target-host ] kill -15 $PROCESS_PID
bash: kill: (313030) - No such process
19:27:36,132 [ :monitor-process-2125 @ target-host ] kill -15 $PROCESS_PID
bash: kill: (313232) - No such process
19:27:36,232 [ test-runner:run-tests-983 @ target-host ] kill -15 $PID
19:27:36,232 [ :monitor-process-2109 @ target-host ] kill -15 $PROCESS_PID
19:27:38,643 [ test-runner:run-tests-983 @ target-host ] sleep 2
19:27:38,643 [ test-runner:run-tests-983 @ target-host ] script-cmd: stop-test-services
19:27:38,643 [ test-runner:run-tests-983 @ target-host ] stop-test-services
19:27:39,284 [ test-runner:run-tests-983 @ target-host ] /home/zakkak/spring-quarkus-perf-comparison/spring-quarkus-perf-comparison/scripts/infra.sh -d
Using podman to stop containers
-----------------------------------------
[03/11/2026 19:27:38]: Stopping services
-----------------------------------------
Stopping PostgreSQL database 'fruits_db'
fruits_db
19:27:39,334 [ test-runner:run-tests-983 @ target-host ] for-each: ITERATION = 3
19:27:39,334 [ test-runner:run-tests-983 @ target-host ] set-state: LOG_FILE /home/zakkak/spring-quarkus-perf-comparison/logs/load-test-quarkus3-native-3.log
19:27:39,746 [ test-runner:run-tests-983 @ target-host ] touch /home/zakkak/spring-quarkus-perf-comparison/logs/load-test-quarkus3-native-3.log
19:27:39,746 [ test-runner:run-tests-983 @ target-host ] queue-download: ${{REPO_DIR}}/logs/wrk-warmup-${{RUNTIME.name}}-${{ITERATION}}.log=/home/zakkak/spring-quarkus-perf-comparison/logs/wrk-warmup-quarkus3-native-3.log ../../20260311/run-time-initialize-security-providers/target-host/
19:27:39,746 [ test-runner:run-tests-983 @ target-host ] queue-download: ${{LOG_FILE}}=/home/zakkak/spring-quarkus-perf-comparison/logs/load-test-quarkus3-native-3.log ../../20260311/run-time-initialize-security-providers/target-host/
19:27:39,746 [ test-runner:run-tests-983 @ target-host ] queue-download: ${{REPO_DIR}}/logs/wrk-${{RUNTIME.name}}-${{ITERATION}}.log=/home/zakkak/spring-quarkus-perf-comparison/logs/wrk-quarkus3-native-3.log ../../20260311/run-time-initialize-security-providers/target-host/
19:27:39,747 [ test-runner:run-tests-983 @ target-host ] script-cmd: start-test-services
19:27:39,747 [ test-runner:run-tests-983 @ target-host ] start-test-services
19:27:50,829 [ test-runner:run-tests-983 @ target-host ] /home/zakkak/spring-quarkus-perf-comparison/spring-quarkus-perf-comparison/scripts/infra.sh -c 3 -p '4-6' -s
Using podman to start containers
-----------------------------------------
[03/11/2026 19:27:39]: Starting services
-----------------------------------------
Starting PostgreSQL database 'fruits_db'
PostgreSQL DB process: 0f54cadd7f2044291b9ca841ddfe034310d3da480a821b96e430f2c0a1f1cf4a
Waiting for PostgreSQL to be ready...
localhost:5432 - no response
localhost:5432 - no response
localhost:5432 - accepting connections
19:27:50,829 [ test-runner:run-tests-983 @ target-host ] script-cmd: sync-drop-fs-cache
19:27:50,829 [ test-runner:run-tests-983 @ target-host ] sync-drop-fs-cache
19:27:50,829 [ test-runner:run-tests-983 @ target-host ] read-state: true
19:27:50,829 [ test-runner:run-tests-983 @ target-host ] regex: true
19:27:51,447 [ test-runner:run-tests-983 @ target-host ] sync
19:27:51,448 [ test-runner:run-tests-983 @ target-host ] script-cmd: sync-drop-fs-cache-${{os}}
19:27:51,448 [ test-runner:run-tests-983 @ target-host ] sync-drop-fs-cache-linux
19:27:51,448 [ test-runner:run-tests-983 @ target-host ] script-cmd: sudo
19:27:51,448 [ test-runner:run-tests-983 @ target-host ] sudo
19:27:51,448 [ test-runner:run-tests-983 @ target-host ] script-cmd: sudo-${{os}}
19:27:51,448 [ test-runner:run-tests-983 @ target-host ] sudo-linux
19:27:52,281 [ test-runner:run-tests-983 @ target-host ] sudo sh -c "echo 3 > /proc/sys/vm/drop_caches"
]3008;start=7c8647da8c19447b9eb3033d660832d3;user=zakkak;hostname=blanc;machineid=f469a615e9ef4e81b7d5be080a5de373;bootid=0e917e08584a49cb891ef04366e00ace;pid=314630;pidfdid=314631;comm=sudo;targetuser=root;sessionid=c289;type=session\]3008;end=7c8647da8c19447b9eb3033d660832d3\
19:27:52,281 [ test-runner:run-tests-983 @ target-host ] set-signal: LOAD_STEADY_STATE_START 1
19:27:52,281 [ test-runner:run-tests-983 @ target-host ] set-signal: LOG_REGEX_REACHED 1
19:27:52,684 [ test-runner:run-tests-983 @ target-host ] taskset --cpu-list 0-3 /home/zakkak/spring-quarkus-perf-comparison/spring-quarkus-perf-comparison/quarkus3/target/quarkus3-runner  &>/home/zakkak/spring-quarkus-perf-comparison/logs/load-test-quarkus3-native-3.log &
[1] 314661
19:27:53,085 [ test-runner:run-tests-983 @ target-host ] PID=$!
19:27:53,487 [ test-runner:run-tests-983 @ target-host ] echo $PID
314661
19:27:53,487 [ test-runner:run-tests-983 @ target-host ] set-state: JVM_PID 314661
19:27:53,487 [ test-runner:run-tests-983 @ target-host ] script-cmd: monitor-processes
19:27:53,487 [ test-runner:run-tests-983 @ target-host ] monitor-processes
19:27:53,487 [ test-runner:run-tests-983 @ target-host ] set-signal: LOAD_TEST_COMPLETE 1
19:27:53,938 [ test-runner:run-tests-983 @ target-host ] script-cmd: monitor-process
19:27:53,938 [ :monitor-process-2185 @ target-host ] monitor-process
19:27:53,947 [ :monitor-process-2185 @ target-host ] queue-download: ${{log_file}}=/home/zakkak/spring-quarkus-perf-comparison/logs/pidstat-quarkus3-native-3.log ../../20260311/run-time-initialize-security-providers/target-host/
19:27:54,313 [ test-runner:run-tests-983 @ target-host ] script-cmd: monitor-process
19:27:54,313 [ :monitor-process-2193 @ target-host ] monitor-process
19:27:54,313 [ :monitor-process-2193 @ target-host ] queue-download: ${{log_file}}=/home/zakkak/spring-quarkus-perf-comparison/logs/mpstat-quarkus3-native-3.log ../../20260311/run-time-initialize-security-providers/target-host/
19:27:54,449 [ :monitor-process-2185 @ target-host ] taskset --cpu-list 11 pidstat -u -p 314661 1 &>/home/zakkak/spring-quarkus-perf-comparison/logs/pidstat-quarkus3-native-3.log &
[1] 314784
19:27:54,687 [ test-runner:run-tests-983 @ target-host ] script-cmd: monitor-process
19:27:54,687 [ test-runner:run-tests-983 @ target-host ] script-cmd: monitor-postgres
19:27:54,687 [ test-runner:run-tests-983 @ target-host ] monitor-postgres
19:27:54,687 [ :monitor-process-2202 @ target-host ] monitor-process
19:27:54,688 [ :monitor-process-2202 @ target-host ] queue-download: ${{log_file}}=/home/zakkak/spring-quarkus-perf-comparison/logs/vmstat-quarkus3-native-3.log ../../20260311/run-time-initialize-security-providers/target-host/
19:27:54,816 [ :monitor-process-2193 @ target-host ] taskset --cpu-list 11 mpstat -P ALL 1 &>/home/zakkak/spring-quarkus-perf-comparison/logs/mpstat-quarkus3-native-3.log &
[1] 314861
19:27:54,851 [ :monitor-process-2185 @ target-host ] PROCESS_PID=$!
19:27:55,090 [ :monitor-process-2202 @ target-host ] taskset --cpu-list 11 vmstat 1 &>/home/zakkak/spring-quarkus-perf-comparison/logs/vmstat-quarkus3-native-3.log &
[1] 314946
19:27:55,128 [ test-runner:run-tests-983 @ target-host ] POSTGRES_PID=$(/home/zakkak/spring-quarkus-perf-comparison/spring-quarkus-perf-comparison/scripts/infra.sh -r)
19:27:55,217 [ :monitor-process-2193 @ target-host ] PROCESS_PID=$!
19:27:55,252 [ :monitor-process-2185 @ target-host ] echo $PROCESS_PID
314784
19:27:55,252 [ :monitor-process-2185 @ target-host ] set-state: PROCESS_PID 314784
19:27:55,491 [ :monitor-process-2202 @ target-host ] PROCESS_PID=$!
19:27:55,529 [ test-runner:run-tests-983 @ target-host ] echo $POSTGRES_PID
314357
19:27:55,538 [ test-runner:run-tests-983 @ target-host ] set-state: POSTGRES_PID 314357
19:27:55,619 [ :monitor-process-2193 @ target-host ] echo $PROCESS_PID
314861
19:27:55,619 [ :monitor-process-2193 @ target-host ] set-state: PROCESS_PID 314861
19:27:55,893 [ :monitor-process-2202 @ target-host ] echo $PROCESS_PID
314946
19:27:55,893 [ :monitor-process-2202 @ target-host ] set-state: PROCESS_PID 314946
19:27:55,912 [ test-runner:run-tests-983 @ target-host ] script-cmd: monitor-process
19:27:55,913 [ test-runner:run-tests-983 @ target-host ] JVM_PID = 314661
19:27:55,913 [ :monitor-process-2218 @ target-host ] monitor-process
19:27:55,913 [ :monitor-process-2218 @ target-host ] queue-download: ${{log_file}}=/home/zakkak/spring-quarkus-perf-comparison/logs/postgres-pidstat-quarkus3-native-3.log ../../20260311/run-time-initialize-security-providers/target-host/
19:27:55,913 [ test-runner:run-tests-983 @ target-host ] read-state: none
19:27:56,284 [ test-runner:run-tests-983 @ target-host ] script-cmd: watch-log
19:27:56,284 [ :watch-log-2227 @ target-host ] watch-log
19:27:56,294 [ :watch-log-2227 @ target-host ] regex: ${{log_regex}}
19:27:56,294 [ :watch-log-2227 @ target-host ] ctrlC
19:27:56,294 [ :watch-log-2227 @ target-host ] reached LOG_REGEX_REACHED
19:27:56,294 [ test-runner:run-tests-983 @ target-host ] wait-for: LOG_REGEX_REACHED
19:27:56,294 [ :watch-log-2227 @ target-host ] signal: LOG_REGEX_REACHED
19:27:56,415 [ :monitor-process-2218 @ target-host ] taskset --cpu-list 11 pidstat -u -p $(pgrep -d , -P 314357) 1 &>/home/zakkak/spring-quarkus-perf-comparison/logs/postgres-pidstat-quarkus3-native-3.log &
[1] 315060
19:27:56,695 [ :watch-log-2227 @ target-host ] tail -f /home/zakkak/spring-quarkus-perf-comparison/logs/load-test-quarkus3-native-3.log
__  ____  __  _____   ___  __ ____  ______ 
 --/ __ \/ / / / _ | / _ \/ //_/ / / / __/ 
 -/ /_/ / /_/ / __ |/ , _/ ,< / /_/ /\ \   
--\___\_\____/_/ |_/_/|_/_/|_|\____/___/   
2026-03-11 19:27:52,420 INFO  [io.quarkus] (main) quarkus3 1.0 native (powered by Quarkus 999-SNAPSHOT) started in 0.076s. Listening on: http://0.0.0.0:8080
2026-03-11 19:27:52,420 INFO  [io.quarkus] (main) Profile prod activated. 
2026-03-11 19:27:52,420 INFO  [io.quarkus] (main) Installed features: [agroal, cdi, config-yaml, hibernate-orm, hibernate-orm-panache, hibernate-validator, jdbc-postgresql, narayana-jta, rest, rest-jackson, smallrye-context-propagation, smallrye-health, vertx]
19:27:56,817 [ :monitor-process-2218 @ target-host ] PROCESS_PID=$!
19:27:57,218 [ :monitor-process-2218 @ target-host ] echo $PROCESS_PID
315060
19:27:57,218 [ :monitor-process-2218 @ target-host ] set-state: PROCESS_PID 315060
19:30:06,234 [ test-runner:run-tests-983 @ target-host ] taskset --cpu-list 7-9 jbang -R -XX:+UseNUMA wrk@hyperfoil -t 2 -c 100 -d 2m --timeout 2m http://localhost:8080/fruits 2>&1 >/home/zakkak/spring-quarkus-perf-comparison/logs/wrk-warmup-quarkus3-native-3.log
19:30:36,235 [ test-runner:run-tests-983 @ target-host ] sleep: 30s
19:30:36,235 [ :monitor-process-2193 @ target-host ] reached LOAD_STEADY_STATE_START
19:30:36,235 [ test-runner:run-tests-983 @ target-host ] signal: LOAD_STEADY_STATE_START
19:31:15,933 [ test-runner:run-tests-983 @ target-host ] taskset --cpu-list 7-9 jbang -R -XX:+UseNUMA wrk@hyperfoil -t 2 -c 100 -d 30s --timeout 30s http://localhost:8080/fruits 2>&1 >/home/zakkak/spring-quarkus-perf-comparison/logs/wrk-quarkus3-native-3.log
19:31:16,349 [ test-runner:run-tests-983 @ target-host ] cat /home/zakkak/spring-quarkus-perf-comparison/logs/wrk-quarkus3-native-3.log | grep "Requests/sec" | awk '{print $2}'
16186.24
19:31:16,349 [ test-runner:run-tests-983 @ target-host ] set-state: THROUGHPUT 16186.24
19:31:16,349 [ test-runner:run-tests-983 @ target-host ] script-cmd: state-array-push
19:31:16,349 [ test-runner:run-tests-983 @ target-host ] state-array-push
19:31:16,394 [ test-runner:run-tests-983 @ target-host ] set-state: RUN.output.results.quarkus3-native.load.throughput [16009.06,16064.36,15953.08,16186.24]
19:31:16,797 [ test-runner:run-tests-983 @ target-host ] cat /home/zakkak/spring-quarkus-perf-comparison/logs/wrk-quarkus3-native-3.log | grep "Socket errors:" | sed -E 's/.*connectionErrors ([0-9]+).*/\1/'
19:31:16,797 [ test-runner:run-tests-983 @ target-host ] regex: ^$
19:31:16,797 [ test-runner:run-tests-983 @ target-host ] set-state: CONNECTION_ERRORS 0
19:31:16,798 [ test-runner:run-tests-983 @ target-host ] script-cmd: state-array-push
19:31:16,798 [ test-runner:run-tests-983 @ target-host ] state-array-push
19:31:16,832 [ test-runner:run-tests-983 @ target-host ] set-state: RUN.output.results.quarkus3-native.load.connectionErrors [0,0,0,0]
19:31:17,235 [ test-runner:run-tests-983 @ target-host ] cat /home/zakkak/spring-quarkus-perf-comparison/logs/wrk-quarkus3-native-3.log | grep "Socket errors:" | sed -E 's/.*requestTimeouts ([0-9]+)/\1/'
19:31:17,236 [ test-runner:run-tests-983 @ target-host ] regex: ^$
19:31:17,236 [ test-runner:run-tests-983 @ target-host ] set-state: REQUEST_TIMEOUTS 0
19:31:17,236 [ test-runner:run-tests-983 @ target-host ] script-cmd: state-array-push
19:31:17,236 [ test-runner:run-tests-983 @ target-host ] state-array-push
19:31:17,270 [ test-runner:run-tests-983 @ target-host ] set-state: RUN.output.results.quarkus3-native.load.requestTimeouts [0,0,0,0]
19:31:17,687 [ test-runner:run-tests-983 @ target-host ] pmap -x $PID | grep total | awk '{print $4}'
159272
19:31:17,687 [ test-runner:run-tests-983 @ target-host ] set-state: RSS 159272
19:31:17,704 [ test-runner:run-tests-983 @ target-host ] script-cmd: state-array-push
19:31:17,704 [ test-runner:run-tests-983 @ target-host ] state-array-push
19:31:17,738 [ test-runner:run-tests-983 @ target-host ] set-state: RUN.output.results.quarkus3-native.load.rss [155.125,154.72265625,158.81640625,155.5390625]
19:31:17,755 [ test-runner:run-tests-983 @ target-host ] script-cmd: state-array-push
19:31:17,755 [ test-runner:run-tests-983 @ target-host ] state-array-push
19:31:17,789 [ test-runner:run-tests-983 @ target-host ] set-state: RUN.output.results.quarkus3-native.load.throughputDensity [103.20103142626914,103.82681107829029,100.44982364660451,104.06543372344166]
19:31:17,789 [ test-runner:run-tests-983 @ target-host ] reached LOAD_TEST_COMPLETE
19:31:17,789 [ :monitor-process-2185 @ target-host ] wait-for: LOAD_TEST_COMPLETE
19:31:17,789 [ :monitor-process-2193 @ target-host ] wait-for: LOAD_TEST_COMPLETE
19:31:17,789 [ :monitor-process-2202 @ target-host ] wait-for: LOAD_TEST_COMPLETE
19:31:17,789 [ :monitor-process-2218 @ target-host ] wait-for: LOAD_TEST_COMPLETE
19:31:17,789 [ test-runner:run-tests-983 @ target-host ] signal: LOAD_TEST_COMPLETE
19:31:18,191 [ :monitor-process-2185 @ target-host ] kill -15 $PROCESS_PID
bash: kill: (314784) - No such process
19:31:18,191 [ :monitor-process-2193 @ target-host ] kill -15 $PROCESS_PID
bash: kill: (314861) - No such process
19:31:18,191 [ :monitor-process-2218 @ target-host ] kill -15 $PROCESS_PID
bash: kill: (315060) - No such process
19:31:18,291 [ test-runner:run-tests-983 @ target-host ] kill -15 $PID
19:31:18,291 [ :monitor-process-2202 @ target-host ] kill -15 $PROCESS_PID
19:31:20,702 [ test-runner:run-tests-983 @ target-host ] sleep 2
19:31:20,702 [ test-runner:run-tests-983 @ target-host ] script-cmd: stop-test-services
19:31:20,702 [ test-runner:run-tests-983 @ target-host ] stop-test-services
19:31:21,346 [ test-runner:run-tests-983 @ target-host ] /home/zakkak/spring-quarkus-perf-comparison/spring-quarkus-perf-comparison/scripts/infra.sh -d
Using podman to stop containers
-----------------------------------------
[03/11/2026 19:31:20]: Stopping services
-----------------------------------------
Stopping PostgreSQL database 'fruits_db'
fruits_db
19:31:21,398 [ test-runner:run-tests-983 @ target-host ] for-each: ITERATION = 4
19:31:21,398 [ test-runner:run-tests-983 @ target-host ] set-state: LOG_FILE /home/zakkak/spring-quarkus-perf-comparison/logs/load-test-quarkus3-native-4.log
19:31:21,803 [ test-runner:run-tests-983 @ target-host ] touch /home/zakkak/spring-quarkus-perf-comparison/logs/load-test-quarkus3-native-4.log
19:31:21,803 [ test-runner:run-tests-983 @ target-host ] queue-download: ${{REPO_DIR}}/logs/wrk-warmup-${{RUNTIME.name}}-${{ITERATION}}.log=/home/zakkak/spring-quarkus-perf-comparison/logs/wrk-warmup-quarkus3-native-4.log ../../20260311/run-time-initialize-security-providers/target-host/
19:31:21,803 [ test-runner:run-tests-983 @ target-host ] queue-download: ${{LOG_FILE}}=/home/zakkak/spring-quarkus-perf-comparison/logs/load-test-quarkus3-native-4.log ../../20260311/run-time-initialize-security-providers/target-host/
19:31:21,803 [ test-runner:run-tests-983 @ target-host ] queue-download: ${{REPO_DIR}}/logs/wrk-${{RUNTIME.name}}-${{ITERATION}}.log=/home/zakkak/spring-quarkus-perf-comparison/logs/wrk-quarkus3-native-4.log ../../20260311/run-time-initialize-security-providers/target-host/
19:31:21,803 [ test-runner:run-tests-983 @ target-host ] script-cmd: start-test-services
19:31:21,803 [ test-runner:run-tests-983 @ target-host ] start-test-services
19:31:32,880 [ test-runner:run-tests-983 @ target-host ] /home/zakkak/spring-quarkus-perf-comparison/spring-quarkus-perf-comparison/scripts/infra.sh -c 3 -p '4-6' -s
Using podman to start containers
-----------------------------------------
[03/11/2026 19:31:21]: Starting services
-----------------------------------------
Starting PostgreSQL database 'fruits_db'
PostgreSQL DB process: 65555bce2cd105504e1c769907db6d2547fb9ff58c0c061da0783c017528537d
Waiting for PostgreSQL to be ready...
localhost:5432 - no response
localhost:5432 - no response
localhost:5432 - accepting connections
19:31:32,881 [ test-runner:run-tests-983 @ target-host ] script-cmd: sync-drop-fs-cache
19:31:32,881 [ test-runner:run-tests-983 @ target-host ] sync-drop-fs-cache
19:31:32,881 [ test-runner:run-tests-983 @ target-host ] read-state: true
19:31:32,881 [ test-runner:run-tests-983 @ target-host ] regex: true
19:31:33,485 [ test-runner:run-tests-983 @ target-host ] sync
19:31:33,485 [ test-runner:run-tests-983 @ target-host ] script-cmd: sync-drop-fs-cache-${{os}}
19:31:33,485 [ test-runner:run-tests-983 @ target-host ] sync-drop-fs-cache-linux
19:31:33,485 [ test-runner:run-tests-983 @ target-host ] script-cmd: sudo
19:31:33,485 [ test-runner:run-tests-983 @ target-host ] sudo
19:31:33,485 [ test-runner:run-tests-983 @ target-host ] script-cmd: sudo-${{os}}
19:31:33,485 [ test-runner:run-tests-983 @ target-host ] sudo-linux
19:31:34,280 [ test-runner:run-tests-983 @ target-host ] sudo sh -c "echo 3 > /proc/sys/vm/drop_caches"
]3008;start=f53757a88a1f4c18bf7c9bf3e8776bf1;user=zakkak;hostname=blanc;machineid=f469a615e9ef4e81b7d5be080a5de373;bootid=0e917e08584a49cb891ef04366e00ace;pid=316442;pidfdid=316443;comm=sudo;targetuser=root;sessionid=c290;type=session\]3008;end=f53757a88a1f4c18bf7c9bf3e8776bf1\
19:31:34,289 [ test-runner:run-tests-983 @ target-host ] set-signal: LOAD_STEADY_STATE_START 1
19:31:34,289 [ test-runner:run-tests-983 @ target-host ] set-signal: LOG_REGEX_REACHED 1
19:31:34,691 [ test-runner:run-tests-983 @ target-host ] taskset --cpu-list 0-3 /home/zakkak/spring-quarkus-perf-comparison/spring-quarkus-perf-comparison/quarkus3/target/quarkus3-runner  &>/home/zakkak/spring-quarkus-perf-comparison/logs/load-test-quarkus3-native-4.log &
[1] 316471
19:31:35,093 [ test-runner:run-tests-983 @ target-host ] PID=$!
19:31:35,494 [ test-runner:run-tests-983 @ target-host ] echo $PID
316471
19:31:35,494 [ test-runner:run-tests-983 @ target-host ] set-state: JVM_PID 316471
19:31:35,495 [ test-runner:run-tests-983 @ target-host ] script-cmd: monitor-processes
19:31:35,495 [ test-runner:run-tests-983 @ target-host ] monitor-processes
19:31:35,495 [ test-runner:run-tests-983 @ target-host ] set-signal: LOAD_TEST_COMPLETE 1
19:31:35,947 [ test-runner:run-tests-983 @ target-host ] script-cmd: monitor-process
19:31:35,947 [ :monitor-process-2278 @ target-host ] monitor-process
19:31:35,947 [ :monitor-process-2278 @ target-host ] queue-download: ${{log_file}}=/home/zakkak/spring-quarkus-perf-comparison/logs/pidstat-quarkus3-native-4.log ../../20260311/run-time-initialize-security-providers/target-host/
19:31:36,322 [ test-runner:run-tests-983 @ target-host ] script-cmd: monitor-process
19:31:36,322 [ :monitor-process-2286 @ target-host ] monitor-process
19:31:36,322 [ :monitor-process-2286 @ target-host ] queue-download: ${{log_file}}=/home/zakkak/spring-quarkus-perf-comparison/logs/mpstat-quarkus3-native-4.log ../../20260311/run-time-initialize-security-providers/target-host/
19:31:36,450 [ :monitor-process-2278 @ target-host ] taskset --cpu-list 11 pidstat -u -p 316471 1 &>/home/zakkak/spring-quarkus-perf-comparison/logs/pidstat-quarkus3-native-4.log &
[1] 316590
19:31:36,697 [ test-runner:run-tests-983 @ target-host ] script-cmd: monitor-process
19:31:36,697 [ test-runner:run-tests-983 @ target-host ] script-cmd: monitor-postgres
19:31:36,697 [ test-runner:run-tests-983 @ target-host ] monitor-postgres
19:31:36,697 [ :monitor-process-2295 @ target-host ] monitor-process
19:31:36,697 [ :monitor-process-2295 @ target-host ] queue-download: ${{log_file}}=/home/zakkak/spring-quarkus-perf-comparison/logs/vmstat-quarkus3-native-4.log ../../20260311/run-time-initialize-security-providers/target-host/
19:31:36,825 [ :monitor-process-2286 @ target-host ] taskset --cpu-list 11 mpstat -P ALL 1 &>/home/zakkak/spring-quarkus-perf-comparison/logs/mpstat-quarkus3-native-4.log &
[1] 316672
19:31:36,851 [ :monitor-process-2278 @ target-host ] PROCESS_PID=$!
19:31:37,099 [ :monitor-process-2295 @ target-host ] taskset --cpu-list 11 vmstat 1 &>/home/zakkak/spring-quarkus-perf-comparison/logs/vmstat-quarkus3-native-4.log &
[1] 316757
19:31:37,137 [ test-runner:run-tests-983 @ target-host ] POSTGRES_PID=$(/home/zakkak/spring-quarkus-perf-comparison/spring-quarkus-perf-comparison/scripts/infra.sh -r)
19:31:37,226 [ :monitor-process-2286 @ target-host ] PROCESS_PID=$!
19:31:37,253 [ :monitor-process-2278 @ target-host ] echo $PROCESS_PID
316590
19:31:37,253 [ :monitor-process-2278 @ target-host ] set-state: PROCESS_PID 316590
19:31:37,500 [ :monitor-process-2295 @ target-host ] PROCESS_PID=$!
19:31:37,538 [ test-runner:run-tests-983 @ target-host ] echo $POSTGRES_PID
316182
19:31:37,538 [ test-runner:run-tests-983 @ target-host ] set-state: POSTGRES_PID 316182
19:31:37,628 [ :monitor-process-2286 @ target-host ] echo $PROCESS_PID
316672
19:31:37,628 [ :monitor-process-2286 @ target-host ] set-state: PROCESS_PID 316672
19:31:37,902 [ :monitor-process-2295 @ target-host ] echo $PROCESS_PID
316757
19:31:37,902 [ :monitor-process-2295 @ target-host ] set-state: PROCESS_PID 316757
19:31:37,913 [ test-runner:run-tests-983 @ target-host ] script-cmd: monitor-process
19:31:37,913 [ test-runner:run-tests-983 @ target-host ] JVM_PID = 316471
19:31:37,913 [ :monitor-process-2311 @ target-host ] monitor-process
19:31:37,913 [ :monitor-process-2311 @ target-host ] queue-download: ${{log_file}}=/home/zakkak/spring-quarkus-perf-comparison/logs/postgres-pidstat-quarkus3-native-4.log ../../20260311/run-time-initialize-security-providers/target-host/
19:31:37,913 [ test-runner:run-tests-983 @ target-host ] read-state: none
19:31:38,285 [ test-runner:run-tests-983 @ target-host ] script-cmd: watch-log
19:31:38,285 [ :watch-log-2320 @ target-host ] watch-log
19:31:38,295 [ :watch-log-2320 @ target-host ] regex: ${{log_regex}}
19:31:38,295 [ :watch-log-2320 @ target-host ] ctrlC
19:31:38,295 [ :watch-log-2320 @ target-host ] reached LOG_REGEX_REACHED
19:31:38,295 [ test-runner:run-tests-983 @ target-host ] wait-for: LOG_REGEX_REACHED
19:31:38,295 [ :watch-log-2320 @ target-host ] signal: LOG_REGEX_REACHED
19:31:38,416 [ :monitor-process-2311 @ target-host ] taskset --cpu-list 11 pidstat -u -p $(pgrep -d , -P 316182) 1 &>/home/zakkak/spring-quarkus-perf-comparison/logs/postgres-pidstat-quarkus3-native-4.log &
[1] 316872
19:31:38,697 [ :watch-log-2320 @ target-host ] tail -f /home/zakkak/spring-quarkus-perf-comparison/logs/load-test-quarkus3-native-4.log
__  ____  __  _____   ___  __ ____  ______ 
 --/ __ \/ / / / _ | / _ \/ //_/ / / / __/ 
 -/ /_/ / /_/ / __ |/ , _/ ,< / /_/ /\ \   
--\___\_\____/_/ |_/_/|_/_/|_|\____/___/   
2026-03-11 19:31:34,436 INFO  [io.quarkus] (main) quarkus3 1.0 native (powered by Quarkus 999-SNAPSHOT) started in 0.079s. Listening on: http://0.0.0.0:8080
2026-03-11 19:31:34,436 INFO  [io.quarkus] (main) Profile prod activated. 
2026-03-11 19:31:34,436 INFO  [io.quarkus] (main) Installed features: [agroal, cdi, config-yaml, hibernate-orm, hibernate-orm-panache, hibernate-validator, jdbc-postgresql, narayana-jta, rest, rest-jackson, smallrye-context-propagation, smallrye-health, vertx]
19:31:38,818 [ :monitor-process-2311 @ target-host ] PROCESS_PID=$!
19:31:39,219 [ :monitor-process-2311 @ target-host ] echo $PROCESS_PID
316872
19:31:39,219 [ :monitor-process-2311 @ target-host ] set-state: PROCESS_PID 316872
19:33:48,176 [ test-runner:run-tests-983 @ target-host ] taskset --cpu-list 7-9 jbang -R -XX:+UseNUMA wrk@hyperfoil -t 2 -c 100 -d 2m --timeout 2m http://localhost:8080/fruits 2>&1 >/home/zakkak/spring-quarkus-perf-comparison/logs/wrk-warmup-quarkus3-native-4.log
19:34:18,177 [ test-runner:run-tests-983 @ target-host ] sleep: 30s
19:34:18,177 [ :monitor-process-2286 @ target-host ] reached LOAD_STEADY_STATE_START
19:34:18,177 [ test-runner:run-tests-983 @ target-host ] signal: LOAD_STEADY_STATE_START
19:34:57,863 [ test-runner:run-tests-983 @ target-host ] taskset --cpu-list 7-9 jbang -R -XX:+UseNUMA wrk@hyperfoil -t 2 -c 100 -d 30s --timeout 30s http://localhost:8080/fruits 2>&1 >/home/zakkak/spring-quarkus-perf-comparison/logs/wrk-quarkus3-native-4.log
19:34:58,279 [ test-runner:run-tests-983 @ target-host ] cat /home/zakkak/spring-quarkus-perf-comparison/logs/wrk-quarkus3-native-4.log | grep "Requests/sec" | awk '{print $2}'
16269.77
19:34:58,279 [ test-runner:run-tests-983 @ target-host ] set-state: THROUGHPUT 16269.77
19:34:58,279 [ test-runner:run-tests-983 @ target-host ] script-cmd: state-array-push
19:34:58,279 [ test-runner:run-tests-983 @ target-host ] state-array-push
19:34:58,322 [ test-runner:run-tests-983 @ target-host ] set-state: RUN.output.results.quarkus3-native.load.throughput [16009.06,16064.36,15953.08,16186.24,16269.77]
19:34:58,726 [ test-runner:run-tests-983 @ target-host ] cat /home/zakkak/spring-quarkus-perf-comparison/logs/wrk-quarkus3-native-4.log | grep "Socket errors:" | sed -E 's/.*connectionErrors ([0-9]+).*/\1/'
19:34:58,726 [ test-runner:run-tests-983 @ target-host ] regex: ^$
19:34:58,726 [ test-runner:run-tests-983 @ target-host ] set-state: CONNECTION_ERRORS 0
19:34:58,726 [ test-runner:run-tests-983 @ target-host ] script-cmd: state-array-push
19:34:58,726 [ test-runner:run-tests-983 @ target-host ] state-array-push
19:34:58,760 [ test-runner:run-tests-983 @ target-host ] set-state: RUN.output.results.quarkus3-native.load.connectionErrors [0,0,0,0,0]
19:34:59,164 [ test-runner:run-tests-983 @ target-host ] cat /home/zakkak/spring-quarkus-perf-comparison/logs/wrk-quarkus3-native-4.log | grep "Socket errors:" | sed -E 's/.*requestTimeouts ([0-9]+)/\1/'
19:34:59,164 [ test-runner:run-tests-983 @ target-host ] regex: ^$
19:34:59,164 [ test-runner:run-tests-983 @ target-host ] set-state: REQUEST_TIMEOUTS 0
19:34:59,164 [ test-runner:run-tests-983 @ target-host ] script-cmd: state-array-push
19:34:59,164 [ test-runner:run-tests-983 @ target-host ] state-array-push
19:34:59,198 [ test-runner:run-tests-983 @ target-host ] set-state: RUN.output.results.quarkus3-native.load.requestTimeouts [0,0,0,0,0]
19:34:59,616 [ test-runner:run-tests-983 @ target-host ] pmap -x $PID | grep total | awk '{print $4}'
159888
19:34:59,616 [ test-runner:run-tests-983 @ target-host ] set-state: RSS 159888
19:34:59,633 [ test-runner:run-tests-983 @ target-host ] script-cmd: state-array-push
19:34:59,633 [ test-runner:run-tests-983 @ target-host ] state-array-push
19:34:59,667 [ test-runner:run-tests-983 @ target-host ] set-state: RUN.output.results.quarkus3-native.load.rss [155.125,154.72265625,158.81640625,155.5390625,156.140625]
19:34:59,684 [ test-runner:run-tests-983 @ target-host ] script-cmd: state-array-push
19:34:59,684 [ test-runner:run-tests-983 @ target-host ] state-array-push
19:34:59,718 [ test-runner:run-tests-983 @ target-host ] set-state: RUN.output.results.quarkus3-native.load.throughputDensity [103.20103142626914,103.82681107829029,100.44982364660451,104.06543372344166,104.19946762733915]
19:34:59,718 [ test-runner:run-tests-983 @ target-host ] reached LOAD_TEST_COMPLETE
19:34:59,718 [ :monitor-process-2278 @ target-host ] wait-for: LOAD_TEST_COMPLETE
19:34:59,718 [ :monitor-process-2286 @ target-host ] wait-for: LOAD_TEST_COMPLETE
19:34:59,718 [ :monitor-process-2295 @ target-host ] wait-for: LOAD_TEST_COMPLETE
19:34:59,718 [ :monitor-process-2311 @ target-host ] wait-for: LOAD_TEST_COMPLETE
19:34:59,718 [ test-runner:run-tests-983 @ target-host ] signal: LOAD_TEST_COMPLETE
19:35:00,120 [ :monitor-process-2278 @ target-host ] kill -15 $PROCESS_PID
bash: kill: (316590) - No such process
19:35:00,120 [ :monitor-process-2311 @ target-host ] kill -15 $PROCESS_PID
bash: kill: (316872) - No such process
19:35:00,120 [ :monitor-process-2286 @ target-host ] kill -15 $PROCESS_PID
bash: kill: (316672) - No such process
19:35:00,220 [ test-runner:run-tests-983 @ target-host ] kill -15 $PID
19:35:00,220 [ :monitor-process-2295 @ target-host ] kill -15 $PROCESS_PID
19:35:02,632 [ test-runner:run-tests-983 @ target-host ] sleep 2
19:35:02,632 [ test-runner:run-tests-983 @ target-host ] script-cmd: stop-test-services
19:35:02,632 [ test-runner:run-tests-983 @ target-host ] stop-test-services
19:35:03,302 [ test-runner:run-tests-983 @ target-host ] /home/zakkak/spring-quarkus-perf-comparison/spring-quarkus-perf-comparison/scripts/infra.sh -d
Using podman to stop containers
-----------------------------------------
[03/11/2026 19:35:02]: Stopping services
-----------------------------------------
Stopping PostgreSQL database 'fruits_db'
fruits_db
19:35:03,356 [ test-runner:run-tests-983 @ target-host ] for-each: ITERATION = 5
19:35:03,356 [ test-runner:run-tests-983 @ target-host ] set-state: LOG_FILE /home/zakkak/spring-quarkus-perf-comparison/logs/load-test-quarkus3-native-5.log
19:35:03,762 [ test-runner:run-tests-983 @ target-host ] touch /home/zakkak/spring-quarkus-perf-comparison/logs/load-test-quarkus3-native-5.log
19:35:03,762 [ test-runner:run-tests-983 @ target-host ] queue-download: ${{REPO_DIR}}/logs/wrk-warmup-${{RUNTIME.name}}-${{ITERATION}}.log=/home/zakkak/spring-quarkus-perf-comparison/logs/wrk-warmup-quarkus3-native-5.log ../../20260311/run-time-initialize-security-providers/target-host/
19:35:03,762 [ test-runner:run-tests-983 @ target-host ] queue-download: ${{LOG_FILE}}=/home/zakkak/spring-quarkus-perf-comparison/logs/load-test-quarkus3-native-5.log ../../20260311/run-time-initialize-security-providers/target-host/
19:35:03,763 [ test-runner:run-tests-983 @ target-host ] queue-download: ${{REPO_DIR}}/logs/wrk-${{RUNTIME.name}}-${{ITERATION}}.log=/home/zakkak/spring-quarkus-perf-comparison/logs/wrk-quarkus3-native-5.log ../../20260311/run-time-initialize-security-providers/target-host/
19:35:03,763 [ test-runner:run-tests-983 @ target-host ] script-cmd: start-test-services
19:35:03,763 [ test-runner:run-tests-983 @ target-host ] start-test-services
19:35:14,861 [ test-runner:run-tests-983 @ target-host ] /home/zakkak/spring-quarkus-perf-comparison/spring-quarkus-perf-comparison/scripts/infra.sh -c 3 -p '4-6' -s
Using podman to start containers
-----------------------------------------
[03/11/2026 19:35:03]: Starting services
-----------------------------------------
Starting PostgreSQL database 'fruits_db'
PostgreSQL DB process: ff6f45d0aef2ec72b4d53609e996bed862314bdeee41792c75e1713fe5944a2b
Waiting for PostgreSQL to be ready...
localhost:5432 - no response
localhost:5432 - no response
localhost:5432 - accepting connections
19:35:14,861 [ test-runner:run-tests-983 @ target-host ] script-cmd: sync-drop-fs-cache
19:35:14,861 [ test-runner:run-tests-983 @ target-host ] sync-drop-fs-cache
19:35:14,861 [ test-runner:run-tests-983 @ target-host ] read-state: true
19:35:14,861 [ test-runner:run-tests-983 @ target-host ] regex: true
19:35:15,449 [ test-runner:run-tests-983 @ target-host ] sync
19:35:15,449 [ test-runner:run-tests-983 @ target-host ] script-cmd: sync-drop-fs-cache-${{os}}
19:35:15,449 [ test-runner:run-tests-983 @ target-host ] sync-drop-fs-cache-linux
19:35:15,449 [ test-runner:run-tests-983 @ target-host ] script-cmd: sudo
19:35:15,449 [ test-runner:run-tests-983 @ target-host ] sudo
19:35:15,449 [ test-runner:run-tests-983 @ target-host ] script-cmd: sudo-${{os}}
19:35:15,449 [ test-runner:run-tests-983 @ target-host ] sudo-linux
19:35:16,240 [ test-runner:run-tests-983 @ target-host ] sudo sh -c "echo 3 > /proc/sys/vm/drop_caches"
]3008;start=3b5e9cbc5d974b5f9d7b218050d74aa6;user=zakkak;hostname=blanc;machineid=f469a615e9ef4e81b7d5be080a5de373;bootid=0e917e08584a49cb891ef04366e00ace;pid=318275;pidfdid=318276;comm=sudo;targetuser=root;sessionid=c291;type=session\]3008;end=3b5e9cbc5d974b5f9d7b218050d74aa6\
19:35:16,242 [ test-runner:run-tests-983 @ target-host ] set-signal: LOAD_STEADY_STATE_START 1
19:35:16,242 [ test-runner:run-tests-983 @ target-host ] set-signal: LOG_REGEX_REACHED 1
19:35:16,644 [ test-runner:run-tests-983 @ target-host ] taskset --cpu-list 0-3 /home/zakkak/spring-quarkus-perf-comparison/spring-quarkus-perf-comparison/quarkus3/target/quarkus3-runner  &>/home/zakkak/spring-quarkus-perf-comparison/logs/load-test-quarkus3-native-5.log &
[1] 318305
19:35:17,046 [ test-runner:run-tests-983 @ target-host ] PID=$!
19:35:17,447 [ test-runner:run-tests-983 @ target-host ] echo $PID
318305
19:35:17,447 [ test-runner:run-tests-983 @ target-host ] set-state: JVM_PID 318305
19:35:17,448 [ test-runner:run-tests-983 @ target-host ] script-cmd: monitor-processes
19:35:17,448 [ test-runner:run-tests-983 @ target-host ] monitor-processes
19:35:17,448 [ test-runner:run-tests-983 @ target-host ] set-signal: LOAD_TEST_COMPLETE 1
19:35:17,925 [ test-runner:run-tests-983 @ target-host ] script-cmd: monitor-process
19:35:17,925 [ :monitor-process-2371 @ target-host ] monitor-process
19:35:17,925 [ :monitor-process-2371 @ target-host ] queue-download: ${{log_file}}=/home/zakkak/spring-quarkus-perf-comparison/logs/pidstat-quarkus3-native-5.log ../../20260311/run-time-initialize-security-providers/target-host/
19:35:18,301 [ test-runner:run-tests-983 @ target-host ] script-cmd: monitor-process
19:35:18,301 [ :monitor-process-2379 @ target-host ] monitor-process
19:35:18,301 [ :monitor-process-2379 @ target-host ] queue-download: ${{log_file}}=/home/zakkak/spring-quarkus-perf-comparison/logs/mpstat-quarkus3-native-5.log ../../20260311/run-time-initialize-security-providers/target-host/
19:35:18,427 [ :monitor-process-2371 @ target-host ] taskset --cpu-list 11 pidstat -u -p 318305 1 &>/home/zakkak/spring-quarkus-perf-comparison/logs/pidstat-quarkus3-native-5.log &
[1] 318422
19:35:18,675 [ test-runner:run-tests-983 @ target-host ] script-cmd: monitor-process
19:35:18,675 [ test-runner:run-tests-983 @ target-host ] script-cmd: monitor-postgres
19:35:18,675 [ test-runner:run-tests-983 @ target-host ] monitor-postgres
19:35:18,675 [ :monitor-process-2388 @ target-host ] monitor-process
19:35:18,675 [ :monitor-process-2388 @ target-host ] queue-download: ${{log_file}}=/home/zakkak/spring-quarkus-perf-comparison/logs/vmstat-quarkus3-native-5.log ../../20260311/run-time-initialize-security-providers/target-host/
19:35:18,803 [ :monitor-process-2379 @ target-host ] taskset --cpu-list 11 mpstat -P ALL 1 &>/home/zakkak/spring-quarkus-perf-comparison/logs/mpstat-quarkus3-native-5.log &
[1] 318504
19:35:18,829 [ :monitor-process-2371 @ target-host ] PROCESS_PID=$!
19:35:19,077 [ :monitor-process-2388 @ target-host ] taskset --cpu-list 11 vmstat 1 &>/home/zakkak/spring-quarkus-perf-comparison/logs/vmstat-quarkus3-native-5.log &
[1] 318588
19:35:19,117 [ test-runner:run-tests-983 @ target-host ] POSTGRES_PID=$(/home/zakkak/spring-quarkus-perf-comparison/spring-quarkus-perf-comparison/scripts/infra.sh -r)
19:35:19,205 [ :monitor-process-2379 @ target-host ] PROCESS_PID=$!
19:35:19,230 [ :monitor-process-2371 @ target-host ] echo $PROCESS_PID
318422
19:35:19,230 [ :monitor-process-2371 @ target-host ] set-state: PROCESS_PID 318422
19:35:19,478 [ :monitor-process-2388 @ target-host ] PROCESS_PID=$!
19:35:19,518 [ test-runner:run-tests-983 @ target-host ] echo $POSTGRES_PID
318003
19:35:19,518 [ test-runner:run-tests-983 @ target-host ] set-state: POSTGRES_PID 318003
19:35:19,606 [ :monitor-process-2379 @ target-host ] echo $PROCESS_PID
318504
19:35:19,606 [ :monitor-process-2379 @ target-host ] set-state: PROCESS_PID 318504
19:35:19,880 [ :monitor-process-2388 @ target-host ] echo $PROCESS_PID
318588
19:35:19,880 [ :monitor-process-2388 @ target-host ] set-state: PROCESS_PID 318588
19:35:19,893 [ test-runner:run-tests-983 @ target-host ] script-cmd: monitor-process
19:35:19,893 [ :monitor-process-2404 @ target-host ] monitor-process
19:35:19,893 [ test-runner:run-tests-983 @ target-host ] JVM_PID = 318305
19:35:19,894 [ :monitor-process-2404 @ target-host ] queue-download: ${{log_file}}=/home/zakkak/spring-quarkus-perf-comparison/logs/postgres-pidstat-quarkus3-native-5.log ../../20260311/run-time-initialize-security-providers/target-host/
19:35:19,894 [ test-runner:run-tests-983 @ target-host ] read-state: none
19:35:20,266 [ test-runner:run-tests-983 @ target-host ] script-cmd: watch-log
19:35:20,266 [ :watch-log-2413 @ target-host ] watch-log
19:35:20,276 [ :watch-log-2413 @ target-host ] regex: ${{log_regex}}
19:35:20,276 [ :watch-log-2413 @ target-host ] ctrlC
19:35:20,276 [ :watch-log-2413 @ target-host ] reached LOG_REGEX_REACHED
19:35:20,276 [ test-runner:run-tests-983 @ target-host ] wait-for: LOG_REGEX_REACHED
19:35:20,276 [ :watch-log-2413 @ target-host ] signal: LOG_REGEX_REACHED
19:35:20,396 [ :monitor-process-2404 @ target-host ] taskset --cpu-list 11 pidstat -u -p $(pgrep -d , -P 318003) 1 &>/home/zakkak/spring-quarkus-perf-comparison/logs/postgres-pidstat-quarkus3-native-5.log &
[1] 318702
19:35:20,678 [ :watch-log-2413 @ target-host ] tail -f /home/zakkak/spring-quarkus-perf-comparison/logs/load-test-quarkus3-native-5.log
__  ____  __  _____   ___  __ ____  ______ 
 --/ __ \/ / / / _ | / _ \/ //_/ / / / __/ 
 -/ /_/ / /_/ / __ |/ , _/ ,< / /_/ /\ \   
--\___\_\____/_/ |_/_/|_/_/|_|\____/___/   
2026-03-11 19:35:16,394 INFO  [io.quarkus] (main) quarkus3 1.0 native (powered by Quarkus 999-SNAPSHOT) started in 0.079s. Listening on: http://0.0.0.0:8080
2026-03-11 19:35:16,394 INFO  [io.quarkus] (main) Profile prod activated. 
2026-03-11 19:35:16,394 INFO  [io.quarkus] (main) Installed features: [agroal, cdi, config-yaml, hibernate-orm, hibernate-orm-panache, hibernate-validator, jdbc-postgresql, narayana-jta, rest, rest-jackson, smallrye-context-propagation, smallrye-health, vertx]
19:35:20,798 [ :monitor-process-2404 @ target-host ] PROCESS_PID=$!
19:35:21,199 [ :monitor-process-2404 @ target-host ] echo $PROCESS_PID
318702
19:35:21,200 [ :monitor-process-2404 @ target-host ] set-state: PROCESS_PID 318702
19:37:30,154 [ test-runner:run-tests-983 @ target-host ] taskset --cpu-list 7-9 jbang -R -XX:+UseNUMA wrk@hyperfoil -t 2 -c 100 -d 2m --timeout 2m http://localhost:8080/fruits 2>&1 >/home/zakkak/spring-quarkus-perf-comparison/logs/wrk-warmup-quarkus3-native-5.log
19:38:00,155 [ test-runner:run-tests-983 @ target-host ] sleep: 30s
19:38:00,155 [ :monitor-process-2379 @ target-host ] reached LOAD_STEADY_STATE_START
19:38:00,155 [ test-runner:run-tests-983 @ target-host ] signal: LOAD_STEADY_STATE_START
19:38:39,828 [ test-runner:run-tests-983 @ target-host ] taskset --cpu-list 7-9 jbang -R -XX:+UseNUMA wrk@hyperfoil -t 2 -c 100 -d 30s --timeout 30s http://localhost:8080/fruits 2>&1 >/home/zakkak/spring-quarkus-perf-comparison/logs/wrk-quarkus3-native-5.log
19:38:40,244 [ test-runner:run-tests-983 @ target-host ] cat /home/zakkak/spring-quarkus-perf-comparison/logs/wrk-quarkus3-native-5.log | grep "Requests/sec" | awk '{print $2}'
16292.49
19:38:40,244 [ test-runner:run-tests-983 @ target-host ] set-state: THROUGHPUT 16292.49
19:38:40,244 [ test-runner:run-tests-983 @ target-host ] script-cmd: state-array-push
19:38:40,245 [ test-runner:run-tests-983 @ target-host ] state-array-push
19:38:40,286 [ test-runner:run-tests-983 @ target-host ] set-state: RUN.output.results.quarkus3-native.load.throughput [16009.06,16064.36,15953.08,16186.24,16269.77,16292.49]
19:38:40,690 [ test-runner:run-tests-983 @ target-host ] cat /home/zakkak/spring-quarkus-perf-comparison/logs/wrk-quarkus3-native-5.log | grep "Socket errors:" | sed -E 's/.*connectionErrors ([0-9]+).*/\1/'
19:38:40,690 [ test-runner:run-tests-983 @ target-host ] regex: ^$
19:38:40,690 [ test-runner:run-tests-983 @ target-host ] set-state: CONNECTION_ERRORS 0
19:38:40,690 [ test-runner:run-tests-983 @ target-host ] script-cmd: state-array-push
19:38:40,690 [ test-runner:run-tests-983 @ target-host ] state-array-push
19:38:40,728 [ test-runner:run-tests-983 @ target-host ] set-state: RUN.output.results.quarkus3-native.load.connectionErrors [0,0,0,0,0,0]
19:38:41,132 [ test-runner:run-tests-983 @ target-host ] cat /home/zakkak/spring-quarkus-perf-comparison/logs/wrk-quarkus3-native-5.log | grep "Socket errors:" | sed -E 's/.*requestTimeouts ([0-9]+)/\1/'
19:38:41,132 [ test-runner:run-tests-983 @ target-host ] regex: ^$
19:38:41,132 [ test-runner:run-tests-983 @ target-host ] set-state: REQUEST_TIMEOUTS 0
19:38:41,132 [ test-runner:run-tests-983 @ target-host ] script-cmd: state-array-push
19:38:41,132 [ test-runner:run-tests-983 @ target-host ] state-array-push
19:38:41,165 [ test-runner:run-tests-983 @ target-host ] set-state: RUN.output.results.quarkus3-native.load.requestTimeouts [0,0,0,0,0,0]
19:38:41,583 [ test-runner:run-tests-983 @ target-host ] pmap -x $PID | grep total | awk '{print $4}'
159040
19:38:41,583 [ test-runner:run-tests-983 @ target-host ] set-state: RSS 159040
19:38:41,599 [ test-runner:run-tests-983 @ target-host ] script-cmd: state-array-push
19:38:41,599 [ test-runner:run-tests-983 @ target-host ] state-array-push
19:38:41,630 [ test-runner:run-tests-983 @ target-host ] set-state: RUN.output.results.quarkus3-native.load.rss [155.125,154.72265625,158.81640625,155.5390625,156.140625,155.3125]
19:38:41,648 [ test-runner:run-tests-983 @ target-host ] script-cmd: state-array-push
19:38:41,648 [ test-runner:run-tests-983 @ target-host ] state-array-push
19:38:41,683 [ test-runner:run-tests-983 @ target-host ] set-state: RUN.output.results.quarkus3-native.load.throughputDensity [103.20103142626914,103.82681107829029,100.44982364660451,104.06543372344166,104.19946762733915,104.90134406438632]
19:38:41,683 [ test-runner:run-tests-983 @ target-host ] reached LOAD_TEST_COMPLETE
19:38:41,683 [ :monitor-process-2371 @ target-host ] wait-for: LOAD_TEST_COMPLETE
19:38:41,683 [ :monitor-process-2379 @ target-host ] wait-for: LOAD_TEST_COMPLETE
19:38:41,683 [ :monitor-process-2388 @ target-host ] wait-for: LOAD_TEST_COMPLETE
19:38:41,683 [ :monitor-process-2404 @ target-host ] wait-for: LOAD_TEST_COMPLETE
19:38:41,683 [ test-runner:run-tests-983 @ target-host ] signal: LOAD_TEST_COMPLETE
19:38:42,085 [ :monitor-process-2371 @ target-host ] kill -15 $PROCESS_PID
bash: kill: (318422) - No such process
19:38:42,085 [ :monitor-process-2404 @ target-host ] kill -15 $PROCESS_PID
bash: kill: (318702) - No such process
19:38:42,085 [ :monitor-process-2379 @ target-host ] kill -15 $PROCESS_PID
bash: kill: (318504) - No such process
19:38:42,185 [ test-runner:run-tests-983 @ target-host ] kill -15 $PID
19:38:42,185 [ :monitor-process-2388 @ target-host ] kill -15 $PROCESS_PID
19:38:44,596 [ test-runner:run-tests-983 @ target-host ] sleep 2
19:38:44,596 [ test-runner:run-tests-983 @ target-host ] script-cmd: stop-test-services
19:38:44,596 [ test-runner:run-tests-983 @ target-host ] stop-test-services
19:38:45,248 [ test-runner:run-tests-983 @ target-host ] /home/zakkak/spring-quarkus-perf-comparison/spring-quarkus-perf-comparison/scripts/infra.sh -d
Using podman to stop containers
-----------------------------------------
[03/11/2026 19:38:44]: Stopping services
-----------------------------------------
Stopping PostgreSQL database 'fruits_db'
fruits_db
19:38:45,301 [ test-runner:run-tests-983 @ target-host ] for-each: ITERATION = 6
19:38:45,301 [ test-runner:run-tests-983 @ target-host ] set-state: LOG_FILE /home/zakkak/spring-quarkus-perf-comparison/logs/load-test-quarkus3-native-6.log
19:38:45,713 [ test-runner:run-tests-983 @ target-host ] touch /home/zakkak/spring-quarkus-perf-comparison/logs/load-test-quarkus3-native-6.log
19:38:45,713 [ test-runner:run-tests-983 @ target-host ] queue-download: ${{REPO_DIR}}/logs/wrk-warmup-${{RUNTIME.name}}-${{ITERATION}}.log=/home/zakkak/spring-quarkus-perf-comparison/logs/wrk-warmup-quarkus3-native-6.log ../../20260311/run-time-initialize-security-providers/target-host/
19:38:45,713 [ test-runner:run-tests-983 @ target-host ] queue-download: ${{LOG_FILE}}=/home/zakkak/spring-quarkus-perf-comparison/logs/load-test-quarkus3-native-6.log ../../20260311/run-time-initialize-security-providers/target-host/
19:38:45,713 [ test-runner:run-tests-983 @ target-host ] queue-download: ${{REPO_DIR}}/logs/wrk-${{RUNTIME.name}}-${{ITERATION}}.log=/home/zakkak/spring-quarkus-perf-comparison/logs/wrk-quarkus3-native-6.log ../../20260311/run-time-initialize-security-providers/target-host/
19:38:45,713 [ test-runner:run-tests-983 @ target-host ] script-cmd: start-test-services
19:38:45,713 [ test-runner:run-tests-983 @ target-host ] start-test-services
19:38:56,800 [ test-runner:run-tests-983 @ target-host ] /home/zakkak/spring-quarkus-perf-comparison/spring-quarkus-perf-comparison/scripts/infra.sh -c 3 -p '4-6' -s
Using podman to start containers
-----------------------------------------
[03/11/2026 19:38:45]: Starting services
-----------------------------------------
Starting PostgreSQL database 'fruits_db'
PostgreSQL DB process: ecc9372ff298ef8ed1a04fc3def5f2f5bc370153e4e6224c1dba89c33f61b492
Waiting for PostgreSQL to be ready...
localhost:5432 - no response
localhost:5432 - no response
localhost:5432 - accepting connections
19:38:56,800 [ test-runner:run-tests-983 @ target-host ] script-cmd: sync-drop-fs-cache
19:38:56,800 [ test-runner:run-tests-983 @ target-host ] sync-drop-fs-cache
19:38:56,801 [ test-runner:run-tests-983 @ target-host ] read-state: true
19:38:56,801 [ test-runner:run-tests-983 @ target-host ] regex: true
19:38:57,281 [ test-runner:run-tests-983 @ target-host ] sync
19:38:57,281 [ test-runner:run-tests-983 @ target-host ] script-cmd: sync-drop-fs-cache-${{os}}
19:38:57,281 [ test-runner:run-tests-983 @ target-host ] sync-drop-fs-cache-linux
19:38:57,281 [ test-runner:run-tests-983 @ target-host ] script-cmd: sudo
19:38:57,282 [ test-runner:run-tests-983 @ target-host ] sudo
19:38:57,282 [ test-runner:run-tests-983 @ target-host ] script-cmd: sudo-${{os}}
19:38:57,282 [ test-runner:run-tests-983 @ target-host ] sudo-linux
19:38:58,089 [ test-runner:run-tests-983 @ target-host ] sudo sh -c "echo 3 > /proc/sys/vm/drop_caches"
]3008;start=3f5388915b78462889b08ed77a6706df;user=zakkak;hostname=blanc;machineid=f469a615e9ef4e81b7d5be080a5de373;bootid=0e917e08584a49cb891ef04366e00ace;pid=320415;pidfdid=320416;comm=sudo;targetuser=root;sessionid=c292;type=session\]3008;end=3f5388915b78462889b08ed77a6706df\
19:38:58,098 [ test-runner:run-tests-983 @ target-host ] set-signal: LOAD_STEADY_STATE_START 1
19:38:58,098 [ test-runner:run-tests-983 @ target-host ] set-signal: LOG_REGEX_REACHED 1
19:38:58,500 [ test-runner:run-tests-983 @ target-host ] taskset --cpu-list 0-3 /home/zakkak/spring-quarkus-perf-comparison/spring-quarkus-perf-comparison/quarkus3/target/quarkus3-runner  &>/home/zakkak/spring-quarkus-perf-comparison/logs/load-test-quarkus3-native-6.log &
[1] 320446
19:38:58,902 [ test-runner:run-tests-983 @ target-host ] PID=$!
19:38:59,303 [ test-runner:run-tests-983 @ target-host ] echo $PID
320446
19:38:59,313 [ test-runner:run-tests-983 @ target-host ] set-state: JVM_PID 320446
19:38:59,313 [ test-runner:run-tests-983 @ target-host ] script-cmd: monitor-processes
19:38:59,313 [ test-runner:run-tests-983 @ target-host ] monitor-processes
19:38:59,313 [ test-runner:run-tests-983 @ target-host ] set-signal: LOAD_TEST_COMPLETE 1
19:38:59,761 [ test-runner:run-tests-983 @ target-host ] script-cmd: monitor-process
19:38:59,761 [ :monitor-process-2464 @ target-host ] monitor-process
19:38:59,770 [ :monitor-process-2464 @ target-host ] queue-download: ${{log_file}}=/home/zakkak/spring-quarkus-perf-comparison/logs/pidstat-quarkus3-native-6.log ../../20260311/run-time-initialize-security-providers/target-host/
19:39:00,136 [ test-runner:run-tests-983 @ target-host ] script-cmd: monitor-process
19:39:00,136 [ :monitor-process-2472 @ target-host ] monitor-process
19:39:00,136 [ :monitor-process-2472 @ target-host ] queue-download: ${{log_file}}=/home/zakkak/spring-quarkus-perf-comparison/logs/mpstat-quarkus3-native-6.log ../../20260311/run-time-initialize-security-providers/target-host/
19:39:00,272 [ :monitor-process-2464 @ target-host ] taskset --cpu-list 11 pidstat -u -p 320446 1 &>/home/zakkak/spring-quarkus-perf-comparison/logs/pidstat-quarkus3-native-6.log &
[1] 320573
19:39:00,511 [ test-runner:run-tests-983 @ target-host ] script-cmd: monitor-process
19:39:00,511 [ test-runner:run-tests-983 @ target-host ] script-cmd: monitor-postgres
19:39:00,511 [ test-runner:run-tests-983 @ target-host ] monitor-postgres
19:39:00,511 [ :monitor-process-2481 @ target-host ] monitor-process
19:39:00,511 [ :monitor-process-2481 @ target-host ] queue-download: ${{log_file}}=/home/zakkak/spring-quarkus-perf-comparison/logs/vmstat-quarkus3-native-6.log ../../20260311/run-time-initialize-security-providers/target-host/
19:39:00,639 [ :monitor-process-2472 @ target-host ] taskset --cpu-list 11 mpstat -P ALL 1 &>/home/zakkak/spring-quarkus-perf-comparison/logs/mpstat-quarkus3-native-6.log &
[1] 320650
19:39:00,674 [ :monitor-process-2464 @ target-host ] PROCESS_PID=$!
19:39:00,913 [ :monitor-process-2481 @ target-host ] taskset --cpu-list 11 vmstat 1 &>/home/zakkak/spring-quarkus-perf-comparison/logs/vmstat-quarkus3-native-6.log &
[1] 320733
19:39:00,952 [ test-runner:run-tests-983 @ target-host ] POSTGRES_PID=$(/home/zakkak/spring-quarkus-perf-comparison/spring-quarkus-perf-comparison/scripts/infra.sh -r)
19:39:01,040 [ :monitor-process-2472 @ target-host ] PROCESS_PID=$!
19:39:01,075 [ :monitor-process-2464 @ target-host ] echo $PROCESS_PID
320573
19:39:01,075 [ :monitor-process-2464 @ target-host ] set-state: PROCESS_PID 320573
19:39:01,315 [ :monitor-process-2481 @ target-host ] PROCESS_PID=$!
19:39:01,353 [ test-runner:run-tests-983 @ target-host ] echo $POSTGRES_PID
320129
19:39:01,353 [ test-runner:run-tests-983 @ target-host ] set-state: POSTGRES_PID 320129
19:39:01,442 [ :monitor-process-2472 @ target-host ] echo $PROCESS_PID
320650
19:39:01,442 [ :monitor-process-2472 @ target-host ] set-state: PROCESS_PID 320650
19:39:01,716 [ :monitor-process-2481 @ target-host ] echo $PROCESS_PID
320733
19:39:01,716 [ :monitor-process-2481 @ target-host ] set-state: PROCESS_PID 320733
19:39:01,728 [ test-runner:run-tests-983 @ target-host ] script-cmd: monitor-process
19:39:01,728 [ test-runner:run-tests-983 @ target-host ] JVM_PID = 320446
19:39:01,728 [ :monitor-process-2497 @ target-host ] monitor-process
19:39:01,729 [ :monitor-process-2497 @ target-host ] queue-download: ${{log_file}}=/home/zakkak/spring-quarkus-perf-comparison/logs/postgres-pidstat-quarkus3-native-6.log ../../20260311/run-time-initialize-security-providers/target-host/
19:39:01,729 [ test-runner:run-tests-983 @ target-host ] read-state: none
19:39:02,101 [ test-runner:run-tests-983 @ target-host ] script-cmd: watch-log
19:39:02,101 [ :watch-log-2506 @ target-host ] watch-log
19:39:02,103 [ :watch-log-2506 @ target-host ] regex: ${{log_regex}}
19:39:02,103 [ :watch-log-2506 @ target-host ] ctrlC
19:39:02,103 [ :watch-log-2506 @ target-host ] reached LOG_REGEX_REACHED
19:39:02,103 [ test-runner:run-tests-983 @ target-host ] wait-for: LOG_REGEX_REACHED
19:39:02,103 [ :watch-log-2506 @ target-host ] signal: LOG_REGEX_REACHED
19:39:02,231 [ :monitor-process-2497 @ target-host ] taskset --cpu-list 11 pidstat -u -p $(pgrep -d , -P 320129) 1 &>/home/zakkak/spring-quarkus-perf-comparison/logs/postgres-pidstat-quarkus3-native-6.log &
[1] 320851
19:39:02,504 [ :watch-log-2506 @ target-host ] tail -f /home/zakkak/spring-quarkus-perf-comparison/logs/load-test-quarkus3-native-6.log
__  ____  __  _____   ___  __ ____  ______ 
 --/ __ \/ / / / _ | / _ \/ //_/ / / / __/ 
 -/ /_/ / /_/ / __ |/ , _/ ,< / /_/ /\ \   
--\___\_\____/_/ |_/_/|_/_/|_|\____/___/   
2026-03-11 19:38:58,243 INFO  [io.quarkus] (main) quarkus3 1.0 native (powered by Quarkus 999-SNAPSHOT) started in 0.079s. Listening on: http://0.0.0.0:8080
2026-03-11 19:38:58,243 INFO  [io.quarkus] (main) Profile prod activated. 
2026-03-11 19:38:58,243 INFO  [io.quarkus] (main) Installed features: [agroal, cdi, config-yaml, hibernate-orm, hibernate-orm-panache, hibernate-validator, jdbc-postgresql, narayana-jta, rest, rest-jackson, smallrye-context-propagation, smallrye-health, vertx]
19:39:02,633 [ :monitor-process-2497 @ target-host ] PROCESS_PID=$!
19:39:03,035 [ :monitor-process-2497 @ target-host ] echo $PROCESS_PID
320851
19:39:03,035 [ :monitor-process-2497 @ target-host ] set-state: PROCESS_PID 320851
19:41:12,021 [ test-runner:run-tests-983 @ target-host ] taskset --cpu-list 7-9 jbang -R -XX:+UseNUMA wrk@hyperfoil -t 2 -c 100 -d 2m --timeout 2m http://localhost:8080/fruits 2>&1 >/home/zakkak/spring-quarkus-perf-comparison/logs/wrk-warmup-quarkus3-native-6.log
19:41:42,022 [ test-runner:run-tests-983 @ target-host ] sleep: 30s
19:41:42,022 [ :monitor-process-2472 @ target-host ] reached LOAD_STEADY_STATE_START
19:41:42,022 [ test-runner:run-tests-983 @ target-host ] signal: LOAD_STEADY_STATE_START
19:42:21,692 [ test-runner:run-tests-983 @ target-host ] taskset --cpu-list 7-9 jbang -R -XX:+UseNUMA wrk@hyperfoil -t 2 -c 100 -d 30s --timeout 30s http://localhost:8080/fruits 2>&1 >/home/zakkak/spring-quarkus-perf-comparison/logs/wrk-quarkus3-native-6.log
19:42:22,105 [ test-runner:run-tests-983 @ target-host ] cat /home/zakkak/spring-quarkus-perf-comparison/logs/wrk-quarkus3-native-6.log | grep "Requests/sec" | awk '{print $2}'
16379.17
19:42:22,105 [ test-runner:run-tests-983 @ target-host ] set-state: THROUGHPUT 16379.17
19:42:22,105 [ test-runner:run-tests-983 @ target-host ] script-cmd: state-array-push
19:42:22,105 [ test-runner:run-tests-983 @ target-host ] state-array-push
19:42:22,140 [ test-runner:run-tests-983 @ target-host ] set-state: RUN.output.results.quarkus3-native.load.throughput [16009.06,16064.36,15953.08,16186.24,16269.77,16292.49,16379.17]
19:42:22,544 [ test-runner:run-tests-983 @ target-host ] cat /home/zakkak/spring-quarkus-perf-comparison/logs/wrk-quarkus3-native-6.log | grep "Socket errors:" | sed -E 's/.*connectionErrors ([0-9]+).*/\1/'
19:42:22,544 [ test-runner:run-tests-983 @ target-host ] regex: ^$
19:42:22,544 [ test-runner:run-tests-983 @ target-host ] set-state: CONNECTION_ERRORS 0
19:42:22,544 [ test-runner:run-tests-983 @ target-host ] script-cmd: state-array-push
19:42:22,544 [ test-runner:run-tests-983 @ target-host ] state-array-push
19:42:22,580 [ test-runner:run-tests-983 @ target-host ] set-state: RUN.output.results.quarkus3-native.load.connectionErrors [0,0,0,0,0,0,0]
19:42:22,984 [ test-runner:run-tests-983 @ target-host ] cat /home/zakkak/spring-quarkus-perf-comparison/logs/wrk-quarkus3-native-6.log | grep "Socket errors:" | sed -E 's/.*requestTimeouts ([0-9]+)/\1/'
19:42:22,984 [ test-runner:run-tests-983 @ target-host ] regex: ^$
19:42:22,984 [ test-runner:run-tests-983 @ target-host ] set-state: REQUEST_TIMEOUTS 0
19:42:22,984 [ test-runner:run-tests-983 @ target-host ] script-cmd: state-array-push
19:42:22,984 [ test-runner:run-tests-983 @ target-host ] state-array-push
19:42:23,019 [ test-runner:run-tests-983 @ target-host ] set-state: RUN.output.results.quarkus3-native.load.requestTimeouts [0,0,0,0,0,0,0]
19:42:23,436 [ test-runner:run-tests-983 @ target-host ] pmap -x $PID | grep total | awk '{print $4}'
162048
19:42:23,436 [ test-runner:run-tests-983 @ target-host ] set-state: RSS 162048
19:42:23,453 [ test-runner:run-tests-983 @ target-host ] script-cmd: state-array-push
19:42:23,453 [ test-runner:run-tests-983 @ target-host ] state-array-push
19:42:23,488 [ test-runner:run-tests-983 @ target-host ] set-state: RUN.output.results.quarkus3-native.load.rss [155.125,154.72265625,158.81640625,155.5390625,156.140625,155.3125,158.25]
19:42:23,504 [ test-runner:run-tests-983 @ target-host ] script-cmd: state-array-push
19:42:23,504 [ test-runner:run-tests-983 @ target-host ] state-array-push
19:42:23,539 [ test-runner:run-tests-983 @ target-host ] set-state: RUN.output.results.quarkus3-native.load.throughputDensity [103.20103142626914,103.82681107829029,100.44982364660451,104.06543372344166,104.19946762733915,104.90134406438632,103.50186413902054]
19:42:23,539 [ test-runner:run-tests-983 @ target-host ] reached LOAD_TEST_COMPLETE
19:42:23,539 [ :monitor-process-2464 @ target-host ] wait-for: LOAD_TEST_COMPLETE
19:42:23,539 [ :monitor-process-2472 @ target-host ] wait-for: LOAD_TEST_COMPLETE
19:42:23,539 [ :monitor-process-2481 @ target-host ] wait-for: LOAD_TEST_COMPLETE
19:42:23,539 [ :monitor-process-2497 @ target-host ] wait-for: LOAD_TEST_COMPLETE
19:42:23,539 [ test-runner:run-tests-983 @ target-host ] signal: LOAD_TEST_COMPLETE
19:42:23,941 [ :monitor-process-2464 @ target-host ] kill -15 $PROCESS_PID
bash: kill: (320573) - No such process
19:42:23,941 [ :monitor-process-2497 @ target-host ] kill -15 $PROCESS_PID
bash: kill: (320851) - No such process
19:42:23,941 [ :monitor-process-2472 @ target-host ] kill -15 $PROCESS_PID
bash: kill: (320650) - No such process
19:42:24,041 [ test-runner:run-tests-983 @ target-host ] kill -15 $PID
19:42:24,041 [ :monitor-process-2481 @ target-host ] kill -15 $PROCESS_PID
19:42:26,452 [ test-runner:run-tests-983 @ target-host ] sleep 2
19:42:26,452 [ test-runner:run-tests-983 @ target-host ] script-cmd: stop-test-services
19:42:26,452 [ test-runner:run-tests-983 @ target-host ] stop-test-services
19:42:27,106 [ test-runner:run-tests-983 @ target-host ] /home/zakkak/spring-quarkus-perf-comparison/spring-quarkus-perf-comparison/scripts/infra.sh -d
Using podman to stop containers
-----------------------------------------
[03/11/2026 19:42:26]: Stopping services
-----------------------------------------
Stopping PostgreSQL database 'fruits_db'
fruits_db
19:42:27,161 [ test-runner:run-tests-983 @ target-host ] for-each: ITERATION = 7
19:42:27,161 [ test-runner:run-tests-983 @ target-host ] set-state: LOG_FILE /home/zakkak/spring-quarkus-perf-comparison/logs/load-test-quarkus3-native-7.log
19:42:27,565 [ test-runner:run-tests-983 @ target-host ] touch /home/zakkak/spring-quarkus-perf-comparison/logs/load-test-quarkus3-native-7.log
19:42:27,566 [ test-runner:run-tests-983 @ target-host ] queue-download: ${{REPO_DIR}}/logs/wrk-warmup-${{RUNTIME.name}}-${{ITERATION}}.log=/home/zakkak/spring-quarkus-perf-comparison/logs/wrk-warmup-quarkus3-native-7.log ../../20260311/run-time-initialize-security-providers/target-host/
19:42:27,566 [ test-runner:run-tests-983 @ target-host ] queue-download: ${{LOG_FILE}}=/home/zakkak/spring-quarkus-perf-comparison/logs/load-test-quarkus3-native-7.log ../../20260311/run-time-initialize-security-providers/target-host/
19:42:27,566 [ test-runner:run-tests-983 @ target-host ] queue-download: ${{REPO_DIR}}/logs/wrk-${{RUNTIME.name}}-${{ITERATION}}.log=/home/zakkak/spring-quarkus-perf-comparison/logs/wrk-quarkus3-native-7.log ../../20260311/run-time-initialize-security-providers/target-host/
19:42:27,566 [ test-runner:run-tests-983 @ target-host ] script-cmd: start-test-services
19:42:27,566 [ test-runner:run-tests-983 @ target-host ] start-test-services
19:42:38,647 [ test-runner:run-tests-983 @ target-host ] /home/zakkak/spring-quarkus-perf-comparison/spring-quarkus-perf-comparison/scripts/infra.sh -c 3 -p '4-6' -s
Using podman to start containers
-----------------------------------------
[03/11/2026 19:42:27]: Starting services
-----------------------------------------
Starting PostgreSQL database 'fruits_db'
PostgreSQL DB process: 1c2619d958ffbecdbf012ea6e82b1124cdafec543c27a7de1df15f8bd0236dc7
Waiting for PostgreSQL to be ready...
localhost:5432 - no response
localhost:5432 - no response
localhost:5432 - accepting connections
19:42:38,647 [ test-runner:run-tests-983 @ target-host ] script-cmd: sync-drop-fs-cache
19:42:38,647 [ test-runner:run-tests-983 @ target-host ] sync-drop-fs-cache
19:42:38,648 [ test-runner:run-tests-983 @ target-host ] read-state: true
19:42:38,648 [ test-runner:run-tests-983 @ target-host ] regex: true
19:42:39,202 [ test-runner:run-tests-983 @ target-host ] sync
19:42:39,202 [ test-runner:run-tests-983 @ target-host ] script-cmd: sync-drop-fs-cache-${{os}}
19:42:39,202 [ test-runner:run-tests-983 @ target-host ] sync-drop-fs-cache-linux
19:42:39,202 [ test-runner:run-tests-983 @ target-host ] script-cmd: sudo
19:42:39,202 [ test-runner:run-tests-983 @ target-host ] sudo
19:42:39,202 [ test-runner:run-tests-983 @ target-host ] script-cmd: sudo-${{os}}
19:42:39,202 [ test-runner:run-tests-983 @ target-host ] sudo-linux
19:42:40,154 [ test-runner:run-tests-983 @ target-host ] sudo sh -c "echo 3 > /proc/sys/vm/drop_caches"
]3008;start=6ca50d116d6047ed8ace5b78c549aaf0;user=zakkak;hostname=blanc;machineid=f469a615e9ef4e81b7d5be080a5de373;bootid=0e917e08584a49cb891ef04366e00ace;pid=323424;pidfdid=323425;comm=sudo;targetuser=root;sessionid=c293;type=session\]3008;end=6ca50d116d6047ed8ace5b78c549aaf0\
19:42:40,154 [ test-runner:run-tests-983 @ target-host ] set-signal: LOAD_STEADY_STATE_START 1
19:42:40,154 [ test-runner:run-tests-983 @ target-host ] set-signal: LOG_REGEX_REACHED 1
19:42:40,557 [ test-runner:run-tests-983 @ target-host ] taskset --cpu-list 0-3 /home/zakkak/spring-quarkus-perf-comparison/spring-quarkus-perf-comparison/quarkus3/target/quarkus3-runner  &>/home/zakkak/spring-quarkus-perf-comparison/logs/load-test-quarkus3-native-7.log &
[1] 323453
19:42:40,958 [ test-runner:run-tests-983 @ target-host ] PID=$!
19:42:41,359 [ test-runner:run-tests-983 @ target-host ] echo $PID
323453
19:42:41,359 [ test-runner:run-tests-983 @ target-host ] set-state: JVM_PID 323453
19:42:41,360 [ test-runner:run-tests-983 @ target-host ] script-cmd: monitor-processes
19:42:41,360 [ test-runner:run-tests-983 @ target-host ] monitor-processes
19:42:41,360 [ test-runner:run-tests-983 @ target-host ] set-signal: LOAD_TEST_COMPLETE 1
19:42:41,814 [ test-runner:run-tests-983 @ target-host ] script-cmd: monitor-process
19:42:41,814 [ :monitor-process-2557 @ target-host ] monitor-process
19:42:41,823 [ :monitor-process-2557 @ target-host ] queue-download: ${{log_file}}=/home/zakkak/spring-quarkus-perf-comparison/logs/pidstat-quarkus3-native-7.log ../../20260311/run-time-initialize-security-providers/target-host/
19:42:42,189 [ test-runner:run-tests-983 @ target-host ] script-cmd: monitor-process
19:42:42,189 [ :monitor-process-2565 @ target-host ] monitor-process
19:42:42,189 [ :monitor-process-2565 @ target-host ] queue-download: ${{log_file}}=/home/zakkak/spring-quarkus-perf-comparison/logs/mpstat-quarkus3-native-7.log ../../20260311/run-time-initialize-security-providers/target-host/
19:42:42,325 [ :monitor-process-2557 @ target-host ] taskset --cpu-list 11 pidstat -u -p 323453 1 &>/home/zakkak/spring-quarkus-perf-comparison/logs/pidstat-quarkus3-native-7.log &
[1] 323578
19:42:42,563 [ test-runner:run-tests-983 @ target-host ] script-cmd: monitor-process
19:42:42,563 [ test-runner:run-tests-983 @ target-host ] script-cmd: monitor-postgres
19:42:42,563 [ test-runner:run-tests-983 @ target-host ] monitor-postgres
19:42:42,563 [ :monitor-process-2574 @ target-host ] monitor-process
19:42:42,563 [ :monitor-process-2574 @ target-host ] queue-download: ${{log_file}}=/home/zakkak/spring-quarkus-perf-comparison/logs/vmstat-quarkus3-native-7.log ../../20260311/run-time-initialize-security-providers/target-host/
19:42:42,692 [ :monitor-process-2565 @ target-host ] taskset --cpu-list 11 mpstat -P ALL 1 &>/home/zakkak/spring-quarkus-perf-comparison/logs/mpstat-quarkus3-native-7.log &
[1] 323655
19:42:42,727 [ :monitor-process-2557 @ target-host ] PROCESS_PID=$!
19:42:42,965 [ :monitor-process-2574 @ target-host ] taskset --cpu-list 11 vmstat 1 &>/home/zakkak/spring-quarkus-perf-comparison/logs/vmstat-quarkus3-native-7.log &
[1] 323738
19:42:43,004 [ test-runner:run-tests-983 @ target-host ] POSTGRES_PID=$(/home/zakkak/spring-quarkus-perf-comparison/spring-quarkus-perf-comparison/scripts/infra.sh -r)
19:42:43,093 [ :monitor-process-2565 @ target-host ] PROCESS_PID=$!
19:42:43,128 [ :monitor-process-2557 @ target-host ] echo $PROCESS_PID
323578
19:42:43,128 [ :monitor-process-2557 @ target-host ] set-state: PROCESS_PID 323578
19:42:43,367 [ :monitor-process-2574 @ target-host ] PROCESS_PID=$!
19:42:43,406 [ test-runner:run-tests-983 @ target-host ] echo $POSTGRES_PID
323153
19:42:43,406 [ test-runner:run-tests-983 @ target-host ] set-state: POSTGRES_PID 323153
19:42:43,494 [ :monitor-process-2565 @ target-host ] echo $PROCESS_PID
323655
19:42:43,494 [ :monitor-process-2565 @ target-host ] set-state: PROCESS_PID 323655
19:42:43,768 [ :monitor-process-2574 @ target-host ] echo $PROCESS_PID
323738
19:42:43,768 [ :monitor-process-2574 @ target-host ] set-state: PROCESS_PID 323738
19:42:43,780 [ test-runner:run-tests-983 @ target-host ] script-cmd: monitor-process
19:42:43,780 [ test-runner:run-tests-983 @ target-host ] JVM_PID = 323453
19:42:43,780 [ :monitor-process-2590 @ target-host ] monitor-process
19:42:43,780 [ :monitor-process-2590 @ target-host ] queue-download: ${{log_file}}=/home/zakkak/spring-quarkus-perf-comparison/logs/postgres-pidstat-quarkus3-native-7.log ../../20260311/run-time-initialize-security-providers/target-host/
19:42:43,781 [ test-runner:run-tests-983 @ target-host ] read-state: none
19:42:44,152 [ test-runner:run-tests-983 @ target-host ] script-cmd: watch-log
19:42:44,152 [ :watch-log-2599 @ target-host ] watch-log
19:42:44,162 [ :watch-log-2599 @ target-host ] regex: ${{log_regex}}
19:42:44,162 [ :watch-log-2599 @ target-host ] ctrlC
19:42:44,162 [ :watch-log-2599 @ target-host ] reached LOG_REGEX_REACHED
19:42:44,162 [ test-runner:run-tests-983 @ target-host ] wait-for: LOG_REGEX_REACHED
19:42:44,162 [ :watch-log-2599 @ target-host ] signal: LOG_REGEX_REACHED
19:42:44,283 [ :monitor-process-2590 @ target-host ] taskset --cpu-list 11 pidstat -u -p $(pgrep -d , -P 323153) 1 &>/home/zakkak/spring-quarkus-perf-comparison/logs/postgres-pidstat-quarkus3-native-7.log &
[1] 323854
19:42:44,564 [ :watch-log-2599 @ target-host ] tail -f /home/zakkak/spring-quarkus-perf-comparison/logs/load-test-quarkus3-native-7.log
__  ____  __  _____   ___  __ ____  ______ 
 --/ __ \/ / / / _ | / _ \/ //_/ / / / __/ 
 -/ /_/ / /_/ / __ |/ , _/ ,< / /_/ /\ \   
--\___\_\____/_/ |_/_/|_/_/|_|\____/___/   
2026-03-11 19:42:40,299 INFO  [io.quarkus] (main) quarkus3 1.0 native (powered by Quarkus 999-SNAPSHOT) started in 0.078s. Listening on: http://0.0.0.0:8080
2026-03-11 19:42:40,299 INFO  [io.quarkus] (main) Profile prod activated. 
2026-03-11 19:42:40,299 INFO  [io.quarkus] (main) Installed features: [agroal, cdi, config-yaml, hibernate-orm, hibernate-orm-panache, hibernate-validator, jdbc-postgresql, narayana-jta, rest, rest-jackson, smallrye-context-propagation, smallrye-health, vertx]
19:42:44,685 [ :monitor-process-2590 @ target-host ] PROCESS_PID=$!
19:42:45,086 [ :monitor-process-2590 @ target-host ] echo $PROCESS_PID
323854
19:42:45,086 [ :monitor-process-2590 @ target-host ] set-state: PROCESS_PID 323854
19:44:54,107 [ test-runner:run-tests-983 @ target-host ] taskset --cpu-list 7-9 jbang -R -XX:+UseNUMA wrk@hyperfoil -t 2 -c 100 -d 2m --timeout 2m http://localhost:8080/fruits 2>&1 >/home/zakkak/spring-quarkus-perf-comparison/logs/wrk-warmup-quarkus3-native-7.log
19:45:24,107 [ test-runner:run-tests-983 @ target-host ] sleep: 30s
19:45:24,107 [ :monitor-process-2565 @ target-host ] reached LOAD_STEADY_STATE_START
19:45:24,107 [ test-runner:run-tests-983 @ target-host ] signal: LOAD_STEADY_STATE_START
19:46:04,069 [ test-runner:run-tests-983 @ target-host ] taskset --cpu-list 7-9 jbang -R -XX:+UseNUMA wrk@hyperfoil -t 2 -c 100 -d 30s --timeout 30s http://localhost:8080/fruits 2>&1 >/home/zakkak/spring-quarkus-perf-comparison/logs/wrk-quarkus3-native-7.log
19:46:04,485 [ test-runner:run-tests-983 @ target-host ] cat /home/zakkak/spring-quarkus-perf-comparison/logs/wrk-quarkus3-native-7.log | grep "Requests/sec" | awk '{print $2}'
16211.61
19:46:04,485 [ test-runner:run-tests-983 @ target-host ] set-state: THROUGHPUT 16211.61
19:46:04,485 [ test-runner:run-tests-983 @ target-host ] script-cmd: state-array-push
19:46:04,485 [ test-runner:run-tests-983 @ target-host ] state-array-push
19:46:04,528 [ test-runner:run-tests-983 @ target-host ] set-state: RUN.output.results.quarkus3-native.load.throughput [16009.06,16064.36,15953.08,16186.24,16269.77,16292.49,16379.17,16211.61]
19:46:04,932 [ test-runner:run-tests-983 @ target-host ] cat /home/zakkak/spring-quarkus-perf-comparison/logs/wrk-quarkus3-native-7.log | grep "Socket errors:" | sed -E 's/.*connectionErrors ([0-9]+).*/\1/'
19:46:04,932 [ test-runner:run-tests-983 @ target-host ] regex: ^$
19:46:04,932 [ test-runner:run-tests-983 @ target-host ] set-state: CONNECTION_ERRORS 0
19:46:04,932 [ test-runner:run-tests-983 @ target-host ] script-cmd: state-array-push
19:46:04,932 [ test-runner:run-tests-983 @ target-host ] state-array-push
19:46:04,966 [ test-runner:run-tests-983 @ target-host ] set-state: RUN.output.results.quarkus3-native.load.connectionErrors [0,0,0,0,0,0,0,0]
19:46:05,369 [ test-runner:run-tests-983 @ target-host ] cat /home/zakkak/spring-quarkus-perf-comparison/logs/wrk-quarkus3-native-7.log | grep "Socket errors:" | sed -E 's/.*requestTimeouts ([0-9]+)/\1/'
19:46:05,369 [ test-runner:run-tests-983 @ target-host ] regex: ^$
19:46:05,370 [ test-runner:run-tests-983 @ target-host ] set-state: REQUEST_TIMEOUTS 0
19:46:05,370 [ test-runner:run-tests-983 @ target-host ] script-cmd: state-array-push
19:46:05,370 [ test-runner:run-tests-983 @ target-host ] state-array-push
19:46:05,401 [ test-runner:run-tests-983 @ target-host ] set-state: RUN.output.results.quarkus3-native.load.requestTimeouts [0,0,0,0,0,0,0,0]
19:46:05,819 [ test-runner:run-tests-983 @ target-host ] pmap -x $PID | grep total | awk '{print $4}'
161352
19:46:05,819 [ test-runner:run-tests-983 @ target-host ] set-state: RSS 161352
19:46:05,836 [ test-runner:run-tests-983 @ target-host ] script-cmd: state-array-push
19:46:05,836 [ test-runner:run-tests-983 @ target-host ] state-array-push
19:46:05,870 [ test-runner:run-tests-983 @ target-host ] set-state: RUN.output.results.quarkus3-native.load.rss [155.125,154.72265625,158.81640625,155.5390625,156.140625,155.3125,158.25,157.5703125]
19:46:05,887 [ test-runner:run-tests-983 @ target-host ] script-cmd: state-array-push
19:46:05,887 [ test-runner:run-tests-983 @ target-host ] state-array-push
19:46:05,921 [ test-runner:run-tests-983 @ target-host ] set-state: RUN.output.results.quarkus3-native.load.throughputDensity [103.20103142626914,103.82681107829029,100.44982364660451,104.06543372344166,104.19946762733915,104.90134406438632,103.50186413902054,102.88492637215529]
19:46:05,922 [ test-runner:run-tests-983 @ target-host ] reached LOAD_TEST_COMPLETE
19:46:05,922 [ :monitor-process-2557 @ target-host ] wait-for: LOAD_TEST_COMPLETE
19:46:05,922 [ :monitor-process-2565 @ target-host ] wait-for: LOAD_TEST_COMPLETE
19:46:05,922 [ :monitor-process-2574 @ target-host ] wait-for: LOAD_TEST_COMPLETE
19:46:05,922 [ :monitor-process-2590 @ target-host ] wait-for: LOAD_TEST_COMPLETE
19:46:05,922 [ test-runner:run-tests-983 @ target-host ] signal: LOAD_TEST_COMPLETE
19:46:06,323 [ :monitor-process-2565 @ target-host ] kill -15 $PROCESS_PID
bash: kill: (323655) - No such process
19:46:06,323 [ :monitor-process-2590 @ target-host ] kill -15 $PROCESS_PID
bash: kill: (323854) - No such process
19:46:06,323 [ :monitor-process-2557 @ target-host ] kill -15 $PROCESS_PID
bash: kill: (323578) - No such process
19:46:06,423 [ test-runner:run-tests-983 @ target-host ] kill -15 $PID
19:46:06,424 [ :monitor-process-2574 @ target-host ] kill -15 $PROCESS_PID
19:46:08,834 [ test-runner:run-tests-983 @ target-host ] sleep 2
19:46:08,834 [ test-runner:run-tests-983 @ target-host ] script-cmd: stop-test-services
19:46:08,834 [ test-runner:run-tests-983 @ target-host ] stop-test-services
19:46:09,484 [ test-runner:run-tests-983 @ target-host ] /home/zakkak/spring-quarkus-perf-comparison/spring-quarkus-perf-comparison/scripts/infra.sh -d
Using podman to stop containers
-----------------------------------------
[03/11/2026 19:46:08]: Stopping services
-----------------------------------------
Stopping PostgreSQL database 'fruits_db'
fruits_db
19:46:09,532 [ test-runner:run-tests-983 @ target-host ] for-each: ITERATION = 8
19:46:09,533 [ test-runner:run-tests-983 @ target-host ] set-state: LOG_FILE /home/zakkak/spring-quarkus-perf-comparison/logs/load-test-quarkus3-native-8.log
19:46:09,944 [ test-runner:run-tests-983 @ target-host ] touch /home/zakkak/spring-quarkus-perf-comparison/logs/load-test-quarkus3-native-8.log
19:46:09,944 [ test-runner:run-tests-983 @ target-host ] queue-download: ${{REPO_DIR}}/logs/wrk-warmup-${{RUNTIME.name}}-${{ITERATION}}.log=/home/zakkak/spring-quarkus-perf-comparison/logs/wrk-warmup-quarkus3-native-8.log ../../20260311/run-time-initialize-security-providers/target-host/
19:46:09,944 [ test-runner:run-tests-983 @ target-host ] queue-download: ${{LOG_FILE}}=/home/zakkak/spring-quarkus-perf-comparison/logs/load-test-quarkus3-native-8.log ../../20260311/run-time-initialize-security-providers/target-host/
19:46:09,945 [ test-runner:run-tests-983 @ target-host ] queue-download: ${{REPO_DIR}}/logs/wrk-${{RUNTIME.name}}-${{ITERATION}}.log=/home/zakkak/spring-quarkus-perf-comparison/logs/wrk-quarkus3-native-8.log ../../20260311/run-time-initialize-security-providers/target-host/
19:46:09,945 [ test-runner:run-tests-983 @ target-host ] script-cmd: start-test-services
19:46:09,945 [ test-runner:run-tests-983 @ target-host ] start-test-services
19:46:21,025 [ test-runner:run-tests-983 @ target-host ] /home/zakkak/spring-quarkus-perf-comparison/spring-quarkus-perf-comparison/scripts/infra.sh -c 3 -p '4-6' -s
Using podman to start containers
-----------------------------------------
[03/11/2026 19:46:09]: Starting services
-----------------------------------------
Starting PostgreSQL database 'fruits_db'
PostgreSQL DB process: ab886301c9d2460e9f00740d75815e3e11575c74a479a8f8f1478a74c2b2d00f
Waiting for PostgreSQL to be ready...
localhost:5432 - no response
localhost:5432 - no response
localhost:5432 - accepting connections
19:46:21,025 [ test-runner:run-tests-983 @ target-host ] script-cmd: sync-drop-fs-cache
19:46:21,025 [ test-runner:run-tests-983 @ target-host ] sync-drop-fs-cache
19:46:21,025 [ test-runner:run-tests-983 @ target-host ] read-state: true
19:46:21,025 [ test-runner:run-tests-983 @ target-host ] regex: true
19:46:21,607 [ test-runner:run-tests-983 @ target-host ] sync
19:46:21,607 [ test-runner:run-tests-983 @ target-host ] script-cmd: sync-drop-fs-cache-${{os}}
19:46:21,607 [ test-runner:run-tests-983 @ target-host ] sync-drop-fs-cache-linux
19:46:21,607 [ test-runner:run-tests-983 @ target-host ] script-cmd: sudo
19:46:21,607 [ test-runner:run-tests-983 @ target-host ] sudo
19:46:21,607 [ test-runner:run-tests-983 @ target-host ] script-cmd: sudo-${{os}}
19:46:21,607 [ test-runner:run-tests-983 @ target-host ] sudo-linux
19:46:22,402 [ test-runner:run-tests-983 @ target-host ] sudo sh -c "echo 3 > /proc/sys/vm/drop_caches"
]3008;start=b0ffbe14bee04bfd88c215bc4be87b40;user=zakkak;hostname=blanc;machineid=f469a615e9ef4e81b7d5be080a5de373;bootid=0e917e08584a49cb891ef04366e00ace;pid=325249;pidfdid=325250;comm=sudo;targetuser=root;sessionid=c294;type=session\]3008;end=b0ffbe14bee04bfd88c215bc4be87b40\
19:46:22,411 [ test-runner:run-tests-983 @ target-host ] set-signal: LOAD_STEADY_STATE_START 1
19:46:22,411 [ test-runner:run-tests-983 @ target-host ] set-signal: LOG_REGEX_REACHED 1
19:46:22,814 [ test-runner:run-tests-983 @ target-host ] taskset --cpu-list 0-3 /home/zakkak/spring-quarkus-perf-comparison/spring-quarkus-perf-comparison/quarkus3/target/quarkus3-runner  &>/home/zakkak/spring-quarkus-perf-comparison/logs/load-test-quarkus3-native-8.log &
[1] 325277
19:46:23,215 [ test-runner:run-tests-983 @ target-host ] PID=$!
19:46:23,617 [ test-runner:run-tests-983 @ target-host ] echo $PID
325277
19:46:23,617 [ test-runner:run-tests-983 @ target-host ] set-state: JVM_PID 325277
19:46:23,617 [ test-runner:run-tests-983 @ target-host ] script-cmd: monitor-processes
19:46:23,617 [ test-runner:run-tests-983 @ target-host ] monitor-processes
19:46:23,617 [ test-runner:run-tests-983 @ target-host ] set-signal: LOAD_TEST_COMPLETE 1
19:46:24,052 [ test-runner:run-tests-983 @ target-host ] script-cmd: monitor-process
19:46:24,052 [ :monitor-process-2650 @ target-host ] monitor-process
19:46:24,052 [ :monitor-process-2650 @ target-host ] queue-download: ${{log_file}}=/home/zakkak/spring-quarkus-perf-comparison/logs/pidstat-quarkus3-native-8.log ../../20260311/run-time-initialize-security-providers/target-host/
19:46:24,426 [ test-runner:run-tests-983 @ target-host ] script-cmd: monitor-process
19:46:24,426 [ :monitor-process-2658 @ target-host ] monitor-process
19:46:24,426 [ :monitor-process-2658 @ target-host ] queue-download: ${{log_file}}=/home/zakkak/spring-quarkus-perf-comparison/logs/mpstat-quarkus3-native-8.log ../../20260311/run-time-initialize-security-providers/target-host/
19:46:24,555 [ :monitor-process-2650 @ target-host ] taskset --cpu-list 11 pidstat -u -p 325277 1 &>/home/zakkak/spring-quarkus-perf-comparison/logs/pidstat-quarkus3-native-8.log &
[1] 325399
19:46:24,800 [ test-runner:run-tests-983 @ target-host ] script-cmd: monitor-process
19:46:24,800 [ test-runner:run-tests-983 @ target-host ] script-cmd: monitor-postgres
19:46:24,800 [ test-runner:run-tests-983 @ target-host ] monitor-postgres
19:46:24,800 [ :monitor-process-2667 @ target-host ] monitor-process
19:46:24,801 [ :monitor-process-2667 @ target-host ] queue-download: ${{log_file}}=/home/zakkak/spring-quarkus-perf-comparison/logs/vmstat-quarkus3-native-8.log ../../20260311/run-time-initialize-security-providers/target-host/
19:46:24,929 [ :monitor-process-2658 @ target-host ] taskset --cpu-list 11 mpstat -P ALL 1 &>/home/zakkak/spring-quarkus-perf-comparison/logs/mpstat-quarkus3-native-8.log &
[1] 325481
19:46:24,956 [ :monitor-process-2650 @ target-host ] PROCESS_PID=$!
19:46:25,203 [ :monitor-process-2667 @ target-host ] taskset --cpu-list 11 vmstat 1 &>/home/zakkak/spring-quarkus-perf-comparison/logs/vmstat-quarkus3-native-8.log &
[1] 325566
19:46:25,241 [ test-runner:run-tests-983 @ target-host ] POSTGRES_PID=$(/home/zakkak/spring-quarkus-perf-comparison/spring-quarkus-perf-comparison/scripts/infra.sh -r)
19:46:25,330 [ :monitor-process-2658 @ target-host ] PROCESS_PID=$!
19:46:25,358 [ :monitor-process-2650 @ target-host ] echo $PROCESS_PID
325399
19:46:25,358 [ :monitor-process-2650 @ target-host ] set-state: PROCESS_PID 325399
19:46:25,604 [ :monitor-process-2667 @ target-host ] PROCESS_PID=$!
19:46:25,642 [ test-runner:run-tests-983 @ target-host ] echo $POSTGRES_PID
324975
19:46:25,643 [ test-runner:run-tests-983 @ target-host ] set-state: POSTGRES_PID 324975
19:46:25,732 [ :monitor-process-2658 @ target-host ] echo $PROCESS_PID
325481
19:46:25,732 [ :monitor-process-2658 @ target-host ] set-state: PROCESS_PID 325481
19:46:26,005 [ :monitor-process-2667 @ target-host ] echo $PROCESS_PID
325566
19:46:26,006 [ :monitor-process-2667 @ target-host ] set-state: PROCESS_PID 325566
19:46:26,018 [ test-runner:run-tests-983 @ target-host ] script-cmd: monitor-process
19:46:26,018 [ :monitor-process-2683 @ target-host ] monitor-process
19:46:26,018 [ test-runner:run-tests-983 @ target-host ] JVM_PID = 325277
19:46:26,018 [ :monitor-process-2683 @ target-host ] queue-download: ${{log_file}}=/home/zakkak/spring-quarkus-perf-comparison/logs/postgres-pidstat-quarkus3-native-8.log ../../20260311/run-time-initialize-security-providers/target-host/
19:46:26,018 [ test-runner:run-tests-983 @ target-host ] read-state: none
19:46:26,389 [ test-runner:run-tests-983 @ target-host ] script-cmd: watch-log
19:46:26,390 [ :watch-log-2692 @ target-host ] watch-log
19:46:26,400 [ :watch-log-2692 @ target-host ] regex: ${{log_regex}}
19:46:26,400 [ :watch-log-2692 @ target-host ] ctrlC
19:46:26,400 [ :watch-log-2692 @ target-host ] reached LOG_REGEX_REACHED
19:46:26,400 [ test-runner:run-tests-983 @ target-host ] wait-for: LOG_REGEX_REACHED
19:46:26,400 [ :watch-log-2692 @ target-host ] signal: LOG_REGEX_REACHED
19:46:26,520 [ :monitor-process-2683 @ target-host ] taskset --cpu-list 11 pidstat -u -p $(pgrep -d , -P 324975) 1 &>/home/zakkak/spring-quarkus-perf-comparison/logs/postgres-pidstat-quarkus3-native-8.log &
[1] 325682
19:46:26,801 [ :watch-log-2692 @ target-host ] tail -f /home/zakkak/spring-quarkus-perf-comparison/logs/load-test-quarkus3-native-8.log
__  ____  __  _____   ___  __ ____  ______ 
 --/ __ \/ / / / _ | / _ \/ //_/ / / / __/ 
 -/ /_/ / /_/ / __ |/ , _/ ,< / /_/ /\ \   
--\___\_\____/_/ |_/_/|_/_/|_|\____/___/   
2026-03-11 19:46:22,554 INFO  [io.quarkus] (main) quarkus3 1.0 native (powered by Quarkus 999-SNAPSHOT) started in 0.077s. Listening on: http://0.0.0.0:8080
2026-03-11 19:46:22,554 INFO  [io.quarkus] (main) Profile prod activated. 
2026-03-11 19:46:22,554 INFO  [io.quarkus] (main) Installed features: [agroal, cdi, config-yaml, hibernate-orm, hibernate-orm-panache, hibernate-validator, jdbc-postgresql, narayana-jta, rest, rest-jackson, smallrye-context-propagation, smallrye-health, vertx]
19:46:26,922 [ :monitor-process-2683 @ target-host ] PROCESS_PID=$!
19:46:27,323 [ :monitor-process-2683 @ target-host ] echo $PROCESS_PID
325682
19:46:27,323 [ :monitor-process-2683 @ target-host ] set-state: PROCESS_PID 325682
19:48:36,675 [ test-runner:run-tests-983 @ target-host ] taskset --cpu-list 7-9 jbang -R -XX:+UseNUMA wrk@hyperfoil -t 2 -c 100 -d 2m --timeout 2m http://localhost:8080/fruits 2>&1 >/home/zakkak/spring-quarkus-perf-comparison/logs/wrk-warmup-quarkus3-native-8.log
19:49:06,676 [ test-runner:run-tests-983 @ target-host ] sleep: 30s
19:49:06,676 [ :monitor-process-2658 @ target-host ] reached LOAD_STEADY_STATE_START
19:49:06,676 [ test-runner:run-tests-983 @ target-host ] signal: LOAD_STEADY_STATE_START
19:49:46,365 [ test-runner:run-tests-983 @ target-host ] taskset --cpu-list 7-9 jbang -R -XX:+UseNUMA wrk@hyperfoil -t 2 -c 100 -d 30s --timeout 30s http://localhost:8080/fruits 2>&1 >/home/zakkak/spring-quarkus-perf-comparison/logs/wrk-quarkus3-native-8.log
19:49:46,780 [ test-runner:run-tests-983 @ target-host ] cat /home/zakkak/spring-quarkus-perf-comparison/logs/wrk-quarkus3-native-8.log | grep "Requests/sec" | awk '{print $2}'
15978.01
19:49:46,780 [ test-runner:run-tests-983 @ target-host ] set-state: THROUGHPUT 15978.01
19:49:46,781 [ test-runner:run-tests-983 @ target-host ] script-cmd: state-array-push
19:49:46,781 [ test-runner:run-tests-983 @ target-host ] state-array-push
19:49:46,825 [ test-runner:run-tests-983 @ target-host ] set-state: RUN.output.results.quarkus3-native.load.throughput [16009.06,16064.36,15953.08,16186.24,16269.77,16292.49,16379.17,16211.61,15978.01]
19:49:47,229 [ test-runner:run-tests-983 @ target-host ] cat /home/zakkak/spring-quarkus-perf-comparison/logs/wrk-quarkus3-native-8.log | grep "Socket errors:" | sed -E 's/.*connectionErrors ([0-9]+).*/\1/'
19:49:47,229 [ test-runner:run-tests-983 @ target-host ] regex: ^$
19:49:47,229 [ test-runner:run-tests-983 @ target-host ] set-state: CONNECTION_ERRORS 0
19:49:47,229 [ test-runner:run-tests-983 @ target-host ] script-cmd: state-array-push
19:49:47,229 [ test-runner:run-tests-983 @ target-host ] state-array-push
19:49:47,263 [ test-runner:run-tests-983 @ target-host ] set-state: RUN.output.results.quarkus3-native.load.connectionErrors [0,0,0,0,0,0,0,0,0]
19:49:47,666 [ test-runner:run-tests-983 @ target-host ] cat /home/zakkak/spring-quarkus-perf-comparison/logs/wrk-quarkus3-native-8.log | grep "Socket errors:" | sed -E 's/.*requestTimeouts ([0-9]+)/\1/'
19:49:47,667 [ test-runner:run-tests-983 @ target-host ] regex: ^$
19:49:47,667 [ test-runner:run-tests-983 @ target-host ] set-state: REQUEST_TIMEOUTS 0
19:49:47,667 [ test-runner:run-tests-983 @ target-host ] script-cmd: state-array-push
19:49:47,667 [ test-runner:run-tests-983 @ target-host ] state-array-push
19:49:47,700 [ test-runner:run-tests-983 @ target-host ] set-state: RUN.output.results.quarkus3-native.load.requestTimeouts [0,0,0,0,0,0,0,0,0]
19:49:48,117 [ test-runner:run-tests-983 @ target-host ] pmap -x $PID | grep total | awk '{print $4}'
157656
19:49:48,117 [ test-runner:run-tests-983 @ target-host ] set-state: RSS 157656
19:49:48,134 [ test-runner:run-tests-983 @ target-host ] script-cmd: state-array-push
19:49:48,134 [ test-runner:run-tests-983 @ target-host ] state-array-push
19:49:48,167 [ test-runner:run-tests-983 @ target-host ] set-state: RUN.output.results.quarkus3-native.load.rss [155.125,154.72265625,158.81640625,155.5390625,156.140625,155.3125,158.25,157.5703125,153.9609375]
19:49:48,184 [ test-runner:run-tests-983 @ target-host ] script-cmd: state-array-push
19:49:48,184 [ test-runner:run-tests-983 @ target-host ] state-array-push
19:49:48,219 [ test-runner:run-tests-983 @ target-host ] set-state: RUN.output.results.quarkus3-native.load.throughputDensity [103.20103142626914,103.82681107829029,100.44982364660451,104.06543372344166,104.19946762733915,104.90134406438632,103.50186413902054,102.88492637215529,103.77963566245496]
19:49:48,219 [ test-runner:run-tests-983 @ target-host ] reached LOAD_TEST_COMPLETE
19:49:48,219 [ :monitor-process-2650 @ target-host ] wait-for: LOAD_TEST_COMPLETE
19:49:48,219 [ :monitor-process-2658 @ target-host ] wait-for: LOAD_TEST_COMPLETE
19:49:48,220 [ :monitor-process-2667 @ target-host ] wait-for: LOAD_TEST_COMPLETE
19:49:48,220 [ :monitor-process-2683 @ target-host ] wait-for: LOAD_TEST_COMPLETE
19:49:48,220 [ test-runner:run-tests-983 @ target-host ] signal: LOAD_TEST_COMPLETE
19:49:48,621 [ :monitor-process-2650 @ target-host ] kill -15 $PROCESS_PID
bash: kill: (325399) - No such process
19:49:48,621 [ :monitor-process-2658 @ target-host ] kill -15 $PROCESS_PID
bash: kill: (325481) - No such process
19:49:48,621 [ :monitor-process-2683 @ target-host ] kill -15 $PROCESS_PID
bash: kill: (325682) - No such process
19:49:48,721 [ test-runner:run-tests-983 @ target-host ] kill -15 $PID
19:49:48,722 [ :monitor-process-2667 @ target-host ] kill -15 $PROCESS_PID
19:49:51,132 [ test-runner:run-tests-983 @ target-host ] sleep 2
19:49:51,132 [ test-runner:run-tests-983 @ target-host ] script-cmd: stop-test-services
19:49:51,132 [ test-runner:run-tests-983 @ target-host ] stop-test-services
19:49:51,779 [ test-runner:run-tests-983 @ target-host ] /home/zakkak/spring-quarkus-perf-comparison/spring-quarkus-perf-comparison/scripts/infra.sh -d
Using podman to stop containers
-----------------------------------------
[03/11/2026 19:49:51]: Stopping services
-----------------------------------------
Stopping PostgreSQL database 'fruits_db'
fruits_db
19:49:51,828 [ test-runner:run-tests-983 @ target-host ] for-each: ITERATION = 9
19:49:51,828 [ test-runner:run-tests-983 @ target-host ] set-state: LOG_FILE /home/zakkak/spring-quarkus-perf-comparison/logs/load-test-quarkus3-native-9.log
19:49:52,239 [ test-runner:run-tests-983 @ target-host ] touch /home/zakkak/spring-quarkus-perf-comparison/logs/load-test-quarkus3-native-9.log
19:49:52,240 [ test-runner:run-tests-983 @ target-host ] queue-download: ${{REPO_DIR}}/logs/wrk-warmup-${{RUNTIME.name}}-${{ITERATION}}.log=/home/zakkak/spring-quarkus-perf-comparison/logs/wrk-warmup-quarkus3-native-9.log ../../20260311/run-time-initialize-security-providers/target-host/
19:49:52,240 [ test-runner:run-tests-983 @ target-host ] queue-download: ${{LOG_FILE}}=/home/zakkak/spring-quarkus-perf-comparison/logs/load-test-quarkus3-native-9.log ../../20260311/run-time-initialize-security-providers/target-host/
19:49:52,240 [ test-runner:run-tests-983 @ target-host ] queue-download: ${{REPO_DIR}}/logs/wrk-${{RUNTIME.name}}-${{ITERATION}}.log=/home/zakkak/spring-quarkus-perf-comparison/logs/wrk-quarkus3-native-9.log ../../20260311/run-time-initialize-security-providers/target-host/
19:49:52,240 [ test-runner:run-tests-983 @ target-host ] script-cmd: start-test-services
19:49:52,240 [ test-runner:run-tests-983 @ target-host ] start-test-services
19:50:03,314 [ test-runner:run-tests-983 @ target-host ] /home/zakkak/spring-quarkus-perf-comparison/spring-quarkus-perf-comparison/scripts/infra.sh -c 3 -p '4-6' -s
Using podman to start containers
-----------------------------------------
[03/11/2026 19:49:52]: Starting services
-----------------------------------------
Starting PostgreSQL database 'fruits_db'
PostgreSQL DB process: 03889d7893880518a993272621504e35993b39bb4ab5ab93f132f0758c341849
Waiting for PostgreSQL to be ready...
localhost:5432 - no response
localhost:5432 - no response
localhost:5432 - accepting connections
19:50:03,314 [ test-runner:run-tests-983 @ target-host ] script-cmd: sync-drop-fs-cache
19:50:03,314 [ test-runner:run-tests-983 @ target-host ] sync-drop-fs-cache
19:50:03,314 [ test-runner:run-tests-983 @ target-host ] read-state: true
19:50:03,314 [ test-runner:run-tests-983 @ target-host ] regex: true
19:50:03,827 [ test-runner:run-tests-983 @ target-host ] sync
19:50:03,827 [ test-runner:run-tests-983 @ target-host ] script-cmd: sync-drop-fs-cache-${{os}}
19:50:03,827 [ test-runner:run-tests-983 @ target-host ] sync-drop-fs-cache-linux
19:50:03,827 [ test-runner:run-tests-983 @ target-host ] script-cmd: sudo
19:50:03,827 [ test-runner:run-tests-983 @ target-host ] sudo
19:50:03,827 [ test-runner:run-tests-983 @ target-host ] script-cmd: sudo-${{os}}
19:50:03,827 [ test-runner:run-tests-983 @ target-host ] sudo-linux
19:50:04,630 [ test-runner:run-tests-983 @ target-host ] sudo sh -c "echo 3 > /proc/sys/vm/drop_caches"
]3008;start=acfdb976a1724b5e96adf145b1a67fba;user=zakkak;hostname=blanc;machineid=f469a615e9ef4e81b7d5be080a5de373;bootid=0e917e08584a49cb891ef04366e00ace;pid=327100;pidfdid=327101;comm=sudo;targetuser=root;sessionid=c295;type=session\]3008;end=acfdb976a1724b5e96adf145b1a67fba\
19:50:04,630 [ test-runner:run-tests-983 @ target-host ] set-signal: LOAD_STEADY_STATE_START 1
19:50:04,630 [ test-runner:run-tests-983 @ target-host ] set-signal: LOG_REGEX_REACHED 1
19:50:05,033 [ test-runner:run-tests-983 @ target-host ] taskset --cpu-list 0-3 /home/zakkak/spring-quarkus-perf-comparison/spring-quarkus-perf-comparison/quarkus3/target/quarkus3-runner  &>/home/zakkak/spring-quarkus-perf-comparison/logs/load-test-quarkus3-native-9.log &
[1] 327127
19:50:05,434 [ test-runner:run-tests-983 @ target-host ] PID=$!
19:50:05,836 [ test-runner:run-tests-983 @ target-host ] echo $PID
327127
19:50:05,836 [ test-runner:run-tests-983 @ target-host ] set-state: JVM_PID 327127
19:50:05,836 [ test-runner:run-tests-983 @ target-host ] script-cmd: monitor-processes
19:50:05,836 [ test-runner:run-tests-983 @ target-host ] monitor-processes
19:50:05,836 [ test-runner:run-tests-983 @ target-host ] set-signal: LOAD_TEST_COMPLETE 1
19:50:06,289 [ test-runner:run-tests-983 @ target-host ] script-cmd: monitor-process
19:50:06,289 [ :monitor-process-2743 @ target-host ] monitor-process
19:50:06,289 [ :monitor-process-2743 @ target-host ] queue-download: ${{log_file}}=/home/zakkak/spring-quarkus-perf-comparison/logs/pidstat-quarkus3-native-9.log ../../20260311/run-time-initialize-security-providers/target-host/
19:50:06,663 [ test-runner:run-tests-983 @ target-host ] script-cmd: monitor-process
19:50:06,663 [ :monitor-process-2751 @ target-host ] monitor-process
19:50:06,664 [ :monitor-process-2751 @ target-host ] queue-download: ${{log_file}}=/home/zakkak/spring-quarkus-perf-comparison/logs/mpstat-quarkus3-native-9.log ../../20260311/run-time-initialize-security-providers/target-host/
19:50:06,792 [ :monitor-process-2743 @ target-host ] taskset --cpu-list 11 pidstat -u -p 327127 1 &>/home/zakkak/spring-quarkus-perf-comparison/logs/pidstat-quarkus3-native-9.log &
[1] 327231
19:50:07,038 [ test-runner:run-tests-983 @ target-host ] script-cmd: monitor-process
19:50:07,038 [ test-runner:run-tests-983 @ target-host ] script-cmd: monitor-postgres
19:50:07,039 [ test-runner:run-tests-983 @ target-host ] monitor-postgres
19:50:07,039 [ :monitor-process-2760 @ target-host ] monitor-process
19:50:07,039 [ :monitor-process-2760 @ target-host ] queue-download: ${{log_file}}=/home/zakkak/spring-quarkus-perf-comparison/logs/vmstat-quarkus3-native-9.log ../../20260311/run-time-initialize-security-providers/target-host/
19:50:07,166 [ :monitor-process-2751 @ target-host ] taskset --cpu-list 11 mpstat -P ALL 1 &>/home/zakkak/spring-quarkus-perf-comparison/logs/mpstat-quarkus3-native-9.log &
[1] 327329
19:50:07,194 [ :monitor-process-2743 @ target-host ] PROCESS_PID=$!
19:50:07,441 [ :monitor-process-2760 @ target-host ] taskset --cpu-list 11 vmstat 1 &>/home/zakkak/spring-quarkus-perf-comparison/logs/vmstat-quarkus3-native-9.log &
[1] 327414
19:50:07,478 [ test-runner:run-tests-983 @ target-host ] POSTGRES_PID=$(/home/zakkak/spring-quarkus-perf-comparison/spring-quarkus-perf-comparison/scripts/infra.sh -r)
19:50:07,568 [ :monitor-process-2751 @ target-host ] PROCESS_PID=$!
19:50:07,595 [ :monitor-process-2743 @ target-host ] echo $PROCESS_PID
327231
19:50:07,595 [ :monitor-process-2743 @ target-host ] set-state: PROCESS_PID 327231
19:50:07,842 [ :monitor-process-2760 @ target-host ] PROCESS_PID=$!
19:50:07,880 [ test-runner:run-tests-983 @ target-host ] echo $POSTGRES_PID
326831
19:50:07,880 [ test-runner:run-tests-983 @ target-host ] set-state: POSTGRES_PID 326831
19:50:07,969 [ :monitor-process-2751 @ target-host ] echo $PROCESS_PID
327329
19:50:07,969 [ :monitor-process-2751 @ target-host ] set-state: PROCESS_PID 327329
19:50:08,244 [ :monitor-process-2760 @ target-host ] echo $PROCESS_PID
327414
19:50:08,244 [ :monitor-process-2760 @ target-host ] set-state: PROCESS_PID 327414
19:50:08,252 [ test-runner:run-tests-983 @ target-host ] script-cmd: monitor-process
19:50:08,253 [ test-runner:run-tests-983 @ target-host ] JVM_PID = 327127
19:50:08,253 [ :monitor-process-2776 @ target-host ] monitor-process
19:50:08,253 [ test-runner:run-tests-983 @ target-host ] read-state: none
19:50:08,253 [ :monitor-process-2776 @ target-host ] queue-download: ${{log_file}}=/home/zakkak/spring-quarkus-perf-comparison/logs/postgres-pidstat-quarkus3-native-9.log ../../20260311/run-time-initialize-security-providers/target-host/
19:50:08,623 [ test-runner:run-tests-983 @ target-host ] script-cmd: watch-log
19:50:08,623 [ :watch-log-2785 @ target-host ] watch-log
19:50:08,633 [ :watch-log-2785 @ target-host ] regex: ${{log_regex}}
19:50:08,634 [ :watch-log-2785 @ target-host ] ctrlC
19:50:08,634 [ :watch-log-2785 @ target-host ] reached LOG_REGEX_REACHED
19:50:08,634 [ test-runner:run-tests-983 @ target-host ] wait-for: LOG_REGEX_REACHED
19:50:08,634 [ :watch-log-2785 @ target-host ] signal: LOG_REGEX_REACHED
19:50:08,755 [ :monitor-process-2776 @ target-host ] taskset --cpu-list 11 pidstat -u -p $(pgrep -d , -P 326831) 1 &>/home/zakkak/spring-quarkus-perf-comparison/logs/postgres-pidstat-quarkus3-native-9.log &
[1] 327528
19:50:09,035 [ :watch-log-2785 @ target-host ] tail -f /home/zakkak/spring-quarkus-perf-comparison/logs/load-test-quarkus3-native-9.log
__  ____  __  _____   ___  __ ____  ______ 
 --/ __ \/ / / / _ | / _ \/ //_/ / / / __/ 
 -/ /_/ / /_/ / __ |/ , _/ ,< / /_/ /\ \   
--\___\_\____/_/ |_/_/|_/_/|_|\____/___/   
2026-03-11 19:50:04,776 INFO  [io.quarkus] (main) quarkus3 1.0 native (powered by Quarkus 999-SNAPSHOT) started in 0.078s. Listening on: http://0.0.0.0:8080
2026-03-11 19:50:04,776 INFO  [io.quarkus] (main) Profile prod activated. 
2026-03-11 19:50:04,776 INFO  [io.quarkus] (main) Installed features: [agroal, cdi, config-yaml, hibernate-orm, hibernate-orm-panache, hibernate-validator, jdbc-postgresql, narayana-jta, rest, rest-jackson, smallrye-context-propagation, smallrye-health, vertx]
19:50:09,157 [ :monitor-process-2776 @ target-host ] PROCESS_PID=$!
19:50:09,558 [ :monitor-process-2776 @ target-host ] echo $PROCESS_PID
327528
19:50:09,558 [ :monitor-process-2776 @ target-host ] set-state: PROCESS_PID 327528
19:52:18,543 [ test-runner:run-tests-983 @ target-host ] taskset --cpu-list 7-9 jbang -R -XX:+UseNUMA wrk@hyperfoil -t 2 -c 100 -d 2m --timeout 2m http://localhost:8080/fruits 2>&1 >/home/zakkak/spring-quarkus-perf-comparison/logs/wrk-warmup-quarkus3-native-9.log
19:52:48,543 [ test-runner:run-tests-983 @ target-host ] sleep: 30s
19:52:48,543 [ :monitor-process-2751 @ target-host ] reached LOAD_STEADY_STATE_START
19:52:48,543 [ test-runner:run-tests-983 @ target-host ] signal: LOAD_STEADY_STATE_START
19:53:28,207 [ test-runner:run-tests-983 @ target-host ] taskset --cpu-list 7-9 jbang -R -XX:+UseNUMA wrk@hyperfoil -t 2 -c 100 -d 30s --timeout 30s http://localhost:8080/fruits 2>&1 >/home/zakkak/spring-quarkus-perf-comparison/logs/wrk-quarkus3-native-9.log
19:53:28,625 [ test-runner:run-tests-983 @ target-host ] cat /home/zakkak/spring-quarkus-perf-comparison/logs/wrk-quarkus3-native-9.log | grep "Requests/sec" | awk '{print $2}'
16444.83
19:53:28,625 [ test-runner:run-tests-983 @ target-host ] set-state: THROUGHPUT 16444.83
19:53:28,625 [ test-runner:run-tests-983 @ target-host ] script-cmd: state-array-push
19:53:28,625 [ test-runner:run-tests-983 @ target-host ] state-array-push
19:53:28,668 [ test-runner:run-tests-983 @ target-host ] set-state: RUN.output.results.quarkus3-native.load.throughput [16009.06,16064.36,15953.08,16186.24,16269.77,16292.49,16379.17,16211.61,15978.01,16444.83]
19:53:29,072 [ test-runner:run-tests-983 @ target-host ] cat /home/zakkak/spring-quarkus-perf-comparison/logs/wrk-quarkus3-native-9.log | grep "Socket errors:" | sed -E 's/.*connectionErrors ([0-9]+).*/\1/'
19:53:29,072 [ test-runner:run-tests-983 @ target-host ] regex: ^$
19:53:29,072 [ test-runner:run-tests-983 @ target-host ] set-state: CONNECTION_ERRORS 0
19:53:29,072 [ test-runner:run-tests-983 @ target-host ] script-cmd: state-array-push
19:53:29,073 [ test-runner:run-tests-983 @ target-host ] state-array-push
19:53:29,106 [ test-runner:run-tests-983 @ target-host ] set-state: RUN.output.results.quarkus3-native.load.connectionErrors [0,0,0,0,0,0,0,0,0,0]
19:53:29,510 [ test-runner:run-tests-983 @ target-host ] cat /home/zakkak/spring-quarkus-perf-comparison/logs/wrk-quarkus3-native-9.log | grep "Socket errors:" | sed -E 's/.*requestTimeouts ([0-9]+)/\1/'
19:53:29,510 [ test-runner:run-tests-983 @ target-host ] regex: ^$
19:53:29,510 [ test-runner:run-tests-983 @ target-host ] set-state: REQUEST_TIMEOUTS 0
19:53:29,510 [ test-runner:run-tests-983 @ target-host ] script-cmd: state-array-push
19:53:29,510 [ test-runner:run-tests-983 @ target-host ] state-array-push
19:53:29,543 [ test-runner:run-tests-983 @ target-host ] set-state: RUN.output.results.quarkus3-native.load.requestTimeouts [0,0,0,0,0,0,0,0,0,0]
19:53:29,960 [ test-runner:run-tests-983 @ target-host ] pmap -x $PID | grep total | awk '{print $4}'
160128
19:53:29,960 [ test-runner:run-tests-983 @ target-host ] set-state: RSS 160128
19:53:29,976 [ test-runner:run-tests-983 @ target-host ] script-cmd: state-array-push
19:53:29,976 [ test-runner:run-tests-983 @ target-host ] state-array-push
19:53:30,008 [ test-runner:run-tests-983 @ target-host ] set-state: RUN.output.results.quarkus3-native.load.rss [155.125,154.72265625,158.81640625,155.5390625,156.140625,155.3125,158.25,157.5703125,153.9609375,156.375]
19:53:30,025 [ test-runner:run-tests-983 @ target-host ] script-cmd: state-array-push
19:53:30,025 [ test-runner:run-tests-983 @ target-host ] state-array-push
19:53:30,059 [ test-runner:run-tests-983 @ target-host ] set-state: RUN.output.results.quarkus3-native.load.throughputDensity [103.20103142626914,103.82681107829029,100.44982364660451,104.06543372344166,104.19946762733915,104.90134406438632,103.50186413902054,102.88492637215529,103.77963566245496,105.16278177458035]
19:53:30,059 [ test-runner:run-tests-983 @ target-host ] reached LOAD_TEST_COMPLETE
19:53:30,059 [ :monitor-process-2743 @ target-host ] wait-for: LOAD_TEST_COMPLETE
19:53:30,059 [ :monitor-process-2751 @ target-host ] wait-for: LOAD_TEST_COMPLETE
19:53:30,059 [ :monitor-process-2760 @ target-host ] wait-for: LOAD_TEST_COMPLETE
19:53:30,059 [ :monitor-process-2776 @ target-host ] wait-for: LOAD_TEST_COMPLETE
19:53:30,059 [ test-runner:run-tests-983 @ target-host ] signal: LOAD_TEST_COMPLETE
19:53:30,461 [ :monitor-process-2751 @ target-host ] kill -15 $PROCESS_PID
bash: kill: (327329) - No such process
19:53:30,461 [ :monitor-process-2743 @ target-host ] kill -15 $PROCESS_PID
bash: kill: (327231) - No such process
19:53:30,461 [ :monitor-process-2776 @ target-host ] kill -15 $PROCESS_PID
bash: kill: (327528) - No such process
19:53:30,562 [ :monitor-process-2760 @ target-host ] kill -15 $PROCESS_PID
19:53:30,562 [ test-runner:run-tests-983 @ target-host ] kill -15 $PID
19:53:32,973 [ test-runner:run-tests-983 @ target-host ] sleep 2
19:53:32,973 [ test-runner:run-tests-983 @ target-host ] script-cmd: stop-test-services
19:53:32,973 [ test-runner:run-tests-983 @ target-host ] stop-test-services
19:53:33,638 [ test-runner:run-tests-983 @ target-host ] /home/zakkak/spring-quarkus-perf-comparison/spring-quarkus-perf-comparison/scripts/infra.sh -d
Using podman to stop containers
-----------------------------------------
[03/11/2026 19:53:32]: Stopping services
-----------------------------------------
Stopping PostgreSQL database 'fruits_db'
fruits_db
19:53:33,691 [ test-runner:run-tests-983 @ target-host ] for-each: ITERATION
19:53:33,691 [ test-runner:run-tests-983 @ target-host ] script-cmd: state-array-calc-avg
19:53:33,691 [ test-runner:run-tests-983 @ target-host ] state-array-calc-avg
19:53:33,725 [ test-runner:run-tests-983 @ target-host ] set-state: RUN.output.results.quarkus3-native.load.avThroughput 16178.862
19:53:33,725 [ test-runner:run-tests-983 @ target-host ] script-cmd: state-array-calc-avg
19:53:33,725 [ test-runner:run-tests-983 @ target-host ] state-array-calc-avg
19:53:33,758 [ test-runner:run-tests-983 @ target-host ] set-state: RUN.output.results.quarkus3-native.load.avMaxRss 156.18125
19:53:33,758 [ test-runner:run-tests-983 @ target-host ] script-cmd: state-array-calc-max
19:53:33,758 [ test-runner:run-tests-983 @ target-host ] state-array-calc-max
19:53:33,805 [ test-runner:run-tests-983 @ target-host ] set-state: RUN.output.results.quarkus3-native.load.maxThroughputDensity 105.16278177458035
19:53:33,805 [ test-runner:run-tests-983 @ target-host ] script-cmd: state-array-calc-avg
19:53:33,805 [ test-runner:run-tests-983 @ target-host ] state-array-calc-avg
19:53:33,841 [ test-runner:run-tests-983 @ target-host ] set-state: RUN.output.results.quarkus3-native.load.avConnectionErrors 0
19:53:33,841 [ test-runner:run-tests-983 @ target-host ] script-cmd: state-array-calc-avg
19:53:33,842 [ test-runner:run-tests-983 @ target-host ] state-array-calc-avg
19:53:33,877 [ test-runner:run-tests-983 @ target-host ] set-state: RUN.output.results.quarkus3-native.load.avRequestTimeouts 0
19:53:33,877 [ test-runner:run-tests-983 @ target-host ] for-each: TEST
19:53:33,877 [ test-runner:run-tests-983 @ target-host ] for-each: RUNTIME
19:53:34,312 [ test-runner:cleanup-2817 @ target-host ] cleanup
19:53:34,312 [ test-runner:cleanup-2817 @ target-host ] script-cmd: stop-timestamp
19:53:34,312 [ test-runner:cleanup-2817 @ target-host ] stop-timestamp
19:53:34,714 [ test-runner:cleanup-2817 @ target-host ] date -u +%FT%TZ
2026-03-11T17:53:34Z
19:53:34,714 [ test-runner:cleanup-2817 @ target-host ] set-state: RUN.output.timing.stop 2026-03-11T17:53:34Z
19:53:34,715 [ test-runner:cleanup-2817 @ target-host ] script-cmd: download-metrics
19:53:34,715 [ test-runner:cleanup-2817 @ target-host ] download-metrics
19:53:35,126 [ test-runner:cleanup-2817 @ target-host ] mkdir -p /tmp
19:53:35,126 [ test-runner:cleanup-2817 @ target-host ] script-cmd: sudo
19:53:35,126 [ test-runner:cleanup-2817 @ target-host ] sudo
19:53:35,126 [ test-runner:cleanup-2817 @ target-host ] script-cmd: sudo-${{os}}
19:53:35,126 [ test-runner:cleanup-2817 @ target-host ] sudo-linux
19:53:35,799 [ test-runner:cleanup-2817 @ target-host ] sudo rm -Rf /tmp/metrics.json
]3008;start=f2edb4bfe7a14ea9aa9afa529549c6ad;user=zakkak;hostname=blanc;machineid=f469a615e9ef4e81b7d5be080a5de373;bootid=0e917e08584a49cb891ef04366e00ace;pid=328808;pidfdid=328809;comm=sudo;targetuser=root;sessionid=c296;type=session\]3008;end=f2edb4bfe7a14ea9aa9afa529549c6ad\
19:53:35,800 [ test-runner:cleanup-2817 @ target-host ] set-state: RUN.output.config {"jvm":{"home":"/home/zakkak/jvms/jdk-21.0.9+10","version":"25.0.2-tem","graalvm":{"home":"/home/zakkak/code/graal-oracle/sdk/latest_graalvm_home","version":"25.0.2-graalce"},"memory":"","args":""},"quarkus":{"version":"999-SNAPSHOT","build_config_args":"","native_build_options":"-Dquarkus.native.additional-build-args-append=--future-defaults=run-time-initialize-security-providers"},"springboot3":{"version":"","native_build_options":""},"springboot4":{"version":"","native_build_options":""},"resources":{"cpu":{"app":"0-3","db":"4-6","load_generator":"7-9","1st_request":10,"monitor":11},"app_cpus":4},"profiler":{"name":"none","events":"cpu"},"repo":{"branch":"main","url":"https://github.com/quarkusio/spring-quarkus-perf-comparison.git","scenario":"tuned","commit":"14e9ae9b8bc5ec009f5c1108ca2171ce3867ffb2","short_commit":"14e9ae9","scenarioName":"Tuned"},"num_iterations":10}
19:53:35,800 [ test-runner:cleanup-2817 @ target-host ] set-state: RUN.output.env {"run":{"host":{"user":"zakkak","name":"LOCAL","target":"LOCAL"}},"host":{"os":"Fedora Linux 43 (Workstation Edition)","type":"ASUS System Product Name","kernel":"6.18.16-200.fc43.x86_64","cpu":"AMD Ryzen 9 7950X 16-Core Processor (32 cpus)","gpu":"Advanced Micro Devices, Inc. [AMD/ATI] Raphael","memory":"61Gi"}}
19:53:35,839 [ test-runner:cleanup-2817 @ target-host ] Abort! Failed to populate pattern: echo '${{RUN.output}}' > ${{METRICS_DIR}}/metrics.json
 missing []
19:53:35,843 [ test-runner:cleanup-2817 @ target-host ] run-1773248400696 closing state:
 env = {"run":{"host":{"user":"zakkak","name":"LOCAL","target":"LOCAL"}},"host":{"os":"Fedora Linux 43 (Workstation Edition)","type":"ASUS System Product Name","kernel":"6.18.16-200.fc43.x86_64","cpu":"AMD Ryzen 9 7950X 16-Core Processor (32 cpus)","gpu":"Advanced Micro Devices, Inc. [AMD/ATI] Raphael","memory":"61Gi"}}
 config = {"jvm":{"home":"/home/zakkak/jvms/jdk-21.0.9+10","version":"25.0.2-tem","graalvm":{"home":"/home/zakkak/code/graal-oracle/sdk/latest_graalvm_home","version":"25.0.2-graalce"},"memory":"","args":""},"quarkus":{"version":"999-SNAPSHOT","build_config_args":"","native_build_options":"-Dquarkus.native.additional-build-args-append=--future-defaults=run-time-initialize-security-providers"},"springboot3":{"version":"","native_build_options":""},"springboot4":{"version":"","native_build_options":""},"resources":{"cpu":{"app":"0-3","db":"4-6","load_generator":"7-9","1st_request":"10","monitor":"11"},"app_cpus":"4"},"profiler":{"name":"none","events":"cpu"},"repo":{"branch":"main","url":"https://github.com/quarkusio/spring-quarkus-perf-comparison.git","scenario":"tuned","commit":"14e9ae9b8bc5ec009f5c1108ca2171ce3867ffb2","short_commit":"14e9ae9","scenarioName":"Tuned"},"num_iterations":"10"}
 APP_CMD_PREFIX = taskset --cpu-list ${{config.resources.cpu.app}}
 LOAD_GEN_CMD_PREFIX = taskset --cpu-list ${{config.resources.cpu.load_generator}}
 MONITOR_CMD_PREFIX = taskset --cpu-list ${{config.resources.cpu.monitor}}
 WRK_BIN = ${{LOAD_GEN_CMD_PREFIX}} jbang -R -XX:+UseNUMA wrk@hyperfoil
 DROP_OS_FILESYSTEM_CACHES = true
 PAUSE_TIME = 2
 PROFILER_JVM_ARGS = 
 BASE_JAVA_CMD = ${{APP_CMD_PREFIX}} java ${{config.jvm.memory}} ${{config.jvm.args}} ${{PROFILER_JVM_ARGS}}
 TESTS = ["measure-build-times","measure-time-to-first-request","measure-rss","run-load-test"]
 RUNTIMES = ["quarkus3-native"]
 TARGET_URL = http://localhost:8080/fruits
 QUARKUS-PLATFORM-ARTIFACT-ID = quarkus-bom
 PROJ_REPO_NAME = spring-quarkus-perf-comparison
 METRICS_DIR = /tmp
 ASYNC_PROFILER = async-profiler
 RUNTIMECMDS = [{"updateScript":"update-quarkus-version","runCmd":"${{BASE_JAVA_CMD}} -jar ${{QUARKUS3_DIR}}/target/quarkus-app/quarkus-run.jar","updateVersion":"${{config.quarkus.version}}","buildCmd":"./mvnw ${{config.quarkus.build_config_args}} clean package -DskipTests","name":"quarkus3-jvm","type":"jvm","dir":"${{QUARKUS3_DIR}}","logFileStartedRegex":".*quarkus3.+started in.*"},{"updateScript":"update-quarkus-version","runCmd":"${{BASE_JAVA_CMD}} -jar ${{QUARKUS3_VIRTUAL_DIR}}/target/quarkus-app/quarkus-run.jar","updateVersion":"${{config.quarkus.version}}","buildCmd":"./mvnw ${{config.quarkus.build_config_args}} clean package -DskipTests","name":"quarkus3-virtual","type":"jvm","dir":"${{QUARKUS3_VIRTUAL_DIR}}","logFileStartedRegex":".*quarkus3.+started in.*"},{"updateScript":"update-quarkus-version","runCmd":"${{APP_CMD_PREFIX}} ${{QUARKUS3_DIR}}/target/quarkus3-runner ${{config.jvm.memory}}","updateVersion":"${{config.quarkus.version}}","buildCmd":"./mvnw ${{config.quarkus.build_config_args}} clean package -DskipTests -Pnative ${{config.quarkus.native_build_options}}","name":"quarkus3-native","type":"native","dir":"${{QUARKUS3_DIR}}","logFileStartedRegex":".*quarkus3.+started in.*"},{"updateScript":"update-spring-boot-version","runCmd":"${{BASE_JAVA_CMD}} -jar ${{SPRING3_BOOT_DIR}}/target/springboot3.jar","updateVersion":"${{config.springboot3.version}}","buildCmd":"./mvnw clean package -DskipTests","name":"spring3-jvm","type":"jvm","dir":"${{SPRING3_BOOT_DIR}}","logFileStartedRegex":".*Started SpringBoot3Application in.+seconds.*"},{"updateScript":"update-spring-boot-version","runCmd":"${{BASE_JAVA_CMD}} -Dspring.threads.virtual.enabled=true -jar ${{SPRING3_BOOT_DIR}}/target/springboot3.jar","updateVersion":"${{config.springboot3.version}}","buildCmd":"./mvnw clean package -DskipTests -Dspring.threads.virtual.enabled=true","name":"spring3-virtual","type":"jvm","dir":"${{SPRING3_BOOT_DIR}}","logFileStartedRegex":".*Started SpringBoot3Application in.+seconds.*"},{"updateScript":"update-spring-boot-version","runCmd":"${{BASE_JAVA_CMD}} -Dspring.aot.enabled=true -jar ${{SPRING3_BOOT_DIR}}/target/springboot3.jar","updateVersion":"${{config.springboot3.version}}","buildCmd":"./mvnw clean compile spring-boot:process-aot package -DskipTests","name":"spring3-jvm-aot","type":"jvm","dir":"${{SPRING3_BOOT_DIR}}","logFileStartedRegex":".*Started SpringBoot3Application in.+seconds.*"},{"updateScript":"update-spring-boot-version","runCmd":"${{APP_CMD_PREFIX}} ${{SPRING3_BOOT_DIR}}/target/springboot3 ${{config.jvm.memory}}","updateVersion":"${{config.springboot3.version}}","buildCmd":"./mvnw clean -Pnative -DskipTests native:compile package ${{config.springboot3.native_build_options}}","name":"spring3-native","type":"native","dir":"${{SPRING3_BOOT_DIR}}","logFileStartedRegex":".*Started SpringBoot3Application in.+seconds.*"},{"updateScript":"update-spring-boot-version","runCmd":"${{BASE_JAVA_CMD}} -jar ${{SPRING4_BOOT_DIR}}/target/springboot4.jar","updateVersion":"${{config.springboot4.version}}","buildCmd":"./mvnw clean package -DskipTests","name":"spring4-jvm","type":"jvm","dir":"${{SPRING4_BOOT_DIR}}","logFileStartedRegex":".*Started SpringBoot4Application in.+seconds.*"},{"updateScript":"update-spring-boot-version","runCmd":"${{BASE_JAVA_CMD}} -Dspring.threads.virtual.enabled=true -jar ${{SPRING4_BOOT_DIR}}/target/springboot4.jar","updateVersion":"${{config.springboot4.version}}","buildCmd":"./mvnw clean package -DskipTests -Dspring.threads.virtual.enabled=true","name":"spring4-virtual","type":"jvm","dir":"${{SPRING4_BOOT_DIR}}","logFileStartedRegex":".*Started SpringBoot4Application in.+seconds.*"},{"updateScript":"update-spring-boot-version","runCmd":"${{BASE_JAVA_CMD}} -Dspring.aot.enabled=true -jar ${{SPRING4_BOOT_DIR}}/target/springboot4.jar","updateVersion":"${{config.springboot4.version}}","buildCmd":"./mvnw clean compile spring-boot:process-aot package -DskipTests","name":"spring4-jvm-aot","type":"jvm","dir":"${{SPRING4_BOOT_DIR}}","logFileStartedRegex":".*Started SpringBoot4Application in.+seconds.*"},{"updateScript":"update-spring-boot-version","runCmd":"${{APP_CMD_PREFIX}} ${{SPRING4_BOOT_DIR}}/target/springboot4 ${{config.jvm.memory}}","updateVersion":"${{config.springboot4.version}}","buildCmd":"./mvnw clean -Pnative -DskipTests native:compile package ${{config.springboot4.native_build_options}}","name":"spring4-native","type":"native","dir":"${{SPRING4_BOOT_DIR}}","logFileStartedRegex":".*Started SpringBoot4Application in.+seconds.*"}]
 BASE_DIR = /home/zakkak
 REPO_DIR = /home/zakkak/spring-quarkus-perf-comparison
 PROJ_REPO_DIR = /home/zakkak/spring-quarkus-perf-comparison/spring-quarkus-perf-comparison
 SCRIPTS_DIR = /home/zakkak/spring-quarkus-perf-comparison/spring-quarkus-perf-comparison/scripts/perf-lab
 HELPER_SCRIPTS_DIR = /home/zakkak/spring-quarkus-perf-comparison/spring-quarkus-perf-comparison/scripts/perf-lab/scripts
 SPRING3_BOOT_DIR = /home/zakkak/spring-quarkus-perf-comparison/spring-quarkus-perf-comparison/springboot3
 SPRING4_BOOT_DIR = /home/zakkak/spring-quarkus-perf-comparison/spring-quarkus-perf-comparison/springboot4
 QUARKUS3_DIR = /home/zakkak/spring-quarkus-perf-comparison/spring-quarkus-perf-comparison/quarkus3
 QUARKUS3_VIRTUAL_DIR = /home/zakkak/spring-quarkus-perf-comparison/spring-quarkus-perf-comparison/quarkus3-virtual
 ASYNC_PROFILER_DIR = /home/zakkak/async-profiler
 os = linux
 output = {"timing":{"start":"2026-03-11T17:00:15Z","stop":"2026-03-11T17:53:34Z"},"results":{"quarkus3-native":{"build":{"timings":["44.82","44.52","44.86","44.33","44.08","44.22","46.54","44.82","45.44","45.61"],"native":{"rss":["4.57","4.57","4.66","4.68","4.78","4.76","4.51","4.58","4.7","4.43"],"binarySize":"86.32"},"avBuildTime":"44.92399999999999","avNativeRSS":"4.6240000000000006","classCount":"22,663","fieldCount":"29,228","methodCount":"106,573","reflectionClassCount":"7,966","reflectionFieldCount":"169","reflectionMethodCount":"5,257"},"startup":{"timings":["39","41","33","40","42","33","42","42","32","41"],"avStartTime":"38.5"},"rss":{"startup":"=[...=[...=[...=[...=[...=[...=[...=[...=[...=[...[], ${{= ${{RSS_STARTUP}}/1024 }}], ${{= ${{RSS_STARTUP}}/1024 }}], ${{= ${{RSS_STARTUP}}/1024 }}], ${{= ${{RSS_STARTUP}}/1024 }}], ${{= ${{RSS_STARTUP}}/1024 }}], ${{= ${{RSS_STARTUP}}/1024 }}], ${{= ${{RSS_STARTUP}}/1024 }}], ${{= ${{RSS_STARTUP}}/1024 }}], ${{= ${{RSS_STARTUP}}/1024 }}], ${{= ${{RSS_STARTUP}}/1024 }}]","firstRequest":"=[...=[...=[...=[...=[...=[...=[...=[...=[...=[...[], ${{= ${{FIRST_REQUEST}}/1024 }}], ${{= ${{FIRST_REQUEST}}/1024 }}], ${{= ${{FIRST_REQUEST}}/1024 }}], ${{= ${{FIRST_REQUEST}}/1024 }}], ${{= ${{FIRST_REQUEST}}/1024 }}], ${{= ${{FIRST_REQUEST}}/1024 }}], ${{= ${{FIRST_REQUEST}}/1024 }}], ${{= ${{FIRST_REQUEST}}/1024 }}], ${{= ${{FIRST_REQUEST}}/1024 }}], ${{= ${{FIRST_REQUEST}}/1024 }}]","avStartupRss":"=  (=[...=[...=[...=[...=[...=[...=[...=[...=[...=[...[], ${{= ${{RSS_STARTUP}}/1024 }}], ${{= ${{RSS_STARTUP}}/1024 }}], ${{= ${{RSS_STARTUP}}/1024 }}], ${{= ${{RSS_STARTUP}}/1024 }}], ${{= ${{RSS_STARTUP}}/1024 }}], ${{= ${{RSS_STARTUP}}/1024 }}], ${{= ${{RSS_STARTUP}}/1024 }}], ${{= ${{RSS_STARTUP}}/1024 }}], ${{= ${{RSS_STARTUP}}/1024 }}], ${{= ${{RSS_STARTUP}}/1024 }}].reduce((a, b) => a + b, 0) / =[...=[...=[...=[...=[...=[...=[...=[...=[...=[...[], ${{= ${{RSS_STARTUP}}/1024 }}], ${{= ${{RSS_STARTUP}}/1024 }}], ${{= ${{RSS_STARTUP}}/1024 }}], ${{= ${{RSS_STARTUP}}/1024 }}], ${{= ${{RSS_STARTUP}}/1024 }}], ${{= ${{RSS_STARTUP}}/1024 }}], ${{= ${{RSS_STARTUP}}/1024 }}], ${{= ${{RSS_STARTUP}}/1024 }}], ${{= ${{RSS_STARTUP}}/1024 }}], ${{= ${{RSS_STARTUP}}/1024 }}].length) || 0","avFirstRequestRss":"=  (=[...=[...=[...=[...=[...=[...=[...=[...=[...=[...[], ${{= ${{FIRST_REQUEST}}/1024 }}], ${{= ${{FIRST_REQUEST}}/1024 }}], ${{= ${{FIRST_REQUEST}}/1024 }}], ${{= ${{FIRST_REQUEST}}/1024 }}], ${{= ${{FIRST_REQUEST}}/1024 }}], ${{= ${{FIRST_REQUEST}}/1024 }}], ${{= ${{FIRST_REQUEST}}/1024 }}], ${{= ${{FIRST_REQUEST}}/1024 }}], ${{= ${{FIRST_REQUEST}}/1024 }}], ${{= ${{FIRST_REQUEST}}/1024 }}].reduce((a, b) => a + b, 0) / =[...=[...=[...=[...=[...=[...=[...=[...=[...=[...[], ${{= ${{FIRST_REQUEST}}/1024 }}], ${{= ${{FIRST_REQUEST}}/1024 }}], ${{= ${{FIRST_REQUEST}}/1024 }}], ${{= ${{FIRST_REQUEST}}/1024 }}], ${{= ${{FIRST_REQUEST}}/1024 }}], ${{= ${{FIRST_REQUEST}}/1024 }}], ${{= ${{FIRST_REQUEST}}/1024 }}], ${{= ${{FIRST_REQUEST}}/1024 }}], ${{= ${{FIRST_REQUEST}}/1024 }}], ${{= ${{FIRST_REQUEST}}/1024 }}].length) || 0"},"load":{"throughput":["16009.06","16064.36","15953.08","16186.24","16269.77","16292.49","16379.17","16211.61","15978.01","16444.83"],"connectionErrors":["0","0","0","0","0","0","0","0","0","0"],"requestTimeouts":["0","0","0","0","0","0","0","0","0","0"],"rss":["155.125","154.72265625","158.81640625","155.5390625","156.140625","155.3125","158.25","157.5703125","153.9609375","156.375"],"throughputDensity":["103.20103142626914","103.82681107829029","100.44982364660451","104.06543372344166","104.19946762733915","104.90134406438632","103.50186413902054","102.88492637215529","103.77963566245496","105.16278177458035"],"avThroughput":"16178.862","avMaxRss":"156.18125","maxThroughputDensity":"105.16278177458035","avConnectionErrors":"0","avRequestTimeouts":"0"}}},"config":{"jvm":{"args":"","memory":"","graalvm":{"version":"25.0.2-graalce","home":"/home/zakkak/code/graal-oracle/sdk/latest_graalvm_home"},"version":"25.0.2-tem","home":"/home/zakkak/jvms/jdk-21.0.9+10"},"num_iterations":"10","quarkus":{"build_config_args":"","native_build_options":"-Dquarkus.native.additional-build-args-append=--future-defaults=run-time-initialize-security-providers","version":"999-SNAPSHOT"},"repo":{"short_commit":"14e9ae9","scenario":"tuned","commit":"14e9ae9b8bc5ec009f5c1108ca2171ce3867ffb2","branch":"main","scenarioName":"Tuned","url":"https://github.com/quarkusio/spring-quarkus-perf-comparison.git"},"springboot3":{"native_build_options":"","version":""},"springboot4":{"native_build_options":"","version":""},"resources":{"cpu":{"app":"0-3","1st_request":"10","monitor":"11","load_generator":"7-9","db":"4-6"},"app_cpus":"4"},"profiler":{"name":"none","events":"cpu"}},"env":{"host":{"memory":"61Gi","os":"Fedora Linux 43 (Workstation Edition)","kernel":"6.18.16-200.fc43.x86_64","cpu":"AMD Ryzen 9 7950X 16-Core Processor (32 cpus)","type":"ASUS System Product Name","gpu":"Advanced Micro Devices, Inc. [AMD/ATI] Raphael"},"run":{"host":{"name":"LOCAL","user":"zakkak","target":"LOCAL"}}}}
 SHELL_PID = 291428
 ENV = {"ABORTED":"true"}
 LOCAL : 
   run-tests : 
     id=983 : 
       RUNTIMECMD = {"updateScript":"update-quarkus-version","runCmd":"taskset --cpu-list 0-3 /home/zakkak/spring-quarkus-perf-comparison/spring-quarkus-perf-comparison/quarkus3/target/quarkus3-runner ","updateVersion":"999-SNAPSHOT","buildCmd":"./mvnw  clean package -DskipTests -Pnative -Dquarkus.native.additional-build-args-append=--future-defaults=run-time-initialize-security-providers","name":"quarkus3-native","type":"native","dir":"/home/zakkak/spring-quarkus-perf-comparison/spring-quarkus-perf-comparison/quarkus3","logFileStartedRegex":".*quarkus3.+started in.*"}
       TYPE = native
       BUILD_TIME = 45.61
       NATIVE_BUILD_RSS = 4.43
       START_TIME = 41
       RSS_STARTUP = 
       FIRST_REQUEST = 
       APP_LOG_REGEX = .*quarkus3.+started in.*
       LOG_FILE = /home/zakkak/spring-quarkus-perf-comparison/logs/load-test-quarkus3-native-9.log
       JVM_PID = 327127
       POSTGRES_PID = 326831
       THROUGHPUT = 16444.83
       CONNECTION_ERRORS = 0
       REQUEST_TIMEOUTS = 0
       RSS = 160128
   cleanup : 
     id=2817 : 
   setup : 
     id=807 : 

