19:53:37,963 [ :- @  ] run-1773251617747 starting state:
 env = {"run":{"host":{"user":"zakkak","name":"LOCAL","target":"LOCAL"}}}
 config = {"jvm":{"home":"/home/zakkak/jvms/jdk-21.0.9+10","version":"25.0.2-tem","graalvm":{"home":"/home/zakkak/code/graal-oracle/sdk/latest_graalvm_home","version":"25.0.2-graalce"},"memory":"","args":""},"quarkus":{"version":"999-SNAPSHOT","build_config_args":"","native_build_options":"-Dquarkus.native.additional-build-args-append=--future-defaults=run-time-initialize-file-system-providers"},"springboot3":{"version":"","native_build_options":""},"springboot4":{"version":"","native_build_options":""},"resources":{"cpu":{"app":"0-3","db":"4-6","load_generator":"7-9","1st_request":"10","monitor":"11"},"app_cpus":"4"},"profiler":{"name":"none","events":"cpu"},"repo":{"branch":"main","url":"https://github.com/quarkusio/spring-quarkus-perf-comparison.git","scenario":"tuned"},"num_iterations":"10"}
 APP_CMD_PREFIX = taskset --cpu-list ${{config.resources.cpu.app}}
 LOAD_GEN_CMD_PREFIX = taskset --cpu-list ${{config.resources.cpu.load_generator}}
 MONITOR_CMD_PREFIX = taskset --cpu-list ${{config.resources.cpu.monitor}}
 WRK_BIN = ${{LOAD_GEN_CMD_PREFIX}} jbang -R -XX:+UseNUMA wrk@hyperfoil
 DROP_OS_FILESYSTEM_CACHES = true
 PAUSE_TIME = 2
 PROFILER_JVM_ARGS = 
 BASE_JAVA_CMD = ${{APP_CMD_PREFIX}} java ${{config.jvm.memory}} ${{config.jvm.args}} ${{PROFILER_JVM_ARGS}}
 TESTS = ["measure-build-times","measure-time-to-first-request","measure-rss","run-load-test"]
 RUNTIMES = ["quarkus3-native"]
 TARGET_URL = http://localhost:8080/fruits
 QUARKUS-PLATFORM-ARTIFACT-ID = quarkus-bom
 PROJ_REPO_NAME = spring-quarkus-perf-comparison
 METRICS_DIR = /tmp
 ASYNC_PROFILER = async-profiler
 RUNTIMECMDS = [{"updateScript":"update-quarkus-version","runCmd":"${{BASE_JAVA_CMD}} -jar ${{QUARKUS3_DIR}}/target/quarkus-app/quarkus-run.jar","updateVersion":"${{config.quarkus.version}}","buildCmd":"./mvnw ${{config.quarkus.build_config_args}} clean package -DskipTests","name":"quarkus3-jvm","type":"jvm","dir":"${{QUARKUS3_DIR}}","logFileStartedRegex":".*quarkus3.+started in.*"},{"updateScript":"update-quarkus-version","runCmd":"${{BASE_JAVA_CMD}} -jar ${{QUARKUS3_VIRTUAL_DIR}}/target/quarkus-app/quarkus-run.jar","updateVersion":"${{config.quarkus.version}}","buildCmd":"./mvnw ${{config.quarkus.build_config_args}} clean package -DskipTests","name":"quarkus3-virtual","type":"jvm","dir":"${{QUARKUS3_VIRTUAL_DIR}}","logFileStartedRegex":".*quarkus3.+started in.*"},{"updateScript":"update-quarkus-version","runCmd":"${{APP_CMD_PREFIX}} ${{QUARKUS3_DIR}}/target/quarkus3-runner ${{config.jvm.memory}}","updateVersion":"${{config.quarkus.version}}","buildCmd":"./mvnw ${{config.quarkus.build_config_args}} clean package -DskipTests -Pnative ${{config.quarkus.native_build_options}}","name":"quarkus3-native","type":"native","dir":"${{QUARKUS3_DIR}}","logFileStartedRegex":".*quarkus3.+started in.*"},{"updateScript":"update-spring-boot-version","runCmd":"${{BASE_JAVA_CMD}} -jar ${{SPRING3_BOOT_DIR}}/target/springboot3.jar","updateVersion":"${{config.springboot3.version}}","buildCmd":"./mvnw clean package -DskipTests","name":"spring3-jvm","type":"jvm","dir":"${{SPRING3_BOOT_DIR}}","logFileStartedRegex":".*Started SpringBoot3Application in.+seconds.*"},{"updateScript":"update-spring-boot-version","runCmd":"${{BASE_JAVA_CMD}} -Dspring.threads.virtual.enabled=true -jar ${{SPRING3_BOOT_DIR}}/target/springboot3.jar","updateVersion":"${{config.springboot3.version}}","buildCmd":"./mvnw clean package -DskipTests -Dspring.threads.virtual.enabled=true","name":"spring3-virtual","type":"jvm","dir":"${{SPRING3_BOOT_DIR}}","logFileStartedRegex":".*Started SpringBoot3Application in.+seconds.*"},{"updateScript":"update-spring-boot-version","runCmd":"${{BASE_JAVA_CMD}} -Dspring.aot.enabled=true -jar ${{SPRING3_BOOT_DIR}}/target/springboot3.jar","updateVersion":"${{config.springboot3.version}}","buildCmd":"./mvnw clean compile spring-boot:process-aot package -DskipTests","name":"spring3-jvm-aot","type":"jvm","dir":"${{SPRING3_BOOT_DIR}}","logFileStartedRegex":".*Started SpringBoot3Application in.+seconds.*"},{"updateScript":"update-spring-boot-version","runCmd":"${{APP_CMD_PREFIX}} ${{SPRING3_BOOT_DIR}}/target/springboot3 ${{config.jvm.memory}}","updateVersion":"${{config.springboot3.version}}","buildCmd":"./mvnw clean -Pnative -DskipTests native:compile package ${{config.springboot3.native_build_options}}","name":"spring3-native","type":"native","dir":"${{SPRING3_BOOT_DIR}}","logFileStartedRegex":".*Started SpringBoot3Application in.+seconds.*"},{"updateScript":"update-spring-boot-version","runCmd":"${{BASE_JAVA_CMD}} -jar ${{SPRING4_BOOT_DIR}}/target/springboot4.jar","updateVersion":"${{config.springboot4.version}}","buildCmd":"./mvnw clean package -DskipTests","name":"spring4-jvm","type":"jvm","dir":"${{SPRING4_BOOT_DIR}}","logFileStartedRegex":".*Started SpringBoot4Application in.+seconds.*"},{"updateScript":"update-spring-boot-version","runCmd":"${{BASE_JAVA_CMD}} -Dspring.threads.virtual.enabled=true -jar ${{SPRING4_BOOT_DIR}}/target/springboot4.jar","updateVersion":"${{config.springboot4.version}}","buildCmd":"./mvnw clean package -DskipTests -Dspring.threads.virtual.enabled=true","name":"spring4-virtual","type":"jvm","dir":"${{SPRING4_BOOT_DIR}}","logFileStartedRegex":".*Started SpringBoot4Application in.+seconds.*"},{"updateScript":"update-spring-boot-version","runCmd":"${{BASE_JAVA_CMD}} -Dspring.aot.enabled=true -jar ${{SPRING4_BOOT_DIR}}/target/springboot4.jar","updateVersion":"${{config.springboot4.version}}","buildCmd":"./mvnw clean compile spring-boot:process-aot package -DskipTests","name":"spring4-jvm-aot","type":"jvm","dir":"${{SPRING4_BOOT_DIR}}","logFileStartedRegex":".*Started SpringBoot4Application in.+seconds.*"},{"updateScript":"update-spring-boot-version","runCmd":"${{APP_CMD_PREFIX}} ${{SPRING4_BOOT_DIR}}/target/springboot4 ${{config.jvm.memory}}","updateVersion":"${{config.springboot4.version}}","buildCmd":"./mvnw clean -Pnative -DskipTests native:compile package ${{config.springboot4.native_build_options}}","name":"spring4-native","type":"native","dir":"${{SPRING4_BOOT_DIR}}","logFileStartedRegex":".*Started SpringBoot4Application in.+seconds.*"}]

19:53:38,253 [ test-runner:setup-807 @ target-host ] setup
19:53:38,368 [ test-runner:setup-807 @ target-host ] start-env:
19:53:38,368 [ test-runner:setup-807 @ target-host ] script-cmd: update-state
19:53:38,369 [ test-runner:setup-807 @ target-host ] update-state
19:53:38,773 [ test-runner:setup-807 @ target-host ] echo $(realpath ~)
/home/zakkak
19:53:38,773 [ test-runner:setup-807 @ target-host ] set-state: RUN.BASE_DIR /home/zakkak
19:53:38,774 [ test-runner:setup-807 @ target-host ] set-state: RUN.REPO_DIR /home/zakkak/spring-quarkus-perf-comparison
19:53:38,775 [ test-runner:setup-807 @ target-host ] set-state: RUN.PROJ_REPO_DIR /home/zakkak/spring-quarkus-perf-comparison/spring-quarkus-perf-comparison
19:53:38,776 [ test-runner:setup-807 @ target-host ] set-state: RUN.SCRIPTS_DIR /home/zakkak/spring-quarkus-perf-comparison/spring-quarkus-perf-comparison/scripts/perf-lab
19:53:38,777 [ test-runner:setup-807 @ target-host ] set-state: RUN.HELPER_SCRIPTS_DIR /home/zakkak/spring-quarkus-perf-comparison/spring-quarkus-perf-comparison/scripts/perf-lab/scripts
19:53:38,778 [ test-runner:setup-807 @ target-host ] set-state: RUN.SPRING3_BOOT_DIR /home/zakkak/spring-quarkus-perf-comparison/spring-quarkus-perf-comparison/springboot3
19:53:38,778 [ test-runner:setup-807 @ target-host ] set-state: RUN.SPRING4_BOOT_DIR /home/zakkak/spring-quarkus-perf-comparison/spring-quarkus-perf-comparison/springboot4
19:53:38,779 [ test-runner:setup-807 @ target-host ] set-state: RUN.QUARKUS3_DIR /home/zakkak/spring-quarkus-perf-comparison/spring-quarkus-perf-comparison/quarkus3
19:53:38,780 [ test-runner:setup-807 @ target-host ] set-state: RUN.QUARKUS3_VIRTUAL_DIR /home/zakkak/spring-quarkus-perf-comparison/spring-quarkus-perf-comparison/quarkus3-virtual
19:53:38,780 [ test-runner:setup-807 @ target-host ] set-state: RUN.ASYNC_PROFILER_DIR /home/zakkak/async-profiler
19:53:38,781 [ test-runner:setup-807 @ target-host ] script-cmd: detect-os
19:53:38,781 [ test-runner:setup-807 @ target-host ] detect-os
19:53:39,184 [ test-runner:setup-807 @ target-host ] uname -a
Linux blanc 6.18.16-200.fc43.x86_64 #1 SMP PREEMPT_DYNAMIC Wed Mar  4 19:13:32 UTC 2026 x86_64 GNU/Linux
19:53:39,185 [ test-runner:setup-807 @ target-host ] regex: .*Linux.*
19:53:39,186 [ test-runner:setup-807 @ target-host ] set-state: RUN.os linux
19:53:39,186 [ test-runner:setup-807 @ target-host ] script-cmd: capture-system-info
19:53:39,187 [ test-runner:setup-807 @ target-host ] capture-system-info
19:53:39,187 [ test-runner:setup-807 @ target-host ] script-cmd: capture-system-info-${{os}}
19:53:39,187 [ test-runner:setup-807 @ target-host ] capture-system-info-linux
19:53:39,591 [ test-runner:setup-807 @ target-host ] grep '^PRETTY_NAME=' /etc/os-release | cut -d= -f2 | tr -d '"'
Fedora Linux 43 (Workstation Edition)
19:53:39,592 [ test-runner:setup-807 @ target-host ] set-state: RUN.env.host.os Fedora Linux 43 (Workstation Edition)
19:53:40,004 [ test-runner:setup-807 @ target-host ] cat /sys/class/dmi/id/sys_vendor /sys/class/dmi/id/product_name 2>/dev/null | paste -sd ' ' || echo 'Unknown'
ASUS System Product Name
19:53:40,004 [ test-runner:setup-807 @ target-host ] set-state: RUN.env.host.type ASUS System Product Name
19:53:40,407 [ test-runner:setup-807 @ target-host ] uname -r
6.18.16-200.fc43.x86_64
19:53:40,407 [ test-runner:setup-807 @ target-host ] set-state: RUN.env.host.kernel 6.18.16-200.fc43.x86_64
19:53:40,832 [ test-runner:setup-807 @ target-host ] lscpu | awk -F: '/^Model name:/ {model=$2} /^CPU\(s):/ {cpus=$2} END {gsub(/^[ \t]+|[ \t]+$/, "", model); gsub(/^[ \t]+|[ \t]+$/, "", cpus); print model " (" cpus " cpus)"}'

AMD Ryzen 9 7950X 16-Core Processor (32 cpus)
19:53:40,832 [ test-runner:setup-807 @ target-host ] set-state: RUN.env.host.cpu AMD Ryzen 9 7950X 16-Core Processor (32 cpus)
19:53:41,269 [ test-runner:setup-807 @ target-host ] lspci | grep -iE 'vga|3d|display' | sed 's/.*: //; s/ (rev.*)$//' | head -n1
Advanced Micro Devices, Inc. [AMD/ATI] Raphael
19:53:41,269 [ test-runner:setup-807 @ target-host ] set-state: RUN.env.host.gpu Advanced Micro Devices, Inc. [AMD/ATI] Raphael
19:53:41,681 [ test-runner:setup-807 @ target-host ] free -h | grep '^Mem:' | awk '{print $2}'
61Gi
19:53:41,681 [ test-runner:setup-807 @ target-host ] set-state: RUN.env.host.memory 61Gi
19:53:41,682 [ test-runner:setup-807 @ target-host ] script-cmd: config-env
19:53:41,682 [ test-runner:setup-807 @ target-host ] config-env
19:53:41,682 [ test-runner:setup-807 @ target-host ] script-cmd: sudo
19:53:41,683 [ test-runner:setup-807 @ target-host ] sudo
19:53:41,683 [ test-runner:setup-807 @ target-host ] script-cmd: sudo-${{os}}
19:53:41,683 [ test-runner:setup-807 @ target-host ] sudo-linux
19:53:42,120 [ test-runner:setup-807 @ target-host ] sudo rm -Rf /home/zakkak/spring-quarkus-perf-comparison/logs
]3008;start=307d067f659745c5805ee8195376bcfb;user=zakkak;hostname=blanc;machineid=f469a615e9ef4e81b7d5be080a5de373;bootid=0e917e08584a49cb891ef04366e00ace;pid=329174;pidfdid=329175;comm=sudo;targetuser=root;sessionid=c297;type=session\]3008;end=307d067f659745c5805ee8195376bcfb\
19:53:42,523 [ test-runner:setup-807 @ target-host ] mkdir -p /home/zakkak/spring-quarkus-perf-comparison/logs
19:53:42,523 [ test-runner:setup-807 @ target-host ] script-cmd: ensure-requirements
19:53:42,524 [ test-runner:setup-807 @ target-host ] ensure-requirements
19:53:42,524 [ test-runner:setup-807 @ target-host ] script-cmd: ensure-graalvm
19:53:42,524 [ test-runner:setup-807 @ target-host ] ensure-graalvm
19:53:42,525 [ test-runner:setup-807 @ target-host ] read-state: /home/zakkak/code/graal-oracle/sdk/latest_graalvm_home
19:53:42,525 [ test-runner:setup-807 @ target-host ] 
19:53:42,526 [ test-runner:setup-807 @ target-host ] Using locally installed GraalVM from /home/zakkak/code/graal-oracle/sdk/latest_graalvm_home
19:53:42,928 [ test-runner:setup-807 @ target-host ] export GRAALVM_HOME=/home/zakkak/code/graal-oracle/sdk/latest_graalvm_home
19:53:43,340 [ test-runner:setup-807 @ target-host ] test -d "$GRAALVM_HOME"
19:53:43,340 [ test-runner:setup-807 @ target-host ] regex: .*
19:53:43,752 [ test-runner:setup-807 @ target-host ] test -x "$GRAALVM_HOME/bin/native-image"
19:53:43,752 [ test-runner:setup-807 @ target-host ] regex: .*
19:53:43,752 [ test-runner:setup-807 @ target-host ] Showing GraalVM version
19:53:44,258 [ test-runner:setup-807 @ target-host ] $GRAALVM_HOME/bin/java -version
openjdk version "25.0.1" 2025-10-21
OpenJDK Runtime Environment GraalVM CE 25.1.0-dev+8.1 (build 25.0.1+8-jvmci-25.1-b14)
OpenJDK 64-Bit Server VM GraalVM CE 25.1.0-dev+8.1 (build 25.0.1+8-jvmci-25.1-b14, mixed mode, sharing)
19:53:44,259 [ test-runner:setup-807 @ target-host ] script-cmd: ensure-java
19:53:44,259 [ test-runner:setup-807 @ target-host ] ensure-java
19:53:44,260 [ test-runner:setup-807 @ target-host ] read-state: /home/zakkak/jvms/jdk-21.0.9+10
19:53:44,260 [ test-runner:setup-807 @ target-host ] 
19:53:44,261 [ test-runner:setup-807 @ target-host ] Using locally installed Java from /home/zakkak/jvms/jdk-21.0.9+10
19:53:44,664 [ test-runner:setup-807 @ target-host ] export JAVA_HOME=/home/zakkak/jvms/jdk-21.0.9+10
19:53:45,066 [ test-runner:setup-807 @ target-host ] export PATH=$JAVA_HOME/bin:$PATH
19:53:45,468 [ test-runner:setup-807 @ target-host ] test -d "$JAVA_HOME"
19:53:45,468 [ test-runner:setup-807 @ target-host ] regex: .*
19:53:45,870 [ test-runner:setup-807 @ target-host ] test -x "$JAVA_HOME/bin/java"
19:53:45,870 [ test-runner:setup-807 @ target-host ] regex: .*
19:53:45,871 [ test-runner:setup-807 @ target-host ] Showing Java version
19:53:46,293 [ test-runner:setup-807 @ target-host ] java -version
openjdk version "21.0.9" 2025-10-21 LTS
OpenJDK Runtime Environment Temurin-21.0.9+10 (build 21.0.9+10-LTS)
OpenJDK 64-Bit Server VM Temurin-21.0.9+10 (build 21.0.9+10-LTS, mixed mode, sharing)
19:53:46,294 [ test-runner:setup-807 @ target-host ] script-cmd: ensure-git
19:53:46,294 [ test-runner:setup-807 @ target-host ] ensure-git
19:53:46,294 [ test-runner:setup-807 @ target-host ] script-cmd: ensure-git-${{os}}
19:53:46,295 [ test-runner:setup-807 @ target-host ] ensure-git-linux
19:53:46,295 [ test-runner:setup-807 @ target-host ] script-cmd: check-and-install-package
19:53:46,295 [ test-runner:setup-807 @ target-host ] check-and-install-package
19:53:46,708 [ test-runner:setup-807 @ target-host ] which git
/usr/bin/git
19:53:46,709 [ test-runner:setup-807 @ target-host ] script-cmd: ensure-gcc
19:53:46,709 [ test-runner:setup-807 @ target-host ] ensure-gcc
19:53:46,709 [ test-runner:setup-807 @ target-host ] script-cmd: ensure-gcc-${{os}}
19:53:46,709 [ test-runner:setup-807 @ target-host ] ensure-gcc-linux
19:53:46,710 [ test-runner:setup-807 @ target-host ] script-cmd: check-and-install-package
19:53:46,710 [ test-runner:setup-807 @ target-host ] check-and-install-package
19:53:47,122 [ test-runner:setup-807 @ target-host ] which gcc
/usr/bin/gcc
19:53:47,123 [ test-runner:setup-807 @ target-host ] script-cmd: ensure-jbang
19:53:47,123 [ test-runner:setup-807 @ target-host ] ensure-jbang
19:53:47,123 [ test-runner:setup-807 @ target-host ] script-cmd: ensure-jbang-${{os}}
19:53:47,124 [ test-runner:setup-807 @ target-host ] ensure-jbang-linux
19:53:47,528 [ test-runner:setup-807 @ target-host ] which jbang
~/.sdkman/candidates/jbang/current/bin/jbang
19:53:47,528 [ test-runner:setup-807 @ target-host ] script-cmd: ensure-jvm-opts
19:53:47,528 [ test-runner:setup-807 @ target-host ] ensure-jvm-opts
19:53:47,528 [ test-runner:setup-807 @ target-host ] read-state: config.profiler.name
19:53:47,529 [ test-runner:setup-807 @ target-host ] script-cmd: clone-repo
19:53:47,529 [ test-runner:setup-807 @ target-host ] clone-repo
19:53:47,529 [ test-runner:setup-807 @ target-host ] script-cmd: sudo
19:53:47,529 [ test-runner:setup-807 @ target-host ] sudo
19:53:47,530 [ test-runner:setup-807 @ target-host ] script-cmd: sudo-${{os}}
19:53:47,530 [ test-runner:setup-807 @ target-host ] sudo-linux
19:53:47,976 [ test-runner:setup-807 @ target-host ] sudo rm -Rf /home/zakkak/spring-quarkus-perf-comparison/logs
]3008;start=2c9e584373ff43b3aa8829de0d7c90d7;user=zakkak;hostname=blanc;machineid=f469a615e9ef4e81b7d5be080a5de373;bootid=0e917e08584a49cb891ef04366e00ace;pid=329261;pidfdid=329262;comm=sudo;targetuser=root;sessionid=c298;type=session\]3008;end=2c9e584373ff43b3aa8829de0d7c90d7\
19:53:48,379 [ test-runner:setup-807 @ target-host ] mkdir -p /home/zakkak/spring-quarkus-perf-comparison/logs
19:53:48,781 [ test-runner:setup-807 @ target-host ] cd /home/zakkak/spring-quarkus-perf-comparison
19:53:48,782 [ test-runner:setup-807 @ target-host ] Cloning project repo main@https://github.com/quarkusio/spring-quarkus-perf-comparison.git
19:53:49,199 [ test-runner:setup-807 @ target-host ] git clone -b main https://github.com/quarkusio/spring-quarkus-perf-comparison.git
fatal: destination path 'spring-quarkus-perf-comparison' already exists and is not an empty directory.
19:53:49,601 [ test-runner:setup-807 @ target-host ] cd spring-quarkus-perf-comparison
19:53:49,601 [ test-runner:setup-807 @ target-host ] Checked out repo
19:53:50,013 [ test-runner:setup-807 @ target-host ] git remote get-url origin
https://github.com/quarkusio/spring-quarkus-perf-comparison.git
19:53:50,417 [ test-runner:setup-807 @ target-host ] git branch --show-current
main
19:53:50,417 [ test-runner:setup-807 @ target-host ] script-cmd: capture-repo-info
19:53:50,417 [ test-runner:setup-807 @ target-host ] capture-repo-info
19:53:50,819 [ test-runner:setup-807 @ target-host ] cd /home/zakkak/spring-quarkus-perf-comparison/spring-quarkus-perf-comparison
19:53:51,223 [ test-runner:setup-807 @ target-host ] git rev-parse HEAD
14e9ae9b8bc5ec009f5c1108ca2171ce3867ffb2
19:53:51,223 [ test-runner:setup-807 @ target-host ] set-state: RUN.config.repo.commit 14e9ae9b8bc5ec009f5c1108ca2171ce3867ffb2
19:53:51,629 [ test-runner:setup-807 @ target-host ] git rev-parse --short HEAD
14e9ae9
19:53:51,629 [ test-runner:setup-807 @ target-host ] set-state: RUN.config.repo.short_commit 14e9ae9
19:53:51,629 [ test-runner:setup-807 @ target-host ] read-state: tuned
19:53:51,629 [ test-runner:setup-807 @ target-host ] 
19:53:51,630 [ test-runner:setup-807 @ target-host ] regex: tuned
19:53:51,630 [ test-runner:setup-807 @ target-host ] set-state: RUN.config.repo.scenarioName Tuned
19:53:51,630 [ test-runner:setup-807 @ target-host ] script-cmd: stop-test-services
19:53:51,630 [ test-runner:setup-807 @ target-host ] stop-test-services
19:53:52,057 [ test-runner:setup-807 @ target-host ] /home/zakkak/spring-quarkus-perf-comparison/spring-quarkus-perf-comparison/scripts/infra.sh -d
Using podman to stop containers
-----------------------------------------
[03/11/2026 19:53:51]: Stopping services
-----------------------------------------
Stopping PostgreSQL database 'fruits_db'
Error: no container with name or ID "fruits_db" found: no such container
19:53:52,057 [ test-runner:setup-807 @ target-host ] script-cmd: start-timestamp
19:53:52,058 [ test-runner:setup-807 @ target-host ] start-timestamp
19:53:52,461 [ test-runner:setup-807 @ target-host ] date -u +%FT%TZ
2026-03-11T17:53:52Z
19:53:52,461 [ test-runner:setup-807 @ target-host ] set-state: RUN.output.timing.start 2026-03-11T17:53:52Z
19:53:52,568 [ test-runner:setup-807 @ target-host ] stop-env: export PATH="/home/zakkak/jvms/jdk-21.0.9+10/bin:/home/zakkak/.jbang/bin:/home/zakkak/.local/bin:/home/zakkak/bin:/home/zakkak/.npm-global/bin:/home/zakkak/.jbang/bin:/home/zakkak/.sdkman/candidates/quarkus/current/bin:/home/zakkak/.sdkman/candidates/maven/current/bin:/home/zakkak/.sdkman/candidates/jreleaser/current/bin:/home/zakkak/.sdkman/candidates/jbang/current/bin:/home/zakkak/.sdkman/candidates/java/current/bin:/home/zakkak/.sdkman/candidates/gradle/current/bin:/home/zakkak/.local/share/JetBrains/Toolbox/apps/intellij-idea-ultimate/bin:/home/zakkak/bin:/home/zakkak/.local/bin:/home/zakkak/.cargo/bin:/usr/local/bin:/usr/bin"  JAVA_HOME="/home/zakkak/jvms/jdk-21.0.9+10"  GRAALVM_HOME="/home/zakkak/code/graal-oracle/sdk/latest_graalvm_home"
19:53:52,944 [ test-runner:run-tests-983 @ target-host ] script-cmd: run-tests
19:53:52,944 [ test-runner:run-tests-983 @ target-host ] run-tests
19:53:53,366 [ test-runner:run-tests-983 @ target-host ] java -version
openjdk version "21.0.9" 2025-10-21 LTS
OpenJDK Runtime Environment Temurin-21.0.9+10 (build 21.0.9+10-LTS)
OpenJDK 64-Bit Server VM Temurin-21.0.9+10 (build 21.0.9+10-LTS, mixed mode, sharing)
19:53:53,768 [ test-runner:run-tests-983 @ target-host ] echo $$
329341
19:53:53,769 [ test-runner:run-tests-983 @ target-host ] set-state: RUN.SHELL_PID 329341
19:53:54,245 [ test-runner:run-tests-983 @ target-host ] for-each: RUNTIME = quarkus3-native
19:53:54,253 [ test-runner:run-tests-983 @ target-host ] set-state: RUNTIMECMD {"updateScript":"update-quarkus-version","runCmd":"taskset --cpu-list 0-3 /home/zakkak/spring-quarkus-perf-comparison/spring-quarkus-perf-comparison/quarkus3/target/quarkus3-runner ","updateVersion":"999-SNAPSHOT","buildCmd":"./mvnw  clean package -DskipTests -Pnative -Dquarkus.native.additional-build-args-append=--future-defaults=run-time-initialize-file-system-providers","name":"quarkus3-native","type":"native","dir":"/home/zakkak/spring-quarkus-perf-comparison/spring-quarkus-perf-comparison/quarkus3","logFileStartedRegex":".*quarkus3.+started in.*"}
19:53:54,253 [ test-runner:run-tests-983 @ target-host ] Updating version: 999-SNAPSHOT
19:53:54,254 [ test-runner:run-tests-983 @ target-host ] script-cmd: ${{RUNTIMECMD.updateScript:abort-script-not-found}}
19:53:54,254 [ test-runner:run-tests-983 @ target-host ] update-quarkus-version
19:53:54,254 [ test-runner:run-tests-983 @ target-host ] script-cmd: check-dependency-exists
19:53:54,254 [ test-runner:run-tests-983 @ target-host ] check-dependency-exists
19:53:54,656 [ test-runner:run-tests-983 @ target-host ] cd /home/zakkak/spring-quarkus-perf-comparison/spring-quarkus-perf-comparison/quarkus3
19:53:56,932 [ test-runner:run-tests-983 @ target-host ] ./mvnw dependency:get -Dartifact=io.quarkus:quarkus-bom:999-SNAPSHOT -Dpackaging=pom
[INFO] Scanning for projects...
[WARNING] Quarkus Maven extension: an explicit 'argLine' is defined in maven-surefire-plugin config, but does not contain '@{argLine}': we will not be able to inject JVM parameters automatically. Please add '@{argLine}' to the argLine configuration you have defined.
[INFO] 
[INFO] -------------------------< org.acme:quarkus3 >--------------------------
[INFO] Building quarkus3 1.0
[INFO]   from pom.xml
[INFO] ------------------------------[ quarkus ]-------------------------------
[INFO] 
[INFO] --- dependency:3.7.0:get (default-cli) @ quarkus3 ---
[INFO] Resolving io.quarkus:quarkus-bom:pom:999-SNAPSHOT with transitive dependencies
[INFO] ------------------------------------------------------------------------
[INFO] BUILD SUCCESS
[INFO] ------------------------------------------------------------------------
[INFO] Total time:  1.098 s
[INFO] Finished at: 2026-03-11T19:53:56+02:00
[INFO] ------------------------------------------------------------------------
19:53:56,933 [ test-runner:run-tests-983 @ target-host ] 
19:53:56,933 [ test-runner:run-tests-983 @ target-host ] Artifact io.quarkus:quarkus-bom:999-SNAPSHOT is available in maven central
19:53:58,955 [ test-runner:run-tests-983 @ target-host ] ./mvnw versions:set-property -Dproperty=quarkus.platform.version -DnewVersion=999-SNAPSHOT
[INFO] Scanning for projects...
[WARNING] Quarkus Maven extension: an explicit 'argLine' is defined in maven-surefire-plugin config, but does not contain '@{argLine}': we will not be able to inject JVM parameters automatically. Please add '@{argLine}' to the argLine configuration you have defined.
[INFO] 
[INFO] -------------------------< org.acme:quarkus3 >--------------------------
[INFO] Building quarkus3 1.0
[INFO]   from pom.xml
[INFO] ------------------------------[ quarkus ]-------------------------------
[INFO] 
[INFO] --- versions:2.21.0:set-property (default-cli) @ quarkus3 ---
[INFO] ------------------------------------------------------------------------
[INFO] BUILD SUCCESS
[INFO] ------------------------------------------------------------------------
[INFO] Total time:  0.957 s
[INFO] Finished at: 2026-03-11T19:53:58+02:00
[INFO] ------------------------------------------------------------------------
19:53:58,956 [ test-runner:run-tests-983 @ target-host ] Testing: quarkus3-native
19:53:58,964 [ test-runner:run-tests-983 @ target-host ] for-each: TEST = measure-build-times
19:53:58,964 [ test-runner:run-tests-983 @ target-host ] script-cmd: ${{TEST}}
19:53:58,964 [ test-runner:run-tests-983 @ target-host ] measure-build-times
19:53:58,964 [ test-runner:run-tests-983 @ target-host ] Build times
19:53:59,366 [ test-runner:run-tests-983 @ target-host ] cd /home/zakkak/spring-quarkus-perf-comparison/spring-quarkus-perf-comparison/quarkus3
19:53:59,367 [ test-runner:run-tests-983 @ target-host ] JVM version
19:53:59,790 [ test-runner:run-tests-983 @ target-host ] java -version
openjdk version "21.0.9" 2025-10-21 LTS
OpenJDK Runtime Environment Temurin-21.0.9+10 (build 21.0.9+10-LTS)
OpenJDK 64-Bit Server VM Temurin-21.0.9+10 (build 21.0.9+10-LTS, mixed mode, sharing)
19:53:59,790 [ test-runner:run-tests-983 @ target-host ] Graal VM Version
19:54:00,226 [ test-runner:run-tests-983 @ target-host ] $GRAALVM_HOME/bin/java -version
openjdk version "25.0.1" 2025-10-21
OpenJDK Runtime Environment GraalVM CE 25.1.0-dev+8.1 (build 25.0.1+8-jvmci-25.1-b14)
OpenJDK 64-Bit Server VM GraalVM CE 25.1.0-dev+8.1 (build 25.0.1+8-jvmci-25.1-b14, mixed mode, sharing)
19:54:00,227 [ test-runner:run-tests-983 @ target-host ] set-state: TYPE native
19:54:00,685 [ test-runner:run-tests-983 @ target-host ] for-each: ITERATION = 0
19:54:00,687 [ test-runner:run-tests-983 @ target-host ] queue-download: ${{REPO_DIR}}/logs/build-times-${{RUNTIME.name}}-${{ITERATION}}.log=/home/zakkak/spring-quarkus-perf-comparison/logs/build-times-quarkus3-native-0.log ../../20260311/run-time-initialize-file-system-providers/target-host/
19:54:00,687 [ test-runner:run-tests-983 @ target-host ] script-cmd: sync-drop-fs-cache
19:54:00,687 [ test-runner:run-tests-983 @ target-host ] sync-drop-fs-cache
19:54:00,687 [ test-runner:run-tests-983 @ target-host ] read-state: true
19:54:00,688 [ test-runner:run-tests-983 @ target-host ] regex: true
19:54:01,119 [ test-runner:run-tests-983 @ target-host ] sync
19:54:01,120 [ test-runner:run-tests-983 @ target-host ] script-cmd: sync-drop-fs-cache-${{os}}
19:54:01,120 [ test-runner:run-tests-983 @ target-host ] sync-drop-fs-cache-linux
19:54:01,120 [ test-runner:run-tests-983 @ target-host ] script-cmd: sudo
19:54:01,120 [ test-runner:run-tests-983 @ target-host ] sudo
19:54:01,121 [ test-runner:run-tests-983 @ target-host ] script-cmd: sudo-${{os}}
19:54:01,121 [ test-runner:run-tests-983 @ target-host ] sudo-linux
19:54:01,896 [ test-runner:run-tests-983 @ target-host ] sudo sh -c "echo 3 > /proc/sys/vm/drop_caches"
]3008;start=d4a464e4aed54dceb0ebd2a9a1827289;user=zakkak;hostname=blanc;machineid=f469a615e9ef4e81b7d5be080a5de373;bootid=0e917e08584a49cb891ef04366e00ace;pid=329950;pidfdid=329951;comm=sudo;targetuser=root;sessionid=c299;type=session\]3008;end=d4a464e4aed54dceb0ebd2a9a1827289\
19:54:47,058 [ test-runner:run-tests-983 @ target-host ] /usr/bin/time -p ./mvnw  clean package -DskipTests -Pnative -Dquarkus.native.additional-build-args-append=--future-defaults=run-time-initialize-file-system-providers 2>&1 >/home/zakkak/spring-quarkus-perf-comparison/logs/build-times-quarkus3-native-0.log | grep real | awk '{print $2}'
44.74
19:54:47,059 [ test-runner:run-tests-983 @ target-host ] set-state: BUILD_TIME 44.74
19:54:47,059 [ test-runner:run-tests-983 @ target-host ] script-cmd: state-array-push
19:54:47,059 [ test-runner:run-tests-983 @ target-host ] state-array-push
19:54:47,349 [ test-runner:run-tests-983 @ target-host ] set-state: RUN.output.results.quarkus3-native.build.timings [44.74]
19:54:47,349 [ test-runner:run-tests-983 @ target-host ] read-state: native
19:54:47,349 [ test-runner:run-tests-983 @ target-host ] regex: native
19:54:47,755 [ test-runner:run-tests-983 @ target-host ] sed -n 's/.*Peak RSS: \([0-9.]*\)\(GB\|GiB\).*/\1/p' /home/zakkak/spring-quarkus-perf-comparison/logs/build-times-quarkus3-native-0.log
4.80
19:54:47,755 [ test-runner:run-tests-983 @ target-host ] set-state: NATIVE_BUILD_RSS 4.80
19:54:47,756 [ test-runner:run-tests-983 @ target-host ] script-cmd: state-array-push
19:54:47,756 [ test-runner:run-tests-983 @ target-host ] state-array-push
19:54:47,932 [ test-runner:run-tests-983 @ target-host ] set-state: RUN.output.results.quarkus3-native.build.native.rss [4.8]
19:54:48,038 [ test-runner:run-tests-983 @ target-host ] for-each: ITERATION = 1
19:54:48,039 [ test-runner:run-tests-983 @ target-host ] queue-download: ${{REPO_DIR}}/logs/build-times-${{RUNTIME.name}}-${{ITERATION}}.log=/home/zakkak/spring-quarkus-perf-comparison/logs/build-times-quarkus3-native-1.log ../../20260311/run-time-initialize-file-system-providers/target-host/
19:54:48,039 [ test-runner:run-tests-983 @ target-host ] script-cmd: sync-drop-fs-cache
19:54:48,039 [ test-runner:run-tests-983 @ target-host ] sync-drop-fs-cache
19:54:48,039 [ test-runner:run-tests-983 @ target-host ] read-state: true
19:54:48,039 [ test-runner:run-tests-983 @ target-host ] regex: true
19:54:48,607 [ test-runner:run-tests-983 @ target-host ] sync
19:54:48,607 [ test-runner:run-tests-983 @ target-host ] script-cmd: sync-drop-fs-cache-${{os}}
19:54:48,608 [ test-runner:run-tests-983 @ target-host ] sync-drop-fs-cache-linux
19:54:48,608 [ test-runner:run-tests-983 @ target-host ] script-cmd: sudo
19:54:48,608 [ test-runner:run-tests-983 @ target-host ] sudo
19:54:48,608 [ test-runner:run-tests-983 @ target-host ] script-cmd: sudo-${{os}}
19:54:48,608 [ test-runner:run-tests-983 @ target-host ] sudo-linux
19:54:49,438 [ test-runner:run-tests-983 @ target-host ] sudo sh -c "echo 3 > /proc/sys/vm/drop_caches"
]3008;start=376bc3c053454bab94e67432f0732a69;user=zakkak;hostname=blanc;machineid=f469a615e9ef4e81b7d5be080a5de373;bootid=0e917e08584a49cb891ef04366e00ace;pid=330623;pidfdid=330624;comm=sudo;targetuser=root;sessionid=c300;type=session\]3008;end=376bc3c053454bab94e67432f0732a69\
19:55:34,882 [ test-runner:run-tests-983 @ target-host ] /usr/bin/time -p ./mvnw  clean package -DskipTests -Pnative -Dquarkus.native.additional-build-args-append=--future-defaults=run-time-initialize-file-system-providers 2>&1 >/home/zakkak/spring-quarkus-perf-comparison/logs/build-times-quarkus3-native-1.log | grep real | awk '{print $2}'
45.03
19:55:34,882 [ test-runner:run-tests-983 @ target-host ] set-state: BUILD_TIME 45.03
19:55:34,882 [ test-runner:run-tests-983 @ target-host ] script-cmd: state-array-push
19:55:34,883 [ test-runner:run-tests-983 @ target-host ] state-array-push
19:55:34,948 [ test-runner:run-tests-983 @ target-host ] set-state: RUN.output.results.quarkus3-native.build.timings [44.74,45.03]
19:55:34,948 [ test-runner:run-tests-983 @ target-host ] read-state: native
19:55:34,948 [ test-runner:run-tests-983 @ target-host ] regex: native
19:55:35,353 [ test-runner:run-tests-983 @ target-host ] sed -n 's/.*Peak RSS: \([0-9.]*\)\(GB\|GiB\).*/\1/p' /home/zakkak/spring-quarkus-perf-comparison/logs/build-times-quarkus3-native-1.log
4.72
19:55:35,353 [ test-runner:run-tests-983 @ target-host ] set-state: NATIVE_BUILD_RSS 4.72
19:55:35,353 [ test-runner:run-tests-983 @ target-host ] script-cmd: state-array-push
19:55:35,353 [ test-runner:run-tests-983 @ target-host ] state-array-push
19:55:35,410 [ test-runner:run-tests-983 @ target-host ] set-state: RUN.output.results.quarkus3-native.build.native.rss [4.8,4.72]
19:55:35,501 [ test-runner:run-tests-983 @ target-host ] for-each: ITERATION = 2
19:55:35,501 [ test-runner:run-tests-983 @ target-host ] queue-download: ${{REPO_DIR}}/logs/build-times-${{RUNTIME.name}}-${{ITERATION}}.log=/home/zakkak/spring-quarkus-perf-comparison/logs/build-times-quarkus3-native-2.log ../../20260311/run-time-initialize-file-system-providers/target-host/
19:55:35,501 [ test-runner:run-tests-983 @ target-host ] script-cmd: sync-drop-fs-cache
19:55:35,501 [ test-runner:run-tests-983 @ target-host ] sync-drop-fs-cache
19:55:35,501 [ test-runner:run-tests-983 @ target-host ] read-state: true
19:55:35,502 [ test-runner:run-tests-983 @ target-host ] regex: true
19:55:36,063 [ test-runner:run-tests-983 @ target-host ] sync
19:55:36,063 [ test-runner:run-tests-983 @ target-host ] script-cmd: sync-drop-fs-cache-${{os}}
19:55:36,063 [ test-runner:run-tests-983 @ target-host ] sync-drop-fs-cache-linux
19:55:36,064 [ test-runner:run-tests-983 @ target-host ] script-cmd: sudo
19:55:36,064 [ test-runner:run-tests-983 @ target-host ] sudo
19:55:36,064 [ test-runner:run-tests-983 @ target-host ] script-cmd: sudo-${{os}}
19:55:36,064 [ test-runner:run-tests-983 @ target-host ] sudo-linux
19:55:36,894 [ test-runner:run-tests-983 @ target-host ] sudo sh -c "echo 3 > /proc/sys/vm/drop_caches"
]3008;start=cbb29383186543fca17fea96c80eadd9;user=zakkak;hostname=blanc;machineid=f469a615e9ef4e81b7d5be080a5de373;bootid=0e917e08584a49cb891ef04366e00ace;pid=331231;pidfdid=331232;comm=sudo;targetuser=root;sessionid=c301;type=session\]3008;end=cbb29383186543fca17fea96c80eadd9\
19:56:22,277 [ test-runner:run-tests-983 @ target-host ] /usr/bin/time -p ./mvnw  clean package -DskipTests -Pnative -Dquarkus.native.additional-build-args-append=--future-defaults=run-time-initialize-file-system-providers 2>&1 >/home/zakkak/spring-quarkus-perf-comparison/logs/build-times-quarkus3-native-2.log | grep real | awk '{print $2}'
44.97
19:56:22,277 [ test-runner:run-tests-983 @ target-host ] set-state: BUILD_TIME 44.97
19:56:22,277 [ test-runner:run-tests-983 @ target-host ] script-cmd: state-array-push
19:56:22,277 [ test-runner:run-tests-983 @ target-host ] state-array-push
19:56:22,343 [ test-runner:run-tests-983 @ target-host ] set-state: RUN.output.results.quarkus3-native.build.timings [44.74,45.03,44.97]
19:56:22,343 [ test-runner:run-tests-983 @ target-host ] read-state: native
19:56:22,343 [ test-runner:run-tests-983 @ target-host ] regex: native
19:56:22,748 [ test-runner:run-tests-983 @ target-host ] sed -n 's/.*Peak RSS: \([0-9.]*\)\(GB\|GiB\).*/\1/p' /home/zakkak/spring-quarkus-perf-comparison/logs/build-times-quarkus3-native-2.log
4.73
19:56:22,748 [ test-runner:run-tests-983 @ target-host ] set-state: NATIVE_BUILD_RSS 4.73
19:56:22,749 [ test-runner:run-tests-983 @ target-host ] script-cmd: state-array-push
19:56:22,749 [ test-runner:run-tests-983 @ target-host ] state-array-push
19:56:22,802 [ test-runner:run-tests-983 @ target-host ] set-state: RUN.output.results.quarkus3-native.build.native.rss [4.8,4.72,4.73]
19:56:22,877 [ test-runner:run-tests-983 @ target-host ] for-each: ITERATION = 3
19:56:22,878 [ test-runner:run-tests-983 @ target-host ] queue-download: ${{REPO_DIR}}/logs/build-times-${{RUNTIME.name}}-${{ITERATION}}.log=/home/zakkak/spring-quarkus-perf-comparison/logs/build-times-quarkus3-native-3.log ../../20260311/run-time-initialize-file-system-providers/target-host/
19:56:22,878 [ test-runner:run-tests-983 @ target-host ] script-cmd: sync-drop-fs-cache
19:56:22,878 [ test-runner:run-tests-983 @ target-host ] sync-drop-fs-cache
19:56:22,878 [ test-runner:run-tests-983 @ target-host ] read-state: true
19:56:22,878 [ test-runner:run-tests-983 @ target-host ] regex: true
19:56:23,428 [ test-runner:run-tests-983 @ target-host ] sync
19:56:23,429 [ test-runner:run-tests-983 @ target-host ] script-cmd: sync-drop-fs-cache-${{os}}
19:56:23,429 [ test-runner:run-tests-983 @ target-host ] sync-drop-fs-cache-linux
19:56:23,429 [ test-runner:run-tests-983 @ target-host ] script-cmd: sudo
19:56:23,429 [ test-runner:run-tests-983 @ target-host ] sudo
19:56:23,429 [ test-runner:run-tests-983 @ target-host ] script-cmd: sudo-${{os}}
19:56:23,429 [ test-runner:run-tests-983 @ target-host ] sudo-linux
19:56:24,259 [ test-runner:run-tests-983 @ target-host ] sudo sh -c "echo 3 > /proc/sys/vm/drop_caches"
]3008;start=ffc23d82c0a34d61b91b40ce7e4dcfc0;user=zakkak;hostname=blanc;machineid=f469a615e9ef4e81b7d5be080a5de373;bootid=0e917e08584a49cb891ef04366e00ace;pid=331837;pidfdid=331838;comm=sudo;targetuser=root;sessionid=c302;type=session\]3008;end=ffc23d82c0a34d61b91b40ce7e4dcfc0\
19:57:09,513 [ test-runner:run-tests-983 @ target-host ] /usr/bin/time -p ./mvnw  clean package -DskipTests -Pnative -Dquarkus.native.additional-build-args-append=--future-defaults=run-time-initialize-file-system-providers 2>&1 >/home/zakkak/spring-quarkus-perf-comparison/logs/build-times-quarkus3-native-3.log | grep real | awk '{print $2}'
44.84
19:57:09,514 [ test-runner:run-tests-983 @ target-host ] set-state: BUILD_TIME 44.84
19:57:09,514 [ test-runner:run-tests-983 @ target-host ] script-cmd: state-array-push
19:57:09,514 [ test-runner:run-tests-983 @ target-host ] state-array-push
19:57:09,568 [ test-runner:run-tests-983 @ target-host ] set-state: RUN.output.results.quarkus3-native.build.timings [44.74,45.03,44.97,44.84]
19:57:09,568 [ test-runner:run-tests-983 @ target-host ] read-state: native
19:57:09,568 [ test-runner:run-tests-983 @ target-host ] regex: native
19:57:09,973 [ test-runner:run-tests-983 @ target-host ] sed -n 's/.*Peak RSS: \([0-9.]*\)\(GB\|GiB\).*/\1/p' /home/zakkak/spring-quarkus-perf-comparison/logs/build-times-quarkus3-native-3.log
4.82
19:57:09,973 [ test-runner:run-tests-983 @ target-host ] set-state: NATIVE_BUILD_RSS 4.82
19:57:09,974 [ test-runner:run-tests-983 @ target-host ] script-cmd: state-array-push
19:57:09,974 [ test-runner:run-tests-983 @ target-host ] state-array-push
19:57:10,025 [ test-runner:run-tests-983 @ target-host ] set-state: RUN.output.results.quarkus3-native.build.native.rss [4.8,4.72,4.73,4.82]
19:57:10,107 [ test-runner:run-tests-983 @ target-host ] for-each: ITERATION = 4
19:57:10,107 [ test-runner:run-tests-983 @ target-host ] queue-download: ${{REPO_DIR}}/logs/build-times-${{RUNTIME.name}}-${{ITERATION}}.log=/home/zakkak/spring-quarkus-perf-comparison/logs/build-times-quarkus3-native-4.log ../../20260311/run-time-initialize-file-system-providers/target-host/
19:57:10,108 [ test-runner:run-tests-983 @ target-host ] script-cmd: sync-drop-fs-cache
19:57:10,108 [ test-runner:run-tests-983 @ target-host ] sync-drop-fs-cache
19:57:10,108 [ test-runner:run-tests-983 @ target-host ] read-state: true
19:57:10,108 [ test-runner:run-tests-983 @ target-host ] regex: true
19:57:10,654 [ test-runner:run-tests-983 @ target-host ] sync
19:57:10,655 [ test-runner:run-tests-983 @ target-host ] script-cmd: sync-drop-fs-cache-${{os}}
19:57:10,655 [ test-runner:run-tests-983 @ target-host ] sync-drop-fs-cache-linux
19:57:10,655 [ test-runner:run-tests-983 @ target-host ] script-cmd: sudo
19:57:10,655 [ test-runner:run-tests-983 @ target-host ] sudo
19:57:10,655 [ test-runner:run-tests-983 @ target-host ] script-cmd: sudo-${{os}}
19:57:10,655 [ test-runner:run-tests-983 @ target-host ] sudo-linux
19:57:11,492 [ test-runner:run-tests-983 @ target-host ] sudo sh -c "echo 3 > /proc/sys/vm/drop_caches"
]3008;start=59bc9710cada44479a5a52eeec10fd3e;user=zakkak;hostname=blanc;machineid=f469a615e9ef4e81b7d5be080a5de373;bootid=0e917e08584a49cb891ef04366e00ace;pid=332454;pidfdid=332455;comm=sudo;targetuser=root;sessionid=c303;type=session\]3008;end=59bc9710cada44479a5a52eeec10fd3e\
19:57:56,002 [ test-runner:run-tests-983 @ target-host ] /usr/bin/time -p ./mvnw  clean package -DskipTests -Pnative -Dquarkus.native.additional-build-args-append=--future-defaults=run-time-initialize-file-system-providers 2>&1 >/home/zakkak/spring-quarkus-perf-comparison/logs/build-times-quarkus3-native-4.log | grep real | awk '{print $2}'
44.09
19:57:56,002 [ test-runner:run-tests-983 @ target-host ] set-state: BUILD_TIME 44.09
19:57:56,002 [ test-runner:run-tests-983 @ target-host ] script-cmd: state-array-push
19:57:56,002 [ test-runner:run-tests-983 @ target-host ] state-array-push
19:57:56,059 [ test-runner:run-tests-983 @ target-host ] set-state: RUN.output.results.quarkus3-native.build.timings [44.74,45.03,44.97,44.84,44.09]
19:57:56,059 [ test-runner:run-tests-983 @ target-host ] read-state: native
19:57:56,059 [ test-runner:run-tests-983 @ target-host ] regex: native
19:57:56,464 [ test-runner:run-tests-983 @ target-host ] sed -n 's/.*Peak RSS: \([0-9.]*\)\(GB\|GiB\).*/\1/p' /home/zakkak/spring-quarkus-perf-comparison/logs/build-times-quarkus3-native-4.log
5.08
19:57:56,464 [ test-runner:run-tests-983 @ target-host ] set-state: NATIVE_BUILD_RSS 5.08
19:57:56,464 [ test-runner:run-tests-983 @ target-host ] script-cmd: state-array-push
19:57:56,464 [ test-runner:run-tests-983 @ target-host ] state-array-push
19:57:56,515 [ test-runner:run-tests-983 @ target-host ] set-state: RUN.output.results.quarkus3-native.build.native.rss [4.8,4.72,4.73,4.82,5.08]
19:57:56,582 [ test-runner:run-tests-983 @ target-host ] for-each: ITERATION = 5
19:57:56,583 [ test-runner:run-tests-983 @ target-host ] queue-download: ${{REPO_DIR}}/logs/build-times-${{RUNTIME.name}}-${{ITERATION}}.log=/home/zakkak/spring-quarkus-perf-comparison/logs/build-times-quarkus3-native-5.log ../../20260311/run-time-initialize-file-system-providers/target-host/
19:57:56,583 [ test-runner:run-tests-983 @ target-host ] script-cmd: sync-drop-fs-cache
19:57:56,583 [ test-runner:run-tests-983 @ target-host ] sync-drop-fs-cache
19:57:56,583 [ test-runner:run-tests-983 @ target-host ] read-state: true
19:57:56,583 [ test-runner:run-tests-983 @ target-host ] regex: true
19:57:57,137 [ test-runner:run-tests-983 @ target-host ] sync
19:57:57,137 [ test-runner:run-tests-983 @ target-host ] script-cmd: sync-drop-fs-cache-${{os}}
19:57:57,137 [ test-runner:run-tests-983 @ target-host ] sync-drop-fs-cache-linux
19:57:57,137 [ test-runner:run-tests-983 @ target-host ] script-cmd: sudo
19:57:57,137 [ test-runner:run-tests-983 @ target-host ] sudo
19:57:57,138 [ test-runner:run-tests-983 @ target-host ] script-cmd: sudo-${{os}}
19:57:57,138 [ test-runner:run-tests-983 @ target-host ] sudo-linux
19:57:57,971 [ test-runner:run-tests-983 @ target-host ] sudo sh -c "echo 3 > /proc/sys/vm/drop_caches"
]3008;start=e00603a485d04380b130266ba82a920e;user=zakkak;hostname=blanc;machineid=f469a615e9ef4e81b7d5be080a5de373;bootid=0e917e08584a49cb891ef04366e00ace;pid=333066;pidfdid=333067;comm=sudo;targetuser=root;sessionid=c304;type=session\]3008;end=e00603a485d04380b130266ba82a920e\
19:58:43,153 [ test-runner:run-tests-983 @ target-host ] /usr/bin/time -p ./mvnw  clean package -DskipTests -Pnative -Dquarkus.native.additional-build-args-append=--future-defaults=run-time-initialize-file-system-providers 2>&1 >/home/zakkak/spring-quarkus-perf-comparison/logs/build-times-quarkus3-native-5.log | grep real | awk '{print $2}'
44.77
19:58:43,154 [ test-runner:run-tests-983 @ target-host ] set-state: BUILD_TIME 44.77
19:58:43,154 [ test-runner:run-tests-983 @ target-host ] script-cmd: state-array-push
19:58:43,154 [ test-runner:run-tests-983 @ target-host ] state-array-push
19:58:43,210 [ test-runner:run-tests-983 @ target-host ] set-state: RUN.output.results.quarkus3-native.build.timings [44.74,45.03,44.97,44.84,44.09,44.77]
19:58:43,210 [ test-runner:run-tests-983 @ target-host ] read-state: native
19:58:43,210 [ test-runner:run-tests-983 @ target-host ] regex: native
19:58:43,614 [ test-runner:run-tests-983 @ target-host ] sed -n 's/.*Peak RSS: \([0-9.]*\)\(GB\|GiB\).*/\1/p' /home/zakkak/spring-quarkus-perf-comparison/logs/build-times-quarkus3-native-5.log
4.75
19:58:43,615 [ test-runner:run-tests-983 @ target-host ] set-state: NATIVE_BUILD_RSS 4.75
19:58:43,615 [ test-runner:run-tests-983 @ target-host ] script-cmd: state-array-push
19:58:43,615 [ test-runner:run-tests-983 @ target-host ] state-array-push
19:58:43,665 [ test-runner:run-tests-983 @ target-host ] set-state: RUN.output.results.quarkus3-native.build.native.rss [4.8,4.72,4.73,4.82,5.08,4.75]
19:58:43,728 [ test-runner:run-tests-983 @ target-host ] for-each: ITERATION = 6
19:58:43,728 [ test-runner:run-tests-983 @ target-host ] queue-download: ${{REPO_DIR}}/logs/build-times-${{RUNTIME.name}}-${{ITERATION}}.log=/home/zakkak/spring-quarkus-perf-comparison/logs/build-times-quarkus3-native-6.log ../../20260311/run-time-initialize-file-system-providers/target-host/
19:58:43,728 [ test-runner:run-tests-983 @ target-host ] script-cmd: sync-drop-fs-cache
19:58:43,728 [ test-runner:run-tests-983 @ target-host ] sync-drop-fs-cache
19:58:43,728 [ test-runner:run-tests-983 @ target-host ] read-state: true
19:58:43,729 [ test-runner:run-tests-983 @ target-host ] regex: true
19:58:44,271 [ test-runner:run-tests-983 @ target-host ] sync
19:58:44,271 [ test-runner:run-tests-983 @ target-host ] script-cmd: sync-drop-fs-cache-${{os}}
19:58:44,271 [ test-runner:run-tests-983 @ target-host ] sync-drop-fs-cache-linux
19:58:44,271 [ test-runner:run-tests-983 @ target-host ] script-cmd: sudo
19:58:44,271 [ test-runner:run-tests-983 @ target-host ] sudo
19:58:44,271 [ test-runner:run-tests-983 @ target-host ] script-cmd: sudo-${{os}}
19:58:44,271 [ test-runner:run-tests-983 @ target-host ] sudo-linux
19:58:45,107 [ test-runner:run-tests-983 @ target-host ] sudo sh -c "echo 3 > /proc/sys/vm/drop_caches"
]3008;start=e750ef31e5c149bc85efc5275bfdc49e;user=zakkak;hostname=blanc;machineid=f469a615e9ef4e81b7d5be080a5de373;bootid=0e917e08584a49cb891ef04366e00ace;pid=333689;pidfdid=333690;comm=sudo;targetuser=root;sessionid=c305;type=session\]3008;end=e750ef31e5c149bc85efc5275bfdc49e\
19:59:29,639 [ test-runner:run-tests-983 @ target-host ] /usr/bin/time -p ./mvnw  clean package -DskipTests -Pnative -Dquarkus.native.additional-build-args-append=--future-defaults=run-time-initialize-file-system-providers 2>&1 >/home/zakkak/spring-quarkus-perf-comparison/logs/build-times-quarkus3-native-6.log | grep real | awk '{print $2}'
44.11
19:59:29,639 [ test-runner:run-tests-983 @ target-host ] set-state: BUILD_TIME 44.11
19:59:29,639 [ test-runner:run-tests-983 @ target-host ] script-cmd: state-array-push
19:59:29,639 [ test-runner:run-tests-983 @ target-host ] state-array-push
19:59:29,696 [ test-runner:run-tests-983 @ target-host ] set-state: RUN.output.results.quarkus3-native.build.timings [44.74,45.03,44.97,44.84,44.09,44.77,44.11]
19:59:29,696 [ test-runner:run-tests-983 @ target-host ] read-state: native
19:59:29,696 [ test-runner:run-tests-983 @ target-host ] regex: native
19:59:30,101 [ test-runner:run-tests-983 @ target-host ] sed -n 's/.*Peak RSS: \([0-9.]*\)\(GB\|GiB\).*/\1/p' /home/zakkak/spring-quarkus-perf-comparison/logs/build-times-quarkus3-native-6.log
4.88
19:59:30,101 [ test-runner:run-tests-983 @ target-host ] set-state: NATIVE_BUILD_RSS 4.88
19:59:30,101 [ test-runner:run-tests-983 @ target-host ] script-cmd: state-array-push
19:59:30,101 [ test-runner:run-tests-983 @ target-host ] state-array-push
19:59:30,147 [ test-runner:run-tests-983 @ target-host ] set-state: RUN.output.results.quarkus3-native.build.native.rss [4.8,4.72,4.73,4.82,5.08,4.75,4.88]
19:59:30,215 [ test-runner:run-tests-983 @ target-host ] for-each: ITERATION = 7
19:59:30,216 [ test-runner:run-tests-983 @ target-host ] queue-download: ${{REPO_DIR}}/logs/build-times-${{RUNTIME.name}}-${{ITERATION}}.log=/home/zakkak/spring-quarkus-perf-comparison/logs/build-times-quarkus3-native-7.log ../../20260311/run-time-initialize-file-system-providers/target-host/
19:59:30,216 [ test-runner:run-tests-983 @ target-host ] script-cmd: sync-drop-fs-cache
19:59:30,216 [ test-runner:run-tests-983 @ target-host ] sync-drop-fs-cache
19:59:30,216 [ test-runner:run-tests-983 @ target-host ] read-state: true
19:59:30,216 [ test-runner:run-tests-983 @ target-host ] regex: true
19:59:30,757 [ test-runner:run-tests-983 @ target-host ] sync
19:59:30,757 [ test-runner:run-tests-983 @ target-host ] script-cmd: sync-drop-fs-cache-${{os}}
19:59:30,758 [ test-runner:run-tests-983 @ target-host ] sync-drop-fs-cache-linux
19:59:30,758 [ test-runner:run-tests-983 @ target-host ] script-cmd: sudo
19:59:30,758 [ test-runner:run-tests-983 @ target-host ] sudo
19:59:30,758 [ test-runner:run-tests-983 @ target-host ] script-cmd: sudo-${{os}}
19:59:30,758 [ test-runner:run-tests-983 @ target-host ] sudo-linux
19:59:31,639 [ test-runner:run-tests-983 @ target-host ] sudo sh -c "echo 3 > /proc/sys/vm/drop_caches"
]3008;start=acbc2f2a94f4456a90a16778cf5638e4;user=zakkak;hostname=blanc;machineid=f469a615e9ef4e81b7d5be080a5de373;bootid=0e917e08584a49cb891ef04366e00ace;pid=334293;pidfdid=334294;comm=sudo;targetuser=root;sessionid=c306;type=session\]3008;end=acbc2f2a94f4456a90a16778cf5638e4\
20:00:17,060 [ test-runner:run-tests-983 @ target-host ] /usr/bin/time -p ./mvnw  clean package -DskipTests -Pnative -Dquarkus.native.additional-build-args-append=--future-defaults=run-time-initialize-file-system-providers 2>&1 >/home/zakkak/spring-quarkus-perf-comparison/logs/build-times-quarkus3-native-7.log | grep real | awk '{print $2}'
45.00
20:00:17,060 [ test-runner:run-tests-983 @ target-host ] set-state: BUILD_TIME 45.00
20:00:17,060 [ test-runner:run-tests-983 @ target-host ] script-cmd: state-array-push
20:00:17,060 [ test-runner:run-tests-983 @ target-host ] state-array-push
20:00:17,114 [ test-runner:run-tests-983 @ target-host ] set-state: RUN.output.results.quarkus3-native.build.timings [44.74,45.03,44.97,44.84,44.09,44.77,44.11,45]
20:00:17,114 [ test-runner:run-tests-983 @ target-host ] read-state: native
20:00:17,114 [ test-runner:run-tests-983 @ target-host ] regex: native
20:00:17,518 [ test-runner:run-tests-983 @ target-host ] sed -n 's/.*Peak RSS: \([0-9.]*\)\(GB\|GiB\).*/\1/p' /home/zakkak/spring-quarkus-perf-comparison/logs/build-times-quarkus3-native-7.log
4.65
20:00:17,519 [ test-runner:run-tests-983 @ target-host ] set-state: NATIVE_BUILD_RSS 4.65
20:00:17,519 [ test-runner:run-tests-983 @ target-host ] script-cmd: state-array-push
20:00:17,519 [ test-runner:run-tests-983 @ target-host ] state-array-push
20:00:17,563 [ test-runner:run-tests-983 @ target-host ] set-state: RUN.output.results.quarkus3-native.build.native.rss [4.8,4.72,4.73,4.82,5.08,4.75,4.88,4.65]
20:00:17,631 [ test-runner:run-tests-983 @ target-host ] for-each: ITERATION = 8
20:00:17,631 [ test-runner:run-tests-983 @ target-host ] queue-download: ${{REPO_DIR}}/logs/build-times-${{RUNTIME.name}}-${{ITERATION}}.log=/home/zakkak/spring-quarkus-perf-comparison/logs/build-times-quarkus3-native-8.log ../../20260311/run-time-initialize-file-system-providers/target-host/
20:00:17,632 [ test-runner:run-tests-983 @ target-host ] script-cmd: sync-drop-fs-cache
20:00:17,632 [ test-runner:run-tests-983 @ target-host ] sync-drop-fs-cache
20:00:17,632 [ test-runner:run-tests-983 @ target-host ] read-state: true
20:00:17,632 [ test-runner:run-tests-983 @ target-host ] regex: true
20:00:18,182 [ test-runner:run-tests-983 @ target-host ] sync
20:00:18,182 [ test-runner:run-tests-983 @ target-host ] script-cmd: sync-drop-fs-cache-${{os}}
20:00:18,182 [ test-runner:run-tests-983 @ target-host ] sync-drop-fs-cache-linux
20:00:18,182 [ test-runner:run-tests-983 @ target-host ] script-cmd: sudo
20:00:18,182 [ test-runner:run-tests-983 @ target-host ] sudo
20:00:18,183 [ test-runner:run-tests-983 @ target-host ] script-cmd: sudo-${{os}}
20:00:18,183 [ test-runner:run-tests-983 @ target-host ] sudo-linux
20:00:19,060 [ test-runner:run-tests-983 @ target-host ] sudo sh -c "echo 3 > /proc/sys/vm/drop_caches"
]3008;start=947f6718e5b846ebb4b1b96cb590d911;user=zakkak;hostname=blanc;machineid=f469a615e9ef4e81b7d5be080a5de373;bootid=0e917e08584a49cb891ef04366e00ace;pid=334901;pidfdid=334902;comm=sudo;targetuser=root;sessionid=c307;type=session\]3008;end=947f6718e5b846ebb4b1b96cb590d911\
20:01:04,210 [ test-runner:run-tests-983 @ target-host ] /usr/bin/time -p ./mvnw  clean package -DskipTests -Pnative -Dquarkus.native.additional-build-args-append=--future-defaults=run-time-initialize-file-system-providers 2>&1 >/home/zakkak/spring-quarkus-perf-comparison/logs/build-times-quarkus3-native-8.log | grep real | awk '{print $2}'
44.74
20:01:04,210 [ test-runner:run-tests-983 @ target-host ] set-state: BUILD_TIME 44.74
20:01:04,210 [ test-runner:run-tests-983 @ target-host ] script-cmd: state-array-push
20:01:04,211 [ test-runner:run-tests-983 @ target-host ] state-array-push
20:01:04,266 [ test-runner:run-tests-983 @ target-host ] set-state: RUN.output.results.quarkus3-native.build.timings [44.74,45.03,44.97,44.84,44.09,44.77,44.11,45,44.74]
20:01:04,266 [ test-runner:run-tests-983 @ target-host ] read-state: native
20:01:04,266 [ test-runner:run-tests-983 @ target-host ] regex: native
20:01:04,669 [ test-runner:run-tests-983 @ target-host ] sed -n 's/.*Peak RSS: \([0-9.]*\)\(GB\|GiB\).*/\1/p' /home/zakkak/spring-quarkus-perf-comparison/logs/build-times-quarkus3-native-8.log
4.81
20:01:04,670 [ test-runner:run-tests-983 @ target-host ] set-state: NATIVE_BUILD_RSS 4.81
20:01:04,670 [ test-runner:run-tests-983 @ target-host ] script-cmd: state-array-push
20:01:04,670 [ test-runner:run-tests-983 @ target-host ] state-array-push
20:01:04,719 [ test-runner:run-tests-983 @ target-host ] set-state: RUN.output.results.quarkus3-native.build.native.rss [4.8,4.72,4.73,4.82,5.08,4.75,4.88,4.65,4.81]
20:01:04,789 [ test-runner:run-tests-983 @ target-host ] for-each: ITERATION = 9
20:01:04,789 [ test-runner:run-tests-983 @ target-host ] queue-download: ${{REPO_DIR}}/logs/build-times-${{RUNTIME.name}}-${{ITERATION}}.log=/home/zakkak/spring-quarkus-perf-comparison/logs/build-times-quarkus3-native-9.log ../../20260311/run-time-initialize-file-system-providers/target-host/
20:01:04,789 [ test-runner:run-tests-983 @ target-host ] script-cmd: sync-drop-fs-cache
20:01:04,789 [ test-runner:run-tests-983 @ target-host ] sync-drop-fs-cache
20:01:04,790 [ test-runner:run-tests-983 @ target-host ] read-state: true
20:01:04,790 [ test-runner:run-tests-983 @ target-host ] regex: true
20:01:05,337 [ test-runner:run-tests-983 @ target-host ] sync
20:01:05,337 [ test-runner:run-tests-983 @ target-host ] script-cmd: sync-drop-fs-cache-${{os}}
20:01:05,337 [ test-runner:run-tests-983 @ target-host ] sync-drop-fs-cache-linux
20:01:05,337 [ test-runner:run-tests-983 @ target-host ] script-cmd: sudo
20:01:05,337 [ test-runner:run-tests-983 @ target-host ] sudo
20:01:05,337 [ test-runner:run-tests-983 @ target-host ] script-cmd: sudo-${{os}}
20:01:05,337 [ test-runner:run-tests-983 @ target-host ] sudo-linux
20:01:06,201 [ test-runner:run-tests-983 @ target-host ] sudo sh -c "echo 3 > /proc/sys/vm/drop_caches"
]3008;start=4e392fdd9c9a473a92668fa527287f2a;user=zakkak;hostname=blanc;machineid=f469a615e9ef4e81b7d5be080a5de373;bootid=0e917e08584a49cb891ef04366e00ace;pid=335515;pidfdid=335516;comm=sudo;targetuser=root;sessionid=c308;type=session\]3008;end=4e392fdd9c9a473a92668fa527287f2a\
20:01:52,143 [ test-runner:run-tests-983 @ target-host ] /usr/bin/time -p ./mvnw  clean package -DskipTests -Pnative -Dquarkus.native.additional-build-args-append=--future-defaults=run-time-initialize-file-system-providers 2>&1 >/home/zakkak/spring-quarkus-perf-comparison/logs/build-times-quarkus3-native-9.log | grep real | awk '{print $2}'
45.52
20:01:52,144 [ test-runner:run-tests-983 @ target-host ] set-state: BUILD_TIME 45.52
20:01:52,144 [ test-runner:run-tests-983 @ target-host ] script-cmd: state-array-push
20:01:52,144 [ test-runner:run-tests-983 @ target-host ] state-array-push
20:01:52,197 [ test-runner:run-tests-983 @ target-host ] set-state: RUN.output.results.quarkus3-native.build.timings [44.74,45.03,44.97,44.84,44.09,44.77,44.11,45,44.74,45.52]
20:01:52,197 [ test-runner:run-tests-983 @ target-host ] read-state: native
20:01:52,197 [ test-runner:run-tests-983 @ target-host ] regex: native
20:01:52,601 [ test-runner:run-tests-983 @ target-host ] sed -n 's/.*Peak RSS: \([0-9.]*\)\(GB\|GiB\).*/\1/p' /home/zakkak/spring-quarkus-perf-comparison/logs/build-times-quarkus3-native-9.log
4.87
20:01:52,602 [ test-runner:run-tests-983 @ target-host ] set-state: NATIVE_BUILD_RSS 4.87
20:01:52,602 [ test-runner:run-tests-983 @ target-host ] script-cmd: state-array-push
20:01:52,602 [ test-runner:run-tests-983 @ target-host ] state-array-push
20:01:52,646 [ test-runner:run-tests-983 @ target-host ] set-state: RUN.output.results.quarkus3-native.build.native.rss [4.8,4.72,4.73,4.82,5.08,4.75,4.88,4.65,4.81,4.87]
20:01:52,712 [ test-runner:run-tests-983 @ target-host ] for-each: ITERATION
20:01:52,713 [ test-runner:run-tests-983 @ target-host ] script-cmd: state-array-calc-avg
20:01:52,713 [ test-runner:run-tests-983 @ target-host ] state-array-calc-avg
20:01:52,768 [ test-runner:run-tests-983 @ target-host ] set-state: RUN.output.results.quarkus3-native.build.avBuildTime 44.781
20:01:52,768 [ test-runner:run-tests-983 @ target-host ] read-state: native
20:01:52,769 [ test-runner:run-tests-983 @ target-host ] regex: native
20:01:52,769 [ test-runner:run-tests-983 @ target-host ] script-cmd: state-array-calc-avg
20:01:52,769 [ test-runner:run-tests-983 @ target-host ] state-array-calc-avg
20:01:52,813 [ test-runner:run-tests-983 @ target-host ] set-state: RUN.output.results.quarkus3-native.build.avNativeRSS 4.811
20:01:53,217 [ test-runner:run-tests-983 @ target-host ] sed -n 's/^[[:space:]]*\([0-9.]*\)\(MB\|MiB\) in total image size.*/\1/p' /home/zakkak/spring-quarkus-perf-comparison/logs/build-times-quarkus3-native-0.log
86.46
20:01:53,218 [ test-runner:run-tests-983 @ target-host ] set-state: RUN.output.results.quarkus3-native.build.native.binarySize 86.46
20:01:53,622 [ test-runner:run-tests-983 @ target-host ] cat /home/zakkak/spring-quarkus-perf-comparison/logs/build-times-quarkus3-native-0.log | grep "types.*fields.*methods found reachable" | awk '{print $1}'
22,672
20:01:53,623 [ test-runner:run-tests-983 @ target-host ] set-state: RUN.output.results.quarkus3-native.build.classCount 22,672
20:01:54,027 [ test-runner:run-tests-983 @ target-host ] cat /home/zakkak/spring-quarkus-perf-comparison/logs/build-times-quarkus3-native-0.log | grep "types.*fields.*methods found reachable" | awk '{print $3}'
29,263
20:01:54,027 [ test-runner:run-tests-983 @ target-host ] set-state: RUN.output.results.quarkus3-native.build.fieldCount 29,263
20:01:54,431 [ test-runner:run-tests-983 @ target-host ] cat /home/zakkak/spring-quarkus-perf-comparison/logs/build-times-quarkus3-native-0.log | grep "types.*fields.*methods found reachable" | awk '{print $6}'
106,767
20:01:54,431 [ test-runner:run-tests-983 @ target-host ] set-state: RUN.output.results.quarkus3-native.build.methodCount 106,767
20:01:54,835 [ test-runner:run-tests-983 @ target-host ] cat /home/zakkak/spring-quarkus-perf-comparison/logs/build-times-quarkus3-native-0.log | grep "types.*fields.*methods registered for reflection" | awk '{print $1}'
7,976
20:01:54,835 [ test-runner:run-tests-983 @ target-host ] set-state: RUN.output.results.quarkus3-native.build.reflectionClassCount 7,976
20:01:55,239 [ test-runner:run-tests-983 @ target-host ] cat /home/zakkak/spring-quarkus-perf-comparison/logs/build-times-quarkus3-native-0.log | grep "types.*fields.*methods registered for reflection" | awk '{print $3}'
169
20:01:55,239 [ test-runner:run-tests-983 @ target-host ] set-state: RUN.output.results.quarkus3-native.build.reflectionFieldCount 169
20:01:55,643 [ test-runner:run-tests-983 @ target-host ] cat /home/zakkak/spring-quarkus-perf-comparison/logs/build-times-quarkus3-native-0.log | grep "types.*fields.*methods registered for reflection" | awk '{print $6}'
5,206
20:01:55,643 [ test-runner:run-tests-983 @ target-host ] set-state: RUN.output.results.quarkus3-native.build.reflectionMethodCount 5,206
20:01:55,644 [ test-runner:run-tests-983 @ target-host ] for-each: TEST = measure-time-to-first-request
20:01:55,644 [ test-runner:run-tests-983 @ target-host ] script-cmd: ${{TEST}}
20:01:55,644 [ test-runner:run-tests-983 @ target-host ] measure-time-to-first-request
20:01:55,644 [ test-runner:run-tests-983 @ target-host ] Measuring Time to first request
20:01:56,066 [ test-runner:run-tests-983 @ target-host ] java -version
openjdk version "21.0.9" 2025-10-21 LTS
OpenJDK Runtime Environment Temurin-21.0.9+10 (build 21.0.9+10-LTS)
OpenJDK 64-Bit Server VM Temurin-21.0.9+10 (build 21.0.9+10-LTS, mixed mode, sharing)
20:01:56,468 [ test-runner:run-tests-983 @ target-host ] cd /home/zakkak/spring-quarkus-perf-comparison/spring-quarkus-perf-comparison/quarkus3
20:02:39,989 [ test-runner:run-tests-983 @ target-host ] ./mvnw  clean package -DskipTests -Pnative -Dquarkus.native.additional-build-args-append=--future-defaults=run-time-initialize-file-system-providers
[INFO] Scanning for projects...
[WARNING] Quarkus Maven extension: an explicit 'argLine' is defined in maven-surefire-plugin config, but does not contain '@{argLine}': we will not be able to inject JVM parameters automatically. Please add '@{argLine}' to the argLine configuration you have defined.
[INFO] 
[INFO] -------------------------< org.acme:quarkus3 >--------------------------
[INFO] Building quarkus3 1.0
[INFO]   from pom.xml
[INFO] ------------------------------[ quarkus ]-------------------------------
[INFO] 
[INFO] --- clean:3.2.0:clean (default-clean) @ quarkus3 ---
[INFO] Deleting /home/zakkak/spring-quarkus-perf-comparison/spring-quarkus-perf-comparison/quarkus3/target
[INFO] 
[INFO] --- resources:3.3.1:resources (default-resources) @ quarkus3 ---
[WARNING] Using platform encoding (UTF-8 actually) to copy filtered resources, i.e. build is platform dependent!
[INFO] Copying 2 resources from src/main/resources to target/classes
[INFO] 
[INFO] --- quarkus:3.32.2:generate-code (default-generate-code) @ quarkus3 ---
[INFO] 
[INFO] --- compiler:3.15.0:compile (default-compile) @ quarkus3 ---
[INFO] Recompiling the module because of changed source code.
[WARNING] File encoding has not been set, using platform encoding UTF-8, i.e. build is platform dependent!
[INFO] Compiling 16 source files with javac [debug release 21] to target/classes
[INFO] 
[INFO] --- resources:3.3.1:testResources (default-testResources) @ quarkus3 ---
[WARNING] Using platform encoding (UTF-8 actually) to copy filtered resources, i.e. build is platform dependent!
[INFO] skip non existing resourceDirectory /home/zakkak/spring-quarkus-perf-comparison/spring-quarkus-perf-comparison/quarkus3/src/test/resources
[INFO] 
[INFO] --- quarkus:3.32.2:generate-code-tests (default-generate-code-tests) @ quarkus3 ---
[INFO] 
[INFO] --- compiler:3.15.0:testCompile (default-testCompile) @ quarkus3 ---
[INFO] Recompiling the module because of changed dependency.
[WARNING] File encoding has not been set, using platform encoding UTF-8, i.e. build is platform dependent!
[INFO] Compiling 4 source files with javac [debug release 21] to target/test-classes
[INFO] 
[INFO] --- surefire:3.5.5:test (default-test) @ quarkus3 ---
[INFO] Tests are skipped.
[INFO] 
[INFO] --- quarkus:3.32.2:build (default-build) @ quarkus3 ---
[INFO] [io.quarkus.deployment.pkg.jar.NativeImageSourceJarBuilder] Building native image source jar: /home/zakkak/spring-quarkus-perf-comparison/spring-quarkus-perf-comparison/quarkus3/target/quarkus3-native-image-source-jar/quarkus3-runner.jar
[INFO] [io.quarkus.deployment.pkg.steps.NativeImageBuildStep] Building native image from /home/zakkak/spring-quarkus-perf-comparison/spring-quarkus-perf-comparison/quarkus3/target/quarkus3-native-image-source-jar/quarkus3-runner.jar
[INFO] [io.quarkus.deployment.pkg.steps.NativeImageBuildStep] Running Quarkus native-image plugin on GRAALVM 25.1.0-dev JDK 25.0.1+8-jvmci-25.1-b14
[INFO] [io.quarkus.deployment.pkg.steps.NativeImageBuildRunner] /home/zakkak/code/graal-oracle/sdk/latest_graalvm_home/bin/native-image -J-DCoordinatorEnvironmentBean.transactionStatusManagerEnable=false -J-Dsun.nio.ch.maxUpdateArraySize=100 -J-Djava.util.logging.manager=org.jboss.logmanager.LogManager -J-Dvertx.logger-delegate-factory-class-name=io.quarkus.vertx.core.runtime.VertxLogDelegateFactory -J-Dvertx.disableDnsResolver=true -J-Dio.netty.leakDetection.level=DISABLED -J-Dio.netty.allocator.maxOrder=3 -J-Duser.language=en -J-Duser.country=IE -J-Dlogging.initial-configurator.min-level=500 -H:+UnlockExperimentalVMOptions -H:IncludeLocales=en-IE -H:-UnlockExperimentalVMOptions --enable-native-access=ALL-UNNAMED -J-Dfile.encoding=UTF-8 -J--add-exports=org.graalvm.nativeimage.builder/com.oracle.svm.core.jdk=ALL-UNNAMED --features=io.quarkus.jdbc.postgresql.runtime.graal.SQLXMLFeature,io.quarkus.hibernate.validator.runtime.DisableLoggingFeature,io.quarkus.runner.Feature,io.quarkus.runtime.graal.DisableLoggingFeature,io.quarkus.runtime.graal.JVMChecksFeature,io.quarkus.hibernate.orm.runtime.graal.RegisterServicesForReflectionFeature,io.quarkus.hibernate.orm.runtime.graal.DisableLoggingFeature,org.hibernate.graalvm.internal.GraalVMStaticFeature,io.quarkus.caffeine.runtime.graal.CacheConstructorsFeature,io.quarkus.runtime.graal.SkipConsoleServiceProvidersFeature -J--add-exports=java.security.jgss/sun.security.krb5=ALL-UNNAMED -J--add-exports=java.security.jgss/sun.security.jgss=ALL-UNNAMED -J--add-opens=java.base/java.text=ALL-UNNAMED -J--add-opens=java.base/java.io=ALL-UNNAMED -J--add-opens=java.base/java.lang.invoke=ALL-UNNAMED -J--add-opens=java.base/java.util=ALL-UNNAMED -H:+UnlockExperimentalVMOptions -H:BuildOutputJSONFile=quarkus3-runner-build-output-stats.json -H:-UnlockExperimentalVMOptions -H:+UnlockExperimentalVMOptions -H:+GenerateBuildArtifactsFile -H:-UnlockExperimentalVMOptions --future-defaults=run-time-initialize-file-system-providers -H:+UnlockExperimentalVMOptions -H:+AllowFoldMethods -H:-UnlockExperimentalVMOptions -J-Djava.awt.headless=true --no-fallback --link-at-build-time -H:+UnlockExperimentalVMOptions -H:+ReportExceptionStackTraces -H:-UnlockExperimentalVMOptions -H:-AddAllCharsets --enable-url-protocols=http,https -H:NativeLinkerOption=-no-pie --enable-monitoring=heapdump,threaddump -H:+UnlockExperimentalVMOptions -H:-UseServiceLoaderFeature -H:-UnlockExperimentalVMOptions -J--add-exports=org.graalvm.nativeimage/org.graalvm.nativeimage.impl=ALL-UNNAMED --exclude-config io\.netty\.netty-codec /META-INF/native-image/io\.netty/netty-codec/generated/handlers/reflect-config\.json --exclude-config io\.netty\.netty-handler /META-INF/native-image/io\.netty/netty-handler/generated/handlers/reflect-config\.json quarkus3-runner -jar quarkus3-runner.jar
Warning: Using a deprecated option --no-fallback from command line. No effect, no replacement available
Warning: Option 'FallbackThreshold' is deprecated and might be removed in a future release: It no longer has any effect, and no replacement is available. Please refer to the GraalVM release notes.
Warning: Option 'DynamicProxyConfigurationResources' is deprecated and might be removed in a future release: This can be caused by a proxy-config.json file in your META-INF directory. Consider including proxy configuration in the reflection section of reachability-metadata.json instead.. Please refer to the GraalVM release notes.
========================================================================================================================
GraalVM Native Image: Generating 'quarkus3-runner' (executable)...
========================================================================================================================
For detailed information and explanations on the build output, visit:
https://github.com/oracle/graal/blob/master/docs/reference-manual/native-image/BuildOutput.md
------------------------------------------------------------------------------------------------------------------------
[1/8] Initializing...                                                                                   (4.0s @ 0.44GiB)
 Builder configuration:
 - Java version: 25.0.1+8, vendor version: GraalVM CE 25.1.0-dev+8.1
 - Graal compiler: optimization level: 2, target machine: x86-64-v3
 - C compiler: gcc (redhat, x86_64, 15.2.1)
 - Assertions: disabled, system assertions: disabled
 - 11 user-specific feature(s):
   - io.quarkus.caffeine.runtime.graal.CacheConstructorsFeature
   - io.quarkus.hibernate.orm.runtime.graal.DisableLoggingFeature: Disables INFO logging during the analysis phase
   - io.quarkus.hibernate.orm.runtime.graal.RegisterServicesForReflectionFeature: Makes methods of reachable Hibernate services accessible through Class#getMethods()
   - io.quarkus.hibernate.validator.runtime.DisableLoggingFeature: Disables INFO logging during the analysis phase for the [org.hibernate.validator.internal.util.Version] categories
   - io.quarkus.jdbc.postgresql.runtime.graal.SQLXMLFeature
   - io.quarkus.runner.Feature: Auto-generated class by Quarkus from the existing extensions
   - io.quarkus.runtime.graal.DisableLoggingFeature: Adapts logging during the analysis phase
   - io.quarkus.runtime.graal.JVMChecksFeature
   - io.quarkus.runtime.graal.SkipConsoleServiceProvidersFeature: Skip unsupported console service providers when quarkus.native.auto-service-loader-registration is false
   - org.eclipse.angus.activation.nativeimage.AngusActivationFeature
   - org.hibernate.graalvm.internal.GraalVMStaticFeature: Hibernate ORM's static reflection registrations for GraalVM
 Image configuration:
 - Garbage collector: Serial GC (max heap size: 80% of RAM)
 - Assertions: disabled (class-specific config may apply), system assertions: disabled
------------------------------------------------------------------------------------------------------------------------
 5 experimental option(s) unlocked:
 - '-H:+AllowFoldMethods' (origin(s): command line)
 - '-H:BuildOutputJSONFile' (origin(s): command line)
 - '-H:-UseServiceLoaderFeature' (origin(s): command line)
 - '-H:+GenerateBuildArtifactsFile' (origin(s): command line)
 - '-H:AddOpens' (alternative API option(s): --add-opens java.base/java.lang=ALL-UNNAMED; origin(s): command line)
------------------------------------------------------------------------------------------------------------------------
Build resources:
 - 30.00GiB of memory (48.4% of system memory, capped at 30GiB)
 - 32 thread(s) (100.0% of 32 available processor(s), determined at start)
[2/8] Performing analysis...  [********]                                                                (8.5s @ 2.80GiB)
   22,679 types,  29,264 fields, and 106,781 methods found reachable
    7,976 types,     169 fields, and   5,238 methods registered for reflection
       63 types,      69 fields, and      55 methods registered for JNI access
      105 resource accesses registered with 188.29KiB total size
        4 native libraries: dl, pthread, rt, z
[3/8] Building universe...                                                                              (2.8s @ 3.15GiB)
[4/8] Parsing methods...      [*]                                                                       (1.2s @ 3.22GiB)
[5/8] Inlining methods...     [****]                                                                    (0.7s @ 2.70GiB)
[6/8] Compiling methods...    [***]                                                                     (7.8s @ 1.95GiB)
[7/8] Laying out methods...   [***]                                                                     (5.9s @ 2.57GiB)
[8/8] Creating image...       [**]                                                                      (3.8s @ 3.02GiB)
  36.15MiB (41.82%) for code area:    71,485 compilation units
  43.94MiB (50.82%) for image heap:  500,847 objects and 16 resources
   6.37MiB ( 7.37%) for other data
  86.46MiB in total image size, 80.69MiB in total file size
------------------------------------------------------------------------------------------------------------------------
Top 10 origins of code area:                                Top 10 object types in image heap:
   1.52MiB java.base/sun.security.ssl                         11.57MiB byte[] for code metadata
   1.05MiB java.base/java.util                                 6.44MiB byte[] for string data
 854.33KiB o.g.n.runtime/com.oracle.svm.core.code              4.33MiB o.g.n.runtime/c.o.s.core.hub.DynamicHubCompanion
 697.23KiB java.base/com.sun.crypto.provider                   4.11MiB java.base/java.lang.String
 637.13KiB jdk.proxy4/jdk.proxy4                               3.37MiB java.base/java.lang.Class
 533.01KiB java.base/java.lang                                 1.44MiB byte[] for reflection metadata
 532.04KiB io.netty.buffer                                     1.13MiB byte[] for general heap data
 506.32KiB java.base/java.lang.invoke                        905.50KiB java.base/java.lang.Object[]
 468.03KiB org.postgresql.jdbc                               832.50KiB java.base/java.lang.reflect.Method
 460.62KiB org.hibernate.query.hql.internal                  799.88KiB o.g.n.runtime/c.o.s.c.h.ImageReflectionMetadata
  27.95MiB for 984 more packages                               9.08MiB for 5196 more object types
------------------------------------------------------------------------------------------------------------------------
Recommendations:
 FUTR: Use '--future-defaults=all' to prepare for future releases.
 HEAP: Set max heap for improved and more predictable memory usage.
 CPU:  Enable more CPU features with '-march=native' for improved performance.
------------------------------------------------------------------------------------------------------------------------
                       2.8s (7.6% of total time) in 304 GCs | Peak RSS: 4.79GiB | CPU load: 15.11
------------------------------------------------------------------------------------------------------------------------
Build artifacts:
 /home/zakkak/spring-quarkus-perf-comparison/spring-quarkus-perf-comparison/quarkus3/target/quarkus3-native-image-source-jar/build-artifacts.json (build_info, 92B)
 /home/zakkak/spring-quarkus-perf-comparison/spring-quarkus-perf-comparison/quarkus3/target/quarkus3-native-image-source-jar/quarkus3-runner (executable, 80.69MiB)
 /home/zakkak/spring-quarkus-perf-comparison/spring-quarkus-perf-comparison/quarkus3/target/quarkus3-native-image-source-jar/quarkus3-runner-build-output-stats.json (build_info, 1.01KiB)
========================================================================================================================
Finished generating 'quarkus3-runner' in 36.1s.

The build process encountered 3 warnings.

[INFO] [io.quarkus.deployment.pkg.steps.NativeImageBuildRunner] objcopy --strip-debug quarkus3-runner
[INFO] [io.quarkus.deployment.QuarkusAugmentor] Quarkus augmentation completed in 39487ms
[INFO] ------------------------------------------------------------------------
[INFO] BUILD SUCCESS
[INFO] ------------------------------------------------------------------------
[INFO] Total time:  42.415 s
[INFO] Finished at: 2026-03-11T20:02:39+02:00
[INFO] ------------------------------------------------------------------------
20:02:40,033 [ test-runner:run-tests-983 @ target-host ] for-each: ITERATION = 0
20:02:40,033 [ test-runner:run-tests-983 @ target-host ] queue-download: ${{REPO_DIR}}/logs/measure-time-to-first-request-${{RUNTIME.name}}-${{ITERATION}}.log=/home/zakkak/spring-quarkus-perf-comparison/logs/measure-time-to-first-request-quarkus3-native-0.log ../../20260311/run-time-initialize-file-system-providers/target-host/
20:02:40,033 [ test-runner:run-tests-983 @ target-host ] script-cmd: start-test-services
20:02:40,033 [ test-runner:run-tests-983 @ target-host ] start-test-services
20:02:51,253 [ test-runner:run-tests-983 @ target-host ] /home/zakkak/spring-quarkus-perf-comparison/spring-quarkus-perf-comparison/scripts/infra.sh -c 3 -p '4-6' -s
Using podman to start containers
-----------------------------------------
[03/11/2026 20:02:40]: Starting services
-----------------------------------------
Starting PostgreSQL database 'fruits_db'
PostgreSQL DB process: d2346e4355c8de7ff291489601edf22ad59f6cb0487168630cb29ae19e9891de
Waiting for PostgreSQL to be ready...
localhost:5432 - no response
localhost:5432 - no response
localhost:5432 - accepting connections
20:02:51,253 [ test-runner:run-tests-983 @ target-host ] script-cmd: sync-drop-fs-cache
20:02:51,253 [ test-runner:run-tests-983 @ target-host ] sync-drop-fs-cache
20:02:51,253 [ test-runner:run-tests-983 @ target-host ] read-state: true
20:02:51,253 [ test-runner:run-tests-983 @ target-host ] regex: true
20:02:51,878 [ test-runner:run-tests-983 @ target-host ] sync
20:02:51,879 [ test-runner:run-tests-983 @ target-host ] script-cmd: sync-drop-fs-cache-${{os}}
20:02:51,879 [ test-runner:run-tests-983 @ target-host ] sync-drop-fs-cache-linux
20:02:51,879 [ test-runner:run-tests-983 @ target-host ] script-cmd: sudo
20:02:51,879 [ test-runner:run-tests-983 @ target-host ] sudo
20:02:51,879 [ test-runner:run-tests-983 @ target-host ] script-cmd: sudo-${{os}}
20:02:51,879 [ test-runner:run-tests-983 @ target-host ] sudo-linux
20:02:52,757 [ test-runner:run-tests-983 @ target-host ] sudo sh -c "echo 3 > /proc/sys/vm/drop_caches"
]3008;start=0f2c195f3aee429fb6ac80954de800fa;user=zakkak;hostname=blanc;machineid=f469a615e9ef4e81b7d5be080a5de373;bootid=0e917e08584a49cb891ef04366e00ace;pid=337053;pidfdid=337054;comm=sudo;targetuser=root;sessionid=c309;type=session\]3008;end=0f2c195f3aee429fb6ac80954de800fa\
20:02:53,163 [ test-runner:run-tests-983 @ target-host ] taskset --cpu-list 0-3 /home/zakkak/spring-quarkus-perf-comparison/spring-quarkus-perf-comparison/quarkus3/target/quarkus3-runner  &>/home/zakkak/spring-quarkus-perf-comparison/logs/measure-time-to-first-request-quarkus3-native-0.log &
[1] 337083
20:02:53,564 [ test-runner:run-tests-983 @ target-host ] APP_PID=$!
20:02:54,022 [ test-runner:run-tests-983 @ target-host ] timeout 60s bash -c "taskset --cpu-list 10 /home/zakkak/spring-quarkus-perf-comparison/spring-quarkus-perf-comparison/scripts/perf-lab/scripts/time-to-1st-request.sh http://localhost:8080/fruits"
39
20:02:54,023 [ test-runner:run-tests-983 @ target-host ] 
20:02:54,023 [ test-runner:run-tests-983 @ target-host ] set-state: START_TIME 39
20:02:54,525 [ test-runner:run-tests-983 @ target-host ] kill -15 $APP_PID
20:02:54,525 [ test-runner:run-tests-983 @ target-host ] script-cmd: state-array-push
20:02:54,525 [ test-runner:run-tests-983 @ target-host ] state-array-push
20:02:54,618 [ test-runner:run-tests-983 @ target-host ] set-state: RUN.output.results.quarkus3-native.startup.timings [39]
20:02:57,022 [ test-runner:run-tests-983 @ target-host ] sleep 2
20:02:57,023 [ test-runner:run-tests-983 @ target-host ] script-cmd: stop-test-services
20:02:57,023 [ test-runner:run-tests-983 @ target-host ] stop-test-services
20:02:57,677 [ test-runner:run-tests-983 @ target-host ] /home/zakkak/spring-quarkus-perf-comparison/spring-quarkus-perf-comparison/scripts/infra.sh -d
Using podman to stop containers
-----------------------------------------
[03/11/2026 20:02:57]: Stopping services
-----------------------------------------
Stopping PostgreSQL database 'fruits_db'
fruits_db
20:02:57,736 [ test-runner:run-tests-983 @ target-host ] for-each: ITERATION = 1
20:02:57,738 [ test-runner:run-tests-983 @ target-host ] queue-download: ${{REPO_DIR}}/logs/measure-time-to-first-request-${{RUNTIME.name}}-${{ITERATION}}.log=/home/zakkak/spring-quarkus-perf-comparison/logs/measure-time-to-first-request-quarkus3-native-1.log ../../20260311/run-time-initialize-file-system-providers/target-host/
20:02:57,738 [ test-runner:run-tests-983 @ target-host ] script-cmd: start-test-services
20:02:57,738 [ test-runner:run-tests-983 @ target-host ] start-test-services
20:03:08,827 [ test-runner:run-tests-983 @ target-host ] /home/zakkak/spring-quarkus-perf-comparison/spring-quarkus-perf-comparison/scripts/infra.sh -c 3 -p '4-6' -s
Using podman to start containers
-----------------------------------------
[03/11/2026 20:02:57]: Starting services
-----------------------------------------
Starting PostgreSQL database 'fruits_db'
PostgreSQL DB process: 07b73e368fa40e13719e050bbaef40a4356ab82ab02499a54741e9a430d9ad3c
Waiting for PostgreSQL to be ready...
localhost:5432 - no response
localhost:5432 - no response
localhost:5432 - accepting connections
20:03:08,828 [ test-runner:run-tests-983 @ target-host ] script-cmd: sync-drop-fs-cache
20:03:08,828 [ test-runner:run-tests-983 @ target-host ] sync-drop-fs-cache
20:03:08,828 [ test-runner:run-tests-983 @ target-host ] read-state: true
20:03:08,828 [ test-runner:run-tests-983 @ target-host ] regex: true
20:03:09,387 [ test-runner:run-tests-983 @ target-host ] sync
20:03:09,387 [ test-runner:run-tests-983 @ target-host ] script-cmd: sync-drop-fs-cache-${{os}}
20:03:09,387 [ test-runner:run-tests-983 @ target-host ] sync-drop-fs-cache-linux
20:03:09,387 [ test-runner:run-tests-983 @ target-host ] script-cmd: sudo
20:03:09,387 [ test-runner:run-tests-983 @ target-host ] sudo
20:03:09,388 [ test-runner:run-tests-983 @ target-host ] script-cmd: sudo-${{os}}
20:03:09,388 [ test-runner:run-tests-983 @ target-host ] sudo-linux
20:03:10,178 [ test-runner:run-tests-983 @ target-host ] sudo sh -c "echo 3 > /proc/sys/vm/drop_caches"
]3008;start=596d28bda7cb4118bd7d7db172930a6b;user=zakkak;hostname=blanc;machineid=f469a615e9ef4e81b7d5be080a5de373;bootid=0e917e08584a49cb891ef04366e00ace;pid=337512;pidfdid=337513;comm=sudo;targetuser=root;sessionid=c310;type=session\]3008;end=596d28bda7cb4118bd7d7db172930a6b\
20:03:10,583 [ test-runner:run-tests-983 @ target-host ] taskset --cpu-list 0-3 /home/zakkak/spring-quarkus-perf-comparison/spring-quarkus-perf-comparison/quarkus3/target/quarkus3-runner  &>/home/zakkak/spring-quarkus-perf-comparison/logs/measure-time-to-first-request-quarkus3-native-1.log &
[1] 337542
20:03:10,984 [ test-runner:run-tests-983 @ target-host ] APP_PID=$!
20:03:11,439 [ test-runner:run-tests-983 @ target-host ] timeout 60s bash -c "taskset --cpu-list 10 /home/zakkak/spring-quarkus-perf-comparison/spring-quarkus-perf-comparison/scripts/perf-lab/scripts/time-to-1st-request.sh http://localhost:8080/fruits"
40
20:03:11,439 [ test-runner:run-tests-983 @ target-host ] 
20:03:11,439 [ test-runner:run-tests-983 @ target-host ] set-state: START_TIME 40
20:03:11,942 [ test-runner:run-tests-983 @ target-host ] kill -15 $APP_PID
20:03:11,942 [ test-runner:run-tests-983 @ target-host ] script-cmd: state-array-push
20:03:11,942 [ test-runner:run-tests-983 @ target-host ] state-array-push
20:03:11,990 [ test-runner:run-tests-983 @ target-host ] set-state: RUN.output.results.quarkus3-native.startup.timings [39,40]
20:03:14,393 [ test-runner:run-tests-983 @ target-host ] sleep 2
20:03:14,393 [ test-runner:run-tests-983 @ target-host ] script-cmd: stop-test-services
20:03:14,393 [ test-runner:run-tests-983 @ target-host ] stop-test-services
20:03:15,031 [ test-runner:run-tests-983 @ target-host ] /home/zakkak/spring-quarkus-perf-comparison/spring-quarkus-perf-comparison/scripts/infra.sh -d
Using podman to stop containers
-----------------------------------------
[03/11/2026 20:03:14]: Stopping services
-----------------------------------------
Stopping PostgreSQL database 'fruits_db'
fruits_db
20:03:15,094 [ test-runner:run-tests-983 @ target-host ] for-each: ITERATION = 2
20:03:15,096 [ test-runner:run-tests-983 @ target-host ] queue-download: ${{REPO_DIR}}/logs/measure-time-to-first-request-${{RUNTIME.name}}-${{ITERATION}}.log=/home/zakkak/spring-quarkus-perf-comparison/logs/measure-time-to-first-request-quarkus3-native-2.log ../../20260311/run-time-initialize-file-system-providers/target-host/
20:03:15,096 [ test-runner:run-tests-983 @ target-host ] script-cmd: start-test-services
20:03:15,096 [ test-runner:run-tests-983 @ target-host ] start-test-services
20:03:26,187 [ test-runner:run-tests-983 @ target-host ] /home/zakkak/spring-quarkus-perf-comparison/spring-quarkus-perf-comparison/scripts/infra.sh -c 3 -p '4-6' -s
Using podman to start containers
-----------------------------------------
[03/11/2026 20:03:15]: Starting services
-----------------------------------------
Starting PostgreSQL database 'fruits_db'
PostgreSQL DB process: 33f6e8dbf5e43642d42c0d8404c0238681fecde344f408e81d0e77e291f966f1
Waiting for PostgreSQL to be ready...
localhost:5432 - no response
localhost:5432 - no response
localhost:5432 - accepting connections
20:03:26,187 [ test-runner:run-tests-983 @ target-host ] script-cmd: sync-drop-fs-cache
20:03:26,187 [ test-runner:run-tests-983 @ target-host ] sync-drop-fs-cache
20:03:26,187 [ test-runner:run-tests-983 @ target-host ] read-state: true
20:03:26,187 [ test-runner:run-tests-983 @ target-host ] regex: true
20:03:26,792 [ test-runner:run-tests-983 @ target-host ] sync
20:03:26,793 [ test-runner:run-tests-983 @ target-host ] script-cmd: sync-drop-fs-cache-${{os}}
20:03:26,793 [ test-runner:run-tests-983 @ target-host ] sync-drop-fs-cache-linux
20:03:26,793 [ test-runner:run-tests-983 @ target-host ] script-cmd: sudo
20:03:26,793 [ test-runner:run-tests-983 @ target-host ] sudo
20:03:26,793 [ test-runner:run-tests-983 @ target-host ] script-cmd: sudo-${{os}}
20:03:26,793 [ test-runner:run-tests-983 @ target-host ] sudo-linux
20:03:27,581 [ test-runner:run-tests-983 @ target-host ] sudo sh -c "echo 3 > /proc/sys/vm/drop_caches"
]3008;start=bf6d1090a40143beb18b2ed571a5a37c;user=zakkak;hostname=blanc;machineid=f469a615e9ef4e81b7d5be080a5de373;bootid=0e917e08584a49cb891ef04366e00ace;pid=337974;pidfdid=337975;comm=sudo;targetuser=root;sessionid=c311;type=session\]3008;end=bf6d1090a40143beb18b2ed571a5a37c\
20:03:27,985 [ test-runner:run-tests-983 @ target-host ] taskset --cpu-list 0-3 /home/zakkak/spring-quarkus-perf-comparison/spring-quarkus-perf-comparison/quarkus3/target/quarkus3-runner  &>/home/zakkak/spring-quarkus-perf-comparison/logs/measure-time-to-first-request-quarkus3-native-2.log &
[1] 338001
20:03:28,387 [ test-runner:run-tests-983 @ target-host ] APP_PID=$!
20:03:28,839 [ test-runner:run-tests-983 @ target-host ] timeout 60s bash -c "taskset --cpu-list 10 /home/zakkak/spring-quarkus-perf-comparison/spring-quarkus-perf-comparison/scripts/perf-lab/scripts/time-to-1st-request.sh http://localhost:8080/fruits"
32
20:03:28,840 [ test-runner:run-tests-983 @ target-host ] 
20:03:28,840 [ test-runner:run-tests-983 @ target-host ] set-state: START_TIME 32
20:03:29,342 [ test-runner:run-tests-983 @ target-host ] kill -15 $APP_PID
20:03:29,342 [ test-runner:run-tests-983 @ target-host ] script-cmd: state-array-push
20:03:29,342 [ test-runner:run-tests-983 @ target-host ] state-array-push
20:03:29,390 [ test-runner:run-tests-983 @ target-host ] set-state: RUN.output.results.quarkus3-native.startup.timings [39,40,32]
20:03:31,793 [ test-runner:run-tests-983 @ target-host ] sleep 2
20:03:31,794 [ test-runner:run-tests-983 @ target-host ] script-cmd: stop-test-services
20:03:31,794 [ test-runner:run-tests-983 @ target-host ] stop-test-services
20:03:32,430 [ test-runner:run-tests-983 @ target-host ] /home/zakkak/spring-quarkus-perf-comparison/spring-quarkus-perf-comparison/scripts/infra.sh -d
Using podman to stop containers
-----------------------------------------
[03/11/2026 20:03:31]: Stopping services
-----------------------------------------
Stopping PostgreSQL database 'fruits_db'
fruits_db
20:03:32,491 [ test-runner:run-tests-983 @ target-host ] for-each: ITERATION = 3
20:03:32,491 [ test-runner:run-tests-983 @ target-host ] queue-download: ${{REPO_DIR}}/logs/measure-time-to-first-request-${{RUNTIME.name}}-${{ITERATION}}.log=/home/zakkak/spring-quarkus-perf-comparison/logs/measure-time-to-first-request-quarkus3-native-3.log ../../20260311/run-time-initialize-file-system-providers/target-host/
20:03:32,491 [ test-runner:run-tests-983 @ target-host ] script-cmd: start-test-services
20:03:32,491 [ test-runner:run-tests-983 @ target-host ] start-test-services
20:03:43,573 [ test-runner:run-tests-983 @ target-host ] /home/zakkak/spring-quarkus-perf-comparison/spring-quarkus-perf-comparison/scripts/infra.sh -c 3 -p '4-6' -s
Using podman to start containers
-----------------------------------------
[03/11/2026 20:03:32]: Starting services
-----------------------------------------
Starting PostgreSQL database 'fruits_db'
PostgreSQL DB process: f51f4b8b2777f292ef40e94f66068318a092a96de57f5f0ee47bfc8333221b24
Waiting for PostgreSQL to be ready...
localhost:5432 - no response
localhost:5432 - no response
localhost:5432 - accepting connections
20:03:43,573 [ test-runner:run-tests-983 @ target-host ] script-cmd: sync-drop-fs-cache
20:03:43,573 [ test-runner:run-tests-983 @ target-host ] sync-drop-fs-cache
20:03:43,574 [ test-runner:run-tests-983 @ target-host ] read-state: true
20:03:43,574 [ test-runner:run-tests-983 @ target-host ] regex: true
20:03:44,138 [ test-runner:run-tests-983 @ target-host ] sync
20:03:44,139 [ test-runner:run-tests-983 @ target-host ] script-cmd: sync-drop-fs-cache-${{os}}
20:03:44,139 [ test-runner:run-tests-983 @ target-host ] sync-drop-fs-cache-linux
20:03:44,139 [ test-runner:run-tests-983 @ target-host ] script-cmd: sudo
20:03:44,139 [ test-runner:run-tests-983 @ target-host ] sudo
20:03:44,139 [ test-runner:run-tests-983 @ target-host ] script-cmd: sudo-${{os}}
20:03:44,139 [ test-runner:run-tests-983 @ target-host ] sudo-linux
20:03:44,951 [ test-runner:run-tests-983 @ target-host ] sudo sh -c "echo 3 > /proc/sys/vm/drop_caches"
]3008;start=478b795b716f4ecaa37db15b690c6ddb;user=zakkak;hostname=blanc;machineid=f469a615e9ef4e81b7d5be080a5de373;bootid=0e917e08584a49cb891ef04366e00ace;pid=338423;pidfdid=338424;comm=sudo;targetuser=root;sessionid=c312;type=session\]3008;end=478b795b716f4ecaa37db15b690c6ddb\
20:03:45,356 [ test-runner:run-tests-983 @ target-host ] taskset --cpu-list 0-3 /home/zakkak/spring-quarkus-perf-comparison/spring-quarkus-perf-comparison/quarkus3/target/quarkus3-runner  &>/home/zakkak/spring-quarkus-perf-comparison/logs/measure-time-to-first-request-quarkus3-native-3.log &
[1] 338453
20:03:45,758 [ test-runner:run-tests-983 @ target-host ] APP_PID=$!
20:03:46,206 [ test-runner:run-tests-983 @ target-host ] timeout 60s bash -c "taskset --cpu-list 10 /home/zakkak/spring-quarkus-perf-comparison/spring-quarkus-perf-comparison/scripts/perf-lab/scripts/time-to-1st-request.sh http://localhost:8080/fruits"
32
20:03:46,206 [ test-runner:run-tests-983 @ target-host ] 
20:03:46,206 [ test-runner:run-tests-983 @ target-host ] set-state: START_TIME 32
20:03:46,708 [ test-runner:run-tests-983 @ target-host ] kill -15 $APP_PID
20:03:46,709 [ test-runner:run-tests-983 @ target-host ] script-cmd: state-array-push
20:03:46,709 [ test-runner:run-tests-983 @ target-host ] state-array-push
20:03:46,752 [ test-runner:run-tests-983 @ target-host ] set-state: RUN.output.results.quarkus3-native.startup.timings [39,40,32,32]
20:03:49,155 [ test-runner:run-tests-983 @ target-host ] sleep 2
20:03:49,155 [ test-runner:run-tests-983 @ target-host ] script-cmd: stop-test-services
20:03:49,155 [ test-runner:run-tests-983 @ target-host ] stop-test-services
20:03:49,812 [ test-runner:run-tests-983 @ target-host ] /home/zakkak/spring-quarkus-perf-comparison/spring-quarkus-perf-comparison/scripts/infra.sh -d
Using podman to stop containers
-----------------------------------------
[03/11/2026 20:03:49]: Stopping services
-----------------------------------------
Stopping PostgreSQL database 'fruits_db'
fruits_db
20:03:49,881 [ test-runner:run-tests-983 @ target-host ] for-each: ITERATION = 4
20:03:49,882 [ test-runner:run-tests-983 @ target-host ] queue-download: ${{REPO_DIR}}/logs/measure-time-to-first-request-${{RUNTIME.name}}-${{ITERATION}}.log=/home/zakkak/spring-quarkus-perf-comparison/logs/measure-time-to-first-request-quarkus3-native-4.log ../../20260311/run-time-initialize-file-system-providers/target-host/
20:03:49,882 [ test-runner:run-tests-983 @ target-host ] script-cmd: start-test-services
20:03:49,882 [ test-runner:run-tests-983 @ target-host ] start-test-services
20:04:00,977 [ test-runner:run-tests-983 @ target-host ] /home/zakkak/spring-quarkus-perf-comparison/spring-quarkus-perf-comparison/scripts/infra.sh -c 3 -p '4-6' -s
Using podman to start containers
-----------------------------------------
[03/11/2026 20:03:49]: Starting services
-----------------------------------------
Starting PostgreSQL database 'fruits_db'
PostgreSQL DB process: 4b56382a033b068c6f191e621737cc265f1ea872681c9579acce65070a4b1a58
Waiting for PostgreSQL to be ready...
localhost:5432 - no response
localhost:5432 - no response
localhost:5432 - accepting connections
20:04:00,977 [ test-runner:run-tests-983 @ target-host ] script-cmd: sync-drop-fs-cache
20:04:00,977 [ test-runner:run-tests-983 @ target-host ] sync-drop-fs-cache
20:04:00,977 [ test-runner:run-tests-983 @ target-host ] read-state: true
20:04:00,977 [ test-runner:run-tests-983 @ target-host ] regex: true
20:04:01,579 [ test-runner:run-tests-983 @ target-host ] sync
20:04:01,579 [ test-runner:run-tests-983 @ target-host ] script-cmd: sync-drop-fs-cache-${{os}}
20:04:01,580 [ test-runner:run-tests-983 @ target-host ] sync-drop-fs-cache-linux
20:04:01,580 [ test-runner:run-tests-983 @ target-host ] script-cmd: sudo
20:04:01,580 [ test-runner:run-tests-983 @ target-host ] sudo
20:04:01,580 [ test-runner:run-tests-983 @ target-host ] script-cmd: sudo-${{os}}
20:04:01,580 [ test-runner:run-tests-983 @ target-host ] sudo-linux
20:04:02,361 [ test-runner:run-tests-983 @ target-host ] sudo sh -c "echo 3 > /proc/sys/vm/drop_caches"
]3008;start=c4cd2f64c5064153b021c0e4533f54bd;user=zakkak;hostname=blanc;machineid=f469a615e9ef4e81b7d5be080a5de373;bootid=0e917e08584a49cb891ef04366e00ace;pid=338883;pidfdid=338884;comm=sudo;targetuser=root;sessionid=c313;type=session\]3008;end=c4cd2f64c5064153b021c0e4533f54bd\
20:04:02,764 [ test-runner:run-tests-983 @ target-host ] taskset --cpu-list 0-3 /home/zakkak/spring-quarkus-perf-comparison/spring-quarkus-perf-comparison/quarkus3/target/quarkus3-runner  &>/home/zakkak/spring-quarkus-perf-comparison/logs/measure-time-to-first-request-quarkus3-native-4.log &
[1] 338914
20:04:03,166 [ test-runner:run-tests-983 @ target-host ] APP_PID=$!
20:04:03,629 [ test-runner:run-tests-983 @ target-host ] timeout 60s bash -c "taskset --cpu-list 10 /home/zakkak/spring-quarkus-perf-comparison/spring-quarkus-perf-comparison/scripts/perf-lab/scripts/time-to-1st-request.sh http://localhost:8080/fruits"
41
20:04:03,629 [ test-runner:run-tests-983 @ target-host ] 
20:04:03,629 [ test-runner:run-tests-983 @ target-host ] set-state: START_TIME 41
20:04:04,131 [ test-runner:run-tests-983 @ target-host ] kill -15 $APP_PID
20:04:04,132 [ test-runner:run-tests-983 @ target-host ] script-cmd: state-array-push
20:04:04,132 [ test-runner:run-tests-983 @ target-host ] state-array-push
20:04:04,181 [ test-runner:run-tests-983 @ target-host ] set-state: RUN.output.results.quarkus3-native.startup.timings [39,40,32,32,41]
20:04:06,584 [ test-runner:run-tests-983 @ target-host ] sleep 2
20:04:06,584 [ test-runner:run-tests-983 @ target-host ] script-cmd: stop-test-services
20:04:06,584 [ test-runner:run-tests-983 @ target-host ] stop-test-services
20:04:07,222 [ test-runner:run-tests-983 @ target-host ] /home/zakkak/spring-quarkus-perf-comparison/spring-quarkus-perf-comparison/scripts/infra.sh -d
Using podman to stop containers
-----------------------------------------
[03/11/2026 20:04:06]: Stopping services
-----------------------------------------
Stopping PostgreSQL database 'fruits_db'
fruits_db
20:04:07,279 [ test-runner:run-tests-983 @ target-host ] for-each: ITERATION = 5
20:04:07,280 [ test-runner:run-tests-983 @ target-host ] queue-download: ${{REPO_DIR}}/logs/measure-time-to-first-request-${{RUNTIME.name}}-${{ITERATION}}.log=/home/zakkak/spring-quarkus-perf-comparison/logs/measure-time-to-first-request-quarkus3-native-5.log ../../20260311/run-time-initialize-file-system-providers/target-host/
20:04:07,280 [ test-runner:run-tests-983 @ target-host ] script-cmd: start-test-services
20:04:07,280 [ test-runner:run-tests-983 @ target-host ] start-test-services
20:04:18,369 [ test-runner:run-tests-983 @ target-host ] /home/zakkak/spring-quarkus-perf-comparison/spring-quarkus-perf-comparison/scripts/infra.sh -c 3 -p '4-6' -s
Using podman to start containers
-----------------------------------------
[03/11/2026 20:04:07]: Starting services
-----------------------------------------
Starting PostgreSQL database 'fruits_db'
PostgreSQL DB process: 63d366e6b41e5a6ee352e34f8f5df6f7794e81c4decaf665f3f6efd641a4d10a
Waiting for PostgreSQL to be ready...
localhost:5432 - no response
localhost:5432 - no response
localhost:5432 - accepting connections
20:04:18,370 [ test-runner:run-tests-983 @ target-host ] script-cmd: sync-drop-fs-cache
20:04:18,370 [ test-runner:run-tests-983 @ target-host ] sync-drop-fs-cache
20:04:18,370 [ test-runner:run-tests-983 @ target-host ] read-state: true
20:04:18,370 [ test-runner:run-tests-983 @ target-host ] regex: true
20:04:18,932 [ test-runner:run-tests-983 @ target-host ] sync
20:04:18,932 [ test-runner:run-tests-983 @ target-host ] script-cmd: sync-drop-fs-cache-${{os}}
20:04:18,932 [ test-runner:run-tests-983 @ target-host ] sync-drop-fs-cache-linux
20:04:18,932 [ test-runner:run-tests-983 @ target-host ] script-cmd: sudo
20:04:18,932 [ test-runner:run-tests-983 @ target-host ] sudo
20:04:18,932 [ test-runner:run-tests-983 @ target-host ] script-cmd: sudo-${{os}}
20:04:18,932 [ test-runner:run-tests-983 @ target-host ] sudo-linux
20:04:19,714 [ test-runner:run-tests-983 @ target-host ] sudo sh -c "echo 3 > /proc/sys/vm/drop_caches"
]3008;start=fcfafbd6c2e9478dadaaeff751496bbf;user=zakkak;hostname=blanc;machineid=f469a615e9ef4e81b7d5be080a5de373;bootid=0e917e08584a49cb891ef04366e00ace;pid=339331;pidfdid=339332;comm=sudo;targetuser=root;sessionid=c314;type=session\]3008;end=fcfafbd6c2e9478dadaaeff751496bbf\
20:04:20,117 [ test-runner:run-tests-983 @ target-host ] taskset --cpu-list 0-3 /home/zakkak/spring-quarkus-perf-comparison/spring-quarkus-perf-comparison/quarkus3/target/quarkus3-runner  &>/home/zakkak/spring-quarkus-perf-comparison/logs/measure-time-to-first-request-quarkus3-native-5.log &
[1] 339360
20:04:20,518 [ test-runner:run-tests-983 @ target-host ] APP_PID=$!
20:04:20,983 [ test-runner:run-tests-983 @ target-host ] timeout 60s bash -c "taskset --cpu-list 10 /home/zakkak/spring-quarkus-perf-comparison/spring-quarkus-perf-comparison/scripts/perf-lab/scripts/time-to-1st-request.sh http://localhost:8080/fruits"
42
20:04:20,983 [ test-runner:run-tests-983 @ target-host ] 
20:04:20,983 [ test-runner:run-tests-983 @ target-host ] set-state: START_TIME 42
20:04:21,485 [ test-runner:run-tests-983 @ target-host ] kill -15 $APP_PID
20:04:21,485 [ test-runner:run-tests-983 @ target-host ] script-cmd: state-array-push
20:04:21,485 [ test-runner:run-tests-983 @ target-host ] state-array-push
20:04:21,529 [ test-runner:run-tests-983 @ target-host ] set-state: RUN.output.results.quarkus3-native.startup.timings [39,40,32,32,41,42]
20:04:23,933 [ test-runner:run-tests-983 @ target-host ] sleep 2
20:04:23,933 [ test-runner:run-tests-983 @ target-host ] script-cmd: stop-test-services
20:04:23,933 [ test-runner:run-tests-983 @ target-host ] stop-test-services
20:04:24,580 [ test-runner:run-tests-983 @ target-host ] /home/zakkak/spring-quarkus-perf-comparison/spring-quarkus-perf-comparison/scripts/infra.sh -d
Using podman to stop containers
-----------------------------------------
[03/11/2026 20:04:23]: Stopping services
-----------------------------------------
Stopping PostgreSQL database 'fruits_db'
fruits_db
20:04:24,638 [ test-runner:run-tests-983 @ target-host ] for-each: ITERATION = 6
20:04:24,639 [ test-runner:run-tests-983 @ target-host ] queue-download: ${{REPO_DIR}}/logs/measure-time-to-first-request-${{RUNTIME.name}}-${{ITERATION}}.log=/home/zakkak/spring-quarkus-perf-comparison/logs/measure-time-to-first-request-quarkus3-native-6.log ../../20260311/run-time-initialize-file-system-providers/target-host/
20:04:24,640 [ test-runner:run-tests-983 @ target-host ] script-cmd: start-test-services
20:04:24,640 [ test-runner:run-tests-983 @ target-host ] start-test-services
20:04:35,710 [ test-runner:run-tests-983 @ target-host ] /home/zakkak/spring-quarkus-perf-comparison/spring-quarkus-perf-comparison/scripts/infra.sh -c 3 -p '4-6' -s
Using podman to start containers
-----------------------------------------
[03/11/2026 20:04:24]: Starting services
-----------------------------------------
Starting PostgreSQL database 'fruits_db'
PostgreSQL DB process: 4f7398d0523e0dd70652bb6489fa87c89d3c5f68e03f8ecbcca5ed307fe33743
Waiting for PostgreSQL to be ready...
localhost:5432 - no response
localhost:5432 - no response
localhost:5432 - accepting connections
20:04:35,710 [ test-runner:run-tests-983 @ target-host ] script-cmd: sync-drop-fs-cache
20:04:35,710 [ test-runner:run-tests-983 @ target-host ] sync-drop-fs-cache
20:04:35,710 [ test-runner:run-tests-983 @ target-host ] read-state: true
20:04:35,710 [ test-runner:run-tests-983 @ target-host ] regex: true
20:04:36,302 [ test-runner:run-tests-983 @ target-host ] sync
20:04:36,302 [ test-runner:run-tests-983 @ target-host ] script-cmd: sync-drop-fs-cache-${{os}}
20:04:36,302 [ test-runner:run-tests-983 @ target-host ] sync-drop-fs-cache-linux
20:04:36,302 [ test-runner:run-tests-983 @ target-host ] script-cmd: sudo
20:04:36,302 [ test-runner:run-tests-983 @ target-host ] sudo
20:04:36,302 [ test-runner:run-tests-983 @ target-host ] script-cmd: sudo-${{os}}
20:04:36,303 [ test-runner:run-tests-983 @ target-host ] sudo-linux
20:04:37,069 [ test-runner:run-tests-983 @ target-host ] sudo sh -c "echo 3 > /proc/sys/vm/drop_caches"
]3008;start=d7c909f58bb940f4a84f43f732980345;user=zakkak;hostname=blanc;machineid=f469a615e9ef4e81b7d5be080a5de373;bootid=0e917e08584a49cb891ef04366e00ace;pid=339778;pidfdid=339779;comm=sudo;targetuser=root;sessionid=c315;type=session\]3008;end=d7c909f58bb940f4a84f43f732980345\
20:04:37,473 [ test-runner:run-tests-983 @ target-host ] taskset --cpu-list 0-3 /home/zakkak/spring-quarkus-perf-comparison/spring-quarkus-perf-comparison/quarkus3/target/quarkus3-runner  &>/home/zakkak/spring-quarkus-perf-comparison/logs/measure-time-to-first-request-quarkus3-native-6.log &
[1] 339805
20:04:37,874 [ test-runner:run-tests-983 @ target-host ] APP_PID=$!
20:04:38,323 [ test-runner:run-tests-983 @ target-host ] timeout 60s bash -c "taskset --cpu-list 10 /home/zakkak/spring-quarkus-perf-comparison/spring-quarkus-perf-comparison/scripts/perf-lab/scripts/time-to-1st-request.sh http://localhost:8080/fruits"
33
20:04:38,323 [ test-runner:run-tests-983 @ target-host ] 
20:04:38,323 [ test-runner:run-tests-983 @ target-host ] set-state: START_TIME 33
20:04:38,825 [ test-runner:run-tests-983 @ target-host ] kill -15 $APP_PID
20:04:38,825 [ test-runner:run-tests-983 @ target-host ] script-cmd: state-array-push
20:04:38,825 [ test-runner:run-tests-983 @ target-host ] state-array-push
20:04:38,878 [ test-runner:run-tests-983 @ target-host ] set-state: RUN.output.results.quarkus3-native.startup.timings [39,40,32,32,41,42,33]
20:04:41,281 [ test-runner:run-tests-983 @ target-host ] sleep 2
20:04:41,281 [ test-runner:run-tests-983 @ target-host ] script-cmd: stop-test-services
20:04:41,281 [ test-runner:run-tests-983 @ target-host ] stop-test-services
20:04:41,917 [ test-runner:run-tests-983 @ target-host ] /home/zakkak/spring-quarkus-perf-comparison/spring-quarkus-perf-comparison/scripts/infra.sh -d
Using podman to stop containers
-----------------------------------------
[03/11/2026 20:04:41]: Stopping services
-----------------------------------------
Stopping PostgreSQL database 'fruits_db'
fruits_db
20:04:41,986 [ test-runner:run-tests-983 @ target-host ] for-each: ITERATION = 7
20:04:41,987 [ test-runner:run-tests-983 @ target-host ] queue-download: ${{REPO_DIR}}/logs/measure-time-to-first-request-${{RUNTIME.name}}-${{ITERATION}}.log=/home/zakkak/spring-quarkus-perf-comparison/logs/measure-time-to-first-request-quarkus3-native-7.log ../../20260311/run-time-initialize-file-system-providers/target-host/
20:04:41,987 [ test-runner:run-tests-983 @ target-host ] script-cmd: start-test-services
20:04:41,987 [ test-runner:run-tests-983 @ target-host ] start-test-services
20:04:53,120 [ test-runner:run-tests-983 @ target-host ] /home/zakkak/spring-quarkus-perf-comparison/spring-quarkus-perf-comparison/scripts/infra.sh -c 3 -p '4-6' -s
Using podman to start containers
-----------------------------------------
[03/11/2026 20:04:41]: Starting services
-----------------------------------------
Starting PostgreSQL database 'fruits_db'
PostgreSQL DB process: 17958213c3dc43e0c47fac5b8675ec556c8311dac39cc3e02a1442f5f62c70d2
Waiting for PostgreSQL to be ready...
localhost:5432 - no response
localhost:5432 - no response
localhost:5432 - accepting connections
20:04:53,120 [ test-runner:run-tests-983 @ target-host ] script-cmd: sync-drop-fs-cache
20:04:53,120 [ test-runner:run-tests-983 @ target-host ] sync-drop-fs-cache
20:04:53,120 [ test-runner:run-tests-983 @ target-host ] read-state: true
20:04:53,120 [ test-runner:run-tests-983 @ target-host ] regex: true
20:04:53,680 [ test-runner:run-tests-983 @ target-host ] sync
20:04:53,681 [ test-runner:run-tests-983 @ target-host ] script-cmd: sync-drop-fs-cache-${{os}}
20:04:53,681 [ test-runner:run-tests-983 @ target-host ] sync-drop-fs-cache-linux
20:04:53,681 [ test-runner:run-tests-983 @ target-host ] script-cmd: sudo
20:04:53,681 [ test-runner:run-tests-983 @ target-host ] sudo
20:04:53,681 [ test-runner:run-tests-983 @ target-host ] script-cmd: sudo-${{os}}
20:04:53,681 [ test-runner:run-tests-983 @ target-host ] sudo-linux
20:04:54,462 [ test-runner:run-tests-983 @ target-host ] sudo sh -c "echo 3 > /proc/sys/vm/drop_caches"
]3008;start=c56b9c1be223437ea7ef5e97cdddb44b;user=zakkak;hostname=blanc;machineid=f469a615e9ef4e81b7d5be080a5de373;bootid=0e917e08584a49cb891ef04366e00ace;pid=340232;pidfdid=340233;comm=sudo;targetuser=root;sessionid=c316;type=session\]3008;end=c56b9c1be223437ea7ef5e97cdddb44b\
20:04:54,866 [ test-runner:run-tests-983 @ target-host ] taskset --cpu-list 0-3 /home/zakkak/spring-quarkus-perf-comparison/spring-quarkus-perf-comparison/quarkus3/target/quarkus3-runner  &>/home/zakkak/spring-quarkus-perf-comparison/logs/measure-time-to-first-request-quarkus3-native-7.log &
[1] 340261
20:04:55,267 [ test-runner:run-tests-983 @ target-host ] APP_PID=$!
20:04:55,720 [ test-runner:run-tests-983 @ target-host ] timeout 60s bash -c "taskset --cpu-list 10 /home/zakkak/spring-quarkus-perf-comparison/spring-quarkus-perf-comparison/scripts/perf-lab/scripts/time-to-1st-request.sh http://localhost:8080/fruits"
33
20:04:55,721 [ test-runner:run-tests-983 @ target-host ] 
20:04:55,721 [ test-runner:run-tests-983 @ target-host ] set-state: START_TIME 33
20:04:56,223 [ test-runner:run-tests-983 @ target-host ] kill -15 $APP_PID
20:04:56,223 [ test-runner:run-tests-983 @ target-host ] script-cmd: state-array-push
20:04:56,223 [ test-runner:run-tests-983 @ target-host ] state-array-push
20:04:56,274 [ test-runner:run-tests-983 @ target-host ] set-state: RUN.output.results.quarkus3-native.startup.timings [39,40,32,32,41,42,33,33]
20:04:58,677 [ test-runner:run-tests-983 @ target-host ] sleep 2
20:04:58,677 [ test-runner:run-tests-983 @ target-host ] script-cmd: stop-test-services
20:04:58,677 [ test-runner:run-tests-983 @ target-host ] stop-test-services
20:04:59,316 [ test-runner:run-tests-983 @ target-host ] /home/zakkak/spring-quarkus-perf-comparison/spring-quarkus-perf-comparison/scripts/infra.sh -d
Using podman to stop containers
-----------------------------------------
[03/11/2026 20:04:58]: Stopping services
-----------------------------------------
Stopping PostgreSQL database 'fruits_db'
fruits_db
20:04:59,374 [ test-runner:run-tests-983 @ target-host ] for-each: ITERATION = 8
20:04:59,383 [ test-runner:run-tests-983 @ target-host ] queue-download: ${{REPO_DIR}}/logs/measure-time-to-first-request-${{RUNTIME.name}}-${{ITERATION}}.log=/home/zakkak/spring-quarkus-perf-comparison/logs/measure-time-to-first-request-quarkus3-native-8.log ../../20260311/run-time-initialize-file-system-providers/target-host/
20:04:59,383 [ test-runner:run-tests-983 @ target-host ] script-cmd: start-test-services
20:04:59,383 [ test-runner:run-tests-983 @ target-host ] start-test-services
20:05:10,462 [ test-runner:run-tests-983 @ target-host ] /home/zakkak/spring-quarkus-perf-comparison/spring-quarkus-perf-comparison/scripts/infra.sh -c 3 -p '4-6' -s
Using podman to start containers
-----------------------------------------
[03/11/2026 20:04:59]: Starting services
-----------------------------------------
Starting PostgreSQL database 'fruits_db'
PostgreSQL DB process: beef2a2b7dfeda3245d664672bcc86a1300129e8a2daa2e05f90077bb9ed1810
Waiting for PostgreSQL to be ready...
localhost:5432 - no response
localhost:5432 - no response
localhost:5432 - accepting connections
20:05:10,462 [ test-runner:run-tests-983 @ target-host ] script-cmd: sync-drop-fs-cache
20:05:10,462 [ test-runner:run-tests-983 @ target-host ] sync-drop-fs-cache
20:05:10,462 [ test-runner:run-tests-983 @ target-host ] read-state: true
20:05:10,462 [ test-runner:run-tests-983 @ target-host ] regex: true
20:05:11,048 [ test-runner:run-tests-983 @ target-host ] sync
20:05:11,049 [ test-runner:run-tests-983 @ target-host ] script-cmd: sync-drop-fs-cache-${{os}}
20:05:11,049 [ test-runner:run-tests-983 @ target-host ] sync-drop-fs-cache-linux
20:05:11,049 [ test-runner:run-tests-983 @ target-host ] script-cmd: sudo
20:05:11,049 [ test-runner:run-tests-983 @ target-host ] sudo
20:05:11,050 [ test-runner:run-tests-983 @ target-host ] script-cmd: sudo-${{os}}
20:05:11,050 [ test-runner:run-tests-983 @ target-host ] sudo-linux
20:05:11,821 [ test-runner:run-tests-983 @ target-host ] sudo sh -c "echo 3 > /proc/sys/vm/drop_caches"
]3008;start=471400b8811f43d486c7d47259d967e1;user=zakkak;hostname=blanc;machineid=f469a615e9ef4e81b7d5be080a5de373;bootid=0e917e08584a49cb891ef04366e00ace;pid=340686;pidfdid=340687;comm=sudo;targetuser=root;sessionid=c317;type=session\]3008;end=471400b8811f43d486c7d47259d967e1\
20:05:12,232 [ test-runner:run-tests-983 @ target-host ] taskset --cpu-list 0-3 /home/zakkak/spring-quarkus-perf-comparison/spring-quarkus-perf-comparison/quarkus3/target/quarkus3-runner  &>/home/zakkak/spring-quarkus-perf-comparison/logs/measure-time-to-first-request-quarkus3-native-8.log &
[1] 340716
20:05:12,634 [ test-runner:run-tests-983 @ target-host ] APP_PID=$!
20:05:13,080 [ test-runner:run-tests-983 @ target-host ] timeout 60s bash -c "taskset --cpu-list 10 /home/zakkak/spring-quarkus-perf-comparison/spring-quarkus-perf-comparison/scripts/perf-lab/scripts/time-to-1st-request.sh http://localhost:8080/fruits"
34
20:05:13,080 [ test-runner:run-tests-983 @ target-host ] 
20:05:13,080 [ test-runner:run-tests-983 @ target-host ] set-state: START_TIME 34
20:05:13,582 [ test-runner:run-tests-983 @ target-host ] kill -15 $APP_PID
20:05:13,582 [ test-runner:run-tests-983 @ target-host ] script-cmd: state-array-push
20:05:13,582 [ test-runner:run-tests-983 @ target-host ] state-array-push
20:05:13,631 [ test-runner:run-tests-983 @ target-host ] set-state: RUN.output.results.quarkus3-native.startup.timings [39,40,32,32,41,42,33,33,34]
20:05:16,034 [ test-runner:run-tests-983 @ target-host ] sleep 2
20:05:16,034 [ test-runner:run-tests-983 @ target-host ] script-cmd: stop-test-services
20:05:16,035 [ test-runner:run-tests-983 @ target-host ] stop-test-services
20:05:16,668 [ test-runner:run-tests-983 @ target-host ] /home/zakkak/spring-quarkus-perf-comparison/spring-quarkus-perf-comparison/scripts/infra.sh -d
Using podman to stop containers
-----------------------------------------
[03/11/2026 20:05:16]: Stopping services
-----------------------------------------
Stopping PostgreSQL database 'fruits_db'
fruits_db
20:05:16,737 [ test-runner:run-tests-983 @ target-host ] for-each: ITERATION = 9
20:05:16,746 [ test-runner:run-tests-983 @ target-host ] queue-download: ${{REPO_DIR}}/logs/measure-time-to-first-request-${{RUNTIME.name}}-${{ITERATION}}.log=/home/zakkak/spring-quarkus-perf-comparison/logs/measure-time-to-first-request-quarkus3-native-9.log ../../20260311/run-time-initialize-file-system-providers/target-host/
20:05:16,746 [ test-runner:run-tests-983 @ target-host ] script-cmd: start-test-services
20:05:16,746 [ test-runner:run-tests-983 @ target-host ] start-test-services
20:05:27,831 [ test-runner:run-tests-983 @ target-host ] /home/zakkak/spring-quarkus-perf-comparison/spring-quarkus-perf-comparison/scripts/infra.sh -c 3 -p '4-6' -s
Using podman to start containers
-----------------------------------------
[03/11/2026 20:05:16]: Starting services
-----------------------------------------
Starting PostgreSQL database 'fruits_db'
PostgreSQL DB process: efbbf33f168b3dff5c995630782c164ce6b78beec5155f6c8185078a0f631b11
Waiting for PostgreSQL to be ready...
localhost:5432 - no response
localhost:5432 - no response
localhost:5432 - accepting connections
20:05:27,831 [ test-runner:run-tests-983 @ target-host ] script-cmd: sync-drop-fs-cache
20:05:27,831 [ test-runner:run-tests-983 @ target-host ] sync-drop-fs-cache
20:05:27,831 [ test-runner:run-tests-983 @ target-host ] read-state: true
20:05:27,831 [ test-runner:run-tests-983 @ target-host ] regex: true
20:05:28,371 [ test-runner:run-tests-983 @ target-host ] sync
20:05:28,371 [ test-runner:run-tests-983 @ target-host ] script-cmd: sync-drop-fs-cache-${{os}}
20:05:28,371 [ test-runner:run-tests-983 @ target-host ] sync-drop-fs-cache-linux
20:05:28,371 [ test-runner:run-tests-983 @ target-host ] script-cmd: sudo
20:05:28,371 [ test-runner:run-tests-983 @ target-host ] sudo
20:05:28,371 [ test-runner:run-tests-983 @ target-host ] script-cmd: sudo-${{os}}
20:05:28,372 [ test-runner:run-tests-983 @ target-host ] sudo-linux
20:05:29,176 [ test-runner:run-tests-983 @ target-host ] sudo sh -c "echo 3 > /proc/sys/vm/drop_caches"
]3008;start=81ca2bbb25be41c0adb906c1f0304714;user=zakkak;hostname=blanc;machineid=f469a615e9ef4e81b7d5be080a5de373;bootid=0e917e08584a49cb891ef04366e00ace;pid=341144;pidfdid=341145;comm=sudo;targetuser=root;sessionid=c318;type=session\]3008;end=81ca2bbb25be41c0adb906c1f0304714\
20:05:29,587 [ test-runner:run-tests-983 @ target-host ] taskset --cpu-list 0-3 /home/zakkak/spring-quarkus-perf-comparison/spring-quarkus-perf-comparison/quarkus3/target/quarkus3-runner  &>/home/zakkak/spring-quarkus-perf-comparison/logs/measure-time-to-first-request-quarkus3-native-9.log &
[1] 341173
20:05:29,990 [ test-runner:run-tests-983 @ target-host ] APP_PID=$!
20:05:30,442 [ test-runner:run-tests-983 @ target-host ] timeout 60s bash -c "taskset --cpu-list 10 /home/zakkak/spring-quarkus-perf-comparison/spring-quarkus-perf-comparison/scripts/perf-lab/scripts/time-to-1st-request.sh http://localhost:8080/fruits"
33
20:05:30,442 [ test-runner:run-tests-983 @ target-host ] 
20:05:30,443 [ test-runner:run-tests-983 @ target-host ] set-state: START_TIME 33
20:05:30,945 [ test-runner:run-tests-983 @ target-host ] kill -15 $APP_PID
20:05:30,945 [ test-runner:run-tests-983 @ target-host ] script-cmd: state-array-push
20:05:30,945 [ test-runner:run-tests-983 @ target-host ] state-array-push
20:05:30,993 [ test-runner:run-tests-983 @ target-host ] set-state: RUN.output.results.quarkus3-native.startup.timings [39,40,32,32,41,42,33,33,34,33]
20:05:33,396 [ test-runner:run-tests-983 @ target-host ] sleep 2
20:05:33,396 [ test-runner:run-tests-983 @ target-host ] script-cmd: stop-test-services
20:05:33,396 [ test-runner:run-tests-983 @ target-host ] stop-test-services
20:05:34,038 [ test-runner:run-tests-983 @ target-host ] /home/zakkak/spring-quarkus-perf-comparison/spring-quarkus-perf-comparison/scripts/infra.sh -d
Using podman to stop containers
-----------------------------------------
[03/11/2026 20:05:33]: Stopping services
-----------------------------------------
Stopping PostgreSQL database 'fruits_db'
fruits_db
20:05:34,096 [ test-runner:run-tests-983 @ target-host ] for-each: ITERATION
20:05:34,097 [ test-runner:run-tests-983 @ target-host ] script-cmd: state-array-calc-avg
20:05:34,097 [ test-runner:run-tests-983 @ target-host ] state-array-calc-avg
20:05:34,139 [ test-runner:run-tests-983 @ target-host ] set-state: RUN.output.results.quarkus3-native.startup.avStartTime 35.9
20:05:34,139 [ test-runner:run-tests-983 @ target-host ] for-each: TEST = measure-rss
20:05:34,139 [ test-runner:run-tests-983 @ target-host ] script-cmd: ${{TEST}}
20:05:34,139 [ test-runner:run-tests-983 @ target-host ] measure-rss
20:05:34,139 [ test-runner:run-tests-983 @ target-host ] Measuring RSS
20:05:34,589 [ test-runner:run-tests-983 @ target-host ] java -version
openjdk version "21.0.9" 2025-10-21 LTS
OpenJDK Runtime Environment Temurin-21.0.9+10 (build 21.0.9+10-LTS)
OpenJDK 64-Bit Server VM Temurin-21.0.9+10 (build 21.0.9+10-LTS, mixed mode, sharing)
20:05:34,991 [ test-runner:run-tests-983 @ target-host ] cd /home/zakkak/spring-quarkus-perf-comparison/spring-quarkus-perf-comparison/quarkus3
20:06:19,738 [ test-runner:run-tests-983 @ target-host ] ./mvnw  clean package -DskipTests -Pnative -Dquarkus.native.additional-build-args-append=--future-defaults=run-time-initialize-file-system-providers
[INFO] Scanning for projects...
[WARNING] Quarkus Maven extension: an explicit 'argLine' is defined in maven-surefire-plugin config, but does not contain '@{argLine}': we will not be able to inject JVM parameters automatically. Please add '@{argLine}' to the argLine configuration you have defined.
[INFO] 
[INFO] -------------------------< org.acme:quarkus3 >--------------------------
[INFO] Building quarkus3 1.0
[INFO]   from pom.xml
[INFO] ------------------------------[ quarkus ]-------------------------------
[INFO] 
[INFO] --- clean:3.2.0:clean (default-clean) @ quarkus3 ---
[INFO] Deleting /home/zakkak/spring-quarkus-perf-comparison/spring-quarkus-perf-comparison/quarkus3/target
[INFO] 
[INFO] --- resources:3.3.1:resources (default-resources) @ quarkus3 ---
[WARNING] Using platform encoding (UTF-8 actually) to copy filtered resources, i.e. build is platform dependent!
[INFO] Copying 2 resources from src/main/resources to target/classes
[INFO] 
[INFO] --- quarkus:3.32.2:generate-code (default-generate-code) @ quarkus3 ---
[INFO] 
[INFO] --- compiler:3.15.0:compile (default-compile) @ quarkus3 ---
[INFO] Recompiling the module because of changed source code.
[WARNING] File encoding has not been set, using platform encoding UTF-8, i.e. build is platform dependent!
[INFO] Compiling 16 source files with javac [debug release 21] to target/classes
[INFO] 
[INFO] --- resources:3.3.1:testResources (default-testResources) @ quarkus3 ---
[WARNING] Using platform encoding (UTF-8 actually) to copy filtered resources, i.e. build is platform dependent!
[INFO] skip non existing resourceDirectory /home/zakkak/spring-quarkus-perf-comparison/spring-quarkus-perf-comparison/quarkus3/src/test/resources
[INFO] 
[INFO] --- quarkus:3.32.2:generate-code-tests (default-generate-code-tests) @ quarkus3 ---
[INFO] 
[INFO] --- compiler:3.15.0:testCompile (default-testCompile) @ quarkus3 ---
[INFO] Recompiling the module because of changed dependency.
[WARNING] File encoding has not been set, using platform encoding UTF-8, i.e. build is platform dependent!
[INFO] Compiling 4 source files with javac [debug release 21] to target/test-classes
[INFO] 
[INFO] --- surefire:3.5.5:test (default-test) @ quarkus3 ---
[INFO] Tests are skipped.
[INFO] 
[INFO] --- quarkus:3.32.2:build (default-build) @ quarkus3 ---
[INFO] [io.quarkus.deployment.pkg.jar.NativeImageSourceJarBuilder] Building native image source jar: /home/zakkak/spring-quarkus-perf-comparison/spring-quarkus-perf-comparison/quarkus3/target/quarkus3-native-image-source-jar/quarkus3-runner.jar
[INFO] [io.quarkus.deployment.pkg.steps.NativeImageBuildStep] Building native image from /home/zakkak/spring-quarkus-perf-comparison/spring-quarkus-perf-comparison/quarkus3/target/quarkus3-native-image-source-jar/quarkus3-runner.jar
[INFO] [io.quarkus.deployment.pkg.steps.NativeImageBuildStep] Running Quarkus native-image plugin on GRAALVM 25.1.0-dev JDK 25.0.1+8-jvmci-25.1-b14
[INFO] [io.quarkus.deployment.pkg.steps.NativeImageBuildRunner] /home/zakkak/code/graal-oracle/sdk/latest_graalvm_home/bin/native-image -J-DCoordinatorEnvironmentBean.transactionStatusManagerEnable=false -J-Dsun.nio.ch.maxUpdateArraySize=100 -J-Djava.util.logging.manager=org.jboss.logmanager.LogManager -J-Dvertx.logger-delegate-factory-class-name=io.quarkus.vertx.core.runtime.VertxLogDelegateFactory -J-Dvertx.disableDnsResolver=true -J-Dio.netty.leakDetection.level=DISABLED -J-Dio.netty.allocator.maxOrder=3 -J-Duser.language=en -J-Duser.country=IE -J-Dlogging.initial-configurator.min-level=500 -H:+UnlockExperimentalVMOptions -H:IncludeLocales=en-IE -H:-UnlockExperimentalVMOptions --enable-native-access=ALL-UNNAMED -J-Dfile.encoding=UTF-8 -J--add-exports=org.graalvm.nativeimage.builder/com.oracle.svm.core.jdk=ALL-UNNAMED --features=io.quarkus.jdbc.postgresql.runtime.graal.SQLXMLFeature,io.quarkus.hibernate.validator.runtime.DisableLoggingFeature,io.quarkus.runner.Feature,io.quarkus.runtime.graal.DisableLoggingFeature,io.quarkus.runtime.graal.JVMChecksFeature,io.quarkus.hibernate.orm.runtime.graal.RegisterServicesForReflectionFeature,io.quarkus.hibernate.orm.runtime.graal.DisableLoggingFeature,org.hibernate.graalvm.internal.GraalVMStaticFeature,io.quarkus.caffeine.runtime.graal.CacheConstructorsFeature,io.quarkus.runtime.graal.SkipConsoleServiceProvidersFeature -J--add-exports=java.security.jgss/sun.security.krb5=ALL-UNNAMED -J--add-exports=java.security.jgss/sun.security.jgss=ALL-UNNAMED -J--add-opens=java.base/java.text=ALL-UNNAMED -J--add-opens=java.base/java.io=ALL-UNNAMED -J--add-opens=java.base/java.lang.invoke=ALL-UNNAMED -J--add-opens=java.base/java.util=ALL-UNNAMED -H:+UnlockExperimentalVMOptions -H:BuildOutputJSONFile=quarkus3-runner-build-output-stats.json -H:-UnlockExperimentalVMOptions -H:+UnlockExperimentalVMOptions -H:+GenerateBuildArtifactsFile -H:-UnlockExperimentalVMOptions --future-defaults=run-time-initialize-file-system-providers -H:+UnlockExperimentalVMOptions -H:+AllowFoldMethods -H:-UnlockExperimentalVMOptions -J-Djava.awt.headless=true --no-fallback --link-at-build-time -H:+UnlockExperimentalVMOptions -H:+ReportExceptionStackTraces -H:-UnlockExperimentalVMOptions -H:-AddAllCharsets --enable-url-protocols=http,https -H:NativeLinkerOption=-no-pie --enable-monitoring=heapdump,threaddump -H:+UnlockExperimentalVMOptions -H:-UseServiceLoaderFeature -H:-UnlockExperimentalVMOptions -J--add-exports=org.graalvm.nativeimage/org.graalvm.nativeimage.impl=ALL-UNNAMED --exclude-config io\.netty\.netty-codec /META-INF/native-image/io\.netty/netty-codec/generated/handlers/reflect-config\.json --exclude-config io\.netty\.netty-handler /META-INF/native-image/io\.netty/netty-handler/generated/handlers/reflect-config\.json quarkus3-runner -jar quarkus3-runner.jar
Warning: Using a deprecated option --no-fallback from command line. No effect, no replacement available
Warning: Option 'FallbackThreshold' is deprecated and might be removed in a future release: It no longer has any effect, and no replacement is available. Please refer to the GraalVM release notes.
Warning: Option 'DynamicProxyConfigurationResources' is deprecated and might be removed in a future release: This can be caused by a proxy-config.json file in your META-INF directory. Consider including proxy configuration in the reflection section of reachability-metadata.json instead.. Please refer to the GraalVM release notes.
========================================================================================================================
GraalVM Native Image: Generating 'quarkus3-runner' (executable)...
========================================================================================================================
For detailed information and explanations on the build output, visit:
https://github.com/oracle/graal/blob/master/docs/reference-manual/native-image/BuildOutput.md
------------------------------------------------------------------------------------------------------------------------
[1/8] Initializing...                                                                                   (3.9s @ 0.45GiB)
 Builder configuration:
 - Java version: 25.0.1+8, vendor version: GraalVM CE 25.1.0-dev+8.1
 - Graal compiler: optimization level: 2, target machine: x86-64-v3
 - C compiler: gcc (redhat, x86_64, 15.2.1)
 - Assertions: disabled, system assertions: disabled
 - 11 user-specific feature(s):
   - io.quarkus.caffeine.runtime.graal.CacheConstructorsFeature
   - io.quarkus.hibernate.orm.runtime.graal.DisableLoggingFeature: Disables INFO logging during the analysis phase
   - io.quarkus.hibernate.orm.runtime.graal.RegisterServicesForReflectionFeature: Makes methods of reachable Hibernate services accessible through Class#getMethods()
   - io.quarkus.hibernate.validator.runtime.DisableLoggingFeature: Disables INFO logging during the analysis phase for the [org.hibernate.validator.internal.util.Version] categories
   - io.quarkus.jdbc.postgresql.runtime.graal.SQLXMLFeature
   - io.quarkus.runner.Feature: Auto-generated class by Quarkus from the existing extensions
   - io.quarkus.runtime.graal.DisableLoggingFeature: Adapts logging during the analysis phase
   - io.quarkus.runtime.graal.JVMChecksFeature
   - io.quarkus.runtime.graal.SkipConsoleServiceProvidersFeature: Skip unsupported console service providers when quarkus.native.auto-service-loader-registration is false
   - org.eclipse.angus.activation.nativeimage.AngusActivationFeature
   - org.hibernate.graalvm.internal.GraalVMStaticFeature: Hibernate ORM's static reflection registrations for GraalVM
 Image configuration:
 - Garbage collector: Serial GC (max heap size: 80% of RAM)
 - Assertions: disabled (class-specific config may apply), system assertions: disabled
------------------------------------------------------------------------------------------------------------------------
 5 experimental option(s) unlocked:
 - '-H:+AllowFoldMethods' (origin(s): command line)
 - '-H:BuildOutputJSONFile' (origin(s): command line)
 - '-H:-UseServiceLoaderFeature' (origin(s): command line)
 - '-H:+GenerateBuildArtifactsFile' (origin(s): command line)
 - '-H:AddOpens' (alternative API option(s): --add-opens java.base/java.lang=ALL-UNNAMED; origin(s): command line)
------------------------------------------------------------------------------------------------------------------------
Build resources:
 - 30.00GiB of memory (48.4% of system memory, capped at 30GiB)
 - 32 thread(s) (100.0% of 32 available processor(s), determined at start)
[2/8] Performing analysis...  [******]                                                                  (8.7s @ 2.12GiB)
   22,678 types,  29,263 fields, and 106,767 methods found reachable
    7,976 types,     169 fields, and   5,224 methods registered for reflection
       63 types,      69 fields, and      55 methods registered for JNI access
      105 resource accesses registered with 188.29KiB total size
        4 native libraries: dl, pthread, rt, z
[3/8] Building universe...                                                                              (2.9s @ 2.57GiB)
[4/8] Parsing methods...      [*]                                                                       (1.1s @ 3.01GiB)
[5/8] Inlining methods...     [****]                                                                    (0.8s @ 2.79GiB)
[6/8] Compiling methods...    [***]                                                                     (8.0s @ 2.03GiB)
[7/8] Laying out methods...   [***]                                                                     (5.9s @ 2.65GiB)
[8/8] Creating image...       [**]                                                                      (3.8s @ 2.90GiB)
  36.15MiB (41.81%) for code area:    71,474 compilation units
  43.94MiB (50.82%) for image heap:  500,808 objects and 16 resources
   6.37MiB ( 7.37%) for other data
  86.46MiB in total image size, 80.69MiB in total file size
------------------------------------------------------------------------------------------------------------------------
Top 10 origins of code area:                                Top 10 object types in image heap:
   1.52MiB java.base/sun.security.ssl                         11.57MiB byte[] for code metadata
   1.05MiB java.base/java.util                                 6.44MiB byte[] for string data
 854.33KiB o.g.n.runtime/com.oracle.svm.core.code              4.33MiB o.g.n.runtime/c.o.s.core.hub.DynamicHubCompanion
 697.23KiB java.base/com.sun.crypto.provider                   4.11MiB java.base/java.lang.String
 637.13KiB jdk.proxy4/jdk.proxy4                               3.37MiB java.base/java.lang.Class
 533.01KiB java.base/java.lang                                 1.44MiB byte[] for reflection metadata
 532.07KiB io.netty.buffer                                     1.13MiB byte[] for general heap data
 506.32KiB java.base/java.lang.invoke                        905.39KiB java.base/java.lang.Object[]
 468.03KiB org.postgresql.jdbc                               832.50KiB java.base/java.lang.reflect.Method
 460.62KiB org.hibernate.query.hql.internal                  799.84KiB o.g.n.runtime/c.o.s.c.h.ImageReflectionMetadata
  27.95MiB for 984 more packages                               9.08MiB for 5196 more object types
------------------------------------------------------------------------------------------------------------------------
Recommendations:
 FUTR: Use '--future-defaults=all' to prepare for future releases.
 HEAP: Set max heap for improved and more predictable memory usage.
 CPU:  Enable more CPU features with '-march=native' for improved performance.
------------------------------------------------------------------------------------------------------------------------
                       2.8s (7.6% of total time) in 268 GCs | Peak RSS: 4.99GiB | CPU load: 15.52
------------------------------------------------------------------------------------------------------------------------
Build artifacts:
 /home/zakkak/spring-quarkus-perf-comparison/spring-quarkus-perf-comparison/quarkus3/target/quarkus3-native-image-source-jar/build-artifacts.json (build_info, 92B)
 /home/zakkak/spring-quarkus-perf-comparison/spring-quarkus-perf-comparison/quarkus3/target/quarkus3-native-image-source-jar/quarkus3-runner (executable, 80.69MiB)
 /home/zakkak/spring-quarkus-perf-comparison/spring-quarkus-perf-comparison/quarkus3/target/quarkus3-native-image-source-jar/quarkus3-runner-build-output-stats.json (build_info, 1.00KiB)
========================================================================================================================
Finished generating 'quarkus3-runner' in 36.4s.

The build process encountered 3 warnings.

[INFO] [io.quarkus.deployment.pkg.steps.NativeImageBuildRunner] objcopy --strip-debug quarkus3-runner
[INFO] [io.quarkus.deployment.QuarkusAugmentor] Quarkus augmentation completed in 40134ms
[INFO] ------------------------------------------------------------------------
[INFO] BUILD SUCCESS
[INFO] ------------------------------------------------------------------------
[INFO] Total time:  43.542 s
[INFO] Finished at: 2026-03-11T20:06:19+02:00
[INFO] ------------------------------------------------------------------------
20:06:19,779 [ test-runner:run-tests-983 @ target-host ] for-each: ITERATION = 0
20:06:19,779 [ test-runner:run-tests-983 @ target-host ] queue-download: ${{REPO_DIR}}/logs/measure-rss-${{RUNTIME.name}}-${{ITERATION}}.log=/home/zakkak/spring-quarkus-perf-comparison/logs/measure-rss-quarkus3-native-0.log ../../20260311/run-time-initialize-file-system-providers/target-host/
20:06:19,780 [ test-runner:run-tests-983 @ target-host ] script-cmd: start-test-services
20:06:19,780 [ test-runner:run-tests-983 @ target-host ] start-test-services
20:06:30,890 [ test-runner:run-tests-983 @ target-host ] /home/zakkak/spring-quarkus-perf-comparison/spring-quarkus-perf-comparison/scripts/infra.sh -c 3 -p '4-6' -s
Using podman to start containers
-----------------------------------------
[03/11/2026 20:06:19]: Starting services
-----------------------------------------
Starting PostgreSQL database 'fruits_db'
PostgreSQL DB process: e97fa89918126180aa23de04e384d34015c588968e11f43cc7df5125c142f732
Waiting for PostgreSQL to be ready...
localhost:5432 - no response
localhost:5432 - no response
localhost:5432 - accepting connections
20:06:30,890 [ test-runner:run-tests-983 @ target-host ] script-cmd: sync-drop-fs-cache
20:06:30,890 [ test-runner:run-tests-983 @ target-host ] sync-drop-fs-cache
20:06:30,890 [ test-runner:run-tests-983 @ target-host ] read-state: true
20:06:30,890 [ test-runner:run-tests-983 @ target-host ] regex: true
20:06:31,490 [ test-runner:run-tests-983 @ target-host ] sync
20:06:31,491 [ test-runner:run-tests-983 @ target-host ] script-cmd: sync-drop-fs-cache-${{os}}
20:06:31,491 [ test-runner:run-tests-983 @ target-host ] sync-drop-fs-cache-linux
20:06:31,491 [ test-runner:run-tests-983 @ target-host ] script-cmd: sudo
20:06:31,491 [ test-runner:run-tests-983 @ target-host ] sudo
20:06:31,491 [ test-runner:run-tests-983 @ target-host ] script-cmd: sudo-${{os}}
20:06:31,491 [ test-runner:run-tests-983 @ target-host ] sudo-linux
20:06:32,359 [ test-runner:run-tests-983 @ target-host ] sudo sh -c "echo 3 > /proc/sys/vm/drop_caches"
]3008;start=e829047f4da3426aa4b6f69a0eea5c20;user=zakkak;hostname=blanc;machineid=f469a615e9ef4e81b7d5be080a5de373;bootid=0e917e08584a49cb891ef04366e00ace;pid=342190;pidfdid=342191;comm=sudo;targetuser=root;sessionid=c319;type=session\]3008;end=e829047f4da3426aa4b6f69a0eea5c20\
20:06:32,765 [ test-runner:run-tests-983 @ target-host ] taskset --cpu-list 0-3 /home/zakkak/spring-quarkus-perf-comparison/spring-quarkus-perf-comparison/quarkus3/target/quarkus3-runner  &>/home/zakkak/spring-quarkus-perf-comparison/logs/measure-rss-quarkus3-native-0.log &
[1] 342222
20:06:33,166 [ test-runner:run-tests-983 @ target-host ] APP_PID=$!
20:06:35,580 [ test-runner:run-tests-983 @ target-host ] sleep 2
20:06:35,999 [ test-runner:run-tests-983 @ target-host ] pmap -x $APP_PID | grep total | awk '{print $4}'
67528
20:06:35,999 [ test-runner:run-tests-983 @ target-host ] set-state: RSS_STARTUP 67528
20:06:36,040 [ test-runner:run-tests-983 @ target-host ] script-cmd: state-array-push
20:06:36,040 [ test-runner:run-tests-983 @ target-host ] state-array-push
20:06:36,118 [ test-runner:run-tests-983 @ target-host ] set-state: RUN.output.results.quarkus3-native.rss.startup [65.9453125]
20:06:36,556 [ test-runner:run-tests-983 @ target-host ] curl -s  http://localhost:8080/fruits > /dev/null
20:06:36,961 [ test-runner:run-tests-983 @ target-host ] pmap -x $APP_PID | grep total | awk '{print $4}'
74600
20:06:36,961 [ test-runner:run-tests-983 @ target-host ] set-state: FIRST_REQUEST 74600
20:06:36,982 [ test-runner:run-tests-983 @ target-host ] script-cmd: state-array-push
20:06:36,982 [ test-runner:run-tests-983 @ target-host ] state-array-push
20:06:37,059 [ test-runner:run-tests-983 @ target-host ] set-state: RUN.output.results.quarkus3-native.rss.firstRequest [72.8515625]
20:06:37,561 [ test-runner:run-tests-983 @ target-host ] kill -15 $APP_PID
20:06:39,963 [ test-runner:run-tests-983 @ target-host ] sleep 2
20:06:39,964 [ test-runner:run-tests-983 @ target-host ] script-cmd: stop-test-services
20:06:39,964 [ test-runner:run-tests-983 @ target-host ] stop-test-services
20:06:40,601 [ test-runner:run-tests-983 @ target-host ] /home/zakkak/spring-quarkus-perf-comparison/spring-quarkus-perf-comparison/scripts/infra.sh -d
Using podman to stop containers
-----------------------------------------
[03/11/2026 20:06:39]: Stopping services
-----------------------------------------
Stopping PostgreSQL database 'fruits_db'
fruits_db
20:06:40,657 [ test-runner:run-tests-983 @ target-host ] for-each: ITERATION = 1
20:06:40,659 [ test-runner:run-tests-983 @ target-host ] queue-download: ${{REPO_DIR}}/logs/measure-rss-${{RUNTIME.name}}-${{ITERATION}}.log=/home/zakkak/spring-quarkus-perf-comparison/logs/measure-rss-quarkus3-native-1.log ../../20260311/run-time-initialize-file-system-providers/target-host/
20:06:40,659 [ test-runner:run-tests-983 @ target-host ] script-cmd: start-test-services
20:06:40,659 [ test-runner:run-tests-983 @ target-host ] start-test-services
20:06:51,747 [ test-runner:run-tests-983 @ target-host ] /home/zakkak/spring-quarkus-perf-comparison/spring-quarkus-perf-comparison/scripts/infra.sh -c 3 -p '4-6' -s
Using podman to start containers
-----------------------------------------
[03/11/2026 20:06:40]: Starting services
-----------------------------------------
Starting PostgreSQL database 'fruits_db'
PostgreSQL DB process: 98fe278ce3e1e46ca7cd2e71e1b41fae9df38e50b20e9e61b01b44572552fb74
Waiting for PostgreSQL to be ready...
localhost:5432 - no response
localhost:5432 - no response
localhost:5432 - accepting connections
20:06:51,747 [ test-runner:run-tests-983 @ target-host ] script-cmd: sync-drop-fs-cache
20:06:51,747 [ test-runner:run-tests-983 @ target-host ] sync-drop-fs-cache
20:06:51,748 [ test-runner:run-tests-983 @ target-host ] read-state: true
20:06:51,748 [ test-runner:run-tests-983 @ target-host ] regex: true
20:06:52,314 [ test-runner:run-tests-983 @ target-host ] sync
20:06:52,316 [ test-runner:run-tests-983 @ target-host ] script-cmd: sync-drop-fs-cache-${{os}}
20:06:52,316 [ test-runner:run-tests-983 @ target-host ] sync-drop-fs-cache-linux
20:06:52,316 [ test-runner:run-tests-983 @ target-host ] script-cmd: sudo
20:06:52,316 [ test-runner:run-tests-983 @ target-host ] sudo
20:06:52,317 [ test-runner:run-tests-983 @ target-host ] script-cmd: sudo-${{os}}
20:06:52,317 [ test-runner:run-tests-983 @ target-host ] sudo-linux
20:06:53,091 [ test-runner:run-tests-983 @ target-host ] sudo sh -c "echo 3 > /proc/sys/vm/drop_caches"
]3008;start=13083f7757d24a4b8da124730bc5f71e;user=zakkak;hostname=blanc;machineid=f469a615e9ef4e81b7d5be080a5de373;bootid=0e917e08584a49cb891ef04366e00ace;pid=342655;pidfdid=342656;comm=sudo;targetuser=root;sessionid=c320;type=session\]3008;end=13083f7757d24a4b8da124730bc5f71e\
20:06:53,496 [ test-runner:run-tests-983 @ target-host ] taskset --cpu-list 0-3 /home/zakkak/spring-quarkus-perf-comparison/spring-quarkus-perf-comparison/quarkus3/target/quarkus3-runner  &>/home/zakkak/spring-quarkus-perf-comparison/logs/measure-rss-quarkus3-native-1.log &
[1] 342684
20:06:53,898 [ test-runner:run-tests-983 @ target-host ] APP_PID=$!
20:06:56,312 [ test-runner:run-tests-983 @ target-host ] sleep 2
20:06:56,731 [ test-runner:run-tests-983 @ target-host ] pmap -x $APP_PID | grep total | awk '{print $4}'
67540
20:06:56,731 [ test-runner:run-tests-983 @ target-host ] set-state: RSS_STARTUP 67540
20:06:56,756 [ test-runner:run-tests-983 @ target-host ] script-cmd: state-array-push
20:06:56,756 [ test-runner:run-tests-983 @ target-host ] state-array-push
20:06:56,792 [ test-runner:run-tests-983 @ target-host ] set-state: RUN.output.results.quarkus3-native.rss.startup [65.9453125,65.95703125]
20:06:57,224 [ test-runner:run-tests-983 @ target-host ] curl -s  http://localhost:8080/fruits > /dev/null
20:06:57,630 [ test-runner:run-tests-983 @ target-host ] pmap -x $APP_PID | grep total | awk '{print $4}'
74612
20:06:57,630 [ test-runner:run-tests-983 @ target-host ] set-state: FIRST_REQUEST 74612
20:06:57,651 [ test-runner:run-tests-983 @ target-host ] script-cmd: state-array-push
20:06:57,651 [ test-runner:run-tests-983 @ target-host ] state-array-push
20:06:57,687 [ test-runner:run-tests-983 @ target-host ] set-state: RUN.output.results.quarkus3-native.rss.firstRequest [72.8515625,72.86328125]
20:06:58,189 [ test-runner:run-tests-983 @ target-host ] kill -15 $APP_PID
20:07:00,592 [ test-runner:run-tests-983 @ target-host ] sleep 2
20:07:00,592 [ test-runner:run-tests-983 @ target-host ] script-cmd: stop-test-services
20:07:00,592 [ test-runner:run-tests-983 @ target-host ] stop-test-services
20:07:01,229 [ test-runner:run-tests-983 @ target-host ] /home/zakkak/spring-quarkus-perf-comparison/spring-quarkus-perf-comparison/scripts/infra.sh -d
Using podman to stop containers
-----------------------------------------
[03/11/2026 20:07:00]: Stopping services
-----------------------------------------
Stopping PostgreSQL database 'fruits_db'
fruits_db
20:07:01,285 [ test-runner:run-tests-983 @ target-host ] for-each: ITERATION = 2
20:07:01,286 [ test-runner:run-tests-983 @ target-host ] queue-download: ${{REPO_DIR}}/logs/measure-rss-${{RUNTIME.name}}-${{ITERATION}}.log=/home/zakkak/spring-quarkus-perf-comparison/logs/measure-rss-quarkus3-native-2.log ../../20260311/run-time-initialize-file-system-providers/target-host/
20:07:01,287 [ test-runner:run-tests-983 @ target-host ] script-cmd: start-test-services
20:07:01,287 [ test-runner:run-tests-983 @ target-host ] start-test-services
20:07:12,370 [ test-runner:run-tests-983 @ target-host ] /home/zakkak/spring-quarkus-perf-comparison/spring-quarkus-perf-comparison/scripts/infra.sh -c 3 -p '4-6' -s
Using podman to start containers
-----------------------------------------
[03/11/2026 20:07:01]: Starting services
-----------------------------------------
Starting PostgreSQL database 'fruits_db'
PostgreSQL DB process: db87584124ae6ba5c5dc537648158b4add02b5434680c5fba62c76a83e2a8201
Waiting for PostgreSQL to be ready...
localhost:5432 - no response
localhost:5432 - no response
localhost:5432 - accepting connections
20:07:12,370 [ test-runner:run-tests-983 @ target-host ] script-cmd: sync-drop-fs-cache
20:07:12,370 [ test-runner:run-tests-983 @ target-host ] sync-drop-fs-cache
20:07:12,371 [ test-runner:run-tests-983 @ target-host ] read-state: true
20:07:12,371 [ test-runner:run-tests-983 @ target-host ] regex: true
20:07:12,988 [ test-runner:run-tests-983 @ target-host ] sync
20:07:12,988 [ test-runner:run-tests-983 @ target-host ] script-cmd: sync-drop-fs-cache-${{os}}
20:07:12,988 [ test-runner:run-tests-983 @ target-host ] sync-drop-fs-cache-linux
20:07:12,988 [ test-runner:run-tests-983 @ target-host ] script-cmd: sudo
20:07:12,988 [ test-runner:run-tests-983 @ target-host ] sudo
20:07:12,989 [ test-runner:run-tests-983 @ target-host ] script-cmd: sudo-${{os}}
20:07:12,989 [ test-runner:run-tests-983 @ target-host ] sudo-linux
20:07:13,775 [ test-runner:run-tests-983 @ target-host ] sudo sh -c "echo 3 > /proc/sys/vm/drop_caches"
]3008;start=6872ef32639d43049f0a7ddc1d1af2dd;user=zakkak;hostname=blanc;machineid=f469a615e9ef4e81b7d5be080a5de373;bootid=0e917e08584a49cb891ef04366e00ace;pid=343117;pidfdid=343118;comm=sudo;targetuser=root;sessionid=c321;type=session\]3008;end=6872ef32639d43049f0a7ddc1d1af2dd\
20:07:14,179 [ test-runner:run-tests-983 @ target-host ] taskset --cpu-list 0-3 /home/zakkak/spring-quarkus-perf-comparison/spring-quarkus-perf-comparison/quarkus3/target/quarkus3-runner  &>/home/zakkak/spring-quarkus-perf-comparison/logs/measure-rss-quarkus3-native-2.log &
[1] 343146
20:07:14,580 [ test-runner:run-tests-983 @ target-host ] APP_PID=$!
20:07:16,985 [ test-runner:run-tests-983 @ target-host ] sleep 2
20:07:17,403 [ test-runner:run-tests-983 @ target-host ] pmap -x $APP_PID | grep total | awk '{print $4}'
67528
20:07:17,403 [ test-runner:run-tests-983 @ target-host ] set-state: RSS_STARTUP 67528
20:07:17,433 [ test-runner:run-tests-983 @ target-host ] script-cmd: state-array-push
20:07:17,433 [ test-runner:run-tests-983 @ target-host ] state-array-push
20:07:17,481 [ test-runner:run-tests-983 @ target-host ] set-state: RUN.output.results.quarkus3-native.rss.startup [65.9453125,65.95703125,65.9453125]
20:07:17,912 [ test-runner:run-tests-983 @ target-host ] curl -s  http://localhost:8080/fruits > /dev/null
20:07:18,317 [ test-runner:run-tests-983 @ target-host ] pmap -x $APP_PID | grep total | awk '{print $4}'
74600
20:07:18,317 [ test-runner:run-tests-983 @ target-host ] set-state: FIRST_REQUEST 74600
20:07:18,339 [ test-runner:run-tests-983 @ target-host ] script-cmd: state-array-push
20:07:18,339 [ test-runner:run-tests-983 @ target-host ] state-array-push
20:07:18,376 [ test-runner:run-tests-983 @ target-host ] set-state: RUN.output.results.quarkus3-native.rss.firstRequest [72.8515625,72.86328125,72.8515625]
20:07:18,878 [ test-runner:run-tests-983 @ target-host ] kill -15 $APP_PID
20:07:21,281 [ test-runner:run-tests-983 @ target-host ] sleep 2
20:07:21,281 [ test-runner:run-tests-983 @ target-host ] script-cmd: stop-test-services
20:07:21,281 [ test-runner:run-tests-983 @ target-host ] stop-test-services
20:07:21,928 [ test-runner:run-tests-983 @ target-host ] /home/zakkak/spring-quarkus-perf-comparison/spring-quarkus-perf-comparison/scripts/infra.sh -d
Using podman to stop containers
-----------------------------------------
[03/11/2026 20:07:21]: Stopping services
-----------------------------------------
Stopping PostgreSQL database 'fruits_db'
fruits_db
20:07:22,010 [ test-runner:run-tests-983 @ target-host ] for-each: ITERATION = 3
20:07:22,019 [ test-runner:run-tests-983 @ target-host ] queue-download: ${{REPO_DIR}}/logs/measure-rss-${{RUNTIME.name}}-${{ITERATION}}.log=/home/zakkak/spring-quarkus-perf-comparison/logs/measure-rss-quarkus3-native-3.log ../../20260311/run-time-initialize-file-system-providers/target-host/
20:07:22,019 [ test-runner:run-tests-983 @ target-host ] script-cmd: start-test-services
20:07:22,019 [ test-runner:run-tests-983 @ target-host ] start-test-services
20:07:33,107 [ test-runner:run-tests-983 @ target-host ] /home/zakkak/spring-quarkus-perf-comparison/spring-quarkus-perf-comparison/scripts/infra.sh -c 3 -p '4-6' -s
Using podman to start containers
-----------------------------------------
[03/11/2026 20:07:22]: Starting services
-----------------------------------------
Starting PostgreSQL database 'fruits_db'
PostgreSQL DB process: 9bf4cf4be9b8219c43e45f8a1e6a8643d2e60a8685646d4e7ee04d02c192e1e6
Waiting for PostgreSQL to be ready...
localhost:5432 - no response
localhost:5432 - no response
localhost:5432 - accepting connections
20:07:33,107 [ test-runner:run-tests-983 @ target-host ] script-cmd: sync-drop-fs-cache
20:07:33,107 [ test-runner:run-tests-983 @ target-host ] sync-drop-fs-cache
20:07:33,108 [ test-runner:run-tests-983 @ target-host ] read-state: true
20:07:33,108 [ test-runner:run-tests-983 @ target-host ] regex: true
20:07:33,656 [ test-runner:run-tests-983 @ target-host ] sync
20:07:33,657 [ test-runner:run-tests-983 @ target-host ] script-cmd: sync-drop-fs-cache-${{os}}
20:07:33,657 [ test-runner:run-tests-983 @ target-host ] sync-drop-fs-cache-linux
20:07:33,657 [ test-runner:run-tests-983 @ target-host ] script-cmd: sudo
20:07:33,657 [ test-runner:run-tests-983 @ target-host ] sudo
20:07:33,658 [ test-runner:run-tests-983 @ target-host ] script-cmd: sudo-${{os}}
20:07:33,658 [ test-runner:run-tests-983 @ target-host ] sudo-linux
20:07:34,445 [ test-runner:run-tests-983 @ target-host ] sudo sh -c "echo 3 > /proc/sys/vm/drop_caches"
]3008;start=5d0b0add31ad4865a4ed751fc2f9910a;user=zakkak;hostname=blanc;machineid=f469a615e9ef4e81b7d5be080a5de373;bootid=0e917e08584a49cb891ef04366e00ace;pid=343568;pidfdid=343569;comm=sudo;targetuser=root;sessionid=c322;type=session\]3008;end=5d0b0add31ad4865a4ed751fc2f9910a\
20:07:34,849 [ test-runner:run-tests-983 @ target-host ] taskset --cpu-list 0-3 /home/zakkak/spring-quarkus-perf-comparison/spring-quarkus-perf-comparison/quarkus3/target/quarkus3-runner  &>/home/zakkak/spring-quarkus-perf-comparison/logs/measure-rss-quarkus3-native-3.log &
[1] 343597
20:07:35,251 [ test-runner:run-tests-983 @ target-host ] APP_PID=$!
20:07:37,663 [ test-runner:run-tests-983 @ target-host ] sleep 2
20:07:38,073 [ test-runner:run-tests-983 @ target-host ] pmap -x $APP_PID | grep total | awk '{print $4}'
67424
20:07:38,073 [ test-runner:run-tests-983 @ target-host ] set-state: RSS_STARTUP 67424
20:07:38,115 [ test-runner:run-tests-983 @ target-host ] script-cmd: state-array-push
20:07:38,115 [ test-runner:run-tests-983 @ target-host ] state-array-push
20:07:38,180 [ test-runner:run-tests-983 @ target-host ] set-state: RUN.output.results.quarkus3-native.rss.startup [65.9453125,65.95703125,65.9453125,65.84375]
20:07:38,611 [ test-runner:run-tests-983 @ target-host ] curl -s  http://localhost:8080/fruits > /dev/null
20:07:39,017 [ test-runner:run-tests-983 @ target-host ] pmap -x $APP_PID | grep total | awk '{print $4}'
74500
20:07:39,017 [ test-runner:run-tests-983 @ target-host ] set-state: FIRST_REQUEST 74500
20:07:39,045 [ test-runner:run-tests-983 @ target-host ] script-cmd: state-array-push
20:07:39,045 [ test-runner:run-tests-983 @ target-host ] state-array-push
20:07:39,101 [ test-runner:run-tests-983 @ target-host ] set-state: RUN.output.results.quarkus3-native.rss.firstRequest [72.8515625,72.86328125,72.8515625,72.75390625]
20:07:39,603 [ test-runner:run-tests-983 @ target-host ] kill -15 $APP_PID
20:07:42,005 [ test-runner:run-tests-983 @ target-host ] sleep 2
20:07:42,006 [ test-runner:run-tests-983 @ target-host ] script-cmd: stop-test-services
20:07:42,006 [ test-runner:run-tests-983 @ target-host ] stop-test-services
20:07:42,659 [ test-runner:run-tests-983 @ target-host ] /home/zakkak/spring-quarkus-perf-comparison/spring-quarkus-perf-comparison/scripts/infra.sh -d
Using podman to stop containers
-----------------------------------------
[03/11/2026 20:07:42]: Stopping services
-----------------------------------------
Stopping PostgreSQL database 'fruits_db'
fruits_db
20:07:42,742 [ test-runner:run-tests-983 @ target-host ] for-each: ITERATION = 4
20:07:42,744 [ test-runner:run-tests-983 @ target-host ] queue-download: ${{REPO_DIR}}/logs/measure-rss-${{RUNTIME.name}}-${{ITERATION}}.log=/home/zakkak/spring-quarkus-perf-comparison/logs/measure-rss-quarkus3-native-4.log ../../20260311/run-time-initialize-file-system-providers/target-host/
20:07:42,745 [ test-runner:run-tests-983 @ target-host ] script-cmd: start-test-services
20:07:42,745 [ test-runner:run-tests-983 @ target-host ] start-test-services
20:07:53,852 [ test-runner:run-tests-983 @ target-host ] /home/zakkak/spring-quarkus-perf-comparison/spring-quarkus-perf-comparison/scripts/infra.sh -c 3 -p '4-6' -s
Using podman to start containers
-----------------------------------------
[03/11/2026 20:07:42]: Starting services
-----------------------------------------
Starting PostgreSQL database 'fruits_db'
PostgreSQL DB process: 6b42fbf35705fcede0e893ea326623fb517ef9e6606773f644c024b5b4d05f1a
Waiting for PostgreSQL to be ready...
localhost:5432 - no response
localhost:5432 - no response
localhost:5432 - accepting connections
20:07:53,853 [ test-runner:run-tests-983 @ target-host ] script-cmd: sync-drop-fs-cache
20:07:53,853 [ test-runner:run-tests-983 @ target-host ] sync-drop-fs-cache
20:07:53,853 [ test-runner:run-tests-983 @ target-host ] read-state: true
20:07:53,853 [ test-runner:run-tests-983 @ target-host ] regex: true
20:07:54,447 [ test-runner:run-tests-983 @ target-host ] sync
20:07:54,447 [ test-runner:run-tests-983 @ target-host ] script-cmd: sync-drop-fs-cache-${{os}}
20:07:54,447 [ test-runner:run-tests-983 @ target-host ] sync-drop-fs-cache-linux
20:07:54,448 [ test-runner:run-tests-983 @ target-host ] script-cmd: sudo
20:07:54,448 [ test-runner:run-tests-983 @ target-host ] sudo
20:07:54,448 [ test-runner:run-tests-983 @ target-host ] script-cmd: sudo-${{os}}
20:07:54,448 [ test-runner:run-tests-983 @ target-host ] sudo-linux
20:07:55,233 [ test-runner:run-tests-983 @ target-host ] sudo sh -c "echo 3 > /proc/sys/vm/drop_caches"
]3008;start=86b3be5c323c48d0b320ab2eb2b2aa75;user=zakkak;hostname=blanc;machineid=f469a615e9ef4e81b7d5be080a5de373;bootid=0e917e08584a49cb891ef04366e00ace;pid=344038;pidfdid=344039;comm=sudo;targetuser=root;sessionid=c323;type=session\]3008;end=86b3be5c323c48d0b320ab2eb2b2aa75\
20:07:55,637 [ test-runner:run-tests-983 @ target-host ] taskset --cpu-list 0-3 /home/zakkak/spring-quarkus-perf-comparison/spring-quarkus-perf-comparison/quarkus3/target/quarkus3-runner  &>/home/zakkak/spring-quarkus-perf-comparison/logs/measure-rss-quarkus3-native-4.log &
[1] 344067
20:07:56,039 [ test-runner:run-tests-983 @ target-host ] APP_PID=$!
20:07:58,452 [ test-runner:run-tests-983 @ target-host ] sleep 2
20:07:58,872 [ test-runner:run-tests-983 @ target-host ] pmap -x $APP_PID | grep total | awk '{print $4}'
67528
20:07:58,872 [ test-runner:run-tests-983 @ target-host ] set-state: RSS_STARTUP 67528
20:07:58,911 [ test-runner:run-tests-983 @ target-host ] script-cmd: state-array-push
20:07:58,911 [ test-runner:run-tests-983 @ target-host ] state-array-push
20:07:58,962 [ test-runner:run-tests-983 @ target-host ] set-state: RUN.output.results.quarkus3-native.rss.startup [65.9453125,65.95703125,65.9453125,65.84375,65.9453125]
20:07:59,400 [ test-runner:run-tests-983 @ target-host ] curl -s  http://localhost:8080/fruits > /dev/null
20:07:59,805 [ test-runner:run-tests-983 @ target-host ] pmap -x $APP_PID | grep total | awk '{print $4}'
74600
20:07:59,805 [ test-runner:run-tests-983 @ target-host ] set-state: FIRST_REQUEST 74600
20:07:59,823 [ test-runner:run-tests-983 @ target-host ] script-cmd: state-array-push
20:07:59,823 [ test-runner:run-tests-983 @ target-host ] state-array-push
20:07:59,859 [ test-runner:run-tests-983 @ target-host ] set-state: RUN.output.results.quarkus3-native.rss.firstRequest [72.8515625,72.86328125,72.8515625,72.75390625,72.8515625]
20:08:00,360 [ test-runner:run-tests-983 @ target-host ] kill -15 $APP_PID
20:08:02,763 [ test-runner:run-tests-983 @ target-host ] sleep 2
20:08:02,763 [ test-runner:run-tests-983 @ target-host ] script-cmd: stop-test-services
20:08:02,763 [ test-runner:run-tests-983 @ target-host ] stop-test-services
20:08:03,416 [ test-runner:run-tests-983 @ target-host ] /home/zakkak/spring-quarkus-perf-comparison/spring-quarkus-perf-comparison/scripts/infra.sh -d
Using podman to stop containers
-----------------------------------------
[03/11/2026 20:08:02]: Stopping services
-----------------------------------------
Stopping PostgreSQL database 'fruits_db'
fruits_db
20:08:03,470 [ test-runner:run-tests-983 @ target-host ] for-each: ITERATION = 5
20:08:03,473 [ test-runner:run-tests-983 @ target-host ] queue-download: ${{REPO_DIR}}/logs/measure-rss-${{RUNTIME.name}}-${{ITERATION}}.log=/home/zakkak/spring-quarkus-perf-comparison/logs/measure-rss-quarkus3-native-5.log ../../20260311/run-time-initialize-file-system-providers/target-host/
20:08:03,473 [ test-runner:run-tests-983 @ target-host ] script-cmd: start-test-services
20:08:03,473 [ test-runner:run-tests-983 @ target-host ] start-test-services
20:08:14,552 [ test-runner:run-tests-983 @ target-host ] /home/zakkak/spring-quarkus-perf-comparison/spring-quarkus-perf-comparison/scripts/infra.sh -c 3 -p '4-6' -s
Using podman to start containers
-----------------------------------------
[03/11/2026 20:08:03]: Starting services
-----------------------------------------
Starting PostgreSQL database 'fruits_db'
PostgreSQL DB process: b6b024377b4fa2040eff1c1384c852feade72d59718b15830e57ca4d62508b80
Waiting for PostgreSQL to be ready...
localhost:5432 - no response
localhost:5432 - no response
localhost:5432 - accepting connections
20:08:14,552 [ test-runner:run-tests-983 @ target-host ] script-cmd: sync-drop-fs-cache
20:08:14,552 [ test-runner:run-tests-983 @ target-host ] sync-drop-fs-cache
20:08:14,552 [ test-runner:run-tests-983 @ target-host ] read-state: true
20:08:14,553 [ test-runner:run-tests-983 @ target-host ] regex: true
20:08:15,106 [ test-runner:run-tests-983 @ target-host ] sync
20:08:15,107 [ test-runner:run-tests-983 @ target-host ] script-cmd: sync-drop-fs-cache-${{os}}
20:08:15,107 [ test-runner:run-tests-983 @ target-host ] sync-drop-fs-cache-linux
20:08:15,107 [ test-runner:run-tests-983 @ target-host ] script-cmd: sudo
20:08:15,107 [ test-runner:run-tests-983 @ target-host ] sudo
20:08:15,107 [ test-runner:run-tests-983 @ target-host ] script-cmd: sudo-${{os}}
20:08:15,107 [ test-runner:run-tests-983 @ target-host ] sudo-linux
20:08:15,894 [ test-runner:run-tests-983 @ target-host ] sudo sh -c "echo 3 > /proc/sys/vm/drop_caches"
]3008;start=1e741879946f4aed9361414a3d6f949c;user=zakkak;hostname=blanc;machineid=f469a615e9ef4e81b7d5be080a5de373;bootid=0e917e08584a49cb891ef04366e00ace;pid=344499;pidfdid=344500;comm=sudo;targetuser=root;sessionid=c324;type=session\]3008;end=1e741879946f4aed9361414a3d6f949c\
20:08:16,298 [ test-runner:run-tests-983 @ target-host ] taskset --cpu-list 0-3 /home/zakkak/spring-quarkus-perf-comparison/spring-quarkus-perf-comparison/quarkus3/target/quarkus3-runner  &>/home/zakkak/spring-quarkus-perf-comparison/logs/measure-rss-quarkus3-native-5.log &
[1] 344526
20:08:16,699 [ test-runner:run-tests-983 @ target-host ] APP_PID=$!
20:08:19,105 [ test-runner:run-tests-983 @ target-host ] sleep 2
20:08:19,524 [ test-runner:run-tests-983 @ target-host ] pmap -x $APP_PID | grep total | awk '{print $4}'
67520
20:08:19,524 [ test-runner:run-tests-983 @ target-host ] set-state: RSS_STARTUP 67520
20:08:19,553 [ test-runner:run-tests-983 @ target-host ] script-cmd: state-array-push
20:08:19,553 [ test-runner:run-tests-983 @ target-host ] state-array-push
20:08:19,588 [ test-runner:run-tests-983 @ target-host ] set-state: RUN.output.results.quarkus3-native.rss.startup [65.9453125,65.95703125,65.9453125,65.84375,65.9453125,65.9375]
20:08:20,026 [ test-runner:run-tests-983 @ target-host ] curl -s  http://localhost:8080/fruits > /dev/null
20:08:20,440 [ test-runner:run-tests-983 @ target-host ] pmap -x $APP_PID | grep total | awk '{print $4}'
74592
20:08:20,440 [ test-runner:run-tests-983 @ target-host ] set-state: FIRST_REQUEST 74592
20:08:20,458 [ test-runner:run-tests-983 @ target-host ] script-cmd: state-array-push
20:08:20,458 [ test-runner:run-tests-983 @ target-host ] state-array-push
20:08:20,503 [ test-runner:run-tests-983 @ target-host ] set-state: RUN.output.results.quarkus3-native.rss.firstRequest [72.8515625,72.86328125,72.8515625,72.75390625,72.8515625,72.84375]
20:08:21,005 [ test-runner:run-tests-983 @ target-host ] kill -15 $APP_PID
20:08:23,408 [ test-runner:run-tests-983 @ target-host ] sleep 2
20:08:23,408 [ test-runner:run-tests-983 @ target-host ] script-cmd: stop-test-services
20:08:23,408 [ test-runner:run-tests-983 @ target-host ] stop-test-services
20:08:24,077 [ test-runner:run-tests-983 @ target-host ] /home/zakkak/spring-quarkus-perf-comparison/spring-quarkus-perf-comparison/scripts/infra.sh -d
Using podman to stop containers
-----------------------------------------
[03/11/2026 20:08:23]: Stopping services
-----------------------------------------
Stopping PostgreSQL database 'fruits_db'
fruits_db
20:08:24,140 [ test-runner:run-tests-983 @ target-host ] for-each: ITERATION = 6
20:08:24,142 [ test-runner:run-tests-983 @ target-host ] queue-download: ${{REPO_DIR}}/logs/measure-rss-${{RUNTIME.name}}-${{ITERATION}}.log=/home/zakkak/spring-quarkus-perf-comparison/logs/measure-rss-quarkus3-native-6.log ../../20260311/run-time-initialize-file-system-providers/target-host/
20:08:24,142 [ test-runner:run-tests-983 @ target-host ] script-cmd: start-test-services
20:08:24,142 [ test-runner:run-tests-983 @ target-host ] start-test-services
20:08:35,229 [ test-runner:run-tests-983 @ target-host ] /home/zakkak/spring-quarkus-perf-comparison/spring-quarkus-perf-comparison/scripts/infra.sh -c 3 -p '4-6' -s
Using podman to start containers
-----------------------------------------
[03/11/2026 20:08:24]: Starting services
-----------------------------------------
Starting PostgreSQL database 'fruits_db'
PostgreSQL DB process: 06908cb65264c16b074831a5e257bb061c2ba33fd05b2d35398deb0a30ad3a32
Waiting for PostgreSQL to be ready...
localhost:5432 - no response
localhost:5432 - no response
localhost:5432 - accepting connections
20:08:35,229 [ test-runner:run-tests-983 @ target-host ] script-cmd: sync-drop-fs-cache
20:08:35,229 [ test-runner:run-tests-983 @ target-host ] sync-drop-fs-cache
20:08:35,229 [ test-runner:run-tests-983 @ target-host ] read-state: true
20:08:35,229 [ test-runner:run-tests-983 @ target-host ] regex: true
20:08:35,832 [ test-runner:run-tests-983 @ target-host ] sync
20:08:35,833 [ test-runner:run-tests-983 @ target-host ] script-cmd: sync-drop-fs-cache-${{os}}
20:08:35,833 [ test-runner:run-tests-983 @ target-host ] sync-drop-fs-cache-linux
20:08:35,833 [ test-runner:run-tests-983 @ target-host ] script-cmd: sudo
20:08:35,833 [ test-runner:run-tests-983 @ target-host ] sudo
20:08:35,833 [ test-runner:run-tests-983 @ target-host ] script-cmd: sudo-${{os}}
20:08:35,833 [ test-runner:run-tests-983 @ target-host ] sudo-linux
20:08:36,610 [ test-runner:run-tests-983 @ target-host ] sudo sh -c "echo 3 > /proc/sys/vm/drop_caches"
]3008;start=b5225c3710834f7b82c44eadbb71fe36;user=zakkak;hostname=blanc;machineid=f469a615e9ef4e81b7d5be080a5de373;bootid=0e917e08584a49cb891ef04366e00ace;pid=344966;pidfdid=344967;comm=sudo;targetuser=root;sessionid=c325;type=session\]3008;end=b5225c3710834f7b82c44eadbb71fe36\
20:08:37,022 [ test-runner:run-tests-983 @ target-host ] taskset --cpu-list 0-3 /home/zakkak/spring-quarkus-perf-comparison/spring-quarkus-perf-comparison/quarkus3/target/quarkus3-runner  &>/home/zakkak/spring-quarkus-perf-comparison/logs/measure-rss-quarkus3-native-6.log &
[1] 344999
20:08:37,423 [ test-runner:run-tests-983 @ target-host ] APP_PID=$!
20:08:39,836 [ test-runner:run-tests-983 @ target-host ] sleep 2
20:08:40,254 [ test-runner:run-tests-983 @ target-host ] pmap -x $APP_PID | grep total | awk '{print $4}'
67524
20:08:40,254 [ test-runner:run-tests-983 @ target-host ] set-state: RSS_STARTUP 67524
20:08:40,284 [ test-runner:run-tests-983 @ target-host ] script-cmd: state-array-push
20:08:40,284 [ test-runner:run-tests-983 @ target-host ] state-array-push
20:08:40,322 [ test-runner:run-tests-983 @ target-host ] set-state: RUN.output.results.quarkus3-native.rss.startup [65.9453125,65.95703125,65.9453125,65.84375,65.9453125,65.9375,65.94140625]
20:08:40,753 [ test-runner:run-tests-983 @ target-host ] curl -s  http://localhost:8080/fruits > /dev/null
20:08:41,158 [ test-runner:run-tests-983 @ target-host ] pmap -x $APP_PID | grep total | awk '{print $4}'
74588
20:08:41,158 [ test-runner:run-tests-983 @ target-host ] set-state: FIRST_REQUEST 74588
20:08:41,178 [ test-runner:run-tests-983 @ target-host ] script-cmd: state-array-push
20:08:41,178 [ test-runner:run-tests-983 @ target-host ] state-array-push
20:08:41,216 [ test-runner:run-tests-983 @ target-host ] set-state: RUN.output.results.quarkus3-native.rss.firstRequest [72.8515625,72.86328125,72.8515625,72.75390625,72.8515625,72.84375,72.83984375]
20:08:41,718 [ test-runner:run-tests-983 @ target-host ] kill -15 $APP_PID
20:08:44,121 [ test-runner:run-tests-983 @ target-host ] sleep 2
20:08:44,121 [ test-runner:run-tests-983 @ target-host ] script-cmd: stop-test-services
20:08:44,121 [ test-runner:run-tests-983 @ target-host ] stop-test-services
20:08:44,765 [ test-runner:run-tests-983 @ target-host ] /home/zakkak/spring-quarkus-perf-comparison/spring-quarkus-perf-comparison/scripts/infra.sh -d
Using podman to stop containers
-----------------------------------------
[03/11/2026 20:08:44]: Stopping services
-----------------------------------------
Stopping PostgreSQL database 'fruits_db'
fruits_db
20:08:44,820 [ test-runner:run-tests-983 @ target-host ] for-each: ITERATION = 7
20:08:44,829 [ test-runner:run-tests-983 @ target-host ] queue-download: ${{REPO_DIR}}/logs/measure-rss-${{RUNTIME.name}}-${{ITERATION}}.log=/home/zakkak/spring-quarkus-perf-comparison/logs/measure-rss-quarkus3-native-7.log ../../20260311/run-time-initialize-file-system-providers/target-host/
20:08:44,829 [ test-runner:run-tests-983 @ target-host ] script-cmd: start-test-services
20:08:44,829 [ test-runner:run-tests-983 @ target-host ] start-test-services
20:08:55,938 [ test-runner:run-tests-983 @ target-host ] /home/zakkak/spring-quarkus-perf-comparison/spring-quarkus-perf-comparison/scripts/infra.sh -c 3 -p '4-6' -s
Using podman to start containers
-----------------------------------------
[03/11/2026 20:08:44]: Starting services
-----------------------------------------
Starting PostgreSQL database 'fruits_db'
PostgreSQL DB process: b23911371a018b75759143c49ff9b1547b2a264f697ee15287cefb10e4e330a0
Waiting for PostgreSQL to be ready...
localhost:5432 - no response
localhost:5432 - no response
localhost:5432 - accepting connections
20:08:55,938 [ test-runner:run-tests-983 @ target-host ] script-cmd: sync-drop-fs-cache
20:08:55,938 [ test-runner:run-tests-983 @ target-host ] sync-drop-fs-cache
20:08:55,938 [ test-runner:run-tests-983 @ target-host ] read-state: true
20:08:55,938 [ test-runner:run-tests-983 @ target-host ] regex: true
20:08:56,471 [ test-runner:run-tests-983 @ target-host ] sync
20:08:56,471 [ test-runner:run-tests-983 @ target-host ] script-cmd: sync-drop-fs-cache-${{os}}
20:08:56,471 [ test-runner:run-tests-983 @ target-host ] sync-drop-fs-cache-linux
20:08:56,471 [ test-runner:run-tests-983 @ target-host ] script-cmd: sudo
20:08:56,471 [ test-runner:run-tests-983 @ target-host ] sudo
20:08:56,472 [ test-runner:run-tests-983 @ target-host ] script-cmd: sudo-${{os}}
20:08:56,472 [ test-runner:run-tests-983 @ target-host ] sudo-linux
20:08:57,260 [ test-runner:run-tests-983 @ target-host ] sudo sh -c "echo 3 > /proc/sys/vm/drop_caches"
]3008;start=ff9e2560f5c94e40a9b8ad88668051dd;user=zakkak;hostname=blanc;machineid=f469a615e9ef4e81b7d5be080a5de373;bootid=0e917e08584a49cb891ef04366e00ace;pid=345432;pidfdid=345433;comm=sudo;targetuser=root;sessionid=c326;type=session\]3008;end=ff9e2560f5c94e40a9b8ad88668051dd\
20:08:57,663 [ test-runner:run-tests-983 @ target-host ] taskset --cpu-list 0-3 /home/zakkak/spring-quarkus-perf-comparison/spring-quarkus-perf-comparison/quarkus3/target/quarkus3-runner  &>/home/zakkak/spring-quarkus-perf-comparison/logs/measure-rss-quarkus3-native-7.log &
[1] 345461
20:08:58,064 [ test-runner:run-tests-983 @ target-host ] APP_PID=$!
20:09:00,477 [ test-runner:run-tests-983 @ target-host ] sleep 2
20:09:00,894 [ test-runner:run-tests-983 @ target-host ] pmap -x $APP_PID | grep total | awk '{print $4}'
67516
20:09:00,895 [ test-runner:run-tests-983 @ target-host ] set-state: RSS_STARTUP 67516
20:09:00,924 [ test-runner:run-tests-983 @ target-host ] script-cmd: state-array-push
20:09:00,924 [ test-runner:run-tests-983 @ target-host ] state-array-push
20:09:00,971 [ test-runner:run-tests-983 @ target-host ] set-state: RUN.output.results.quarkus3-native.rss.startup [65.9453125,65.95703125,65.9453125,65.84375,65.9453125,65.9375,65.94140625,65.93359375]
20:09:01,402 [ test-runner:run-tests-983 @ target-host ] curl -s  http://localhost:8080/fruits > /dev/null
20:09:01,808 [ test-runner:run-tests-983 @ target-host ] pmap -x $APP_PID | grep total | awk '{print $4}'
74588
20:09:01,808 [ test-runner:run-tests-983 @ target-host ] set-state: FIRST_REQUEST 74588
20:09:01,827 [ test-runner:run-tests-983 @ target-host ] script-cmd: state-array-push
20:09:01,827 [ test-runner:run-tests-983 @ target-host ] state-array-push
20:09:01,864 [ test-runner:run-tests-983 @ target-host ] set-state: RUN.output.results.quarkus3-native.rss.firstRequest [72.8515625,72.86328125,72.8515625,72.75390625,72.8515625,72.84375,72.83984375,72.83984375]
20:09:02,366 [ test-runner:run-tests-983 @ target-host ] kill -15 $APP_PID
20:09:04,769 [ test-runner:run-tests-983 @ target-host ] sleep 2
20:09:04,769 [ test-runner:run-tests-983 @ target-host ] script-cmd: stop-test-services
20:09:04,769 [ test-runner:run-tests-983 @ target-host ] stop-test-services
20:09:05,424 [ test-runner:run-tests-983 @ target-host ] /home/zakkak/spring-quarkus-perf-comparison/spring-quarkus-perf-comparison/scripts/infra.sh -d
Using podman to stop containers
-----------------------------------------
[03/11/2026 20:09:04]: Stopping services
-----------------------------------------
Stopping PostgreSQL database 'fruits_db'
fruits_db
20:09:05,477 [ test-runner:run-tests-983 @ target-host ] for-each: ITERATION = 8
20:09:05,480 [ test-runner:run-tests-983 @ target-host ] queue-download: ${{REPO_DIR}}/logs/measure-rss-${{RUNTIME.name}}-${{ITERATION}}.log=/home/zakkak/spring-quarkus-perf-comparison/logs/measure-rss-quarkus3-native-8.log ../../20260311/run-time-initialize-file-system-providers/target-host/
20:09:05,481 [ test-runner:run-tests-983 @ target-host ] script-cmd: start-test-services
20:09:05,481 [ test-runner:run-tests-983 @ target-host ] start-test-services
20:09:16,558 [ test-runner:run-tests-983 @ target-host ] /home/zakkak/spring-quarkus-perf-comparison/spring-quarkus-perf-comparison/scripts/infra.sh -c 3 -p '4-6' -s
Using podman to start containers
-----------------------------------------
[03/11/2026 20:09:05]: Starting services
-----------------------------------------
Starting PostgreSQL database 'fruits_db'
PostgreSQL DB process: c4ce23c47eff0eb84738d46cf6505a3623da39dfbef3b61c24e01601a21286f9
Waiting for PostgreSQL to be ready...
localhost:5432 - no response
localhost:5432 - no response
localhost:5432 - accepting connections
20:09:16,558 [ test-runner:run-tests-983 @ target-host ] script-cmd: sync-drop-fs-cache
20:09:16,558 [ test-runner:run-tests-983 @ target-host ] sync-drop-fs-cache
20:09:16,558 [ test-runner:run-tests-983 @ target-host ] read-state: true
20:09:16,558 [ test-runner:run-tests-983 @ target-host ] regex: true
20:09:17,178 [ test-runner:run-tests-983 @ target-host ] sync
20:09:17,178 [ test-runner:run-tests-983 @ target-host ] script-cmd: sync-drop-fs-cache-${{os}}
20:09:17,178 [ test-runner:run-tests-983 @ target-host ] sync-drop-fs-cache-linux
20:09:17,178 [ test-runner:run-tests-983 @ target-host ] script-cmd: sudo
20:09:17,178 [ test-runner:run-tests-983 @ target-host ] sudo
20:09:17,178 [ test-runner:run-tests-983 @ target-host ] script-cmd: sudo-${{os}}
20:09:17,178 [ test-runner:run-tests-983 @ target-host ] sudo-linux
20:09:17,972 [ test-runner:run-tests-983 @ target-host ] sudo sh -c "echo 3 > /proc/sys/vm/drop_caches"
]3008;start=f96f3533d80f44d79690a172c1d8a02f;user=zakkak;hostname=blanc;machineid=f469a615e9ef4e81b7d5be080a5de373;bootid=0e917e08584a49cb891ef04366e00ace;pid=345888;pidfdid=345889;comm=sudo;targetuser=root;sessionid=c327;type=session\]3008;end=f96f3533d80f44d79690a172c1d8a02f\
20:09:18,376 [ test-runner:run-tests-983 @ target-host ] taskset --cpu-list 0-3 /home/zakkak/spring-quarkus-perf-comparison/spring-quarkus-perf-comparison/quarkus3/target/quarkus3-runner  &>/home/zakkak/spring-quarkus-perf-comparison/logs/measure-rss-quarkus3-native-8.log &
[1] 345917
20:09:18,777 [ test-runner:run-tests-983 @ target-host ] APP_PID=$!
20:09:21,195 [ test-runner:run-tests-983 @ target-host ] sleep 2
20:09:21,608 [ test-runner:run-tests-983 @ target-host ] pmap -x $APP_PID | grep total | awk '{print $4}'
67532
20:09:21,608 [ test-runner:run-tests-983 @ target-host ] set-state: RSS_STARTUP 67532
20:09:21,631 [ test-runner:run-tests-983 @ target-host ] script-cmd: state-array-push
20:09:21,632 [ test-runner:run-tests-983 @ target-host ] state-array-push
20:09:21,667 [ test-runner:run-tests-983 @ target-host ] set-state: RUN.output.results.quarkus3-native.rss.startup [65.9453125,65.95703125,65.9453125,65.84375,65.9453125,65.9375,65.94140625,65.93359375,65.94921875]
20:09:22,106 [ test-runner:run-tests-983 @ target-host ] curl -s  http://localhost:8080/fruits > /dev/null
20:09:22,512 [ test-runner:run-tests-983 @ target-host ] pmap -x $APP_PID | grep total | awk '{print $4}'
74604
20:09:22,512 [ test-runner:run-tests-983 @ target-host ] set-state: FIRST_REQUEST 74604
20:09:22,529 [ test-runner:run-tests-983 @ target-host ] script-cmd: state-array-push
20:09:22,529 [ test-runner:run-tests-983 @ target-host ] state-array-push
20:09:22,573 [ test-runner:run-tests-983 @ target-host ] set-state: RUN.output.results.quarkus3-native.rss.firstRequest [72.8515625,72.86328125,72.8515625,72.75390625,72.8515625,72.84375,72.83984375,72.83984375,72.85546875]
20:09:23,075 [ test-runner:run-tests-983 @ target-host ] kill -15 $APP_PID
20:09:25,478 [ test-runner:run-tests-983 @ target-host ] sleep 2
20:09:25,478 [ test-runner:run-tests-983 @ target-host ] script-cmd: stop-test-services
20:09:25,478 [ test-runner:run-tests-983 @ target-host ] stop-test-services
20:09:26,148 [ test-runner:run-tests-983 @ target-host ] /home/zakkak/spring-quarkus-perf-comparison/spring-quarkus-perf-comparison/scripts/infra.sh -d
Using podman to stop containers
-----------------------------------------
[03/11/2026 20:09:25]: Stopping services
-----------------------------------------
Stopping PostgreSQL database 'fruits_db'
fruits_db
20:09:26,202 [ test-runner:run-tests-983 @ target-host ] for-each: ITERATION = 9
20:09:26,205 [ test-runner:run-tests-983 @ target-host ] queue-download: ${{REPO_DIR}}/logs/measure-rss-${{RUNTIME.name}}-${{ITERATION}}.log=/home/zakkak/spring-quarkus-perf-comparison/logs/measure-rss-quarkus3-native-9.log ../../20260311/run-time-initialize-file-system-providers/target-host/
20:09:26,205 [ test-runner:run-tests-983 @ target-host ] script-cmd: start-test-services
20:09:26,205 [ test-runner:run-tests-983 @ target-host ] start-test-services
20:09:37,292 [ test-runner:run-tests-983 @ target-host ] /home/zakkak/spring-quarkus-perf-comparison/spring-quarkus-perf-comparison/scripts/infra.sh -c 3 -p '4-6' -s
Using podman to start containers
-----------------------------------------
[03/11/2026 20:09:26]: Starting services
-----------------------------------------
Starting PostgreSQL database 'fruits_db'
PostgreSQL DB process: 82ecdcd8592732dd011f275b142695e59aad6b57086a5d9b9ad26c48a63090e4
Waiting for PostgreSQL to be ready...
localhost:5432 - no response
localhost:5432 - no response
localhost:5432 - accepting connections
20:09:37,292 [ test-runner:run-tests-983 @ target-host ] script-cmd: sync-drop-fs-cache
20:09:37,292 [ test-runner:run-tests-983 @ target-host ] sync-drop-fs-cache
20:09:37,292 [ test-runner:run-tests-983 @ target-host ] read-state: true
20:09:37,292 [ test-runner:run-tests-983 @ target-host ] regex: true
20:09:37,848 [ test-runner:run-tests-983 @ target-host ] sync
20:09:37,848 [ test-runner:run-tests-983 @ target-host ] script-cmd: sync-drop-fs-cache-${{os}}
20:09:37,848 [ test-runner:run-tests-983 @ target-host ] sync-drop-fs-cache-linux
20:09:37,848 [ test-runner:run-tests-983 @ target-host ] script-cmd: sudo
20:09:37,848 [ test-runner:run-tests-983 @ target-host ] sudo
20:09:37,848 [ test-runner:run-tests-983 @ target-host ] script-cmd: sudo-${{os}}
20:09:37,848 [ test-runner:run-tests-983 @ target-host ] sudo-linux
20:09:38,631 [ test-runner:run-tests-983 @ target-host ] sudo sh -c "echo 3 > /proc/sys/vm/drop_caches"
]3008;start=54b862fe0c0d4e7fbfea9c166243bc5d;user=zakkak;hostname=blanc;machineid=f469a615e9ef4e81b7d5be080a5de373;bootid=0e917e08584a49cb891ef04366e00ace;pid=346343;pidfdid=346344;comm=sudo;targetuser=root;sessionid=c328;type=session\]3008;end=54b862fe0c0d4e7fbfea9c166243bc5d\
20:09:39,034 [ test-runner:run-tests-983 @ target-host ] taskset --cpu-list 0-3 /home/zakkak/spring-quarkus-perf-comparison/spring-quarkus-perf-comparison/quarkus3/target/quarkus3-runner  &>/home/zakkak/spring-quarkus-perf-comparison/logs/measure-rss-quarkus3-native-9.log &
[1] 346373
20:09:39,436 [ test-runner:run-tests-983 @ target-host ] APP_PID=$!
20:09:41,845 [ test-runner:run-tests-983 @ target-host ] sleep 2
20:09:42,262 [ test-runner:run-tests-983 @ target-host ] pmap -x $APP_PID | grep total | awk '{print $4}'
67536
20:09:42,262 [ test-runner:run-tests-983 @ target-host ] set-state: RSS_STARTUP 67536
20:09:42,290 [ test-runner:run-tests-983 @ target-host ] script-cmd: state-array-push
20:09:42,291 [ test-runner:run-tests-983 @ target-host ] state-array-push
20:09:42,328 [ test-runner:run-tests-983 @ target-host ] set-state: RUN.output.results.quarkus3-native.rss.startup [65.9453125,65.95703125,65.9453125,65.84375,65.9453125,65.9375,65.94140625,65.93359375,65.94921875,65.953125]
20:09:42,759 [ test-runner:run-tests-983 @ target-host ] curl -s  http://localhost:8080/fruits > /dev/null
20:09:43,165 [ test-runner:run-tests-983 @ target-host ] pmap -x $APP_PID | grep total | awk '{print $4}'
74608
20:09:43,165 [ test-runner:run-tests-983 @ target-host ] set-state: FIRST_REQUEST 74608
20:09:43,183 [ test-runner:run-tests-983 @ target-host ] script-cmd: state-array-push
20:09:43,183 [ test-runner:run-tests-983 @ target-host ] state-array-push
20:09:43,217 [ test-runner:run-tests-983 @ target-host ] set-state: RUN.output.results.quarkus3-native.rss.firstRequest [72.8515625,72.86328125,72.8515625,72.75390625,72.8515625,72.84375,72.83984375,72.83984375,72.85546875,72.859375]
20:09:43,719 [ test-runner:run-tests-983 @ target-host ] kill -15 $APP_PID
20:09:46,122 [ test-runner:run-tests-983 @ target-host ] sleep 2
20:09:46,122 [ test-runner:run-tests-983 @ target-host ] script-cmd: stop-test-services
20:09:46,122 [ test-runner:run-tests-983 @ target-host ] stop-test-services
20:09:46,774 [ test-runner:run-tests-983 @ target-host ] /home/zakkak/spring-quarkus-perf-comparison/spring-quarkus-perf-comparison/scripts/infra.sh -d
Using podman to stop containers
-----------------------------------------
[03/11/2026 20:09:46]: Stopping services
-----------------------------------------
Stopping PostgreSQL database 'fruits_db'
fruits_db
20:09:46,837 [ test-runner:run-tests-983 @ target-host ] for-each: ITERATION
20:09:46,837 [ test-runner:run-tests-983 @ target-host ] script-cmd: state-array-calc-avg
20:09:46,838 [ test-runner:run-tests-983 @ target-host ] state-array-calc-avg
20:09:46,874 [ test-runner:run-tests-983 @ target-host ] set-state: RUN.output.results.quarkus3-native.rss.avStartupRss 65.93515625
20:09:46,875 [ test-runner:run-tests-983 @ target-host ] script-cmd: state-array-calc-avg
20:09:46,875 [ test-runner:run-tests-983 @ target-host ] state-array-calc-avg
20:09:46,930 [ test-runner:run-tests-983 @ target-host ] set-state: RUN.output.results.quarkus3-native.rss.avFirstRequestRss 72.841015625
20:09:46,931 [ test-runner:run-tests-983 @ target-host ] for-each: TEST = run-load-test
20:09:46,931 [ test-runner:run-tests-983 @ target-host ] script-cmd: ${{TEST}}
20:09:46,931 [ test-runner:run-tests-983 @ target-host ] run-load-test
20:09:46,931 [ test-runner:run-tests-983 @ target-host ] Running workload
20:09:47,333 [ test-runner:run-tests-983 @ target-host ] cd /home/zakkak/spring-quarkus-perf-comparison/spring-quarkus-perf-comparison/quarkus3
20:10:32,084 [ test-runner:run-tests-983 @ target-host ] ./mvnw  clean package -DskipTests -Pnative -Dquarkus.native.additional-build-args-append=--future-defaults=run-time-initialize-file-system-providers
[INFO] Scanning for projects...
[WARNING] Quarkus Maven extension: an explicit 'argLine' is defined in maven-surefire-plugin config, but does not contain '@{argLine}': we will not be able to inject JVM parameters automatically. Please add '@{argLine}' to the argLine configuration you have defined.
[INFO] 
[INFO] -------------------------< org.acme:quarkus3 >--------------------------
[INFO] Building quarkus3 1.0
[INFO]   from pom.xml
[INFO] ------------------------------[ quarkus ]-------------------------------
[INFO] 
[INFO] --- clean:3.2.0:clean (default-clean) @ quarkus3 ---
[INFO] Deleting /home/zakkak/spring-quarkus-perf-comparison/spring-quarkus-perf-comparison/quarkus3/target
[INFO] 
[INFO] --- resources:3.3.1:resources (default-resources) @ quarkus3 ---
[WARNING] Using platform encoding (UTF-8 actually) to copy filtered resources, i.e. build is platform dependent!
[INFO] Copying 2 resources from src/main/resources to target/classes
[INFO] 
[INFO] --- quarkus:3.32.2:generate-code (default-generate-code) @ quarkus3 ---
[INFO] 
[INFO] --- compiler:3.15.0:compile (default-compile) @ quarkus3 ---
[INFO] Recompiling the module because of changed source code.
[WARNING] File encoding has not been set, using platform encoding UTF-8, i.e. build is platform dependent!
[INFO] Compiling 16 source files with javac [debug release 21] to target/classes
[INFO] 
[INFO] --- resources:3.3.1:testResources (default-testResources) @ quarkus3 ---
[WARNING] Using platform encoding (UTF-8 actually) to copy filtered resources, i.e. build is platform dependent!
[INFO] skip non existing resourceDirectory /home/zakkak/spring-quarkus-perf-comparison/spring-quarkus-perf-comparison/quarkus3/src/test/resources
[INFO] 
[INFO] --- quarkus:3.32.2:generate-code-tests (default-generate-code-tests) @ quarkus3 ---
[INFO] 
[INFO] --- compiler:3.15.0:testCompile (default-testCompile) @ quarkus3 ---
[INFO] Recompiling the module because of changed dependency.
[WARNING] File encoding has not been set, using platform encoding UTF-8, i.e. build is platform dependent!
[INFO] Compiling 4 source files with javac [debug release 21] to target/test-classes
[INFO] 
[INFO] --- surefire:3.5.5:test (default-test) @ quarkus3 ---
[INFO] Tests are skipped.
[INFO] 
[INFO] --- quarkus:3.32.2:build (default-build) @ quarkus3 ---
[INFO] [io.quarkus.deployment.pkg.jar.NativeImageSourceJarBuilder] Building native image source jar: /home/zakkak/spring-quarkus-perf-comparison/spring-quarkus-perf-comparison/quarkus3/target/quarkus3-native-image-source-jar/quarkus3-runner.jar
[INFO] [io.quarkus.deployment.pkg.steps.NativeImageBuildStep] Building native image from /home/zakkak/spring-quarkus-perf-comparison/spring-quarkus-perf-comparison/quarkus3/target/quarkus3-native-image-source-jar/quarkus3-runner.jar
[INFO] [io.quarkus.deployment.pkg.steps.NativeImageBuildStep] Running Quarkus native-image plugin on GRAALVM 25.1.0-dev JDK 25.0.1+8-jvmci-25.1-b14
[INFO] [io.quarkus.deployment.pkg.steps.NativeImageBuildRunner] /home/zakkak/code/graal-oracle/sdk/latest_graalvm_home/bin/native-image -J-DCoordinatorEnvironmentBean.transactionStatusManagerEnable=false -J-Dsun.nio.ch.maxUpdateArraySize=100 -J-Djava.util.logging.manager=org.jboss.logmanager.LogManager -J-Dvertx.logger-delegate-factory-class-name=io.quarkus.vertx.core.runtime.VertxLogDelegateFactory -J-Dvertx.disableDnsResolver=true -J-Dio.netty.leakDetection.level=DISABLED -J-Dio.netty.allocator.maxOrder=3 -J-Duser.language=en -J-Duser.country=IE -J-Dlogging.initial-configurator.min-level=500 -H:+UnlockExperimentalVMOptions -H:IncludeLocales=en-IE -H:-UnlockExperimentalVMOptions --enable-native-access=ALL-UNNAMED -J-Dfile.encoding=UTF-8 -J--add-exports=org.graalvm.nativeimage.builder/com.oracle.svm.core.jdk=ALL-UNNAMED --features=io.quarkus.jdbc.postgresql.runtime.graal.SQLXMLFeature,io.quarkus.hibernate.validator.runtime.DisableLoggingFeature,io.quarkus.runner.Feature,io.quarkus.runtime.graal.DisableLoggingFeature,io.quarkus.runtime.graal.JVMChecksFeature,io.quarkus.hibernate.orm.runtime.graal.RegisterServicesForReflectionFeature,io.quarkus.hibernate.orm.runtime.graal.DisableLoggingFeature,org.hibernate.graalvm.internal.GraalVMStaticFeature,io.quarkus.caffeine.runtime.graal.CacheConstructorsFeature,io.quarkus.runtime.graal.SkipConsoleServiceProvidersFeature -J--add-exports=java.security.jgss/sun.security.krb5=ALL-UNNAMED -J--add-exports=java.security.jgss/sun.security.jgss=ALL-UNNAMED -J--add-opens=java.base/java.text=ALL-UNNAMED -J--add-opens=java.base/java.io=ALL-UNNAMED -J--add-opens=java.base/java.lang.invoke=ALL-UNNAMED -J--add-opens=java.base/java.util=ALL-UNNAMED -H:+UnlockExperimentalVMOptions -H:BuildOutputJSONFile=quarkus3-runner-build-output-stats.json -H:-UnlockExperimentalVMOptions -H:+UnlockExperimentalVMOptions -H:+GenerateBuildArtifactsFile -H:-UnlockExperimentalVMOptions --future-defaults=run-time-initialize-file-system-providers -H:+UnlockExperimentalVMOptions -H:+AllowFoldMethods -H:-UnlockExperimentalVMOptions -J-Djava.awt.headless=true --no-fallback --link-at-build-time -H:+UnlockExperimentalVMOptions -H:+ReportExceptionStackTraces -H:-UnlockExperimentalVMOptions -H:-AddAllCharsets --enable-url-protocols=http,https -H:NativeLinkerOption=-no-pie --enable-monitoring=heapdump,threaddump -H:+UnlockExperimentalVMOptions -H:-UseServiceLoaderFeature -H:-UnlockExperimentalVMOptions -J--add-exports=org.graalvm.nativeimage/org.graalvm.nativeimage.impl=ALL-UNNAMED --exclude-config io\.netty\.netty-codec /META-INF/native-image/io\.netty/netty-codec/generated/handlers/reflect-config\.json --exclude-config io\.netty\.netty-handler /META-INF/native-image/io\.netty/netty-handler/generated/handlers/reflect-config\.json quarkus3-runner -jar quarkus3-runner.jar
Warning: Using a deprecated option --no-fallback from command line. No effect, no replacement available
Warning: Option 'FallbackThreshold' is deprecated and might be removed in a future release: It no longer has any effect, and no replacement is available. Please refer to the GraalVM release notes.
Warning: Option 'DynamicProxyConfigurationResources' is deprecated and might be removed in a future release: This can be caused by a proxy-config.json file in your META-INF directory. Consider including proxy configuration in the reflection section of reachability-metadata.json instead.. Please refer to the GraalVM release notes.
========================================================================================================================
GraalVM Native Image: Generating 'quarkus3-runner' (executable)...
========================================================================================================================
For detailed information and explanations on the build output, visit:
https://github.com/oracle/graal/blob/master/docs/reference-manual/native-image/BuildOutput.md
------------------------------------------------------------------------------------------------------------------------
[1/8] Initializing...                                                                                   (4.1s @ 0.45GiB)
 Builder configuration:
 - Java version: 25.0.1+8, vendor version: GraalVM CE 25.1.0-dev+8.1
 - Graal compiler: optimization level: 2, target machine: x86-64-v3
 - C compiler: gcc (redhat, x86_64, 15.2.1)
 - Assertions: disabled, system assertions: disabled
 - 11 user-specific feature(s):
   - io.quarkus.caffeine.runtime.graal.CacheConstructorsFeature
   - io.quarkus.hibernate.orm.runtime.graal.DisableLoggingFeature: Disables INFO logging during the analysis phase
   - io.quarkus.hibernate.orm.runtime.graal.RegisterServicesForReflectionFeature: Makes methods of reachable Hibernate services accessible through Class#getMethods()
   - io.quarkus.hibernate.validator.runtime.DisableLoggingFeature: Disables INFO logging during the analysis phase for the [org.hibernate.validator.internal.util.Version] categories
   - io.quarkus.jdbc.postgresql.runtime.graal.SQLXMLFeature
   - io.quarkus.runner.Feature: Auto-generated class by Quarkus from the existing extensions
   - io.quarkus.runtime.graal.DisableLoggingFeature: Adapts logging during the analysis phase
   - io.quarkus.runtime.graal.JVMChecksFeature
   - io.quarkus.runtime.graal.SkipConsoleServiceProvidersFeature: Skip unsupported console service providers when quarkus.native.auto-service-loader-registration is false
   - org.eclipse.angus.activation.nativeimage.AngusActivationFeature
   - org.hibernate.graalvm.internal.GraalVMStaticFeature: Hibernate ORM's static reflection registrations for GraalVM
 Image configuration:
 - Garbage collector: Serial GC (max heap size: 80% of RAM)
 - Assertions: disabled (class-specific config may apply), system assertions: disabled
------------------------------------------------------------------------------------------------------------------------
 5 experimental option(s) unlocked:
 - '-H:+AllowFoldMethods' (origin(s): command line)
 - '-H:BuildOutputJSONFile' (origin(s): command line)
 - '-H:-UseServiceLoaderFeature' (origin(s): command line)
 - '-H:+GenerateBuildArtifactsFile' (origin(s): command line)
 - '-H:AddOpens' (alternative API option(s): --add-opens java.base/java.lang=ALL-UNNAMED; origin(s): command line)
------------------------------------------------------------------------------------------------------------------------
Build resources:
 - 30.00GiB of memory (48.4% of system memory, capped at 30GiB)
 - 32 thread(s) (100.0% of 32 available processor(s), determined at start)
[2/8] Performing analysis...  [******]                                                                  (8.4s @ 2.99GiB)
   22,677 types,  29,263 fields, and 106,767 methods found reachable
    7,976 types,     169 fields, and   5,241 methods registered for reflection
       63 types,      69 fields, and      55 methods registered for JNI access
      105 resource accesses registered with 188.29KiB total size
        4 native libraries: dl, pthread, rt, z
[3/8] Building universe...                                                                              (3.0s @ 3.18GiB)
[4/8] Parsing methods...      [*]                                                                       (1.2s @ 3.25GiB)
[5/8] Inlining methods...     [****]                                                                    (0.8s @ 2.71GiB)
[6/8] Compiling methods...    [***]                                                                     (7.8s @ 2.10GiB)
[7/8] Laying out methods...   [***]                                                                     (5.9s @ 2.59GiB)
[8/8] Creating image...       [**]                                                                      (3.8s @ 2.96GiB)
  36.15MiB (41.81%) for code area:    71,474 compilation units
  43.94MiB (50.82%) for image heap:  500,829 objects and 16 resources
   6.37MiB ( 7.37%) for other data
  86.46MiB in total image size, 80.69MiB in total file size
------------------------------------------------------------------------------------------------------------------------
Top 10 origins of code area:                                Top 10 object types in image heap:
   1.52MiB java.base/sun.security.ssl                         11.57MiB byte[] for code metadata
   1.05MiB java.base/java.util                                 6.44MiB byte[] for string data
 854.33KiB o.g.n.runtime/com.oracle.svm.core.code              4.33MiB o.g.n.runtime/c.o.s.core.hub.DynamicHubCompanion
 697.23KiB java.base/com.sun.crypto.provider                   4.11MiB java.base/java.lang.String
 637.13KiB jdk.proxy4/jdk.proxy4                               3.37MiB java.base/java.lang.Class
 533.01KiB java.base/java.lang                                 1.44MiB byte[] for reflection metadata
 532.06KiB io.netty.buffer                                     1.13MiB byte[] for general heap data
 506.32KiB java.base/java.lang.invoke                        905.52KiB java.base/java.lang.Object[]
 468.03KiB org.postgresql.jdbc                               832.50KiB java.base/java.lang.reflect.Method
 460.62KiB org.hibernate.query.hql.internal                  799.80KiB o.g.n.runtime/c.o.s.c.h.ImageReflectionMetadata
  27.95MiB for 984 more packages                               9.08MiB for 5196 more object types
------------------------------------------------------------------------------------------------------------------------
Recommendations:
 FUTR: Use '--future-defaults=all' to prepare for future releases.
 HEAP: Set max heap for improved and more predictable memory usage.
 CPU:  Enable more CPU features with '-march=native' for improved performance.
------------------------------------------------------------------------------------------------------------------------
                       2.7s (7.4% of total time) in 270 GCs | Peak RSS: 4.84GiB | CPU load: 15.60
------------------------------------------------------------------------------------------------------------------------
Build artifacts:
 /home/zakkak/spring-quarkus-perf-comparison/spring-quarkus-perf-comparison/quarkus3/target/quarkus3-native-image-source-jar/build-artifacts.json (build_info, 92B)
 /home/zakkak/spring-quarkus-perf-comparison/spring-quarkus-perf-comparison/quarkus3/target/quarkus3-native-image-source-jar/quarkus3-runner (executable, 80.69MiB)
 /home/zakkak/spring-quarkus-perf-comparison/spring-quarkus-perf-comparison/quarkus3/target/quarkus3-native-image-source-jar/quarkus3-runner-build-output-stats.json (build_info, 1.00KiB)
========================================================================================================================
Finished generating 'quarkus3-runner' in 36.3s.

The build process encountered 3 warnings.

[INFO] [io.quarkus.deployment.pkg.steps.NativeImageBuildRunner] objcopy --strip-debug quarkus3-runner
[INFO] [io.quarkus.deployment.QuarkusAugmentor] Quarkus augmentation completed in 40091ms
[INFO] ------------------------------------------------------------------------
[INFO] BUILD SUCCESS
[INFO] ------------------------------------------------------------------------
[INFO] Total time:  43.521 s
[INFO] Finished at: 2026-03-11T20:10:31+02:00
[INFO] ------------------------------------------------------------------------
20:10:32,084 [ test-runner:run-tests-983 @ target-host ] set-state: APP_LOG_REGEX .*quarkus3.+started in.*
20:10:32,144 [ test-runner:run-tests-983 @ target-host ] for-each: ITERATION = 0
20:10:32,144 [ test-runner:run-tests-983 @ target-host ] set-state: LOG_FILE /home/zakkak/spring-quarkus-perf-comparison/logs/load-test-quarkus3-native-0.log
20:10:32,556 [ test-runner:run-tests-983 @ target-host ] touch /home/zakkak/spring-quarkus-perf-comparison/logs/load-test-quarkus3-native-0.log
20:10:32,557 [ test-runner:run-tests-983 @ target-host ] queue-download: ${{REPO_DIR}}/logs/wrk-warmup-${{RUNTIME.name}}-${{ITERATION}}.log=/home/zakkak/spring-quarkus-perf-comparison/logs/wrk-warmup-quarkus3-native-0.log ../../20260311/run-time-initialize-file-system-providers/target-host/
20:10:32,557 [ test-runner:run-tests-983 @ target-host ] queue-download: ${{LOG_FILE}}=/home/zakkak/spring-quarkus-perf-comparison/logs/load-test-quarkus3-native-0.log ../../20260311/run-time-initialize-file-system-providers/target-host/
20:10:32,557 [ test-runner:run-tests-983 @ target-host ] queue-download: ${{REPO_DIR}}/logs/wrk-${{RUNTIME.name}}-${{ITERATION}}.log=/home/zakkak/spring-quarkus-perf-comparison/logs/wrk-quarkus3-native-0.log ../../20260311/run-time-initialize-file-system-providers/target-host/
20:10:32,558 [ test-runner:run-tests-983 @ target-host ] script-cmd: start-test-services
20:10:32,558 [ test-runner:run-tests-983 @ target-host ] start-test-services
20:10:43,666 [ test-runner:run-tests-983 @ target-host ] /home/zakkak/spring-quarkus-perf-comparison/spring-quarkus-perf-comparison/scripts/infra.sh -c 3 -p '4-6' -s
Using podman to start containers
-----------------------------------------
[03/11/2026 20:10:32]: Starting services
-----------------------------------------
Starting PostgreSQL database 'fruits_db'
PostgreSQL DB process: 17db9157416fdc26968f7a6df7eba79476d0510b34b8dc8d085dac8a82805f84
Waiting for PostgreSQL to be ready...
localhost:5432 - no response
localhost:5432 - no response
localhost:5432 - accepting connections
20:10:43,667 [ test-runner:run-tests-983 @ target-host ] script-cmd: sync-drop-fs-cache
20:10:43,667 [ test-runner:run-tests-983 @ target-host ] sync-drop-fs-cache
20:10:43,667 [ test-runner:run-tests-983 @ target-host ] read-state: true
20:10:43,667 [ test-runner:run-tests-983 @ target-host ] regex: true
20:10:44,344 [ test-runner:run-tests-983 @ target-host ] sync
20:10:44,344 [ test-runner:run-tests-983 @ target-host ] script-cmd: sync-drop-fs-cache-${{os}}
20:10:44,344 [ test-runner:run-tests-983 @ target-host ] sync-drop-fs-cache-linux
20:10:44,344 [ test-runner:run-tests-983 @ target-host ] script-cmd: sudo
20:10:44,344 [ test-runner:run-tests-983 @ target-host ] sudo
20:10:44,345 [ test-runner:run-tests-983 @ target-host ] script-cmd: sudo-${{os}}
20:10:44,345 [ test-runner:run-tests-983 @ target-host ] sudo-linux
20:10:45,224 [ test-runner:run-tests-983 @ target-host ] sudo sh -c "echo 3 > /proc/sys/vm/drop_caches"
]3008;start=a23f792dbc214ff58c26d306b4c2c333;user=zakkak;hostname=blanc;machineid=f469a615e9ef4e81b7d5be080a5de373;bootid=0e917e08584a49cb891ef04366e00ace;pid=347383;pidfdid=347384;comm=sudo;targetuser=root;sessionid=c329;type=session\]3008;end=a23f792dbc214ff58c26d306b4c2c333\
20:10:45,226 [ test-runner:run-tests-983 @ target-host ] set-signal: LOAD_STEADY_STATE_START 1
20:10:45,226 [ test-runner:run-tests-983 @ target-host ] set-signal: LOG_REGEX_REACHED 1
20:10:45,630 [ test-runner:run-tests-983 @ target-host ] taskset --cpu-list 0-3 /home/zakkak/spring-quarkus-perf-comparison/spring-quarkus-perf-comparison/quarkus3/target/quarkus3-runner  &>/home/zakkak/spring-quarkus-perf-comparison/logs/load-test-quarkus3-native-0.log &
[1] 347412
20:10:46,031 [ test-runner:run-tests-983 @ target-host ] PID=$!
20:10:46,433 [ test-runner:run-tests-983 @ target-host ] echo $PID
347412
20:10:46,433 [ test-runner:run-tests-983 @ target-host ] set-state: JVM_PID 347412
20:10:46,433 [ test-runner:run-tests-983 @ target-host ] script-cmd: monitor-processes
20:10:46,434 [ test-runner:run-tests-983 @ target-host ] monitor-processes
20:10:46,434 [ test-runner:run-tests-983 @ target-host ] set-signal: LOAD_TEST_COMPLETE 1
20:10:46,907 [ test-runner:run-tests-983 @ target-host ] script-cmd: monitor-process
20:10:46,907 [ :monitor-process-1906 @ target-host ] monitor-process
20:10:46,916 [ :monitor-process-1906 @ target-host ] queue-download: ${{log_file}}=/home/zakkak/spring-quarkus-perf-comparison/logs/pidstat-quarkus3-native-0.log ../../20260311/run-time-initialize-file-system-providers/target-host/
20:10:47,282 [ test-runner:run-tests-983 @ target-host ] script-cmd: monitor-process
20:10:47,282 [ :monitor-process-1914 @ target-host ] monitor-process
20:10:47,283 [ :monitor-process-1914 @ target-host ] queue-download: ${{log_file}}=/home/zakkak/spring-quarkus-perf-comparison/logs/mpstat-quarkus3-native-0.log ../../20260311/run-time-initialize-file-system-providers/target-host/
20:10:47,419 [ :monitor-process-1906 @ target-host ] taskset --cpu-list 11 pidstat -u -p 347412 1 &>/home/zakkak/spring-quarkus-perf-comparison/logs/pidstat-quarkus3-native-0.log &
[1] 347539
20:10:47,657 [ test-runner:run-tests-983 @ target-host ] script-cmd: monitor-process
20:10:47,657 [ test-runner:run-tests-983 @ target-host ] script-cmd: monitor-postgres
20:10:47,657 [ :monitor-process-1923 @ target-host ] monitor-process
20:10:47,657 [ test-runner:run-tests-983 @ target-host ] monitor-postgres
20:10:47,657 [ :monitor-process-1923 @ target-host ] queue-download: ${{log_file}}=/home/zakkak/spring-quarkus-perf-comparison/logs/vmstat-quarkus3-native-0.log ../../20260311/run-time-initialize-file-system-providers/target-host/
20:10:47,785 [ :monitor-process-1914 @ target-host ] taskset --cpu-list 11 mpstat -P ALL 1 &>/home/zakkak/spring-quarkus-perf-comparison/logs/mpstat-quarkus3-native-0.log &
[1] 347618
20:10:47,820 [ :monitor-process-1906 @ target-host ] PROCESS_PID=$!
20:10:48,059 [ :monitor-process-1923 @ target-host ] taskset --cpu-list 11 vmstat 1 &>/home/zakkak/spring-quarkus-perf-comparison/logs/vmstat-quarkus3-native-0.log &
[1] 347701
20:10:48,098 [ test-runner:run-tests-983 @ target-host ] POSTGRES_PID=$(/home/zakkak/spring-quarkus-perf-comparison/spring-quarkus-perf-comparison/scripts/infra.sh -r)
20:10:48,187 [ :monitor-process-1914 @ target-host ] PROCESS_PID=$!
20:10:48,222 [ :monitor-process-1906 @ target-host ] echo $PROCESS_PID
347539
20:10:48,222 [ :monitor-process-1906 @ target-host ] set-state: PROCESS_PID 347539
20:10:48,461 [ :monitor-process-1923 @ target-host ] PROCESS_PID=$!
20:10:48,500 [ test-runner:run-tests-983 @ target-host ] echo $POSTGRES_PID
347118
20:10:48,500 [ test-runner:run-tests-983 @ target-host ] set-state: POSTGRES_PID 347118
20:10:48,589 [ :monitor-process-1914 @ target-host ] echo $PROCESS_PID
347618
20:10:48,589 [ :monitor-process-1914 @ target-host ] set-state: PROCESS_PID 347618
20:10:48,863 [ :monitor-process-1923 @ target-host ] echo $PROCESS_PID
347701
20:10:48,863 [ :monitor-process-1923 @ target-host ] set-state: PROCESS_PID 347701
20:10:48,876 [ test-runner:run-tests-983 @ target-host ] script-cmd: monitor-process
20:10:48,876 [ :monitor-process-1939 @ target-host ] monitor-process
20:10:48,876 [ test-runner:run-tests-983 @ target-host ] JVM_PID = 347412
20:10:48,876 [ :monitor-process-1939 @ target-host ] queue-download: ${{log_file}}=/home/zakkak/spring-quarkus-perf-comparison/logs/postgres-pidstat-quarkus3-native-0.log ../../20260311/run-time-initialize-file-system-providers/target-host/
20:10:48,877 [ test-runner:run-tests-983 @ target-host ] read-state: none
20:10:49,250 [ test-runner:run-tests-983 @ target-host ] script-cmd: watch-log
20:10:49,250 [ :watch-log-1948 @ target-host ] watch-log
20:10:49,262 [ :watch-log-1948 @ target-host ] regex: ${{log_regex}}
20:10:49,262 [ :watch-log-1948 @ target-host ] ctrlC
20:10:49,263 [ :watch-log-1948 @ target-host ] reached LOG_REGEX_REACHED
20:10:49,263 [ test-runner:run-tests-983 @ target-host ] wait-for: LOG_REGEX_REACHED
20:10:49,263 [ :watch-log-1948 @ target-host ] signal: LOG_REGEX_REACHED
20:10:49,381 [ :monitor-process-1939 @ target-host ] taskset --cpu-list 11 pidstat -u -p $(pgrep -d , -P 347118) 1 &>/home/zakkak/spring-quarkus-perf-comparison/logs/postgres-pidstat-quarkus3-native-0.log &
[1] 347818
20:10:49,664 [ :watch-log-1948 @ target-host ] tail -f /home/zakkak/spring-quarkus-perf-comparison/logs/load-test-quarkus3-native-0.log
__  ____  __  _____   ___  __ ____  ______ 
 --/ __ \/ / / / _ | / _ \/ //_/ / / / __/ 
 -/ /_/ / /_/ / __ |/ , _/ ,< / /_/ /\ \   
--\___\_\____/_/ |_/_/|_/_/|_|\____/___/   
2026-03-11 20:10:45,377 INFO  [io.quarkus] (main) quarkus3 1.0 native (powered by Quarkus 999-SNAPSHOT) started in 0.078s. Listening on: http://0.0.0.0:8080
2026-03-11 20:10:45,377 INFO  [io.quarkus] (main) Profile prod activated. 
2026-03-11 20:10:45,377 INFO  [io.quarkus] (main) Installed features: [agroal, cdi, config-yaml, hibernate-orm, hibernate-orm-panache, hibernate-validator, jdbc-postgresql, narayana-jta, rest, rest-jackson, smallrye-context-propagation, smallrye-health, vertx]
20:10:49,782 [ :monitor-process-1939 @ target-host ] PROCESS_PID=$!
20:10:50,184 [ :monitor-process-1939 @ target-host ] echo $PROCESS_PID
347818
20:10:50,184 [ :monitor-process-1939 @ target-host ] set-state: PROCESS_PID 347818
20:12:59,175 [ test-runner:run-tests-983 @ target-host ] taskset --cpu-list 7-9 jbang -R -XX:+UseNUMA wrk@hyperfoil -t 2 -c 100 -d 2m --timeout 2m http://localhost:8080/fruits 2>&1 >/home/zakkak/spring-quarkus-perf-comparison/logs/wrk-warmup-quarkus3-native-0.log
20:13:29,176 [ test-runner:run-tests-983 @ target-host ] sleep: 30s
20:13:29,176 [ :monitor-process-1914 @ target-host ] reached LOAD_STEADY_STATE_START
20:13:29,176 [ test-runner:run-tests-983 @ target-host ] signal: LOAD_STEADY_STATE_START
20:14:08,789 [ test-runner:run-tests-983 @ target-host ] taskset --cpu-list 7-9 jbang -R -XX:+UseNUMA wrk@hyperfoil -t 2 -c 100 -d 30s --timeout 30s http://localhost:8080/fruits 2>&1 >/home/zakkak/spring-quarkus-perf-comparison/logs/wrk-quarkus3-native-0.log
20:14:09,205 [ test-runner:run-tests-983 @ target-host ] cat /home/zakkak/spring-quarkus-perf-comparison/logs/wrk-quarkus3-native-0.log | grep "Requests/sec" | awk '{print $2}'
16050.15
20:14:09,206 [ test-runner:run-tests-983 @ target-host ] set-state: THROUGHPUT 16050.15
20:14:09,206 [ test-runner:run-tests-983 @ target-host ] script-cmd: state-array-push
20:14:09,206 [ test-runner:run-tests-983 @ target-host ] state-array-push
20:14:09,325 [ test-runner:run-tests-983 @ target-host ] set-state: RUN.output.results.quarkus3-native.load.throughput [16050.15]
20:14:09,729 [ test-runner:run-tests-983 @ target-host ] cat /home/zakkak/spring-quarkus-perf-comparison/logs/wrk-quarkus3-native-0.log | grep "Socket errors:" | sed -E 's/.*connectionErrors ([0-9]+).*/\1/'
20:14:09,729 [ test-runner:run-tests-983 @ target-host ] regex: ^$
20:14:09,730 [ test-runner:run-tests-983 @ target-host ] set-state: CONNECTION_ERRORS 0
20:14:09,730 [ test-runner:run-tests-983 @ target-host ] script-cmd: state-array-push
20:14:09,730 [ test-runner:run-tests-983 @ target-host ] state-array-push
20:14:09,848 [ test-runner:run-tests-983 @ target-host ] set-state: RUN.output.results.quarkus3-native.load.connectionErrors [0]
20:14:10,252 [ test-runner:run-tests-983 @ target-host ] cat /home/zakkak/spring-quarkus-perf-comparison/logs/wrk-quarkus3-native-0.log | grep "Socket errors:" | sed -E 's/.*requestTimeouts ([0-9]+)/\1/'
20:14:10,252 [ test-runner:run-tests-983 @ target-host ] regex: ^$
20:14:10,252 [ test-runner:run-tests-983 @ target-host ] set-state: REQUEST_TIMEOUTS 0
20:14:10,252 [ test-runner:run-tests-983 @ target-host ] script-cmd: state-array-push
20:14:10,253 [ test-runner:run-tests-983 @ target-host ] state-array-push
20:14:10,338 [ test-runner:run-tests-983 @ target-host ] set-state: RUN.output.results.quarkus3-native.load.requestTimeouts [0]
20:14:10,756 [ test-runner:run-tests-983 @ target-host ] pmap -x $PID | grep total | awk '{print $4}'
160824
20:14:10,756 [ test-runner:run-tests-983 @ target-host ] set-state: RSS 160824
20:14:10,776 [ test-runner:run-tests-983 @ target-host ] script-cmd: state-array-push
20:14:10,776 [ test-runner:run-tests-983 @ target-host ] state-array-push
20:14:10,850 [ test-runner:run-tests-983 @ target-host ] set-state: RUN.output.results.quarkus3-native.load.rss [157.0546875]
20:14:10,869 [ test-runner:run-tests-983 @ target-host ] script-cmd: state-array-push
20:14:10,870 [ test-runner:run-tests-983 @ target-host ] state-array-push
20:14:10,947 [ test-runner:run-tests-983 @ target-host ] set-state: RUN.output.results.quarkus3-native.load.throughputDensity [102.1946575138039]
20:14:10,947 [ test-runner:run-tests-983 @ target-host ] reached LOAD_TEST_COMPLETE
20:14:10,947 [ :monitor-process-1906 @ target-host ] wait-for: LOAD_TEST_COMPLETE
20:14:10,947 [ :monitor-process-1914 @ target-host ] wait-for: LOAD_TEST_COMPLETE
20:14:10,947 [ :monitor-process-1923 @ target-host ] wait-for: LOAD_TEST_COMPLETE
20:14:10,947 [ :monitor-process-1939 @ target-host ] wait-for: LOAD_TEST_COMPLETE
20:14:10,947 [ test-runner:run-tests-983 @ target-host ] signal: LOAD_TEST_COMPLETE
20:14:11,349 [ :monitor-process-1906 @ target-host ] kill -15 $PROCESS_PID
bash: kill: (347539) - No such process
20:14:11,349 [ :monitor-process-1914 @ target-host ] kill -15 $PROCESS_PID
bash: kill: (347618) - No such process
20:14:11,349 [ :monitor-process-1939 @ target-host ] kill -15 $PROCESS_PID
bash: kill: (347818) - No such process
20:14:11,449 [ test-runner:run-tests-983 @ target-host ] kill -15 $PID
20:14:11,449 [ :monitor-process-1923 @ target-host ] kill -15 $PROCESS_PID
20:14:13,860 [ test-runner:run-tests-983 @ target-host ] sleep 2
20:14:13,860 [ test-runner:run-tests-983 @ target-host ] script-cmd: stop-test-services
20:14:13,860 [ test-runner:run-tests-983 @ target-host ] stop-test-services
20:14:14,525 [ test-runner:run-tests-983 @ target-host ] /home/zakkak/spring-quarkus-perf-comparison/spring-quarkus-perf-comparison/scripts/infra.sh -d
Using podman to stop containers
-----------------------------------------
[03/11/2026 20:14:13]: Stopping services
-----------------------------------------
Stopping PostgreSQL database 'fruits_db'
fruits_db
20:14:14,589 [ test-runner:run-tests-983 @ target-host ] for-each: ITERATION = 1
20:14:14,589 [ test-runner:run-tests-983 @ target-host ] set-state: LOG_FILE /home/zakkak/spring-quarkus-perf-comparison/logs/load-test-quarkus3-native-1.log
20:14:14,995 [ test-runner:run-tests-983 @ target-host ] touch /home/zakkak/spring-quarkus-perf-comparison/logs/load-test-quarkus3-native-1.log
20:14:14,995 [ test-runner:run-tests-983 @ target-host ] queue-download: ${{REPO_DIR}}/logs/wrk-warmup-${{RUNTIME.name}}-${{ITERATION}}.log=/home/zakkak/spring-quarkus-perf-comparison/logs/wrk-warmup-quarkus3-native-1.log ../../20260311/run-time-initialize-file-system-providers/target-host/
20:14:14,995 [ test-runner:run-tests-983 @ target-host ] queue-download: ${{LOG_FILE}}=/home/zakkak/spring-quarkus-perf-comparison/logs/load-test-quarkus3-native-1.log ../../20260311/run-time-initialize-file-system-providers/target-host/
20:14:14,995 [ test-runner:run-tests-983 @ target-host ] queue-download: ${{REPO_DIR}}/logs/wrk-${{RUNTIME.name}}-${{ITERATION}}.log=/home/zakkak/spring-quarkus-perf-comparison/logs/wrk-quarkus3-native-1.log ../../20260311/run-time-initialize-file-system-providers/target-host/
20:14:14,995 [ test-runner:run-tests-983 @ target-host ] script-cmd: start-test-services
20:14:14,996 [ test-runner:run-tests-983 @ target-host ] start-test-services
20:14:26,167 [ test-runner:run-tests-983 @ target-host ] /home/zakkak/spring-quarkus-perf-comparison/spring-quarkus-perf-comparison/scripts/infra.sh -c 3 -p '4-6' -s
Using podman to start containers
-----------------------------------------
[03/11/2026 20:14:15]: Starting services
-----------------------------------------
Starting PostgreSQL database 'fruits_db'
PostgreSQL DB process: 9b71602ed6db070784223dc1f5d8b7e6fac2c4ddbf2dbc07a10ff074e47cdb30
Waiting for PostgreSQL to be ready...
localhost:5432 - no response
localhost:5432 - no response
localhost:5432 - accepting connections
20:14:26,167 [ test-runner:run-tests-983 @ target-host ] script-cmd: sync-drop-fs-cache
20:14:26,167 [ test-runner:run-tests-983 @ target-host ] sync-drop-fs-cache
20:14:26,167 [ test-runner:run-tests-983 @ target-host ] read-state: true
20:14:26,167 [ test-runner:run-tests-983 @ target-host ] regex: true
20:14:26,658 [ test-runner:run-tests-983 @ target-host ] sync
20:14:26,658 [ test-runner:run-tests-983 @ target-host ] script-cmd: sync-drop-fs-cache-${{os}}
20:14:26,658 [ test-runner:run-tests-983 @ target-host ] sync-drop-fs-cache-linux
20:14:26,658 [ test-runner:run-tests-983 @ target-host ] script-cmd: sudo
20:14:26,658 [ test-runner:run-tests-983 @ target-host ] sudo
20:14:26,658 [ test-runner:run-tests-983 @ target-host ] script-cmd: sudo-${{os}}
20:14:26,658 [ test-runner:run-tests-983 @ target-host ] sudo-linux
20:14:27,494 [ test-runner:run-tests-983 @ target-host ] sudo sh -c "echo 3 > /proc/sys/vm/drop_caches"
]3008;start=b2087a5dbf7646c5a27a82bbfa0ca0f0;user=zakkak;hostname=blanc;machineid=f469a615e9ef4e81b7d5be080a5de373;bootid=0e917e08584a49cb891ef04366e00ace;pid=349239;pidfdid=349240;comm=sudo;targetuser=root;sessionid=c330;type=session\]3008;end=b2087a5dbf7646c5a27a82bbfa0ca0f0\
20:14:27,494 [ test-runner:run-tests-983 @ target-host ] set-signal: LOAD_STEADY_STATE_START 1
20:14:27,494 [ test-runner:run-tests-983 @ target-host ] set-signal: LOG_REGEX_REACHED 1
20:14:27,897 [ test-runner:run-tests-983 @ target-host ] taskset --cpu-list 0-3 /home/zakkak/spring-quarkus-perf-comparison/spring-quarkus-perf-comparison/quarkus3/target/quarkus3-runner  &>/home/zakkak/spring-quarkus-perf-comparison/logs/load-test-quarkus3-native-1.log &
[1] 349267
20:14:28,299 [ test-runner:run-tests-983 @ target-host ] PID=$!
20:14:28,700 [ test-runner:run-tests-983 @ target-host ] echo $PID
349267
20:14:28,701 [ test-runner:run-tests-983 @ target-host ] set-state: JVM_PID 349267
20:14:28,701 [ test-runner:run-tests-983 @ target-host ] script-cmd: monitor-processes
20:14:28,701 [ test-runner:run-tests-983 @ target-host ] monitor-processes
20:14:28,701 [ test-runner:run-tests-983 @ target-host ] set-signal: LOAD_TEST_COMPLETE 1
20:14:29,139 [ test-runner:run-tests-983 @ target-host ] script-cmd: monitor-process
20:14:29,139 [ :monitor-process-1999 @ target-host ] monitor-process
20:14:29,148 [ :monitor-process-1999 @ target-host ] queue-download: ${{log_file}}=/home/zakkak/spring-quarkus-perf-comparison/logs/pidstat-quarkus3-native-1.log ../../20260311/run-time-initialize-file-system-providers/target-host/
20:14:29,514 [ test-runner:run-tests-983 @ target-host ] script-cmd: monitor-process
20:14:29,514 [ :monitor-process-2007 @ target-host ] monitor-process
20:14:29,514 [ :monitor-process-2007 @ target-host ] queue-download: ${{log_file}}=/home/zakkak/spring-quarkus-perf-comparison/logs/mpstat-quarkus3-native-1.log ../../20260311/run-time-initialize-file-system-providers/target-host/
20:14:29,650 [ :monitor-process-1999 @ target-host ] taskset --cpu-list 11 pidstat -u -p 349267 1 &>/home/zakkak/spring-quarkus-perf-comparison/logs/pidstat-quarkus3-native-1.log &
[1] 349392
20:14:29,888 [ test-runner:run-tests-983 @ target-host ] script-cmd: monitor-process
20:14:29,888 [ test-runner:run-tests-983 @ target-host ] script-cmd: monitor-postgres
20:14:29,888 [ test-runner:run-tests-983 @ target-host ] monitor-postgres
20:14:29,888 [ :monitor-process-2016 @ target-host ] monitor-process
20:14:29,888 [ :monitor-process-2016 @ target-host ] queue-download: ${{log_file}}=/home/zakkak/spring-quarkus-perf-comparison/logs/vmstat-quarkus3-native-1.log ../../20260311/run-time-initialize-file-system-providers/target-host/
20:14:30,016 [ :monitor-process-2007 @ target-host ] taskset --cpu-list 11 mpstat -P ALL 1 &>/home/zakkak/spring-quarkus-perf-comparison/logs/mpstat-quarkus3-native-1.log &
[1] 349469
20:14:30,052 [ :monitor-process-1999 @ target-host ] PROCESS_PID=$!
20:14:30,290 [ :monitor-process-2016 @ target-host ] taskset --cpu-list 11 vmstat 1 &>/home/zakkak/spring-quarkus-perf-comparison/logs/vmstat-quarkus3-native-1.log &
[1] 349554
20:14:30,329 [ test-runner:run-tests-983 @ target-host ] POSTGRES_PID=$(/home/zakkak/spring-quarkus-perf-comparison/spring-quarkus-perf-comparison/scripts/infra.sh -r)
20:14:30,418 [ :monitor-process-2007 @ target-host ] PROCESS_PID=$!
20:14:30,453 [ :monitor-process-1999 @ target-host ] echo $PROCESS_PID
349392
20:14:30,453 [ :monitor-process-1999 @ target-host ] set-state: PROCESS_PID 349392
20:14:30,692 [ :monitor-process-2016 @ target-host ] PROCESS_PID=$!
20:14:30,731 [ test-runner:run-tests-983 @ target-host ] echo $POSTGRES_PID
348978
20:14:30,731 [ test-runner:run-tests-983 @ target-host ] set-state: POSTGRES_PID 348978
20:14:30,819 [ :monitor-process-2007 @ target-host ] echo $PROCESS_PID
349469
20:14:30,820 [ :monitor-process-2007 @ target-host ] set-state: PROCESS_PID 349469
20:14:31,093 [ :monitor-process-2016 @ target-host ] echo $PROCESS_PID
349554
20:14:31,093 [ :monitor-process-2016 @ target-host ] set-state: PROCESS_PID 349554
20:14:31,106 [ test-runner:run-tests-983 @ target-host ] script-cmd: monitor-process
20:14:31,106 [ :monitor-process-2032 @ target-host ] monitor-process
20:14:31,106 [ test-runner:run-tests-983 @ target-host ] JVM_PID = 349267
20:14:31,106 [ :monitor-process-2032 @ target-host ] queue-download: ${{log_file}}=/home/zakkak/spring-quarkus-perf-comparison/logs/postgres-pidstat-quarkus3-native-1.log ../../20260311/run-time-initialize-file-system-providers/target-host/
20:14:31,106 [ test-runner:run-tests-983 @ target-host ] read-state: none
20:14:31,478 [ test-runner:run-tests-983 @ target-host ] script-cmd: watch-log
20:14:31,478 [ :watch-log-2041 @ target-host ] watch-log
20:14:31,488 [ :watch-log-2041 @ target-host ] regex: ${{log_regex}}
20:14:31,488 [ :watch-log-2041 @ target-host ] ctrlC
20:14:31,488 [ :watch-log-2041 @ target-host ] reached LOG_REGEX_REACHED
20:14:31,488 [ test-runner:run-tests-983 @ target-host ] wait-for: LOG_REGEX_REACHED
20:14:31,488 [ :watch-log-2041 @ target-host ] signal: LOG_REGEX_REACHED
20:14:31,609 [ :monitor-process-2032 @ target-host ] taskset --cpu-list 11 pidstat -u -p $(pgrep -d , -P 348978) 1 &>/home/zakkak/spring-quarkus-perf-comparison/logs/postgres-pidstat-quarkus3-native-1.log &
[1] 349671
20:14:31,890 [ :watch-log-2041 @ target-host ] tail -f /home/zakkak/spring-quarkus-perf-comparison/logs/load-test-quarkus3-native-1.log
__  ____  __  _____   ___  __ ____  ______ 
 --/ __ \/ / / / _ | / _ \/ //_/ / / / __/ 
 -/ /_/ / /_/ / __ |/ , _/ ,< / /_/ /\ \   
--\___\_\____/_/ |_/_/|_/_/|_|\____/___/   
2026-03-11 20:14:27,633 INFO  [io.quarkus] (main) quarkus3 1.0 native (powered by Quarkus 999-SNAPSHOT) started in 0.076s. Listening on: http://0.0.0.0:8080
2026-03-11 20:14:27,633 INFO  [io.quarkus] (main) Profile prod activated. 
2026-03-11 20:14:27,633 INFO  [io.quarkus] (main) Installed features: [agroal, cdi, config-yaml, hibernate-orm, hibernate-orm-panache, hibernate-validator, jdbc-postgresql, narayana-jta, rest, rest-jackson, smallrye-context-propagation, smallrye-health, vertx]
20:14:32,011 [ :monitor-process-2032 @ target-host ] PROCESS_PID=$!
20:14:32,412 [ :monitor-process-2032 @ target-host ] echo $PROCESS_PID
349671
20:14:32,412 [ :monitor-process-2032 @ target-host ] set-state: PROCESS_PID 349671
20:16:41,370 [ test-runner:run-tests-983 @ target-host ] taskset --cpu-list 7-9 jbang -R -XX:+UseNUMA wrk@hyperfoil -t 2 -c 100 -d 2m --timeout 2m http://localhost:8080/fruits 2>&1 >/home/zakkak/spring-quarkus-perf-comparison/logs/wrk-warmup-quarkus3-native-1.log
20:17:11,370 [ test-runner:run-tests-983 @ target-host ] sleep: 30s
20:17:11,370 [ :monitor-process-2007 @ target-host ] reached LOAD_STEADY_STATE_START
20:17:11,370 [ test-runner:run-tests-983 @ target-host ] signal: LOAD_STEADY_STATE_START
20:17:51,013 [ test-runner:run-tests-983 @ target-host ] taskset --cpu-list 7-9 jbang -R -XX:+UseNUMA wrk@hyperfoil -t 2 -c 100 -d 30s --timeout 30s http://localhost:8080/fruits 2>&1 >/home/zakkak/spring-quarkus-perf-comparison/logs/wrk-quarkus3-native-1.log
20:17:51,429 [ test-runner:run-tests-983 @ target-host ] cat /home/zakkak/spring-quarkus-perf-comparison/logs/wrk-quarkus3-native-1.log | grep "Requests/sec" | awk '{print $2}'
15978.95
20:17:51,429 [ test-runner:run-tests-983 @ target-host ] set-state: THROUGHPUT 15978.95
20:17:51,429 [ test-runner:run-tests-983 @ target-host ] script-cmd: state-array-push
20:17:51,429 [ test-runner:run-tests-983 @ target-host ] state-array-push
20:17:51,478 [ test-runner:run-tests-983 @ target-host ] set-state: RUN.output.results.quarkus3-native.load.throughput [16050.15,15978.95]
20:17:51,881 [ test-runner:run-tests-983 @ target-host ] cat /home/zakkak/spring-quarkus-perf-comparison/logs/wrk-quarkus3-native-1.log | grep "Socket errors:" | sed -E 's/.*connectionErrors ([0-9]+).*/\1/'
20:17:51,882 [ test-runner:run-tests-983 @ target-host ] regex: ^$
20:17:51,882 [ test-runner:run-tests-983 @ target-host ] set-state: CONNECTION_ERRORS 0
20:17:51,882 [ test-runner:run-tests-983 @ target-host ] script-cmd: state-array-push
20:17:51,882 [ test-runner:run-tests-983 @ target-host ] state-array-push
20:17:51,919 [ test-runner:run-tests-983 @ target-host ] set-state: RUN.output.results.quarkus3-native.load.connectionErrors [0,0]
20:17:52,323 [ test-runner:run-tests-983 @ target-host ] cat /home/zakkak/spring-quarkus-perf-comparison/logs/wrk-quarkus3-native-1.log | grep "Socket errors:" | sed -E 's/.*requestTimeouts ([0-9]+)/\1/'
20:17:52,323 [ test-runner:run-tests-983 @ target-host ] regex: ^$
20:17:52,323 [ test-runner:run-tests-983 @ target-host ] set-state: REQUEST_TIMEOUTS 0
20:17:52,323 [ test-runner:run-tests-983 @ target-host ] script-cmd: state-array-push
20:17:52,323 [ test-runner:run-tests-983 @ target-host ] state-array-push
20:17:52,362 [ test-runner:run-tests-983 @ target-host ] set-state: RUN.output.results.quarkus3-native.load.requestTimeouts [0,0]
20:17:52,780 [ test-runner:run-tests-983 @ target-host ] pmap -x $PID | grep total | awk '{print $4}'
158740
20:17:52,780 [ test-runner:run-tests-983 @ target-host ] set-state: RSS 158740
20:17:52,799 [ test-runner:run-tests-983 @ target-host ] script-cmd: state-array-push
20:17:52,799 [ test-runner:run-tests-983 @ target-host ] state-array-push
20:17:52,837 [ test-runner:run-tests-983 @ target-host ] set-state: RUN.output.results.quarkus3-native.load.rss [157.0546875,155.01953125]
20:17:52,860 [ test-runner:run-tests-983 @ target-host ] script-cmd: state-array-push
20:17:52,860 [ test-runner:run-tests-983 @ target-host ] state-array-push
20:17:52,903 [ test-runner:run-tests-983 @ target-host ] set-state: RUN.output.results.quarkus3-native.load.throughputDensity [102.1946575138039,103.07701146528916]
20:17:52,903 [ test-runner:run-tests-983 @ target-host ] reached LOAD_TEST_COMPLETE
20:17:52,903 [ :monitor-process-1999 @ target-host ] wait-for: LOAD_TEST_COMPLETE
20:17:52,903 [ :monitor-process-2007 @ target-host ] wait-for: LOAD_TEST_COMPLETE
20:17:52,903 [ :monitor-process-2016 @ target-host ] wait-for: LOAD_TEST_COMPLETE
20:17:52,904 [ :monitor-process-2032 @ target-host ] wait-for: LOAD_TEST_COMPLETE
20:17:52,904 [ test-runner:run-tests-983 @ target-host ] signal: LOAD_TEST_COMPLETE
20:17:53,305 [ :monitor-process-2032 @ target-host ] kill -15 $PROCESS_PID
bash: kill: (349671) - No such process
20:17:53,305 [ :monitor-process-2007 @ target-host ] kill -15 $PROCESS_PID
bash: kill: (349469) - No such process
20:17:53,305 [ :monitor-process-1999 @ target-host ] kill -15 $PROCESS_PID
bash: kill: (349392) - No such process
20:17:53,406 [ test-runner:run-tests-983 @ target-host ] kill -15 $PID
20:17:53,406 [ :monitor-process-2016 @ target-host ] kill -15 $PROCESS_PID
20:17:55,817 [ test-runner:run-tests-983 @ target-host ] sleep 2
20:17:55,817 [ test-runner:run-tests-983 @ target-host ] script-cmd: stop-test-services
20:17:55,817 [ test-runner:run-tests-983 @ target-host ] stop-test-services
20:17:56,469 [ test-runner:run-tests-983 @ target-host ] /home/zakkak/spring-quarkus-perf-comparison/spring-quarkus-perf-comparison/scripts/infra.sh -d
Using podman to stop containers
-----------------------------------------
[03/11/2026 20:17:55]: Stopping services
-----------------------------------------
Stopping PostgreSQL database 'fruits_db'
fruits_db
20:17:56,526 [ test-runner:run-tests-983 @ target-host ] for-each: ITERATION = 2
20:17:56,526 [ test-runner:run-tests-983 @ target-host ] set-state: LOG_FILE /home/zakkak/spring-quarkus-perf-comparison/logs/load-test-quarkus3-native-2.log
20:17:56,938 [ test-runner:run-tests-983 @ target-host ] touch /home/zakkak/spring-quarkus-perf-comparison/logs/load-test-quarkus3-native-2.log
20:17:56,938 [ test-runner:run-tests-983 @ target-host ] queue-download: ${{REPO_DIR}}/logs/wrk-warmup-${{RUNTIME.name}}-${{ITERATION}}.log=/home/zakkak/spring-quarkus-perf-comparison/logs/wrk-warmup-quarkus3-native-2.log ../../20260311/run-time-initialize-file-system-providers/target-host/
20:17:56,938 [ test-runner:run-tests-983 @ target-host ] queue-download: ${{LOG_FILE}}=/home/zakkak/spring-quarkus-perf-comparison/logs/load-test-quarkus3-native-2.log ../../20260311/run-time-initialize-file-system-providers/target-host/
20:17:56,939 [ test-runner:run-tests-983 @ target-host ] queue-download: ${{REPO_DIR}}/logs/wrk-${{RUNTIME.name}}-${{ITERATION}}.log=/home/zakkak/spring-quarkus-perf-comparison/logs/wrk-quarkus3-native-2.log ../../20260311/run-time-initialize-file-system-providers/target-host/
20:17:56,939 [ test-runner:run-tests-983 @ target-host ] script-cmd: start-test-services
20:17:56,939 [ test-runner:run-tests-983 @ target-host ] start-test-services
20:18:08,026 [ test-runner:run-tests-983 @ target-host ] /home/zakkak/spring-quarkus-perf-comparison/spring-quarkus-perf-comparison/scripts/infra.sh -c 3 -p '4-6' -s
Using podman to start containers
-----------------------------------------
[03/11/2026 20:17:56]: Starting services
-----------------------------------------
Starting PostgreSQL database 'fruits_db'
PostgreSQL DB process: 8fcdc4d88d5ac8f19526f408787b54eb91d42eb2b1b3bfa1e9b54aaab2b1d821
Waiting for PostgreSQL to be ready...
localhost:5432 - no response
localhost:5432 - no response
localhost:5432 - accepting connections
20:18:08,026 [ test-runner:run-tests-983 @ target-host ] script-cmd: sync-drop-fs-cache
20:18:08,026 [ test-runner:run-tests-983 @ target-host ] sync-drop-fs-cache
20:18:08,026 [ test-runner:run-tests-983 @ target-host ] read-state: true
20:18:08,026 [ test-runner:run-tests-983 @ target-host ] regex: true
20:18:08,601 [ test-runner:run-tests-983 @ target-host ] sync
20:18:08,601 [ test-runner:run-tests-983 @ target-host ] script-cmd: sync-drop-fs-cache-${{os}}
20:18:08,601 [ test-runner:run-tests-983 @ target-host ] sync-drop-fs-cache-linux
20:18:08,601 [ test-runner:run-tests-983 @ target-host ] script-cmd: sudo
20:18:08,601 [ test-runner:run-tests-983 @ target-host ] sudo
20:18:08,602 [ test-runner:run-tests-983 @ target-host ] script-cmd: sudo-${{os}}
20:18:08,602 [ test-runner:run-tests-983 @ target-host ] sudo-linux
20:18:09,422 [ test-runner:run-tests-983 @ target-host ] sudo sh -c "echo 3 > /proc/sys/vm/drop_caches"
]3008;start=6e506280ec5b4c9eb85d2157bd5c6204;user=zakkak;hostname=blanc;machineid=f469a615e9ef4e81b7d5be080a5de373;bootid=0e917e08584a49cb891ef04366e00ace;pid=351077;pidfdid=351078;comm=sudo;targetuser=root;sessionid=c331;type=session\]3008;end=6e506280ec5b4c9eb85d2157bd5c6204\
20:18:09,430 [ test-runner:run-tests-983 @ target-host ] set-signal: LOAD_STEADY_STATE_START 1
20:18:09,430 [ test-runner:run-tests-983 @ target-host ] set-signal: LOG_REGEX_REACHED 1
20:18:09,833 [ test-runner:run-tests-983 @ target-host ] taskset --cpu-list 0-3 /home/zakkak/spring-quarkus-perf-comparison/spring-quarkus-perf-comparison/quarkus3/target/quarkus3-runner  &>/home/zakkak/spring-quarkus-perf-comparison/logs/load-test-quarkus3-native-2.log &
[1] 351106
20:18:10,235 [ test-runner:run-tests-983 @ target-host ] PID=$!
20:18:10,636 [ test-runner:run-tests-983 @ target-host ] echo $PID
351106
20:18:10,636 [ test-runner:run-tests-983 @ target-host ] set-state: JVM_PID 351106
20:18:10,637 [ test-runner:run-tests-983 @ target-host ] script-cmd: monitor-processes
20:18:10,637 [ test-runner:run-tests-983 @ target-host ] monitor-processes
20:18:10,637 [ test-runner:run-tests-983 @ target-host ] set-signal: LOAD_TEST_COMPLETE 1
20:18:11,075 [ test-runner:run-tests-983 @ target-host ] script-cmd: monitor-process
20:18:11,075 [ :monitor-process-2092 @ target-host ] monitor-process
20:18:11,083 [ :monitor-process-2092 @ target-host ] queue-download: ${{log_file}}=/home/zakkak/spring-quarkus-perf-comparison/logs/pidstat-quarkus3-native-2.log ../../20260311/run-time-initialize-file-system-providers/target-host/
20:18:11,449 [ test-runner:run-tests-983 @ target-host ] script-cmd: monitor-process
20:18:11,449 [ :monitor-process-2100 @ target-host ] monitor-process
20:18:11,449 [ :monitor-process-2100 @ target-host ] queue-download: ${{log_file}}=/home/zakkak/spring-quarkus-perf-comparison/logs/mpstat-quarkus3-native-2.log ../../20260311/run-time-initialize-file-system-providers/target-host/
20:18:11,586 [ :monitor-process-2092 @ target-host ] taskset --cpu-list 11 pidstat -u -p 351106 1 &>/home/zakkak/spring-quarkus-perf-comparison/logs/pidstat-quarkus3-native-2.log &
[1] 351229
20:18:11,823 [ test-runner:run-tests-983 @ target-host ] script-cmd: monitor-process
20:18:11,823 [ test-runner:run-tests-983 @ target-host ] script-cmd: monitor-postgres
20:18:11,823 [ test-runner:run-tests-983 @ target-host ] monitor-postgres
20:18:11,823 [ :monitor-process-2109 @ target-host ] monitor-process
20:18:11,823 [ :monitor-process-2109 @ target-host ] queue-download: ${{log_file}}=/home/zakkak/spring-quarkus-perf-comparison/logs/vmstat-quarkus3-native-2.log ../../20260311/run-time-initialize-file-system-providers/target-host/
20:18:11,951 [ :monitor-process-2100 @ target-host ] taskset --cpu-list 11 mpstat -P ALL 1 &>/home/zakkak/spring-quarkus-perf-comparison/logs/mpstat-quarkus3-native-2.log &
[1] 351306
20:18:11,987 [ :monitor-process-2092 @ target-host ] PROCESS_PID=$!
20:18:12,225 [ :monitor-process-2109 @ target-host ] taskset --cpu-list 11 vmstat 1 &>/home/zakkak/spring-quarkus-perf-comparison/logs/vmstat-quarkus3-native-2.log &
[1] 351391
20:18:12,263 [ test-runner:run-tests-983 @ target-host ] POSTGRES_PID=$(/home/zakkak/spring-quarkus-perf-comparison/spring-quarkus-perf-comparison/scripts/infra.sh -r)
20:18:12,353 [ :monitor-process-2100 @ target-host ] PROCESS_PID=$!
20:18:12,389 [ :monitor-process-2092 @ target-host ] echo $PROCESS_PID
351229
20:18:12,389 [ :monitor-process-2092 @ target-host ] set-state: PROCESS_PID 351229
20:18:12,626 [ :monitor-process-2109 @ target-host ] PROCESS_PID=$!
20:18:12,665 [ test-runner:run-tests-983 @ target-host ] echo $POSTGRES_PID
350816
20:18:12,665 [ test-runner:run-tests-983 @ target-host ] set-state: POSTGRES_PID 350816
20:18:12,754 [ :monitor-process-2100 @ target-host ] echo $PROCESS_PID
351306
20:18:12,755 [ :monitor-process-2100 @ target-host ] set-state: PROCESS_PID 351306
20:18:13,028 [ :monitor-process-2109 @ target-host ] echo $PROCESS_PID
351391
20:18:13,028 [ :monitor-process-2109 @ target-host ] set-state: PROCESS_PID 351391
20:18:13,041 [ test-runner:run-tests-983 @ target-host ] script-cmd: monitor-process
20:18:13,041 [ :monitor-process-2125 @ target-host ] monitor-process
20:18:13,041 [ test-runner:run-tests-983 @ target-host ] JVM_PID = 351106
20:18:13,041 [ :monitor-process-2125 @ target-host ] queue-download: ${{log_file}}=/home/zakkak/spring-quarkus-perf-comparison/logs/postgres-pidstat-quarkus3-native-2.log ../../20260311/run-time-initialize-file-system-providers/target-host/
20:18:13,041 [ test-runner:run-tests-983 @ target-host ] read-state: none
20:18:13,413 [ test-runner:run-tests-983 @ target-host ] script-cmd: watch-log
20:18:13,413 [ :watch-log-2134 @ target-host ] watch-log
20:18:13,423 [ :watch-log-2134 @ target-host ] regex: ${{log_regex}}
20:18:13,423 [ :watch-log-2134 @ target-host ] ctrlC
20:18:13,423 [ :watch-log-2134 @ target-host ] reached LOG_REGEX_REACHED
20:18:13,423 [ test-runner:run-tests-983 @ target-host ] wait-for: LOG_REGEX_REACHED
20:18:13,423 [ :watch-log-2134 @ target-host ] signal: LOG_REGEX_REACHED
20:18:13,543 [ :monitor-process-2125 @ target-host ] taskset --cpu-list 11 pidstat -u -p $(pgrep -d , -P 350816) 1 &>/home/zakkak/spring-quarkus-perf-comparison/logs/postgres-pidstat-quarkus3-native-2.log &
[1] 351510
20:18:13,825 [ :watch-log-2134 @ target-host ] tail -f /home/zakkak/spring-quarkus-perf-comparison/logs/load-test-quarkus3-native-2.log
__  ____  __  _____   ___  __ ____  ______ 
 --/ __ \/ / / / _ | / _ \/ //_/ / / / __/ 
 -/ /_/ / /_/ / __ |/ , _/ ,< / /_/ /\ \   
--\___\_\____/_/ |_/_/|_/_/|_|\____/___/   
2026-03-11 20:18:09,570 INFO  [io.quarkus] (main) quarkus3 1.0 native (powered by Quarkus 999-SNAPSHOT) started in 0.075s. Listening on: http://0.0.0.0:8080
2026-03-11 20:18:09,570 INFO  [io.quarkus] (main) Profile prod activated. 
2026-03-11 20:18:09,570 INFO  [io.quarkus] (main) Installed features: [agroal, cdi, config-yaml, hibernate-orm, hibernate-orm-panache, hibernate-validator, jdbc-postgresql, narayana-jta, rest, rest-jackson, smallrye-context-propagation, smallrye-health, vertx]
20:18:13,945 [ :monitor-process-2125 @ target-host ] PROCESS_PID=$!
20:18:14,347 [ :monitor-process-2125 @ target-host ] echo $PROCESS_PID
351510
20:18:14,347 [ :monitor-process-2125 @ target-host ] set-state: PROCESS_PID 351510
20:20:23,371 [ test-runner:run-tests-983 @ target-host ] taskset --cpu-list 7-9 jbang -R -XX:+UseNUMA wrk@hyperfoil -t 2 -c 100 -d 2m --timeout 2m http://localhost:8080/fruits 2>&1 >/home/zakkak/spring-quarkus-perf-comparison/logs/wrk-warmup-quarkus3-native-2.log
20:20:53,371 [ test-runner:run-tests-983 @ target-host ] sleep: 30s
20:20:53,372 [ :monitor-process-2100 @ target-host ] reached LOAD_STEADY_STATE_START
20:20:53,372 [ test-runner:run-tests-983 @ target-host ] signal: LOAD_STEADY_STATE_START
20:21:33,015 [ test-runner:run-tests-983 @ target-host ] taskset --cpu-list 7-9 jbang -R -XX:+UseNUMA wrk@hyperfoil -t 2 -c 100 -d 30s --timeout 30s http://localhost:8080/fruits 2>&1 >/home/zakkak/spring-quarkus-perf-comparison/logs/wrk-quarkus3-native-2.log
20:21:33,430 [ test-runner:run-tests-983 @ target-host ] cat /home/zakkak/spring-quarkus-perf-comparison/logs/wrk-quarkus3-native-2.log | grep "Requests/sec" | awk '{print $2}'
16032.45
20:21:33,430 [ test-runner:run-tests-983 @ target-host ] set-state: THROUGHPUT 16032.45
20:21:33,430 [ test-runner:run-tests-983 @ target-host ] script-cmd: state-array-push
20:21:33,431 [ test-runner:run-tests-983 @ target-host ] state-array-push
20:21:33,479 [ test-runner:run-tests-983 @ target-host ] set-state: RUN.output.results.quarkus3-native.load.throughput [16050.15,15978.95,16032.45]
20:21:33,883 [ test-runner:run-tests-983 @ target-host ] cat /home/zakkak/spring-quarkus-perf-comparison/logs/wrk-quarkus3-native-2.log | grep "Socket errors:" | sed -E 's/.*connectionErrors ([0-9]+).*/\1/'
20:21:33,883 [ test-runner:run-tests-983 @ target-host ] regex: ^$
20:21:33,883 [ test-runner:run-tests-983 @ target-host ] set-state: CONNECTION_ERRORS 0
20:21:33,883 [ test-runner:run-tests-983 @ target-host ] script-cmd: state-array-push
20:21:33,883 [ test-runner:run-tests-983 @ target-host ] state-array-push
20:21:33,920 [ test-runner:run-tests-983 @ target-host ] set-state: RUN.output.results.quarkus3-native.load.connectionErrors [0,0,0]
20:21:34,323 [ test-runner:run-tests-983 @ target-host ] cat /home/zakkak/spring-quarkus-perf-comparison/logs/wrk-quarkus3-native-2.log | grep "Socket errors:" | sed -E 's/.*requestTimeouts ([0-9]+)/\1/'
20:21:34,324 [ test-runner:run-tests-983 @ target-host ] regex: ^$
20:21:34,324 [ test-runner:run-tests-983 @ target-host ] set-state: REQUEST_TIMEOUTS 0
20:21:34,324 [ test-runner:run-tests-983 @ target-host ] script-cmd: state-array-push
20:21:34,324 [ test-runner:run-tests-983 @ target-host ] state-array-push
20:21:34,370 [ test-runner:run-tests-983 @ target-host ] set-state: RUN.output.results.quarkus3-native.load.requestTimeouts [0,0,0]
20:21:34,787 [ test-runner:run-tests-983 @ target-host ] pmap -x $PID | grep total | awk '{print $4}'
162988
20:21:34,787 [ test-runner:run-tests-983 @ target-host ] set-state: RSS 162988
20:21:34,808 [ test-runner:run-tests-983 @ target-host ] script-cmd: state-array-push
20:21:34,808 [ test-runner:run-tests-983 @ target-host ] state-array-push
20:21:34,845 [ test-runner:run-tests-983 @ target-host ] set-state: RUN.output.results.quarkus3-native.load.rss [157.0546875,155.01953125,159.16796875]
20:21:34,868 [ test-runner:run-tests-983 @ target-host ] script-cmd: state-array-push
20:21:34,868 [ test-runner:run-tests-983 @ target-host ] state-array-push
20:21:34,921 [ test-runner:run-tests-983 @ target-host ] set-state: RUN.output.results.quarkus3-native.load.throughputDensity [102.1946575138039,103.07701146528916,100.72661054801581]
20:21:34,922 [ test-runner:run-tests-983 @ target-host ] reached LOAD_TEST_COMPLETE
20:21:34,922 [ :monitor-process-2092 @ target-host ] wait-for: LOAD_TEST_COMPLETE
20:21:34,922 [ :monitor-process-2100 @ target-host ] wait-for: LOAD_TEST_COMPLETE
20:21:34,922 [ :monitor-process-2109 @ target-host ] wait-for: LOAD_TEST_COMPLETE
20:21:34,922 [ :monitor-process-2125 @ target-host ] wait-for: LOAD_TEST_COMPLETE
20:21:34,922 [ test-runner:run-tests-983 @ target-host ] signal: LOAD_TEST_COMPLETE
20:21:35,323 [ :monitor-process-2092 @ target-host ] kill -15 $PROCESS_PID
bash: kill: (351229) - No such process
20:21:35,323 [ :monitor-process-2125 @ target-host ] kill -15 $PROCESS_PID
bash: kill: (351510) - No such process
20:21:35,324 [ :monitor-process-2100 @ target-host ] kill -15 $PROCESS_PID
bash: kill: (351306) - No such process
20:21:35,424 [ :monitor-process-2109 @ target-host ] kill -15 $PROCESS_PID
20:21:35,424 [ test-runner:run-tests-983 @ target-host ] kill -15 $PID
20:21:37,835 [ test-runner:run-tests-983 @ target-host ] sleep 2
20:21:37,836 [ test-runner:run-tests-983 @ target-host ] script-cmd: stop-test-services
20:21:37,836 [ test-runner:run-tests-983 @ target-host ] stop-test-services
20:21:38,485 [ test-runner:run-tests-983 @ target-host ] /home/zakkak/spring-quarkus-perf-comparison/spring-quarkus-perf-comparison/scripts/infra.sh -d
Using podman to stop containers
-----------------------------------------
[03/11/2026 20:21:37]: Stopping services
-----------------------------------------
Stopping PostgreSQL database 'fruits_db'
fruits_db
20:21:38,567 [ test-runner:run-tests-983 @ target-host ] for-each: ITERATION = 3
20:21:38,568 [ test-runner:run-tests-983 @ target-host ] set-state: LOG_FILE /home/zakkak/spring-quarkus-perf-comparison/logs/load-test-quarkus3-native-3.log
20:21:38,979 [ test-runner:run-tests-983 @ target-host ] touch /home/zakkak/spring-quarkus-perf-comparison/logs/load-test-quarkus3-native-3.log
20:21:38,980 [ test-runner:run-tests-983 @ target-host ] queue-download: ${{REPO_DIR}}/logs/wrk-warmup-${{RUNTIME.name}}-${{ITERATION}}.log=/home/zakkak/spring-quarkus-perf-comparison/logs/wrk-warmup-quarkus3-native-3.log ../../20260311/run-time-initialize-file-system-providers/target-host/
20:21:38,980 [ test-runner:run-tests-983 @ target-host ] queue-download: ${{LOG_FILE}}=/home/zakkak/spring-quarkus-perf-comparison/logs/load-test-quarkus3-native-3.log ../../20260311/run-time-initialize-file-system-providers/target-host/
20:21:38,981 [ test-runner:run-tests-983 @ target-host ] queue-download: ${{REPO_DIR}}/logs/wrk-${{RUNTIME.name}}-${{ITERATION}}.log=/home/zakkak/spring-quarkus-perf-comparison/logs/wrk-quarkus3-native-3.log ../../20260311/run-time-initialize-file-system-providers/target-host/
20:21:38,981 [ test-runner:run-tests-983 @ target-host ] script-cmd: start-test-services
20:21:38,981 [ test-runner:run-tests-983 @ target-host ] start-test-services
20:21:50,094 [ test-runner:run-tests-983 @ target-host ] /home/zakkak/spring-quarkus-perf-comparison/spring-quarkus-perf-comparison/scripts/infra.sh -c 3 -p '4-6' -s
Using podman to start containers
-----------------------------------------
[03/11/2026 20:21:38]: Starting services
-----------------------------------------
Starting PostgreSQL database 'fruits_db'
PostgreSQL DB process: a76f283bf9847b0b8aea1c061200a0d25affcdfb544fc2844097c239235ce625
Waiting for PostgreSQL to be ready...
localhost:5432 - no response
localhost:5432 - no response
localhost:5432 - accepting connections
20:21:50,094 [ test-runner:run-tests-983 @ target-host ] script-cmd: sync-drop-fs-cache
20:21:50,094 [ test-runner:run-tests-983 @ target-host ] sync-drop-fs-cache
20:21:50,095 [ test-runner:run-tests-983 @ target-host ] read-state: true
20:21:50,095 [ test-runner:run-tests-983 @ target-host ] regex: true
20:21:50,720 [ test-runner:run-tests-983 @ target-host ] sync
20:21:50,721 [ test-runner:run-tests-983 @ target-host ] script-cmd: sync-drop-fs-cache-${{os}}
20:21:50,721 [ test-runner:run-tests-983 @ target-host ] sync-drop-fs-cache-linux
20:21:50,721 [ test-runner:run-tests-983 @ target-host ] script-cmd: sudo
20:21:50,721 [ test-runner:run-tests-983 @ target-host ] sudo
20:21:50,721 [ test-runner:run-tests-983 @ target-host ] script-cmd: sudo-${{os}}
20:21:50,721 [ test-runner:run-tests-983 @ target-host ] sudo-linux
20:21:51,495 [ test-runner:run-tests-983 @ target-host ] sudo sh -c "echo 3 > /proc/sys/vm/drop_caches"
]3008;start=9e915fd326634455b7f27df8bbc44aec;user=zakkak;hostname=blanc;machineid=f469a615e9ef4e81b7d5be080a5de373;bootid=0e917e08584a49cb891ef04366e00ace;pid=352917;pidfdid=352918;comm=sudo;targetuser=root;sessionid=c332;type=session\]3008;end=9e915fd326634455b7f27df8bbc44aec\
20:21:51,504 [ test-runner:run-tests-983 @ target-host ] set-signal: LOAD_STEADY_STATE_START 1
20:21:51,504 [ test-runner:run-tests-983 @ target-host ] set-signal: LOG_REGEX_REACHED 1
20:21:51,907 [ test-runner:run-tests-983 @ target-host ] taskset --cpu-list 0-3 /home/zakkak/spring-quarkus-perf-comparison/spring-quarkus-perf-comparison/quarkus3/target/quarkus3-runner  &>/home/zakkak/spring-quarkus-perf-comparison/logs/load-test-quarkus3-native-3.log &
[1] 352947
20:21:52,308 [ test-runner:run-tests-983 @ target-host ] PID=$!
20:21:52,710 [ test-runner:run-tests-983 @ target-host ] echo $PID
352947
20:21:52,710 [ test-runner:run-tests-983 @ target-host ] set-state: JVM_PID 352947
20:21:52,711 [ test-runner:run-tests-983 @ target-host ] script-cmd: monitor-processes
20:21:52,712 [ test-runner:run-tests-983 @ target-host ] monitor-processes
20:21:52,712 [ test-runner:run-tests-983 @ target-host ] set-signal: LOAD_TEST_COMPLETE 1
20:21:53,155 [ test-runner:run-tests-983 @ target-host ] script-cmd: monitor-process
20:21:53,156 [ :monitor-process-2185 @ target-host ] monitor-process
20:21:53,164 [ :monitor-process-2185 @ target-host ] queue-download: ${{log_file}}=/home/zakkak/spring-quarkus-perf-comparison/logs/pidstat-quarkus3-native-3.log ../../20260311/run-time-initialize-file-system-providers/target-host/
20:21:53,530 [ test-runner:run-tests-983 @ target-host ] script-cmd: monitor-process
20:21:53,530 [ :monitor-process-2193 @ target-host ] monitor-process
20:21:53,530 [ :monitor-process-2193 @ target-host ] queue-download: ${{log_file}}=/home/zakkak/spring-quarkus-perf-comparison/logs/mpstat-quarkus3-native-3.log ../../20260311/run-time-initialize-file-system-providers/target-host/
20:21:53,667 [ :monitor-process-2185 @ target-host ] taskset --cpu-list 11 pidstat -u -p 352947 1 &>/home/zakkak/spring-quarkus-perf-comparison/logs/pidstat-quarkus3-native-3.log &
[1] 353073
20:21:53,905 [ test-runner:run-tests-983 @ target-host ] script-cmd: monitor-process
20:21:53,905 [ test-runner:run-tests-983 @ target-host ] script-cmd: monitor-postgres
20:21:53,905 [ test-runner:run-tests-983 @ target-host ] monitor-postgres
20:21:53,905 [ :monitor-process-2202 @ target-host ] monitor-process
20:21:53,905 [ :monitor-process-2202 @ target-host ] queue-download: ${{log_file}}=/home/zakkak/spring-quarkus-perf-comparison/logs/vmstat-quarkus3-native-3.log ../../20260311/run-time-initialize-file-system-providers/target-host/
20:21:54,033 [ :monitor-process-2193 @ target-host ] taskset --cpu-list 11 mpstat -P ALL 1 &>/home/zakkak/spring-quarkus-perf-comparison/logs/mpstat-quarkus3-native-3.log &
[1] 353150
20:21:54,069 [ :monitor-process-2185 @ target-host ] PROCESS_PID=$!
20:21:54,308 [ :monitor-process-2202 @ target-host ] taskset --cpu-list 11 vmstat 1 &>/home/zakkak/spring-quarkus-perf-comparison/logs/vmstat-quarkus3-native-3.log &
[1] 353235
20:21:54,346 [ test-runner:run-tests-983 @ target-host ] POSTGRES_PID=$(/home/zakkak/spring-quarkus-perf-comparison/spring-quarkus-perf-comparison/scripts/infra.sh -r)
20:21:54,435 [ :monitor-process-2193 @ target-host ] PROCESS_PID=$!
20:21:54,470 [ :monitor-process-2185 @ target-host ] echo $PROCESS_PID
353073
20:21:54,470 [ :monitor-process-2185 @ target-host ] set-state: PROCESS_PID 353073
20:21:54,709 [ :monitor-process-2202 @ target-host ] PROCESS_PID=$!
20:21:54,748 [ test-runner:run-tests-983 @ target-host ] echo $POSTGRES_PID
352632
20:21:54,748 [ test-runner:run-tests-983 @ target-host ] set-state: POSTGRES_PID 352632
20:21:54,836 [ :monitor-process-2193 @ target-host ] echo $PROCESS_PID
353150
20:21:54,836 [ :monitor-process-2193 @ target-host ] set-state: PROCESS_PID 353150
20:21:55,111 [ :monitor-process-2202 @ target-host ] echo $PROCESS_PID
353235
20:21:55,111 [ :monitor-process-2202 @ target-host ] set-state: PROCESS_PID 353235
20:21:55,123 [ test-runner:run-tests-983 @ target-host ] script-cmd: monitor-process
20:21:55,124 [ :monitor-process-2218 @ target-host ] monitor-process
20:21:55,124 [ test-runner:run-tests-983 @ target-host ] JVM_PID = 352947
20:21:55,124 [ :monitor-process-2218 @ target-host ] queue-download: ${{log_file}}=/home/zakkak/spring-quarkus-perf-comparison/logs/postgres-pidstat-quarkus3-native-3.log ../../20260311/run-time-initialize-file-system-providers/target-host/
20:21:55,124 [ test-runner:run-tests-983 @ target-host ] read-state: none
20:21:55,498 [ test-runner:run-tests-983 @ target-host ] script-cmd: watch-log
20:21:55,499 [ :watch-log-2227 @ target-host ] watch-log
20:21:55,509 [ :watch-log-2227 @ target-host ] regex: ${{log_regex}}
20:21:55,510 [ :watch-log-2227 @ target-host ] ctrlC
20:21:55,510 [ :watch-log-2227 @ target-host ] reached LOG_REGEX_REACHED
20:21:55,510 [ test-runner:run-tests-983 @ target-host ] wait-for: LOG_REGEX_REACHED
20:21:55,510 [ :watch-log-2227 @ target-host ] signal: LOG_REGEX_REACHED
20:21:55,627 [ :monitor-process-2218 @ target-host ] taskset --cpu-list 11 pidstat -u -p $(pgrep -d , -P 352632) 1 &>/home/zakkak/spring-quarkus-perf-comparison/logs/postgres-pidstat-quarkus3-native-3.log &
[1] 353352
20:21:55,912 [ :watch-log-2227 @ target-host ] tail -f /home/zakkak/spring-quarkus-perf-comparison/logs/load-test-quarkus3-native-3.log
__  ____  __  _____   ___  __ ____  ______ 
 --/ __ \/ / / / _ | / _ \/ //_/ / / / __/ 
 -/ /_/ / /_/ / __ |/ , _/ ,< / /_/ /\ \   
--\___\_\____/_/ |_/_/|_/_/|_|\____/___/   
2026-03-11 20:21:51,670 INFO  [io.quarkus] (main) quarkus3 1.0 native (powered by Quarkus 999-SNAPSHOT) started in 0.088s. Listening on: http://0.0.0.0:8080
2026-03-11 20:21:51,670 INFO  [io.quarkus] (main) Profile prod activated. 
2026-03-11 20:21:51,670 INFO  [io.quarkus] (main) Installed features: [agroal, cdi, config-yaml, hibernate-orm, hibernate-orm-panache, hibernate-validator, jdbc-postgresql, narayana-jta, rest, rest-jackson, smallrye-context-propagation, smallrye-health, vertx]
20:21:56,029 [ :monitor-process-2218 @ target-host ] PROCESS_PID=$!
20:21:56,431 [ :monitor-process-2218 @ target-host ] echo $PROCESS_PID
353352
20:21:56,431 [ :monitor-process-2218 @ target-host ] set-state: PROCESS_PID 353352
20:24:05,404 [ test-runner:run-tests-983 @ target-host ] taskset --cpu-list 7-9 jbang -R -XX:+UseNUMA wrk@hyperfoil -t 2 -c 100 -d 2m --timeout 2m http://localhost:8080/fruits 2>&1 >/home/zakkak/spring-quarkus-perf-comparison/logs/wrk-warmup-quarkus3-native-3.log
20:24:35,404 [ test-runner:run-tests-983 @ target-host ] sleep: 30s
20:24:35,404 [ :monitor-process-2193 @ target-host ] reached LOAD_STEADY_STATE_START
20:24:35,404 [ test-runner:run-tests-983 @ target-host ] signal: LOAD_STEADY_STATE_START
20:25:15,096 [ test-runner:run-tests-983 @ target-host ] taskset --cpu-list 7-9 jbang -R -XX:+UseNUMA wrk@hyperfoil -t 2 -c 100 -d 30s --timeout 30s http://localhost:8080/fruits 2>&1 >/home/zakkak/spring-quarkus-perf-comparison/logs/wrk-quarkus3-native-3.log
20:25:15,513 [ test-runner:run-tests-983 @ target-host ] cat /home/zakkak/spring-quarkus-perf-comparison/logs/wrk-quarkus3-native-3.log | grep "Requests/sec" | awk '{print $2}'
16057.68
20:25:15,513 [ test-runner:run-tests-983 @ target-host ] set-state: THROUGHPUT 16057.68
20:25:15,513 [ test-runner:run-tests-983 @ target-host ] script-cmd: state-array-push
20:25:15,513 [ test-runner:run-tests-983 @ target-host ] state-array-push
20:25:15,578 [ test-runner:run-tests-983 @ target-host ] set-state: RUN.output.results.quarkus3-native.load.throughput [16050.15,15978.95,16032.45,16057.68]
20:25:15,982 [ test-runner:run-tests-983 @ target-host ] cat /home/zakkak/spring-quarkus-perf-comparison/logs/wrk-quarkus3-native-3.log | grep "Socket errors:" | sed -E 's/.*connectionErrors ([0-9]+).*/\1/'
20:25:15,982 [ test-runner:run-tests-983 @ target-host ] regex: ^$
20:25:15,982 [ test-runner:run-tests-983 @ target-host ] set-state: CONNECTION_ERRORS 0
20:25:15,982 [ test-runner:run-tests-983 @ target-host ] script-cmd: state-array-push
20:25:15,982 [ test-runner:run-tests-983 @ target-host ] state-array-push
20:25:16,038 [ test-runner:run-tests-983 @ target-host ] set-state: RUN.output.results.quarkus3-native.load.connectionErrors [0,0,0,0]
20:25:16,442 [ test-runner:run-tests-983 @ target-host ] cat /home/zakkak/spring-quarkus-perf-comparison/logs/wrk-quarkus3-native-3.log | grep "Socket errors:" | sed -E 's/.*requestTimeouts ([0-9]+)/\1/'
20:25:16,442 [ test-runner:run-tests-983 @ target-host ] regex: ^$
20:25:16,442 [ test-runner:run-tests-983 @ target-host ] set-state: REQUEST_TIMEOUTS 0
20:25:16,442 [ test-runner:run-tests-983 @ target-host ] script-cmd: state-array-push
20:25:16,442 [ test-runner:run-tests-983 @ target-host ] state-array-push
20:25:16,497 [ test-runner:run-tests-983 @ target-host ] set-state: RUN.output.results.quarkus3-native.load.requestTimeouts [0,0,0,0]
20:25:16,914 [ test-runner:run-tests-983 @ target-host ] pmap -x $PID | grep total | awk '{print $4}'
159572
20:25:16,914 [ test-runner:run-tests-983 @ target-host ] set-state: RSS 159572
20:25:16,942 [ test-runner:run-tests-983 @ target-host ] script-cmd: state-array-push
20:25:16,942 [ test-runner:run-tests-983 @ target-host ] state-array-push
20:25:16,991 [ test-runner:run-tests-983 @ target-host ] set-state: RUN.output.results.quarkus3-native.load.rss [157.0546875,155.01953125,159.16796875,155.83203125]
20:25:17,008 [ test-runner:run-tests-983 @ target-host ] script-cmd: state-array-push
20:25:17,009 [ test-runner:run-tests-983 @ target-host ] state-array-push
20:25:17,043 [ test-runner:run-tests-983 @ target-host ] set-state: RUN.output.results.quarkus3-native.load.throughputDensity [102.1946575138039,103.07701146528916,100.72661054801581,103.04479683152432]
20:25:17,043 [ test-runner:run-tests-983 @ target-host ] reached LOAD_TEST_COMPLETE
20:25:17,043 [ :monitor-process-2185 @ target-host ] wait-for: LOAD_TEST_COMPLETE
20:25:17,043 [ :monitor-process-2193 @ target-host ] wait-for: LOAD_TEST_COMPLETE
20:25:17,043 [ :monitor-process-2202 @ target-host ] wait-for: LOAD_TEST_COMPLETE
20:25:17,043 [ :monitor-process-2218 @ target-host ] wait-for: LOAD_TEST_COMPLETE
20:25:17,043 [ test-runner:run-tests-983 @ target-host ] signal: LOAD_TEST_COMPLETE
20:25:17,445 [ :monitor-process-2185 @ target-host ] kill -15 $PROCESS_PID
bash: kill: (353073) - No such process
20:25:17,445 [ :monitor-process-2218 @ target-host ] kill -15 $PROCESS_PID
bash: kill: (353352) - No such process
20:25:17,445 [ :monitor-process-2193 @ target-host ] kill -15 $PROCESS_PID
bash: kill: (353150) - No such process
20:25:17,545 [ test-runner:run-tests-983 @ target-host ] kill -15 $PID
20:25:17,545 [ :monitor-process-2202 @ target-host ] kill -15 $PROCESS_PID
20:25:19,956 [ test-runner:run-tests-983 @ target-host ] sleep 2
20:25:19,956 [ test-runner:run-tests-983 @ target-host ] script-cmd: stop-test-services
20:25:19,956 [ test-runner:run-tests-983 @ target-host ] stop-test-services
20:25:20,624 [ test-runner:run-tests-983 @ target-host ] /home/zakkak/spring-quarkus-perf-comparison/spring-quarkus-perf-comparison/scripts/infra.sh -d
Using podman to stop containers
-----------------------------------------
[03/11/2026 20:25:19]: Stopping services
-----------------------------------------
Stopping PostgreSQL database 'fruits_db'
fruits_db
20:25:20,677 [ test-runner:run-tests-983 @ target-host ] for-each: ITERATION = 4
20:25:20,677 [ test-runner:run-tests-983 @ target-host ] set-state: LOG_FILE /home/zakkak/spring-quarkus-perf-comparison/logs/load-test-quarkus3-native-4.log
20:25:21,081 [ test-runner:run-tests-983 @ target-host ] touch /home/zakkak/spring-quarkus-perf-comparison/logs/load-test-quarkus3-native-4.log
20:25:21,081 [ test-runner:run-tests-983 @ target-host ] queue-download: ${{REPO_DIR}}/logs/wrk-warmup-${{RUNTIME.name}}-${{ITERATION}}.log=/home/zakkak/spring-quarkus-perf-comparison/logs/wrk-warmup-quarkus3-native-4.log ../../20260311/run-time-initialize-file-system-providers/target-host/
20:25:21,081 [ test-runner:run-tests-983 @ target-host ] queue-download: ${{LOG_FILE}}=/home/zakkak/spring-quarkus-perf-comparison/logs/load-test-quarkus3-native-4.log ../../20260311/run-time-initialize-file-system-providers/target-host/
20:25:21,082 [ test-runner:run-tests-983 @ target-host ] queue-download: ${{REPO_DIR}}/logs/wrk-${{RUNTIME.name}}-${{ITERATION}}.log=/home/zakkak/spring-quarkus-perf-comparison/logs/wrk-quarkus3-native-4.log ../../20260311/run-time-initialize-file-system-providers/target-host/
20:25:21,082 [ test-runner:run-tests-983 @ target-host ] script-cmd: start-test-services
20:25:21,082 [ test-runner:run-tests-983 @ target-host ] start-test-services
20:25:26,989 [ test-runner:run-tests-983 @ target-host ] /home/zakkak/spring-quarkus-perf-comparison/spring-quarkus-perf-comparison/scripts/infra.sh -c 3 -p '4-6' -s
Using podman to start containers
-----------------------------------------
[03/11/2026 20:25:21]: Starting services
-----------------------------------------
Starting PostgreSQL database 'fruits_db'
PostgreSQL DB process: 3442c264c6b31eb483a8213669518d20848d1ce19378116c763a2e936346199b
Waiting for PostgreSQL to be ready...
localhost:5432 - no response
localhost:5432 - accepting connections
20:25:26,989 [ test-runner:run-tests-983 @ target-host ] script-cmd: sync-drop-fs-cache
20:25:26,989 [ test-runner:run-tests-983 @ target-host ] sync-drop-fs-cache
20:25:26,989 [ test-runner:run-tests-983 @ target-host ] read-state: true
20:25:26,989 [ test-runner:run-tests-983 @ target-host ] regex: true
20:25:27,483 [ test-runner:run-tests-983 @ target-host ] sync
20:25:27,484 [ test-runner:run-tests-983 @ target-host ] script-cmd: sync-drop-fs-cache-${{os}}
20:25:27,484 [ test-runner:run-tests-983 @ target-host ] sync-drop-fs-cache-linux
20:25:27,484 [ test-runner:run-tests-983 @ target-host ] script-cmd: sudo
20:25:27,484 [ test-runner:run-tests-983 @ target-host ] sudo
20:25:27,484 [ test-runner:run-tests-983 @ target-host ] script-cmd: sudo-${{os}}
20:25:27,484 [ test-runner:run-tests-983 @ target-host ] sudo-linux
20:25:28,656 [ test-runner:run-tests-983 @ target-host ] sudo sh -c "echo 3 > /proc/sys/vm/drop_caches"
]3008;start=2daf1eef09f04b4d9f69c28e26723b94;user=zakkak;hostname=blanc;machineid=f469a615e9ef4e81b7d5be080a5de373;bootid=0e917e08584a49cb891ef04366e00ace;pid=354679;pidfdid=354680;comm=sudo;targetuser=root;sessionid=c333;type=session\]3008;end=2daf1eef09f04b4d9f69c28e26723b94\
20:25:28,656 [ test-runner:run-tests-983 @ target-host ] set-signal: LOAD_STEADY_STATE_START 1
20:25:28,656 [ test-runner:run-tests-983 @ target-host ] set-signal: LOG_REGEX_REACHED 1
20:25:29,059 [ test-runner:run-tests-983 @ target-host ] taskset --cpu-list 0-3 /home/zakkak/spring-quarkus-perf-comparison/spring-quarkus-perf-comparison/quarkus3/target/quarkus3-runner  &>/home/zakkak/spring-quarkus-perf-comparison/logs/load-test-quarkus3-native-4.log &
[1] 354708
20:25:29,460 [ test-runner:run-tests-983 @ target-host ] PID=$!
20:25:29,862 [ test-runner:run-tests-983 @ target-host ] echo $PID
354708
20:25:29,862 [ test-runner:run-tests-983 @ target-host ] set-state: JVM_PID 354708
20:25:29,862 [ test-runner:run-tests-983 @ target-host ] script-cmd: monitor-processes
20:25:29,862 [ test-runner:run-tests-983 @ target-host ] monitor-processes
20:25:29,862 [ test-runner:run-tests-983 @ target-host ] set-signal: LOAD_TEST_COMPLETE 1
20:25:30,303 [ test-runner:run-tests-983 @ target-host ] script-cmd: monitor-process
20:25:30,304 [ :monitor-process-2278 @ target-host ] monitor-process
20:25:30,305 [ :monitor-process-2278 @ target-host ] queue-download: ${{log_file}}=/home/zakkak/spring-quarkus-perf-comparison/logs/pidstat-quarkus3-native-4.log ../../20260311/run-time-initialize-file-system-providers/target-host/
20:25:30,678 [ test-runner:run-tests-983 @ target-host ] script-cmd: monitor-process
20:25:30,679 [ :monitor-process-2286 @ target-host ] monitor-process
20:25:30,679 [ :monitor-process-2286 @ target-host ] queue-download: ${{log_file}}=/home/zakkak/spring-quarkus-perf-comparison/logs/mpstat-quarkus3-native-4.log ../../20260311/run-time-initialize-file-system-providers/target-host/
20:25:30,807 [ :monitor-process-2278 @ target-host ] taskset --cpu-list 11 pidstat -u -p 354708 1 &>/home/zakkak/spring-quarkus-perf-comparison/logs/pidstat-quarkus3-native-4.log &
[1] 354831
20:25:31,054 [ test-runner:run-tests-983 @ target-host ] script-cmd: monitor-process
20:25:31,054 [ test-runner:run-tests-983 @ target-host ] script-cmd: monitor-postgres
20:25:31,054 [ test-runner:run-tests-983 @ target-host ] monitor-postgres
20:25:31,054 [ :monitor-process-2295 @ target-host ] monitor-process
20:25:31,054 [ :monitor-process-2295 @ target-host ] queue-download: ${{log_file}}=/home/zakkak/spring-quarkus-perf-comparison/logs/vmstat-quarkus3-native-4.log ../../20260311/run-time-initialize-file-system-providers/target-host/
20:25:31,181 [ :monitor-process-2286 @ target-host ] taskset --cpu-list 11 mpstat -P ALL 1 &>/home/zakkak/spring-quarkus-perf-comparison/logs/mpstat-quarkus3-native-4.log &
[1] 354911
20:25:31,209 [ :monitor-process-2278 @ target-host ] PROCESS_PID=$!
20:25:31,456 [ :monitor-process-2295 @ target-host ] taskset --cpu-list 11 vmstat 1 &>/home/zakkak/spring-quarkus-perf-comparison/logs/vmstat-quarkus3-native-4.log &
[1] 354996
20:25:31,496 [ test-runner:run-tests-983 @ target-host ] POSTGRES_PID=$(/home/zakkak/spring-quarkus-perf-comparison/spring-quarkus-perf-comparison/scripts/infra.sh -r)
20:25:31,583 [ :monitor-process-2286 @ target-host ] PROCESS_PID=$!
20:25:31,610 [ :monitor-process-2278 @ target-host ] echo $PROCESS_PID
354831
20:25:31,610 [ :monitor-process-2278 @ target-host ] set-state: PROCESS_PID 354831
20:25:31,857 [ :monitor-process-2295 @ target-host ] PROCESS_PID=$!
20:25:31,897 [ test-runner:run-tests-983 @ target-host ] echo $POSTGRES_PID
354494
20:25:31,897 [ test-runner:run-tests-983 @ target-host ] set-state: POSTGRES_PID 354494
20:25:31,984 [ :monitor-process-2286 @ target-host ] echo $PROCESS_PID
354911
20:25:31,984 [ :monitor-process-2286 @ target-host ] set-state: PROCESS_PID 354911
20:25:32,259 [ :monitor-process-2295 @ target-host ] echo $PROCESS_PID
354996
20:25:32,259 [ :monitor-process-2295 @ target-host ] set-state: PROCESS_PID 354996
20:25:32,269 [ test-runner:run-tests-983 @ target-host ] script-cmd: monitor-process
20:25:32,269 [ :monitor-process-2311 @ target-host ] monitor-process
20:25:32,269 [ test-runner:run-tests-983 @ target-host ] JVM_PID = 354708
20:25:32,269 [ :monitor-process-2311 @ target-host ] queue-download: ${{log_file}}=/home/zakkak/spring-quarkus-perf-comparison/logs/postgres-pidstat-quarkus3-native-4.log ../../20260311/run-time-initialize-file-system-providers/target-host/
20:25:32,269 [ test-runner:run-tests-983 @ target-host ] read-state: none
20:25:32,640 [ test-runner:run-tests-983 @ target-host ] script-cmd: watch-log
20:25:32,640 [ :watch-log-2320 @ target-host ] watch-log
20:25:32,650 [ :watch-log-2320 @ target-host ] regex: ${{log_regex}}
20:25:32,650 [ :watch-log-2320 @ target-host ] ctrlC
20:25:32,650 [ :watch-log-2320 @ target-host ] reached LOG_REGEX_REACHED
20:25:32,650 [ test-runner:run-tests-983 @ target-host ] wait-for: LOG_REGEX_REACHED
20:25:32,650 [ :watch-log-2320 @ target-host ] signal: LOG_REGEX_REACHED
20:25:32,772 [ :monitor-process-2311 @ target-host ] taskset --cpu-list 11 pidstat -u -p $(pgrep -d , -P 354494) 1 &>/home/zakkak/spring-quarkus-perf-comparison/logs/postgres-pidstat-quarkus3-native-4.log &
[1] 355113
20:25:33,052 [ :watch-log-2320 @ target-host ] tail -f /home/zakkak/spring-quarkus-perf-comparison/logs/load-test-quarkus3-native-4.log
__  ____  __  _____   ___  __ ____  ______ 
 --/ __ \/ / / / _ | / _ \/ //_/ / / / __/ 
 -/ /_/ / /_/ / __ |/ , _/ ,< / /_/ /\ \   
--\___\_\____/_/ |_/_/|_/_/|_|\____/___/   
2026-03-11 20:25:28,798 INFO  [io.quarkus] (main) quarkus3 1.0 native (powered by Quarkus 999-SNAPSHOT) started in 0.078s. Listening on: http://0.0.0.0:8080
2026-03-11 20:25:28,798 INFO  [io.quarkus] (main) Profile prod activated. 
2026-03-11 20:25:28,798 INFO  [io.quarkus] (main) Installed features: [agroal, cdi, config-yaml, hibernate-orm, hibernate-orm-panache, hibernate-validator, jdbc-postgresql, narayana-jta, rest, rest-jackson, smallrye-context-propagation, smallrye-health, vertx]
20:25:33,173 [ :monitor-process-2311 @ target-host ] PROCESS_PID=$!
20:25:33,575 [ :monitor-process-2311 @ target-host ] echo $PROCESS_PID
355113
20:25:33,575 [ :monitor-process-2311 @ target-host ] set-state: PROCESS_PID 355113
20:27:42,941 [ test-runner:run-tests-983 @ target-host ] taskset --cpu-list 7-9 jbang -R -XX:+UseNUMA wrk@hyperfoil -t 2 -c 100 -d 2m --timeout 2m http://localhost:8080/fruits 2>&1 >/home/zakkak/spring-quarkus-perf-comparison/logs/wrk-warmup-quarkus3-native-4.log
20:28:12,941 [ test-runner:run-tests-983 @ target-host ] sleep: 30s
20:28:12,941 [ :monitor-process-2286 @ target-host ] reached LOAD_STEADY_STATE_START
20:28:12,941 [ test-runner:run-tests-983 @ target-host ] signal: LOAD_STEADY_STATE_START
20:28:52,631 [ test-runner:run-tests-983 @ target-host ] taskset --cpu-list 7-9 jbang -R -XX:+UseNUMA wrk@hyperfoil -t 2 -c 100 -d 30s --timeout 30s http://localhost:8080/fruits 2>&1 >/home/zakkak/spring-quarkus-perf-comparison/logs/wrk-quarkus3-native-4.log
20:28:53,047 [ test-runner:run-tests-983 @ target-host ] cat /home/zakkak/spring-quarkus-perf-comparison/logs/wrk-quarkus3-native-4.log | grep "Requests/sec" | awk '{print $2}'
16148.18
20:28:53,047 [ test-runner:run-tests-983 @ target-host ] set-state: THROUGHPUT 16148.18
20:28:53,047 [ test-runner:run-tests-983 @ target-host ] script-cmd: state-array-push
20:28:53,047 [ test-runner:run-tests-983 @ target-host ] state-array-push
20:28:53,094 [ test-runner:run-tests-983 @ target-host ] set-state: RUN.output.results.quarkus3-native.load.throughput [16050.15,15978.95,16032.45,16057.68,16148.18]
20:28:53,498 [ test-runner:run-tests-983 @ target-host ] cat /home/zakkak/spring-quarkus-perf-comparison/logs/wrk-quarkus3-native-4.log | grep "Socket errors:" | sed -E 's/.*connectionErrors ([0-9]+).*/\1/'
20:28:53,498 [ test-runner:run-tests-983 @ target-host ] regex: ^$
20:28:53,498 [ test-runner:run-tests-983 @ target-host ] set-state: CONNECTION_ERRORS 0
20:28:53,498 [ test-runner:run-tests-983 @ target-host ] script-cmd: state-array-push
20:28:53,498 [ test-runner:run-tests-983 @ target-host ] state-array-push
20:28:53,532 [ test-runner:run-tests-983 @ target-host ] set-state: RUN.output.results.quarkus3-native.load.connectionErrors [0,0,0,0,0]
20:28:53,935 [ test-runner:run-tests-983 @ target-host ] cat /home/zakkak/spring-quarkus-perf-comparison/logs/wrk-quarkus3-native-4.log | grep "Socket errors:" | sed -E 's/.*requestTimeouts ([0-9]+)/\1/'
20:28:53,935 [ test-runner:run-tests-983 @ target-host ] regex: ^$
20:28:53,935 [ test-runner:run-tests-983 @ target-host ] set-state: REQUEST_TIMEOUTS 0
20:28:53,935 [ test-runner:run-tests-983 @ target-host ] script-cmd: state-array-push
20:28:53,935 [ test-runner:run-tests-983 @ target-host ] state-array-push
20:28:53,971 [ test-runner:run-tests-983 @ target-host ] set-state: RUN.output.results.quarkus3-native.load.requestTimeouts [0,0,0,0,0]
20:28:54,388 [ test-runner:run-tests-983 @ target-host ] pmap -x $PID | grep total | awk '{print $4}'
161940
20:28:54,388 [ test-runner:run-tests-983 @ target-host ] set-state: RSS 161940
20:28:54,406 [ test-runner:run-tests-983 @ target-host ] script-cmd: state-array-push
20:28:54,406 [ test-runner:run-tests-983 @ target-host ] state-array-push
20:28:54,461 [ test-runner:run-tests-983 @ target-host ] set-state: RUN.output.results.quarkus3-native.load.rss [157.0546875,155.01953125,159.16796875,155.83203125,158.14453125]
20:28:54,479 [ test-runner:run-tests-983 @ target-host ] script-cmd: state-array-push
20:28:54,479 [ test-runner:run-tests-983 @ target-host ] state-array-push
20:28:54,515 [ test-runner:run-tests-983 @ target-host ] set-state: RUN.output.results.quarkus3-native.load.throughputDensity [102.1946575138039,103.07701146528916,100.72661054801581,103.04479683152432,102.11026503643325]
20:28:54,515 [ test-runner:run-tests-983 @ target-host ] reached LOAD_TEST_COMPLETE
20:28:54,515 [ :monitor-process-2278 @ target-host ] wait-for: LOAD_TEST_COMPLETE
20:28:54,515 [ :monitor-process-2286 @ target-host ] wait-for: LOAD_TEST_COMPLETE
20:28:54,515 [ :monitor-process-2295 @ target-host ] wait-for: LOAD_TEST_COMPLETE
20:28:54,515 [ :monitor-process-2311 @ target-host ] wait-for: LOAD_TEST_COMPLETE
20:28:54,515 [ test-runner:run-tests-983 @ target-host ] signal: LOAD_TEST_COMPLETE
20:28:54,917 [ :monitor-process-2311 @ target-host ] kill -15 $PROCESS_PID
bash: kill: (355113) - No such process
20:28:54,917 [ :monitor-process-2286 @ target-host ] kill -15 $PROCESS_PID
bash: kill: (354911) - No such process
20:28:54,917 [ :monitor-process-2278 @ target-host ] kill -15 $PROCESS_PID
bash: kill: (354831) - No such process
20:28:55,017 [ test-runner:run-tests-983 @ target-host ] kill -15 $PID
20:28:55,017 [ :monitor-process-2295 @ target-host ] kill -15 $PROCESS_PID
20:28:57,428 [ test-runner:run-tests-983 @ target-host ] sleep 2
20:28:57,428 [ test-runner:run-tests-983 @ target-host ] script-cmd: stop-test-services
20:28:57,428 [ test-runner:run-tests-983 @ target-host ] stop-test-services
20:28:58,079 [ test-runner:run-tests-983 @ target-host ] /home/zakkak/spring-quarkus-perf-comparison/spring-quarkus-perf-comparison/scripts/infra.sh -d
Using podman to stop containers
-----------------------------------------
[03/11/2026 20:28:57]: Stopping services
-----------------------------------------
Stopping PostgreSQL database 'fruits_db'
fruits_db
20:28:58,139 [ test-runner:run-tests-983 @ target-host ] for-each: ITERATION = 5
20:28:58,139 [ test-runner:run-tests-983 @ target-host ] set-state: LOG_FILE /home/zakkak/spring-quarkus-perf-comparison/logs/load-test-quarkus3-native-5.log
20:28:58,551 [ test-runner:run-tests-983 @ target-host ] touch /home/zakkak/spring-quarkus-perf-comparison/logs/load-test-quarkus3-native-5.log
20:28:58,551 [ test-runner:run-tests-983 @ target-host ] queue-download: ${{REPO_DIR}}/logs/wrk-warmup-${{RUNTIME.name}}-${{ITERATION}}.log=/home/zakkak/spring-quarkus-perf-comparison/logs/wrk-warmup-quarkus3-native-5.log ../../20260311/run-time-initialize-file-system-providers/target-host/
20:28:58,551 [ test-runner:run-tests-983 @ target-host ] queue-download: ${{LOG_FILE}}=/home/zakkak/spring-quarkus-perf-comparison/logs/load-test-quarkus3-native-5.log ../../20260311/run-time-initialize-file-system-providers/target-host/
20:28:58,552 [ test-runner:run-tests-983 @ target-host ] queue-download: ${{REPO_DIR}}/logs/wrk-${{RUNTIME.name}}-${{ITERATION}}.log=/home/zakkak/spring-quarkus-perf-comparison/logs/wrk-quarkus3-native-5.log ../../20260311/run-time-initialize-file-system-providers/target-host/
20:28:58,552 [ test-runner:run-tests-983 @ target-host ] script-cmd: start-test-services
20:28:58,552 [ test-runner:run-tests-983 @ target-host ] start-test-services
20:29:09,641 [ test-runner:run-tests-983 @ target-host ] /home/zakkak/spring-quarkus-perf-comparison/spring-quarkus-perf-comparison/scripts/infra.sh -c 3 -p '4-6' -s
Using podman to start containers
-----------------------------------------
[03/11/2026 20:28:58]: Starting services
-----------------------------------------
Starting PostgreSQL database 'fruits_db'
PostgreSQL DB process: c4c0a042996c89aedceb73c981be2c828f31bbc5edcb68421c3e07138105e548
Waiting for PostgreSQL to be ready...
localhost:5432 - no response
localhost:5432 - no response
localhost:5432 - accepting connections
20:29:09,641 [ test-runner:run-tests-983 @ target-host ] script-cmd: sync-drop-fs-cache
20:29:09,641 [ test-runner:run-tests-983 @ target-host ] sync-drop-fs-cache
20:29:09,641 [ test-runner:run-tests-983 @ target-host ] read-state: true
20:29:09,641 [ test-runner:run-tests-983 @ target-host ] regex: true
20:29:10,210 [ test-runner:run-tests-983 @ target-host ] sync
20:29:10,210 [ test-runner:run-tests-983 @ target-host ] script-cmd: sync-drop-fs-cache-${{os}}
20:29:10,210 [ test-runner:run-tests-983 @ target-host ] sync-drop-fs-cache-linux
20:29:10,210 [ test-runner:run-tests-983 @ target-host ] script-cmd: sudo
20:29:10,210 [ test-runner:run-tests-983 @ target-host ] sudo
20:29:10,210 [ test-runner:run-tests-983 @ target-host ] script-cmd: sudo-${{os}}
20:29:10,210 [ test-runner:run-tests-983 @ target-host ] sudo-linux
20:29:11,000 [ test-runner:run-tests-983 @ target-host ] sudo sh -c "echo 3 > /proc/sys/vm/drop_caches"
]3008;start=75d371c47e2f4ad6a09a10d04e059299;user=zakkak;hostname=blanc;machineid=f469a615e9ef4e81b7d5be080a5de373;bootid=0e917e08584a49cb891ef04366e00ace;pid=356524;pidfdid=356525;comm=sudo;targetuser=root;sessionid=c334;type=session\]3008;end=75d371c47e2f4ad6a09a10d04e059299\
20:29:11,009 [ test-runner:run-tests-983 @ target-host ] set-signal: LOAD_STEADY_STATE_START 1
20:29:11,009 [ test-runner:run-tests-983 @ target-host ] set-signal: LOG_REGEX_REACHED 1
20:29:11,411 [ test-runner:run-tests-983 @ target-host ] taskset --cpu-list 0-3 /home/zakkak/spring-quarkus-perf-comparison/spring-quarkus-perf-comparison/quarkus3/target/quarkus3-runner  &>/home/zakkak/spring-quarkus-perf-comparison/logs/load-test-quarkus3-native-5.log &
[1] 356554
20:29:11,813 [ test-runner:run-tests-983 @ target-host ] PID=$!
20:29:12,214 [ test-runner:run-tests-983 @ target-host ] echo $PID
356554
20:29:12,214 [ test-runner:run-tests-983 @ target-host ] set-state: JVM_PID 356554
20:29:12,215 [ test-runner:run-tests-983 @ target-host ] script-cmd: monitor-processes
20:29:12,215 [ test-runner:run-tests-983 @ target-host ] monitor-processes
20:29:12,215 [ test-runner:run-tests-983 @ target-host ] set-signal: LOAD_TEST_COMPLETE 1
20:29:12,669 [ test-runner:run-tests-983 @ target-host ] script-cmd: monitor-process
20:29:12,670 [ :monitor-process-2371 @ target-host ] monitor-process
20:29:12,670 [ :monitor-process-2371 @ target-host ] queue-download: ${{log_file}}=/home/zakkak/spring-quarkus-perf-comparison/logs/pidstat-quarkus3-native-5.log ../../20260311/run-time-initialize-file-system-providers/target-host/
20:29:13,045 [ test-runner:run-tests-983 @ target-host ] script-cmd: monitor-process
20:29:13,045 [ :monitor-process-2379 @ target-host ] monitor-process
20:29:13,045 [ :monitor-process-2379 @ target-host ] queue-download: ${{log_file}}=/home/zakkak/spring-quarkus-perf-comparison/logs/mpstat-quarkus3-native-5.log ../../20260311/run-time-initialize-file-system-providers/target-host/
20:29:13,172 [ :monitor-process-2371 @ target-host ] taskset --cpu-list 11 pidstat -u -p 356554 1 &>/home/zakkak/spring-quarkus-perf-comparison/logs/pidstat-quarkus3-native-5.log &
[1] 356672
20:29:13,419 [ test-runner:run-tests-983 @ target-host ] script-cmd: monitor-process
20:29:13,419 [ test-runner:run-tests-983 @ target-host ] script-cmd: monitor-postgres
20:29:13,419 [ test-runner:run-tests-983 @ target-host ] monitor-postgres
20:29:13,419 [ :monitor-process-2388 @ target-host ] monitor-process
20:29:13,419 [ :monitor-process-2388 @ target-host ] queue-download: ${{log_file}}=/home/zakkak/spring-quarkus-perf-comparison/logs/vmstat-quarkus3-native-5.log ../../20260311/run-time-initialize-file-system-providers/target-host/
20:29:13,547 [ :monitor-process-2379 @ target-host ] taskset --cpu-list 11 mpstat -P ALL 1 &>/home/zakkak/spring-quarkus-perf-comparison/logs/mpstat-quarkus3-native-5.log &
[1] 356754
20:29:13,574 [ :monitor-process-2371 @ target-host ] PROCESS_PID=$!
20:29:13,821 [ :monitor-process-2388 @ target-host ] taskset --cpu-list 11 vmstat 1 &>/home/zakkak/spring-quarkus-perf-comparison/logs/vmstat-quarkus3-native-5.log &
[1] 356839
20:29:13,859 [ test-runner:run-tests-983 @ target-host ] POSTGRES_PID=$(/home/zakkak/spring-quarkus-perf-comparison/spring-quarkus-perf-comparison/scripts/infra.sh -r)
20:29:13,949 [ :monitor-process-2379 @ target-host ] PROCESS_PID=$!
20:29:13,975 [ :monitor-process-2371 @ target-host ] echo $PROCESS_PID
356672
20:29:13,976 [ :monitor-process-2371 @ target-host ] set-state: PROCESS_PID 356672
20:29:14,223 [ :monitor-process-2388 @ target-host ] PROCESS_PID=$!
20:29:14,261 [ test-runner:run-tests-983 @ target-host ] echo $POSTGRES_PID
356254
20:29:14,261 [ test-runner:run-tests-983 @ target-host ] set-state: POSTGRES_PID 356254
20:29:14,350 [ :monitor-process-2379 @ target-host ] echo $PROCESS_PID
356754
20:29:14,350 [ :monitor-process-2379 @ target-host ] set-state: PROCESS_PID 356754
20:29:14,624 [ :monitor-process-2388 @ target-host ] echo $PROCESS_PID
356839
20:29:14,624 [ :monitor-process-2388 @ target-host ] set-state: PROCESS_PID 356839
20:29:14,636 [ test-runner:run-tests-983 @ target-host ] script-cmd: monitor-process
20:29:14,636 [ :monitor-process-2404 @ target-host ] monitor-process
20:29:14,636 [ test-runner:run-tests-983 @ target-host ] JVM_PID = 356554
20:29:14,636 [ :monitor-process-2404 @ target-host ] queue-download: ${{log_file}}=/home/zakkak/spring-quarkus-perf-comparison/logs/postgres-pidstat-quarkus3-native-5.log ../../20260311/run-time-initialize-file-system-providers/target-host/
20:29:14,636 [ test-runner:run-tests-983 @ target-host ] read-state: none
20:29:15,008 [ test-runner:run-tests-983 @ target-host ] script-cmd: watch-log
20:29:15,008 [ :watch-log-2413 @ target-host ] watch-log
20:29:15,018 [ :watch-log-2413 @ target-host ] regex: ${{log_regex}}
20:29:15,018 [ :watch-log-2413 @ target-host ] ctrlC
20:29:15,018 [ :watch-log-2413 @ target-host ] reached LOG_REGEX_REACHED
20:29:15,018 [ test-runner:run-tests-983 @ target-host ] wait-for: LOG_REGEX_REACHED
20:29:15,018 [ :watch-log-2413 @ target-host ] signal: LOG_REGEX_REACHED
20:29:15,139 [ :monitor-process-2404 @ target-host ] taskset --cpu-list 11 pidstat -u -p $(pgrep -d , -P 356254) 1 &>/home/zakkak/spring-quarkus-perf-comparison/logs/postgres-pidstat-quarkus3-native-5.log &
[1] 356954
20:29:15,420 [ :watch-log-2413 @ target-host ] tail -f /home/zakkak/spring-quarkus-perf-comparison/logs/load-test-quarkus3-native-5.log
__  ____  __  _____   ___  __ ____  ______ 
 --/ __ \/ / / / _ | / _ \/ //_/ / / / __/ 
 -/ /_/ / /_/ / __ |/ , _/ ,< / /_/ /\ \   
--\___\_\____/_/ |_/_/|_/_/|_|\____/___/   
2026-03-11 20:29:11,147 INFO  [io.quarkus] (main) quarkus3 1.0 native (powered by Quarkus 999-SNAPSHOT) started in 0.075s. Listening on: http://0.0.0.0:8080
2026-03-11 20:29:11,147 INFO  [io.quarkus] (main) Profile prod activated. 
2026-03-11 20:29:11,147 INFO  [io.quarkus] (main) Installed features: [agroal, cdi, config-yaml, hibernate-orm, hibernate-orm-panache, hibernate-validator, jdbc-postgresql, narayana-jta, rest, rest-jackson, smallrye-context-propagation, smallrye-health, vertx]
20:29:15,540 [ :monitor-process-2404 @ target-host ] PROCESS_PID=$!
20:29:15,942 [ :monitor-process-2404 @ target-host ] echo $PROCESS_PID
356954
20:29:15,942 [ :monitor-process-2404 @ target-host ] set-state: PROCESS_PID 356954
20:31:25,396 [ test-runner:run-tests-983 @ target-host ] taskset --cpu-list 7-9 jbang -R -XX:+UseNUMA wrk@hyperfoil -t 2 -c 100 -d 2m --timeout 2m http://localhost:8080/fruits 2>&1 >/home/zakkak/spring-quarkus-perf-comparison/logs/wrk-warmup-quarkus3-native-5.log
20:31:55,396 [ test-runner:run-tests-983 @ target-host ] sleep: 30s
20:31:55,396 [ :monitor-process-2379 @ target-host ] reached LOAD_STEADY_STATE_START
20:31:55,396 [ test-runner:run-tests-983 @ target-host ] signal: LOAD_STEADY_STATE_START
20:32:35,037 [ test-runner:run-tests-983 @ target-host ] taskset --cpu-list 7-9 jbang -R -XX:+UseNUMA wrk@hyperfoil -t 2 -c 100 -d 30s --timeout 30s http://localhost:8080/fruits 2>&1 >/home/zakkak/spring-quarkus-perf-comparison/logs/wrk-quarkus3-native-5.log
20:32:35,453 [ test-runner:run-tests-983 @ target-host ] cat /home/zakkak/spring-quarkus-perf-comparison/logs/wrk-quarkus3-native-5.log | grep "Requests/sec" | awk '{print $2}'
16012.56
20:32:35,453 [ test-runner:run-tests-983 @ target-host ] set-state: THROUGHPUT 16012.56
20:32:35,453 [ test-runner:run-tests-983 @ target-host ] script-cmd: state-array-push
20:32:35,453 [ test-runner:run-tests-983 @ target-host ] state-array-push
20:32:35,501 [ test-runner:run-tests-983 @ target-host ] set-state: RUN.output.results.quarkus3-native.load.throughput [16050.15,15978.95,16032.45,16057.68,16148.18,16012.56]
20:32:35,905 [ test-runner:run-tests-983 @ target-host ] cat /home/zakkak/spring-quarkus-perf-comparison/logs/wrk-quarkus3-native-5.log | grep "Socket errors:" | sed -E 's/.*connectionErrors ([0-9]+).*/\1/'
20:32:35,905 [ test-runner:run-tests-983 @ target-host ] regex: ^$
20:32:35,905 [ test-runner:run-tests-983 @ target-host ] set-state: CONNECTION_ERRORS 0
20:32:35,905 [ test-runner:run-tests-983 @ target-host ] script-cmd: state-array-push
20:32:35,905 [ test-runner:run-tests-983 @ target-host ] state-array-push
20:32:35,942 [ test-runner:run-tests-983 @ target-host ] set-state: RUN.output.results.quarkus3-native.load.connectionErrors [0,0,0,0,0,0]
20:32:36,346 [ test-runner:run-tests-983 @ target-host ] cat /home/zakkak/spring-quarkus-perf-comparison/logs/wrk-quarkus3-native-5.log | grep "Socket errors:" | sed -E 's/.*requestTimeouts ([0-9]+)/\1/'
20:32:36,346 [ test-runner:run-tests-983 @ target-host ] regex: ^$
20:32:36,346 [ test-runner:run-tests-983 @ target-host ] set-state: REQUEST_TIMEOUTS 0
20:32:36,346 [ test-runner:run-tests-983 @ target-host ] script-cmd: state-array-push
20:32:36,346 [ test-runner:run-tests-983 @ target-host ] state-array-push
20:32:36,391 [ test-runner:run-tests-983 @ target-host ] set-state: RUN.output.results.quarkus3-native.load.requestTimeouts [0,0,0,0,0,0]
20:32:36,809 [ test-runner:run-tests-983 @ target-host ] pmap -x $PID | grep total | awk '{print $4}'
161064
20:32:36,809 [ test-runner:run-tests-983 @ target-host ] set-state: RSS 161064
20:32:36,828 [ test-runner:run-tests-983 @ target-host ] script-cmd: state-array-push
20:32:36,828 [ test-runner:run-tests-983 @ target-host ] state-array-push
20:32:36,864 [ test-runner:run-tests-983 @ target-host ] set-state: RUN.output.results.quarkus3-native.load.rss [157.0546875,155.01953125,159.16796875,155.83203125,158.14453125,157.2890625]
20:32:36,883 [ test-runner:run-tests-983 @ target-host ] script-cmd: state-array-push
20:32:36,883 [ test-runner:run-tests-983 @ target-host ] state-array-push
20:32:36,918 [ test-runner:run-tests-983 @ target-host ] set-state: RUN.output.results.quarkus3-native.load.throughputDensity [102.1946575138039,103.07701146528916,100.72661054801581,103.04479683152432,102.11026503643325,101.80339144687825]
20:32:36,918 [ test-runner:run-tests-983 @ target-host ] reached LOAD_TEST_COMPLETE
20:32:36,918 [ :monitor-process-2371 @ target-host ] wait-for: LOAD_TEST_COMPLETE
20:32:36,918 [ :monitor-process-2379 @ target-host ] wait-for: LOAD_TEST_COMPLETE
20:32:36,918 [ :monitor-process-2388 @ target-host ] wait-for: LOAD_TEST_COMPLETE
20:32:36,918 [ :monitor-process-2404 @ target-host ] wait-for: LOAD_TEST_COMPLETE
20:32:36,918 [ test-runner:run-tests-983 @ target-host ] signal: LOAD_TEST_COMPLETE
20:32:37,320 [ :monitor-process-2371 @ target-host ] kill -15 $PROCESS_PID
bash: kill: (356672) - No such process
20:32:37,320 [ :monitor-process-2379 @ target-host ] kill -15 $PROCESS_PID
bash: kill: (356754) - No such process
20:32:37,320 [ :monitor-process-2404 @ target-host ] kill -15 $PROCESS_PID
bash: kill: (356954) - No such process
20:32:37,420 [ test-runner:run-tests-983 @ target-host ] kill -15 $PID
20:32:37,420 [ :monitor-process-2388 @ target-host ] kill -15 $PROCESS_PID
20:32:39,831 [ test-runner:run-tests-983 @ target-host ] sleep 2
20:32:39,831 [ test-runner:run-tests-983 @ target-host ] script-cmd: stop-test-services
20:32:39,831 [ test-runner:run-tests-983 @ target-host ] stop-test-services
20:32:40,491 [ test-runner:run-tests-983 @ target-host ] /home/zakkak/spring-quarkus-perf-comparison/spring-quarkus-perf-comparison/scripts/infra.sh -d
Using podman to stop containers
-----------------------------------------
[03/11/2026 20:32:39]: Stopping services
-----------------------------------------
Stopping PostgreSQL database 'fruits_db'
fruits_db
20:32:40,549 [ test-runner:run-tests-983 @ target-host ] for-each: ITERATION = 6
20:32:40,549 [ test-runner:run-tests-983 @ target-host ] set-state: LOG_FILE /home/zakkak/spring-quarkus-perf-comparison/logs/load-test-quarkus3-native-6.log
20:32:40,952 [ test-runner:run-tests-983 @ target-host ] touch /home/zakkak/spring-quarkus-perf-comparison/logs/load-test-quarkus3-native-6.log
20:32:40,953 [ test-runner:run-tests-983 @ target-host ] queue-download: ${{REPO_DIR}}/logs/wrk-warmup-${{RUNTIME.name}}-${{ITERATION}}.log=/home/zakkak/spring-quarkus-perf-comparison/logs/wrk-warmup-quarkus3-native-6.log ../../20260311/run-time-initialize-file-system-providers/target-host/
20:32:40,953 [ test-runner:run-tests-983 @ target-host ] queue-download: ${{LOG_FILE}}=/home/zakkak/spring-quarkus-perf-comparison/logs/load-test-quarkus3-native-6.log ../../20260311/run-time-initialize-file-system-providers/target-host/
20:32:40,953 [ test-runner:run-tests-983 @ target-host ] queue-download: ${{REPO_DIR}}/logs/wrk-${{RUNTIME.name}}-${{ITERATION}}.log=/home/zakkak/spring-quarkus-perf-comparison/logs/wrk-quarkus3-native-6.log ../../20260311/run-time-initialize-file-system-providers/target-host/
20:32:40,953 [ test-runner:run-tests-983 @ target-host ] script-cmd: start-test-services
20:32:40,953 [ test-runner:run-tests-983 @ target-host ] start-test-services
20:32:52,084 [ test-runner:run-tests-983 @ target-host ] /home/zakkak/spring-quarkus-perf-comparison/spring-quarkus-perf-comparison/scripts/infra.sh -c 3 -p '4-6' -s
Using podman to start containers
-----------------------------------------
[03/11/2026 20:32:40]: Starting services
-----------------------------------------
Starting PostgreSQL database 'fruits_db'
PostgreSQL DB process: 5fe9396ab38d5f526018c34b562671de5e7d13dc67aa831824b1353144a17095
Waiting for PostgreSQL to be ready...
localhost:5432 - no response
localhost:5432 - no response
localhost:5432 - accepting connections
20:32:52,085 [ test-runner:run-tests-983 @ target-host ] script-cmd: sync-drop-fs-cache
20:32:52,085 [ test-runner:run-tests-983 @ target-host ] sync-drop-fs-cache
20:32:52,085 [ test-runner:run-tests-983 @ target-host ] read-state: true
20:32:52,085 [ test-runner:run-tests-983 @ target-host ] regex: true
20:32:52,758 [ test-runner:run-tests-983 @ target-host ] sync
20:32:52,758 [ test-runner:run-tests-983 @ target-host ] script-cmd: sync-drop-fs-cache-${{os}}
20:32:52,758 [ test-runner:run-tests-983 @ target-host ] sync-drop-fs-cache-linux
20:32:52,758 [ test-runner:run-tests-983 @ target-host ] script-cmd: sudo
20:32:52,758 [ test-runner:run-tests-983 @ target-host ] sudo
20:32:52,758 [ test-runner:run-tests-983 @ target-host ] script-cmd: sudo-${{os}}
20:32:52,758 [ test-runner:run-tests-983 @ target-host ] sudo-linux
20:32:53,570 [ test-runner:run-tests-983 @ target-host ] sudo sh -c "echo 3 > /proc/sys/vm/drop_caches"
]3008;start=dec19001985c4272a0781857b1eaeb35;user=zakkak;hostname=blanc;machineid=f469a615e9ef4e81b7d5be080a5de373;bootid=0e917e08584a49cb891ef04366e00ace;pid=358357;pidfdid=358358;comm=sudo;targetuser=root;sessionid=c335;type=session\]3008;end=dec19001985c4272a0781857b1eaeb35\
20:32:53,570 [ test-runner:run-tests-983 @ target-host ] set-signal: LOAD_STEADY_STATE_START 1
20:32:53,571 [ test-runner:run-tests-983 @ target-host ] set-signal: LOG_REGEX_REACHED 1
20:32:53,973 [ test-runner:run-tests-983 @ target-host ] taskset --cpu-list 0-3 /home/zakkak/spring-quarkus-perf-comparison/spring-quarkus-perf-comparison/quarkus3/target/quarkus3-runner  &>/home/zakkak/spring-quarkus-perf-comparison/logs/load-test-quarkus3-native-6.log &
[1] 358388
20:32:54,375 [ test-runner:run-tests-983 @ target-host ] PID=$!
20:32:54,776 [ test-runner:run-tests-983 @ target-host ] echo $PID
358388
20:32:54,776 [ test-runner:run-tests-983 @ target-host ] set-state: JVM_PID 358388
20:32:54,777 [ test-runner:run-tests-983 @ target-host ] script-cmd: monitor-processes
20:32:54,777 [ test-runner:run-tests-983 @ target-host ] monitor-processes
20:32:54,777 [ test-runner:run-tests-983 @ target-host ] set-signal: LOAD_TEST_COMPLETE 1
20:32:55,237 [ test-runner:run-tests-983 @ target-host ] script-cmd: monitor-process
20:32:55,237 [ :monitor-process-2464 @ target-host ] monitor-process
20:32:55,246 [ :monitor-process-2464 @ target-host ] queue-download: ${{log_file}}=/home/zakkak/spring-quarkus-perf-comparison/logs/pidstat-quarkus3-native-6.log ../../20260311/run-time-initialize-file-system-providers/target-host/
20:32:55,611 [ test-runner:run-tests-983 @ target-host ] script-cmd: monitor-process
20:32:55,611 [ :monitor-process-2472 @ target-host ] monitor-process
20:32:55,612 [ :monitor-process-2472 @ target-host ] queue-download: ${{log_file}}=/home/zakkak/spring-quarkus-perf-comparison/logs/mpstat-quarkus3-native-6.log ../../20260311/run-time-initialize-file-system-providers/target-host/
20:32:55,748 [ :monitor-process-2464 @ target-host ] taskset --cpu-list 11 pidstat -u -p 358388 1 &>/home/zakkak/spring-quarkus-perf-comparison/logs/pidstat-quarkus3-native-6.log &
[1] 358514
20:32:55,986 [ test-runner:run-tests-983 @ target-host ] script-cmd: monitor-process
20:32:55,986 [ test-runner:run-tests-983 @ target-host ] script-cmd: monitor-postgres
20:32:55,986 [ test-runner:run-tests-983 @ target-host ] monitor-postgres
20:32:55,986 [ :monitor-process-2481 @ target-host ] monitor-process
20:32:55,986 [ :monitor-process-2481 @ target-host ] queue-download: ${{log_file}}=/home/zakkak/spring-quarkus-perf-comparison/logs/vmstat-quarkus3-native-6.log ../../20260311/run-time-initialize-file-system-providers/target-host/
20:32:56,114 [ :monitor-process-2472 @ target-host ] taskset --cpu-list 11 mpstat -P ALL 1 &>/home/zakkak/spring-quarkus-perf-comparison/logs/mpstat-quarkus3-native-6.log &
[1] 358591
20:32:56,150 [ :monitor-process-2464 @ target-host ] PROCESS_PID=$!
20:32:56,398 [ :monitor-process-2481 @ target-host ] taskset --cpu-list 11 vmstat 1 &>/home/zakkak/spring-quarkus-perf-comparison/logs/vmstat-quarkus3-native-6.log &
[1] 358677
20:32:56,425 [ test-runner:run-tests-983 @ target-host ] POSTGRES_PID=$(/home/zakkak/spring-quarkus-perf-comparison/spring-quarkus-perf-comparison/scripts/infra.sh -r)
20:32:56,516 [ :monitor-process-2472 @ target-host ] PROCESS_PID=$!
20:32:56,551 [ :monitor-process-2464 @ target-host ] echo $PROCESS_PID
358514
20:32:56,551 [ :monitor-process-2464 @ target-host ] set-state: PROCESS_PID 358514
20:32:56,799 [ :monitor-process-2481 @ target-host ] PROCESS_PID=$!
20:32:56,827 [ test-runner:run-tests-983 @ target-host ] echo $POSTGRES_PID
358087
20:32:56,827 [ test-runner:run-tests-983 @ target-host ] set-state: POSTGRES_PID 358087
20:32:56,917 [ :monitor-process-2472 @ target-host ] echo $PROCESS_PID
358591
20:32:56,917 [ :monitor-process-2472 @ target-host ] set-state: PROCESS_PID 358591
20:32:57,201 [ :monitor-process-2481 @ target-host ] echo $PROCESS_PID
358677
20:32:57,201 [ :monitor-process-2481 @ target-host ] set-state: PROCESS_PID 358677
20:32:57,202 [ test-runner:run-tests-983 @ target-host ] script-cmd: monitor-process
20:32:57,202 [ test-runner:run-tests-983 @ target-host ] JVM_PID = 358388
20:32:57,202 [ :monitor-process-2497 @ target-host ] monitor-process
20:32:57,203 [ :monitor-process-2497 @ target-host ] queue-download: ${{log_file}}=/home/zakkak/spring-quarkus-perf-comparison/logs/postgres-pidstat-quarkus3-native-6.log ../../20260311/run-time-initialize-file-system-providers/target-host/
20:32:57,203 [ test-runner:run-tests-983 @ target-host ] read-state: none
20:32:57,574 [ test-runner:run-tests-983 @ target-host ] script-cmd: watch-log
20:32:57,574 [ :watch-log-2506 @ target-host ] watch-log
20:32:57,584 [ :watch-log-2506 @ target-host ] regex: ${{log_regex}}
20:32:57,584 [ :watch-log-2506 @ target-host ] ctrlC
20:32:57,584 [ :watch-log-2506 @ target-host ] reached LOG_REGEX_REACHED
20:32:57,584 [ test-runner:run-tests-983 @ target-host ] wait-for: LOG_REGEX_REACHED
20:32:57,584 [ :watch-log-2506 @ target-host ] signal: LOG_REGEX_REACHED
20:32:57,705 [ :monitor-process-2497 @ target-host ] taskset --cpu-list 11 pidstat -u -p $(pgrep -d , -P 358087) 1 &>/home/zakkak/spring-quarkus-perf-comparison/logs/postgres-pidstat-quarkus3-native-6.log &
[1] 358793
20:32:57,986 [ :watch-log-2506 @ target-host ] tail -f /home/zakkak/spring-quarkus-perf-comparison/logs/load-test-quarkus3-native-6.log
__  ____  __  _____   ___  __ ____  ______ 
 --/ __ \/ / / / _ | / _ \/ //_/ / / / __/ 
 -/ /_/ / /_/ / __ |/ , _/ ,< / /_/ /\ \   
--\___\_\____/_/ |_/_/|_/_/|_|\____/___/   
2026-03-11 20:32:53,719 INFO  [io.quarkus] (main) quarkus3 1.0 native (powered by Quarkus 999-SNAPSHOT) started in 0.076s. Listening on: http://0.0.0.0:8080
2026-03-11 20:32:53,719 INFO  [io.quarkus] (main) Profile prod activated. 
2026-03-11 20:32:53,719 INFO  [io.quarkus] (main) Installed features: [agroal, cdi, config-yaml, hibernate-orm, hibernate-orm-panache, hibernate-validator, jdbc-postgresql, narayana-jta, rest, rest-jackson, smallrye-context-propagation, smallrye-health, vertx]
20:32:58,110 [ :monitor-process-2497 @ target-host ] PROCESS_PID=$!
20:32:58,511 [ :monitor-process-2497 @ target-host ] echo $PROCESS_PID
358793
20:32:58,511 [ :monitor-process-2497 @ target-host ] set-state: PROCESS_PID 358793
20:35:07,495 [ test-runner:run-tests-983 @ target-host ] taskset --cpu-list 7-9 jbang -R -XX:+UseNUMA wrk@hyperfoil -t 2 -c 100 -d 2m --timeout 2m http://localhost:8080/fruits 2>&1 >/home/zakkak/spring-quarkus-perf-comparison/logs/wrk-warmup-quarkus3-native-6.log
20:35:37,495 [ test-runner:run-tests-983 @ target-host ] sleep: 30s
20:35:37,496 [ :monitor-process-2472 @ target-host ] reached LOAD_STEADY_STATE_START
20:35:37,496 [ test-runner:run-tests-983 @ target-host ] signal: LOAD_STEADY_STATE_START
20:36:17,145 [ test-runner:run-tests-983 @ target-host ] taskset --cpu-list 7-9 jbang -R -XX:+UseNUMA wrk@hyperfoil -t 2 -c 100 -d 30s --timeout 30s http://localhost:8080/fruits 2>&1 >/home/zakkak/spring-quarkus-perf-comparison/logs/wrk-quarkus3-native-6.log
20:36:17,561 [ test-runner:run-tests-983 @ target-host ] cat /home/zakkak/spring-quarkus-perf-comparison/logs/wrk-quarkus3-native-6.log | grep "Requests/sec" | awk '{print $2}'
16037.16
20:36:17,561 [ test-runner:run-tests-983 @ target-host ] set-state: THROUGHPUT 16037.16
20:36:17,561 [ test-runner:run-tests-983 @ target-host ] script-cmd: state-array-push
20:36:17,561 [ test-runner:run-tests-983 @ target-host ] state-array-push
20:36:17,616 [ test-runner:run-tests-983 @ target-host ] set-state: RUN.output.results.quarkus3-native.load.throughput [16050.15,15978.95,16032.45,16057.68,16148.18,16012.56,16037.16]
20:36:18,020 [ test-runner:run-tests-983 @ target-host ] cat /home/zakkak/spring-quarkus-perf-comparison/logs/wrk-quarkus3-native-6.log | grep "Socket errors:" | sed -E 's/.*connectionErrors ([0-9]+).*/\1/'
20:36:18,020 [ test-runner:run-tests-983 @ target-host ] regex: ^$
20:36:18,020 [ test-runner:run-tests-983 @ target-host ] set-state: CONNECTION_ERRORS 0
20:36:18,020 [ test-runner:run-tests-983 @ target-host ] script-cmd: state-array-push
20:36:18,020 [ test-runner:run-tests-983 @ target-host ] state-array-push
20:36:18,063 [ test-runner:run-tests-983 @ target-host ] set-state: RUN.output.results.quarkus3-native.load.connectionErrors [0,0,0,0,0,0,0]
20:36:18,467 [ test-runner:run-tests-983 @ target-host ] cat /home/zakkak/spring-quarkus-perf-comparison/logs/wrk-quarkus3-native-6.log | grep "Socket errors:" | sed -E 's/.*requestTimeouts ([0-9]+)/\1/'
20:36:18,467 [ test-runner:run-tests-983 @ target-host ] regex: ^$
20:36:18,467 [ test-runner:run-tests-983 @ target-host ] set-state: REQUEST_TIMEOUTS 0
20:36:18,467 [ test-runner:run-tests-983 @ target-host ] script-cmd: state-array-push
20:36:18,467 [ test-runner:run-tests-983 @ target-host ] state-array-push
20:36:18,504 [ test-runner:run-tests-983 @ target-host ] set-state: RUN.output.results.quarkus3-native.load.requestTimeouts [0,0,0,0,0,0,0]
20:36:18,922 [ test-runner:run-tests-983 @ target-host ] pmap -x $PID | grep total | awk '{print $4}'
161136
20:36:18,922 [ test-runner:run-tests-983 @ target-host ] set-state: RSS 161136
20:36:18,941 [ test-runner:run-tests-983 @ target-host ] script-cmd: state-array-push
20:36:18,941 [ test-runner:run-tests-983 @ target-host ] state-array-push
20:36:18,979 [ test-runner:run-tests-983 @ target-host ] set-state: RUN.output.results.quarkus3-native.load.rss [157.0546875,155.01953125,159.16796875,155.83203125,158.14453125,157.2890625,157.359375]
20:36:18,997 [ test-runner:run-tests-983 @ target-host ] script-cmd: state-array-push
20:36:18,997 [ test-runner:run-tests-983 @ target-host ] state-array-push
20:36:19,032 [ test-runner:run-tests-983 @ target-host ] set-state: RUN.output.results.quarkus3-native.load.throughputDensity [102.1946575138039,103.07701146528916,100.72661054801581,103.04479683152432,102.11026503643325,101.80339144687825,101.9142329460828]
20:36:19,032 [ test-runner:run-tests-983 @ target-host ] reached LOAD_TEST_COMPLETE
20:36:19,032 [ :monitor-process-2464 @ target-host ] wait-for: LOAD_TEST_COMPLETE
20:36:19,032 [ :monitor-process-2472 @ target-host ] wait-for: LOAD_TEST_COMPLETE
20:36:19,032 [ :monitor-process-2481 @ target-host ] wait-for: LOAD_TEST_COMPLETE
20:36:19,032 [ :monitor-process-2497 @ target-host ] wait-for: LOAD_TEST_COMPLETE
20:36:19,032 [ test-runner:run-tests-983 @ target-host ] signal: LOAD_TEST_COMPLETE
20:36:19,434 [ :monitor-process-2472 @ target-host ] kill -15 $PROCESS_PID
bash: kill: (358591) - No such process
20:36:19,434 [ :monitor-process-2497 @ target-host ] kill -15 $PROCESS_PID
bash: kill: (358793) - No such process
20:36:19,434 [ :monitor-process-2464 @ target-host ] kill -15 $PROCESS_PID
bash: kill: (358514) - No such process
20:36:19,534 [ test-runner:run-tests-983 @ target-host ] kill -15 $PID
20:36:19,535 [ :monitor-process-2481 @ target-host ] kill -15 $PROCESS_PID
20:36:21,945 [ test-runner:run-tests-983 @ target-host ] sleep 2
20:36:21,946 [ test-runner:run-tests-983 @ target-host ] script-cmd: stop-test-services
20:36:21,946 [ test-runner:run-tests-983 @ target-host ] stop-test-services
20:36:22,610 [ test-runner:run-tests-983 @ target-host ] /home/zakkak/spring-quarkus-perf-comparison/spring-quarkus-perf-comparison/scripts/infra.sh -d
Using podman to stop containers
-----------------------------------------
[03/11/2026 20:36:21]: Stopping services
-----------------------------------------
Stopping PostgreSQL database 'fruits_db'
fruits_db
20:36:22,675 [ test-runner:run-tests-983 @ target-host ] for-each: ITERATION = 7
20:36:22,676 [ test-runner:run-tests-983 @ target-host ] set-state: LOG_FILE /home/zakkak/spring-quarkus-perf-comparison/logs/load-test-quarkus3-native-7.log
20:36:23,080 [ test-runner:run-tests-983 @ target-host ] touch /home/zakkak/spring-quarkus-perf-comparison/logs/load-test-quarkus3-native-7.log
20:36:23,080 [ test-runner:run-tests-983 @ target-host ] queue-download: ${{REPO_DIR}}/logs/wrk-warmup-${{RUNTIME.name}}-${{ITERATION}}.log=/home/zakkak/spring-quarkus-perf-comparison/logs/wrk-warmup-quarkus3-native-7.log ../../20260311/run-time-initialize-file-system-providers/target-host/
20:36:23,081 [ test-runner:run-tests-983 @ target-host ] queue-download: ${{LOG_FILE}}=/home/zakkak/spring-quarkus-perf-comparison/logs/load-test-quarkus3-native-7.log ../../20260311/run-time-initialize-file-system-providers/target-host/
20:36:23,081 [ test-runner:run-tests-983 @ target-host ] queue-download: ${{REPO_DIR}}/logs/wrk-${{RUNTIME.name}}-${{ITERATION}}.log=/home/zakkak/spring-quarkus-perf-comparison/logs/wrk-quarkus3-native-7.log ../../20260311/run-time-initialize-file-system-providers/target-host/
20:36:23,081 [ test-runner:run-tests-983 @ target-host ] script-cmd: start-test-services
20:36:23,081 [ test-runner:run-tests-983 @ target-host ] start-test-services
20:36:34,177 [ test-runner:run-tests-983 @ target-host ] /home/zakkak/spring-quarkus-perf-comparison/spring-quarkus-perf-comparison/scripts/infra.sh -c 3 -p '4-6' -s
Using podman to start containers
-----------------------------------------
[03/11/2026 20:36:23]: Starting services
-----------------------------------------
Starting PostgreSQL database 'fruits_db'
PostgreSQL DB process: e8f5a18c6253df3b1880d4b8806475cf06bcd233cc203aa71fde199fa038c9ef
Waiting for PostgreSQL to be ready...
localhost:5432 - no response
localhost:5432 - no response
localhost:5432 - accepting connections
20:36:34,177 [ test-runner:run-tests-983 @ target-host ] script-cmd: sync-drop-fs-cache
20:36:34,177 [ test-runner:run-tests-983 @ target-host ] sync-drop-fs-cache
20:36:34,177 [ test-runner:run-tests-983 @ target-host ] read-state: true
20:36:34,177 [ test-runner:run-tests-983 @ target-host ] regex: true
20:36:34,658 [ test-runner:run-tests-983 @ target-host ] sync
20:36:34,658 [ test-runner:run-tests-983 @ target-host ] script-cmd: sync-drop-fs-cache-${{os}}
20:36:34,658 [ test-runner:run-tests-983 @ target-host ] sync-drop-fs-cache-linux
20:36:34,658 [ test-runner:run-tests-983 @ target-host ] script-cmd: sudo
20:36:34,658 [ test-runner:run-tests-983 @ target-host ] sudo
20:36:34,659 [ test-runner:run-tests-983 @ target-host ] script-cmd: sudo-${{os}}
20:36:34,659 [ test-runner:run-tests-983 @ target-host ] sudo-linux
20:36:35,459 [ test-runner:run-tests-983 @ target-host ] sudo sh -c "echo 3 > /proc/sys/vm/drop_caches"
]3008;start=b411196527e645dcae53a8bbbc66aa00;user=zakkak;hostname=blanc;machineid=f469a615e9ef4e81b7d5be080a5de373;bootid=0e917e08584a49cb891ef04366e00ace;pid=360180;pidfdid=360181;comm=sudo;targetuser=root;sessionid=c336;type=session\]3008;end=b411196527e645dcae53a8bbbc66aa00\
20:36:35,460 [ test-runner:run-tests-983 @ target-host ] set-signal: LOAD_STEADY_STATE_START 1
20:36:35,460 [ test-runner:run-tests-983 @ target-host ] set-signal: LOG_REGEX_REACHED 1
20:36:35,862 [ test-runner:run-tests-983 @ target-host ] taskset --cpu-list 0-3 /home/zakkak/spring-quarkus-perf-comparison/spring-quarkus-perf-comparison/quarkus3/target/quarkus3-runner  &>/home/zakkak/spring-quarkus-perf-comparison/logs/load-test-quarkus3-native-7.log &
[1] 360210
20:36:36,264 [ test-runner:run-tests-983 @ target-host ] PID=$!
20:36:36,665 [ test-runner:run-tests-983 @ target-host ] echo $PID
360210
20:36:36,666 [ test-runner:run-tests-983 @ target-host ] set-state: JVM_PID 360210
20:36:36,666 [ test-runner:run-tests-983 @ target-host ] script-cmd: monitor-processes
20:36:36,666 [ test-runner:run-tests-983 @ target-host ] monitor-processes
20:36:36,666 [ test-runner:run-tests-983 @ target-host ] set-signal: LOAD_TEST_COMPLETE 1
20:36:37,125 [ test-runner:run-tests-983 @ target-host ] script-cmd: monitor-process
20:36:37,125 [ :monitor-process-2557 @ target-host ] monitor-process
20:36:37,134 [ :monitor-process-2557 @ target-host ] queue-download: ${{log_file}}=/home/zakkak/spring-quarkus-perf-comparison/logs/pidstat-quarkus3-native-7.log ../../20260311/run-time-initialize-file-system-providers/target-host/
20:36:37,499 [ test-runner:run-tests-983 @ target-host ] script-cmd: monitor-process
20:36:37,499 [ :monitor-process-2565 @ target-host ] monitor-process
20:36:37,499 [ :monitor-process-2565 @ target-host ] queue-download: ${{log_file}}=/home/zakkak/spring-quarkus-perf-comparison/logs/mpstat-quarkus3-native-7.log ../../20260311/run-time-initialize-file-system-providers/target-host/
20:36:37,636 [ :monitor-process-2557 @ target-host ] taskset --cpu-list 11 pidstat -u -p 360210 1 &>/home/zakkak/spring-quarkus-perf-comparison/logs/pidstat-quarkus3-native-7.log &
[1] 360334
20:36:37,873 [ test-runner:run-tests-983 @ target-host ] script-cmd: monitor-process
20:36:37,873 [ test-runner:run-tests-983 @ target-host ] script-cmd: monitor-postgres
20:36:37,873 [ test-runner:run-tests-983 @ target-host ] monitor-postgres
20:36:37,873 [ :monitor-process-2574 @ target-host ] monitor-process
20:36:37,874 [ :monitor-process-2574 @ target-host ] queue-download: ${{log_file}}=/home/zakkak/spring-quarkus-perf-comparison/logs/vmstat-quarkus3-native-7.log ../../20260311/run-time-initialize-file-system-providers/target-host/
20:36:38,001 [ :monitor-process-2565 @ target-host ] taskset --cpu-list 11 mpstat -P ALL 1 &>/home/zakkak/spring-quarkus-perf-comparison/logs/mpstat-quarkus3-native-7.log &
[1] 360411
20:36:38,038 [ :monitor-process-2557 @ target-host ] PROCESS_PID=$!
20:36:38,276 [ :monitor-process-2574 @ target-host ] taskset --cpu-list 11 vmstat 1 &>/home/zakkak/spring-quarkus-perf-comparison/logs/vmstat-quarkus3-native-7.log &
[1] 360496
20:36:38,315 [ test-runner:run-tests-983 @ target-host ] POSTGRES_PID=$(/home/zakkak/spring-quarkus-perf-comparison/spring-quarkus-perf-comparison/scripts/infra.sh -r)
20:36:38,403 [ :monitor-process-2565 @ target-host ] PROCESS_PID=$!
20:36:38,439 [ :monitor-process-2557 @ target-host ] echo $PROCESS_PID
360334
20:36:38,439 [ :monitor-process-2557 @ target-host ] set-state: PROCESS_PID 360334
20:36:38,677 [ :monitor-process-2574 @ target-host ] PROCESS_PID=$!
20:36:38,717 [ test-runner:run-tests-983 @ target-host ] echo $POSTGRES_PID
359913
20:36:38,717 [ test-runner:run-tests-983 @ target-host ] set-state: POSTGRES_PID 359913
20:36:38,804 [ :monitor-process-2565 @ target-host ] echo $PROCESS_PID
360411
20:36:38,805 [ :monitor-process-2565 @ target-host ] set-state: PROCESS_PID 360411
20:36:39,078 [ :monitor-process-2574 @ target-host ] echo $PROCESS_PID
360496
20:36:39,079 [ :monitor-process-2574 @ target-host ] set-state: PROCESS_PID 360496
20:36:39,092 [ test-runner:run-tests-983 @ target-host ] script-cmd: monitor-process
20:36:39,092 [ :monitor-process-2590 @ target-host ] monitor-process
20:36:39,092 [ test-runner:run-tests-983 @ target-host ] JVM_PID = 360210
20:36:39,092 [ :monitor-process-2590 @ target-host ] queue-download: ${{log_file}}=/home/zakkak/spring-quarkus-perf-comparison/logs/postgres-pidstat-quarkus3-native-7.log ../../20260311/run-time-initialize-file-system-providers/target-host/
20:36:39,092 [ test-runner:run-tests-983 @ target-host ] read-state: none
20:36:39,464 [ test-runner:run-tests-983 @ target-host ] script-cmd: watch-log
20:36:39,464 [ :watch-log-2599 @ target-host ] watch-log
20:36:39,474 [ :watch-log-2599 @ target-host ] regex: ${{log_regex}}
20:36:39,474 [ :watch-log-2599 @ target-host ] ctrlC
20:36:39,474 [ :watch-log-2599 @ target-host ] reached LOG_REGEX_REACHED
20:36:39,474 [ test-runner:run-tests-983 @ target-host ] wait-for: LOG_REGEX_REACHED
20:36:39,474 [ :watch-log-2599 @ target-host ] signal: LOG_REGEX_REACHED
20:36:39,595 [ :monitor-process-2590 @ target-host ] taskset --cpu-list 11 pidstat -u -p $(pgrep -d , -P 359913) 1 &>/home/zakkak/spring-quarkus-perf-comparison/logs/postgres-pidstat-quarkus3-native-7.log &
[1] 360613
20:36:39,876 [ :watch-log-2599 @ target-host ] tail -f /home/zakkak/spring-quarkus-perf-comparison/logs/load-test-quarkus3-native-7.log
__  ____  __  _____   ___  __ ____  ______ 
 --/ __ \/ / / / _ | / _ \/ //_/ / / / __/ 
 -/ /_/ / /_/ / __ |/ , _/ ,< / /_/ /\ \   
--\___\_\____/_/ |_/_/|_/_/|_|\____/___/   
2026-03-11 20:36:35,626 INFO  [io.quarkus] (main) quarkus3 1.0 native (powered by Quarkus 999-SNAPSHOT) started in 0.081s. Listening on: http://0.0.0.0:8080
2026-03-11 20:36:35,626 INFO  [io.quarkus] (main) Profile prod activated. 
2026-03-11 20:36:35,626 INFO  [io.quarkus] (main) Installed features: [agroal, cdi, config-yaml, hibernate-orm, hibernate-orm-panache, hibernate-validator, jdbc-postgresql, narayana-jta, rest, rest-jackson, smallrye-context-propagation, smallrye-health, vertx]
20:36:39,996 [ :monitor-process-2590 @ target-host ] PROCESS_PID=$!
20:36:40,398 [ :monitor-process-2590 @ target-host ] echo $PROCESS_PID
360613
20:36:40,398 [ :monitor-process-2590 @ target-host ] set-state: PROCESS_PID 360613
20:38:49,400 [ test-runner:run-tests-983 @ target-host ] taskset --cpu-list 7-9 jbang -R -XX:+UseNUMA wrk@hyperfoil -t 2 -c 100 -d 2m --timeout 2m http://localhost:8080/fruits 2>&1 >/home/zakkak/spring-quarkus-perf-comparison/logs/wrk-warmup-quarkus3-native-7.log
20:39:19,401 [ test-runner:run-tests-983 @ target-host ] sleep: 30s
20:39:19,401 [ :monitor-process-2565 @ target-host ] reached LOAD_STEADY_STATE_START
20:39:19,401 [ test-runner:run-tests-983 @ target-host ] signal: LOAD_STEADY_STATE_START
20:39:59,024 [ test-runner:run-tests-983 @ target-host ] taskset --cpu-list 7-9 jbang -R -XX:+UseNUMA wrk@hyperfoil -t 2 -c 100 -d 30s --timeout 30s http://localhost:8080/fruits 2>&1 >/home/zakkak/spring-quarkus-perf-comparison/logs/wrk-quarkus3-native-7.log
20:39:59,440 [ test-runner:run-tests-983 @ target-host ] cat /home/zakkak/spring-quarkus-perf-comparison/logs/wrk-quarkus3-native-7.log | grep "Requests/sec" | awk '{print $2}'
16322.32
20:39:59,440 [ test-runner:run-tests-983 @ target-host ] set-state: THROUGHPUT 16322.32
20:39:59,441 [ test-runner:run-tests-983 @ target-host ] script-cmd: state-array-push
20:39:59,441 [ test-runner:run-tests-983 @ target-host ] state-array-push
20:39:59,498 [ test-runner:run-tests-983 @ target-host ] set-state: RUN.output.results.quarkus3-native.load.throughput [16050.15,15978.95,16032.45,16057.68,16148.18,16012.56,16037.16,16322.32]
20:39:59,902 [ test-runner:run-tests-983 @ target-host ] cat /home/zakkak/spring-quarkus-perf-comparison/logs/wrk-quarkus3-native-7.log | grep "Socket errors:" | sed -E 's/.*connectionErrors ([0-9]+).*/\1/'
20:39:59,902 [ test-runner:run-tests-983 @ target-host ] regex: ^$
20:39:59,902 [ test-runner:run-tests-983 @ target-host ] set-state: CONNECTION_ERRORS 0
20:39:59,902 [ test-runner:run-tests-983 @ target-host ] script-cmd: state-array-push
20:39:59,902 [ test-runner:run-tests-983 @ target-host ] state-array-push
20:39:59,965 [ test-runner:run-tests-983 @ target-host ] set-state: RUN.output.results.quarkus3-native.load.connectionErrors [0,0,0,0,0,0,0,0]
20:40:00,369 [ test-runner:run-tests-983 @ target-host ] cat /home/zakkak/spring-quarkus-perf-comparison/logs/wrk-quarkus3-native-7.log | grep "Socket errors:" | sed -E 's/.*requestTimeouts ([0-9]+)/\1/'
20:40:00,369 [ test-runner:run-tests-983 @ target-host ] regex: ^$
20:40:00,370 [ test-runner:run-tests-983 @ target-host ] set-state: REQUEST_TIMEOUTS 0
20:40:00,370 [ test-runner:run-tests-983 @ target-host ] script-cmd: state-array-push
20:40:00,370 [ test-runner:run-tests-983 @ target-host ] state-array-push
20:40:00,424 [ test-runner:run-tests-983 @ target-host ] set-state: RUN.output.results.quarkus3-native.load.requestTimeouts [0,0,0,0,0,0,0,0]
20:40:00,841 [ test-runner:run-tests-983 @ target-host ] pmap -x $PID | grep total | awk '{print $4}'
161908
20:40:00,842 [ test-runner:run-tests-983 @ target-host ] set-state: RSS 161908
20:40:00,870 [ test-runner:run-tests-983 @ target-host ] script-cmd: state-array-push
20:40:00,870 [ test-runner:run-tests-983 @ target-host ] state-array-push
20:40:00,921 [ test-runner:run-tests-983 @ target-host ] set-state: RUN.output.results.quarkus3-native.load.rss [157.0546875,155.01953125,159.16796875,155.83203125,158.14453125,157.2890625,157.359375,158.11328125]
20:40:00,948 [ test-runner:run-tests-983 @ target-host ] script-cmd: state-array-push
20:40:00,948 [ test-runner:run-tests-983 @ target-host ] state-array-push
20:40:01,000 [ test-runner:run-tests-983 @ target-host ] set-state: RUN.output.results.quarkus3-native.load.throughputDensity [102.1946575138039,103.07701146528916,100.72661054801581,103.04479683152432,102.11026503643325,101.80339144687825,101.9142329460828,103.23180868147342]
20:40:01,000 [ test-runner:run-tests-983 @ target-host ] reached LOAD_TEST_COMPLETE
20:40:01,001 [ :monitor-process-2557 @ target-host ] wait-for: LOAD_TEST_COMPLETE
20:40:01,001 [ :monitor-process-2565 @ target-host ] wait-for: LOAD_TEST_COMPLETE
20:40:01,001 [ :monitor-process-2574 @ target-host ] wait-for: LOAD_TEST_COMPLETE
20:40:01,001 [ :monitor-process-2590 @ target-host ] wait-for: LOAD_TEST_COMPLETE
20:40:01,001 [ test-runner:run-tests-983 @ target-host ] signal: LOAD_TEST_COMPLETE
20:40:01,402 [ :monitor-process-2565 @ target-host ] kill -15 $PROCESS_PID
bash: kill: (360411) - No such process
20:40:01,402 [ :monitor-process-2557 @ target-host ] kill -15 $PROCESS_PID
bash: kill: (360334) - No such process
20:40:01,402 [ :monitor-process-2590 @ target-host ] kill -15 $PROCESS_PID
bash: kill: (360613) - No such process
20:40:01,503 [ :monitor-process-2574 @ target-host ] kill -15 $PROCESS_PID
20:40:01,503 [ test-runner:run-tests-983 @ target-host ] kill -15 $PID
20:40:03,914 [ test-runner:run-tests-983 @ target-host ] sleep 2
20:40:03,914 [ test-runner:run-tests-983 @ target-host ] script-cmd: stop-test-services
20:40:03,914 [ test-runner:run-tests-983 @ target-host ] stop-test-services
20:40:04,581 [ test-runner:run-tests-983 @ target-host ] /home/zakkak/spring-quarkus-perf-comparison/spring-quarkus-perf-comparison/scripts/infra.sh -d
Using podman to stop containers
-----------------------------------------
[03/11/2026 20:40:03]: Stopping services
-----------------------------------------
Stopping PostgreSQL database 'fruits_db'
fruits_db
20:40:04,661 [ test-runner:run-tests-983 @ target-host ] for-each: ITERATION = 8
20:40:04,663 [ test-runner:run-tests-983 @ target-host ] set-state: LOG_FILE /home/zakkak/spring-quarkus-perf-comparison/logs/load-test-quarkus3-native-8.log
20:40:05,067 [ test-runner:run-tests-983 @ target-host ] touch /home/zakkak/spring-quarkus-perf-comparison/logs/load-test-quarkus3-native-8.log
20:40:05,068 [ test-runner:run-tests-983 @ target-host ] queue-download: ${{REPO_DIR}}/logs/wrk-warmup-${{RUNTIME.name}}-${{ITERATION}}.log=/home/zakkak/spring-quarkus-perf-comparison/logs/wrk-warmup-quarkus3-native-8.log ../../20260311/run-time-initialize-file-system-providers/target-host/
20:40:05,068 [ test-runner:run-tests-983 @ target-host ] queue-download: ${{LOG_FILE}}=/home/zakkak/spring-quarkus-perf-comparison/logs/load-test-quarkus3-native-8.log ../../20260311/run-time-initialize-file-system-providers/target-host/
20:40:05,068 [ test-runner:run-tests-983 @ target-host ] queue-download: ${{REPO_DIR}}/logs/wrk-${{RUNTIME.name}}-${{ITERATION}}.log=/home/zakkak/spring-quarkus-perf-comparison/logs/wrk-quarkus3-native-8.log ../../20260311/run-time-initialize-file-system-providers/target-host/
20:40:05,068 [ test-runner:run-tests-983 @ target-host ] script-cmd: start-test-services
20:40:05,068 [ test-runner:run-tests-983 @ target-host ] start-test-services
20:40:16,187 [ test-runner:run-tests-983 @ target-host ] /home/zakkak/spring-quarkus-perf-comparison/spring-quarkus-perf-comparison/scripts/infra.sh -c 3 -p '4-6' -s
Using podman to start containers
-----------------------------------------
[03/11/2026 20:40:05]: Starting services
-----------------------------------------
Starting PostgreSQL database 'fruits_db'
PostgreSQL DB process: c14e1fd689a775e207e0a30508ef90a4d6fb22e761bf446e4b431633d10469ad
Waiting for PostgreSQL to be ready...
localhost:5432 - no response
localhost:5432 - no response
localhost:5432 - accepting connections
20:40:16,187 [ test-runner:run-tests-983 @ target-host ] script-cmd: sync-drop-fs-cache
20:40:16,187 [ test-runner:run-tests-983 @ target-host ] sync-drop-fs-cache
20:40:16,187 [ test-runner:run-tests-983 @ target-host ] read-state: true
20:40:16,188 [ test-runner:run-tests-983 @ target-host ] regex: true
20:40:16,710 [ test-runner:run-tests-983 @ target-host ] sync
20:40:16,710 [ test-runner:run-tests-983 @ target-host ] script-cmd: sync-drop-fs-cache-${{os}}
20:40:16,710 [ test-runner:run-tests-983 @ target-host ] sync-drop-fs-cache-linux
20:40:16,711 [ test-runner:run-tests-983 @ target-host ] script-cmd: sudo
20:40:16,711 [ test-runner:run-tests-983 @ target-host ] sudo
20:40:16,711 [ test-runner:run-tests-983 @ target-host ] script-cmd: sudo-${{os}}
20:40:16,711 [ test-runner:run-tests-983 @ target-host ] sudo-linux
20:40:17,492 [ test-runner:run-tests-983 @ target-host ] sudo sh -c "echo 3 > /proc/sys/vm/drop_caches"
]3008;start=ae154d2de23341d089d102b2b719ef47;user=zakkak;hostname=blanc;machineid=f469a615e9ef4e81b7d5be080a5de373;bootid=0e917e08584a49cb891ef04366e00ace;pid=362012;pidfdid=362013;comm=sudo;targetuser=root;sessionid=c337;type=session\]3008;end=ae154d2de23341d089d102b2b719ef47\
20:40:17,501 [ test-runner:run-tests-983 @ target-host ] set-signal: LOAD_STEADY_STATE_START 1
20:40:17,501 [ test-runner:run-tests-983 @ target-host ] set-signal: LOG_REGEX_REACHED 1
20:40:17,903 [ test-runner:run-tests-983 @ target-host ] taskset --cpu-list 0-3 /home/zakkak/spring-quarkus-perf-comparison/spring-quarkus-perf-comparison/quarkus3/target/quarkus3-runner  &>/home/zakkak/spring-quarkus-perf-comparison/logs/load-test-quarkus3-native-8.log &
[1] 362042
20:40:18,305 [ test-runner:run-tests-983 @ target-host ] PID=$!
20:40:18,706 [ test-runner:run-tests-983 @ target-host ] echo $PID
362042
20:40:18,706 [ test-runner:run-tests-983 @ target-host ] set-state: JVM_PID 362042
20:40:18,707 [ test-runner:run-tests-983 @ target-host ] script-cmd: monitor-processes
20:40:18,707 [ test-runner:run-tests-983 @ target-host ] monitor-processes
20:40:18,707 [ test-runner:run-tests-983 @ target-host ] set-signal: LOAD_TEST_COMPLETE 1
20:40:19,150 [ test-runner:run-tests-983 @ target-host ] script-cmd: monitor-process
20:40:19,150 [ :monitor-process-2650 @ target-host ] monitor-process
20:40:19,159 [ :monitor-process-2650 @ target-host ] queue-download: ${{log_file}}=/home/zakkak/spring-quarkus-perf-comparison/logs/pidstat-quarkus3-native-8.log ../../20260311/run-time-initialize-file-system-providers/target-host/
20:40:19,524 [ test-runner:run-tests-983 @ target-host ] script-cmd: monitor-process
20:40:19,524 [ :monitor-process-2658 @ target-host ] monitor-process
20:40:19,524 [ :monitor-process-2658 @ target-host ] queue-download: ${{log_file}}=/home/zakkak/spring-quarkus-perf-comparison/logs/mpstat-quarkus3-native-8.log ../../20260311/run-time-initialize-file-system-providers/target-host/
20:40:19,661 [ :monitor-process-2650 @ target-host ] taskset --cpu-list 11 pidstat -u -p 362042 1 &>/home/zakkak/spring-quarkus-perf-comparison/logs/pidstat-quarkus3-native-8.log &
[1] 362165
20:40:19,899 [ test-runner:run-tests-983 @ target-host ] script-cmd: monitor-process
20:40:19,899 [ test-runner:run-tests-983 @ target-host ] script-cmd: monitor-postgres
20:40:19,899 [ test-runner:run-tests-983 @ target-host ] monitor-postgres
20:40:19,899 [ :monitor-process-2667 @ target-host ] monitor-process
20:40:19,899 [ :monitor-process-2667 @ target-host ] queue-download: ${{log_file}}=/home/zakkak/spring-quarkus-perf-comparison/logs/vmstat-quarkus3-native-8.log ../../20260311/run-time-initialize-file-system-providers/target-host/
20:40:20,027 [ :monitor-process-2658 @ target-host ] taskset --cpu-list 11 mpstat -P ALL 1 &>/home/zakkak/spring-quarkus-perf-comparison/logs/mpstat-quarkus3-native-8.log &
[1] 362242
20:40:20,063 [ :monitor-process-2650 @ target-host ] PROCESS_PID=$!
20:40:20,301 [ :monitor-process-2667 @ target-host ] taskset --cpu-list 11 vmstat 1 &>/home/zakkak/spring-quarkus-perf-comparison/logs/vmstat-quarkus3-native-8.log &
[1] 362325
20:40:20,340 [ test-runner:run-tests-983 @ target-host ] POSTGRES_PID=$(/home/zakkak/spring-quarkus-perf-comparison/spring-quarkus-perf-comparison/scripts/infra.sh -r)
20:40:20,428 [ :monitor-process-2658 @ target-host ] PROCESS_PID=$!
20:40:20,464 [ :monitor-process-2650 @ target-host ] echo $PROCESS_PID
362165
20:40:20,464 [ :monitor-process-2650 @ target-host ] set-state: PROCESS_PID 362165
20:40:20,702 [ :monitor-process-2667 @ target-host ] PROCESS_PID=$!
20:40:20,741 [ test-runner:run-tests-983 @ target-host ] echo $POSTGRES_PID
361744
20:40:20,741 [ test-runner:run-tests-983 @ target-host ] set-state: POSTGRES_PID 361744
20:40:20,830 [ :monitor-process-2658 @ target-host ] echo $PROCESS_PID
362242
20:40:20,830 [ :monitor-process-2658 @ target-host ] set-state: PROCESS_PID 362242
20:40:21,104 [ :monitor-process-2667 @ target-host ] echo $PROCESS_PID
362325
20:40:21,104 [ :monitor-process-2667 @ target-host ] set-state: PROCESS_PID 362325
20:40:21,117 [ test-runner:run-tests-983 @ target-host ] script-cmd: monitor-process
20:40:21,117 [ test-runner:run-tests-983 @ target-host ] JVM_PID = 362042
20:40:21,117 [ :monitor-process-2683 @ target-host ] monitor-process
20:40:21,117 [ test-runner:run-tests-983 @ target-host ] read-state: none
20:40:21,117 [ :monitor-process-2683 @ target-host ] queue-download: ${{log_file}}=/home/zakkak/spring-quarkus-perf-comparison/logs/postgres-pidstat-quarkus3-native-8.log ../../20260311/run-time-initialize-file-system-providers/target-host/
20:40:21,489 [ test-runner:run-tests-983 @ target-host ] script-cmd: watch-log
20:40:21,489 [ :watch-log-2692 @ target-host ] watch-log
20:40:21,499 [ :watch-log-2692 @ target-host ] regex: ${{log_regex}}
20:40:21,499 [ :watch-log-2692 @ target-host ] ctrlC
20:40:21,499 [ :watch-log-2692 @ target-host ] reached LOG_REGEX_REACHED
20:40:21,500 [ test-runner:run-tests-983 @ target-host ] wait-for: LOG_REGEX_REACHED
20:40:21,500 [ :watch-log-2692 @ target-host ] signal: LOG_REGEX_REACHED
20:40:21,620 [ :monitor-process-2683 @ target-host ] taskset --cpu-list 11 pidstat -u -p $(pgrep -d , -P 361744) 1 &>/home/zakkak/spring-quarkus-perf-comparison/logs/postgres-pidstat-quarkus3-native-8.log &
[1] 362442
20:40:21,901 [ :watch-log-2692 @ target-host ] tail -f /home/zakkak/spring-quarkus-perf-comparison/logs/load-test-quarkus3-native-8.log
__  ____  __  _____   ___  __ ____  ______ 
 --/ __ \/ / / / _ | / _ \/ //_/ / / / __/ 
 -/ /_/ / /_/ / __ |/ , _/ ,< / /_/ /\ \   
--\___\_\____/_/ |_/_/|_/_/|_|\____/___/   
2026-03-11 20:40:17,676 INFO  [io.quarkus] (main) quarkus3 1.0 native (powered by Quarkus 999-SNAPSHOT) started in 0.089s. Listening on: http://0.0.0.0:8080
2026-03-11 20:40:17,676 INFO  [io.quarkus] (main) Profile prod activated. 
2026-03-11 20:40:17,676 INFO  [io.quarkus] (main) Installed features: [agroal, cdi, config-yaml, hibernate-orm, hibernate-orm-panache, hibernate-validator, jdbc-postgresql, narayana-jta, rest, rest-jackson, smallrye-context-propagation, smallrye-health, vertx]
20:40:22,021 [ :monitor-process-2683 @ target-host ] PROCESS_PID=$!
20:40:22,422 [ :monitor-process-2683 @ target-host ] echo $PROCESS_PID
362442
20:40:22,423 [ :monitor-process-2683 @ target-host ] set-state: PROCESS_PID 362442
20:42:31,374 [ test-runner:run-tests-983 @ target-host ] taskset --cpu-list 7-9 jbang -R -XX:+UseNUMA wrk@hyperfoil -t 2 -c 100 -d 2m --timeout 2m http://localhost:8080/fruits 2>&1 >/home/zakkak/spring-quarkus-perf-comparison/logs/wrk-warmup-quarkus3-native-8.log
20:43:01,375 [ test-runner:run-tests-983 @ target-host ] sleep: 30s
20:43:01,375 [ :monitor-process-2658 @ target-host ] reached LOAD_STEADY_STATE_START
20:43:01,375 [ test-runner:run-tests-983 @ target-host ] signal: LOAD_STEADY_STATE_START
20:43:41,077 [ test-runner:run-tests-983 @ target-host ] taskset --cpu-list 7-9 jbang -R -XX:+UseNUMA wrk@hyperfoil -t 2 -c 100 -d 30s --timeout 30s http://localhost:8080/fruits 2>&1 >/home/zakkak/spring-quarkus-perf-comparison/logs/wrk-quarkus3-native-8.log
20:43:41,494 [ test-runner:run-tests-983 @ target-host ] cat /home/zakkak/spring-quarkus-perf-comparison/logs/wrk-quarkus3-native-8.log | grep "Requests/sec" | awk '{print $2}'
16056.00
20:43:41,494 [ test-runner:run-tests-983 @ target-host ] set-state: THROUGHPUT 16056.00
20:43:41,494 [ test-runner:run-tests-983 @ target-host ] script-cmd: state-array-push
20:43:41,494 [ test-runner:run-tests-983 @ target-host ] state-array-push
20:43:41,538 [ test-runner:run-tests-983 @ target-host ] set-state: RUN.output.results.quarkus3-native.load.throughput [16050.15,15978.95,16032.45,16057.68,16148.18,16012.56,16037.16,16322.32,16056]
20:43:41,942 [ test-runner:run-tests-983 @ target-host ] cat /home/zakkak/spring-quarkus-perf-comparison/logs/wrk-quarkus3-native-8.log | grep "Socket errors:" | sed -E 's/.*connectionErrors ([0-9]+).*/\1/'
20:43:41,942 [ test-runner:run-tests-983 @ target-host ] regex: ^$
20:43:41,942 [ test-runner:run-tests-983 @ target-host ] set-state: CONNECTION_ERRORS 0
20:43:41,942 [ test-runner:run-tests-983 @ target-host ] script-cmd: state-array-push
20:43:41,942 [ test-runner:run-tests-983 @ target-host ] state-array-push
20:43:41,977 [ test-runner:run-tests-983 @ target-host ] set-state: RUN.output.results.quarkus3-native.load.connectionErrors [0,0,0,0,0,0,0,0,0]
20:43:42,380 [ test-runner:run-tests-983 @ target-host ] cat /home/zakkak/spring-quarkus-perf-comparison/logs/wrk-quarkus3-native-8.log | grep "Socket errors:" | sed -E 's/.*requestTimeouts ([0-9]+)/\1/'
20:43:42,381 [ test-runner:run-tests-983 @ target-host ] regex: ^$
20:43:42,381 [ test-runner:run-tests-983 @ target-host ] set-state: REQUEST_TIMEOUTS 0
20:43:42,381 [ test-runner:run-tests-983 @ target-host ] script-cmd: state-array-push
20:43:42,381 [ test-runner:run-tests-983 @ target-host ] state-array-push
20:43:42,417 [ test-runner:run-tests-983 @ target-host ] set-state: RUN.output.results.quarkus3-native.load.requestTimeouts [0,0,0,0,0,0,0,0,0]
20:43:42,834 [ test-runner:run-tests-983 @ target-host ] pmap -x $PID | grep total | awk '{print $4}'
160160
20:43:42,835 [ test-runner:run-tests-983 @ target-host ] set-state: RSS 160160
20:43:42,853 [ test-runner:run-tests-983 @ target-host ] script-cmd: state-array-push
20:43:42,853 [ test-runner:run-tests-983 @ target-host ] state-array-push
20:43:42,888 [ test-runner:run-tests-983 @ target-host ] set-state: RUN.output.results.quarkus3-native.load.rss [157.0546875,155.01953125,159.16796875,155.83203125,158.14453125,157.2890625,157.359375,158.11328125,156.40625]
20:43:42,905 [ test-runner:run-tests-983 @ target-host ] script-cmd: state-array-push
20:43:42,905 [ test-runner:run-tests-983 @ target-host ] state-array-push
20:43:42,941 [ test-runner:run-tests-983 @ target-host ] set-state: RUN.output.results.quarkus3-native.load.throughputDensity [102.1946575138039,103.07701146528916,100.72661054801581,103.04479683152432,102.11026503643325,101.80339144687825,101.9142329460828,103.23180868147342,102.65574425574425]
20:43:42,941 [ test-runner:run-tests-983 @ target-host ] reached LOAD_TEST_COMPLETE
20:43:42,941 [ :monitor-process-2650 @ target-host ] wait-for: LOAD_TEST_COMPLETE
20:43:42,941 [ :monitor-process-2658 @ target-host ] wait-for: LOAD_TEST_COMPLETE
20:43:42,941 [ :monitor-process-2667 @ target-host ] wait-for: LOAD_TEST_COMPLETE
20:43:42,941 [ :monitor-process-2683 @ target-host ] wait-for: LOAD_TEST_COMPLETE
20:43:42,941 [ test-runner:run-tests-983 @ target-host ] signal: LOAD_TEST_COMPLETE
20:43:43,343 [ :monitor-process-2658 @ target-host ] kill -15 $PROCESS_PID
bash: kill: (362242) - No such process
20:43:43,343 [ :monitor-process-2650 @ target-host ] kill -15 $PROCESS_PID
bash: kill: (362165) - No such process
20:43:43,343 [ :monitor-process-2683 @ target-host ] kill -15 $PROCESS_PID
bash: kill: (362442) - No such process
20:43:43,443 [ test-runner:run-tests-983 @ target-host ] kill -15 $PID
20:43:43,444 [ :monitor-process-2667 @ target-host ] kill -15 $PROCESS_PID
20:43:45,854 [ test-runner:run-tests-983 @ target-host ] sleep 2
20:43:45,854 [ test-runner:run-tests-983 @ target-host ] script-cmd: stop-test-services
20:43:45,854 [ test-runner:run-tests-983 @ target-host ] stop-test-services
20:43:46,508 [ test-runner:run-tests-983 @ target-host ] /home/zakkak/spring-quarkus-perf-comparison/spring-quarkus-perf-comparison/scripts/infra.sh -d
Using podman to stop containers
-----------------------------------------
[03/11/2026 20:43:45]: Stopping services
-----------------------------------------
Stopping PostgreSQL database 'fruits_db'
fruits_db
20:43:46,576 [ test-runner:run-tests-983 @ target-host ] for-each: ITERATION = 9
20:43:46,577 [ test-runner:run-tests-983 @ target-host ] set-state: LOG_FILE /home/zakkak/spring-quarkus-perf-comparison/logs/load-test-quarkus3-native-9.log
20:43:46,982 [ test-runner:run-tests-983 @ target-host ] touch /home/zakkak/spring-quarkus-perf-comparison/logs/load-test-quarkus3-native-9.log
20:43:46,982 [ test-runner:run-tests-983 @ target-host ] queue-download: ${{REPO_DIR}}/logs/wrk-warmup-${{RUNTIME.name}}-${{ITERATION}}.log=/home/zakkak/spring-quarkus-perf-comparison/logs/wrk-warmup-quarkus3-native-9.log ../../20260311/run-time-initialize-file-system-providers/target-host/
20:43:46,983 [ test-runner:run-tests-983 @ target-host ] queue-download: ${{LOG_FILE}}=/home/zakkak/spring-quarkus-perf-comparison/logs/load-test-quarkus3-native-9.log ../../20260311/run-time-initialize-file-system-providers/target-host/
20:43:46,983 [ test-runner:run-tests-983 @ target-host ] queue-download: ${{REPO_DIR}}/logs/wrk-${{RUNTIME.name}}-${{ITERATION}}.log=/home/zakkak/spring-quarkus-perf-comparison/logs/wrk-quarkus3-native-9.log ../../20260311/run-time-initialize-file-system-providers/target-host/
20:43:46,983 [ test-runner:run-tests-983 @ target-host ] script-cmd: start-test-services
20:43:46,983 [ test-runner:run-tests-983 @ target-host ] start-test-services
20:43:58,094 [ test-runner:run-tests-983 @ target-host ] /home/zakkak/spring-quarkus-perf-comparison/spring-quarkus-perf-comparison/scripts/infra.sh -c 3 -p '4-6' -s
Using podman to start containers
-----------------------------------------
[03/11/2026 20:43:46]: Starting services
-----------------------------------------
Starting PostgreSQL database 'fruits_db'
PostgreSQL DB process: aa2fe21bc9ba043394af32d03e16ce39c486f92e3cf0363b0aebd27edd5f1eeb
Waiting for PostgreSQL to be ready...
localhost:5432 - no response
localhost:5432 - no response
localhost:5432 - accepting connections
20:43:58,094 [ test-runner:run-tests-983 @ target-host ] script-cmd: sync-drop-fs-cache
20:43:58,094 [ test-runner:run-tests-983 @ target-host ] sync-drop-fs-cache
20:43:58,094 [ test-runner:run-tests-983 @ target-host ] read-state: true
20:43:58,094 [ test-runner:run-tests-983 @ target-host ] regex: true
20:43:58,709 [ test-runner:run-tests-983 @ target-host ] sync
20:43:58,709 [ test-runner:run-tests-983 @ target-host ] script-cmd: sync-drop-fs-cache-${{os}}
20:43:58,709 [ test-runner:run-tests-983 @ target-host ] sync-drop-fs-cache-linux
20:43:58,710 [ test-runner:run-tests-983 @ target-host ] script-cmd: sudo
20:43:58,710 [ test-runner:run-tests-983 @ target-host ] sudo
20:43:58,710 [ test-runner:run-tests-983 @ target-host ] script-cmd: sudo-${{os}}
20:43:58,710 [ test-runner:run-tests-983 @ target-host ] sudo-linux
20:43:59,494 [ test-runner:run-tests-983 @ target-host ] sudo sh -c "echo 3 > /proc/sys/vm/drop_caches"
]3008;start=2beeafcf03fe4ec088f47c16a92f2d44;user=zakkak;hostname=blanc;machineid=f469a615e9ef4e81b7d5be080a5de373;bootid=0e917e08584a49cb891ef04366e00ace;pid=363841;pidfdid=363842;comm=sudo;targetuser=root;sessionid=c338;type=session\]3008;end=2beeafcf03fe4ec088f47c16a92f2d44\
20:43:59,495 [ test-runner:run-tests-983 @ target-host ] set-signal: LOAD_STEADY_STATE_START 1
20:43:59,495 [ test-runner:run-tests-983 @ target-host ] set-signal: LOG_REGEX_REACHED 1
20:43:59,897 [ test-runner:run-tests-983 @ target-host ] taskset --cpu-list 0-3 /home/zakkak/spring-quarkus-perf-comparison/spring-quarkus-perf-comparison/quarkus3/target/quarkus3-runner  &>/home/zakkak/spring-quarkus-perf-comparison/logs/load-test-quarkus3-native-9.log &
[1] 363871
20:44:00,299 [ test-runner:run-tests-983 @ target-host ] PID=$!
20:44:00,700 [ test-runner:run-tests-983 @ target-host ] echo $PID
363871
20:44:00,701 [ test-runner:run-tests-983 @ target-host ] set-state: JVM_PID 363871
20:44:00,701 [ test-runner:run-tests-983 @ target-host ] script-cmd: monitor-processes
20:44:00,701 [ test-runner:run-tests-983 @ target-host ] monitor-processes
20:44:00,701 [ test-runner:run-tests-983 @ target-host ] set-signal: LOAD_TEST_COMPLETE 1
20:44:01,141 [ test-runner:run-tests-983 @ target-host ] script-cmd: monitor-process
20:44:01,141 [ :monitor-process-2743 @ target-host ] monitor-process
20:44:01,149 [ :monitor-process-2743 @ target-host ] queue-download: ${{log_file}}=/home/zakkak/spring-quarkus-perf-comparison/logs/pidstat-quarkus3-native-9.log ../../20260311/run-time-initialize-file-system-providers/target-host/
20:44:01,516 [ test-runner:run-tests-983 @ target-host ] script-cmd: monitor-process
20:44:01,516 [ :monitor-process-2751 @ target-host ] monitor-process
20:44:01,516 [ :monitor-process-2751 @ target-host ] queue-download: ${{log_file}}=/home/zakkak/spring-quarkus-perf-comparison/logs/mpstat-quarkus3-native-9.log ../../20260311/run-time-initialize-file-system-providers/target-host/
20:44:01,652 [ :monitor-process-2743 @ target-host ] taskset --cpu-list 11 pidstat -u -p 363871 1 &>/home/zakkak/spring-quarkus-perf-comparison/logs/pidstat-quarkus3-native-9.log &
[1] 363996
20:44:01,890 [ test-runner:run-tests-983 @ target-host ] script-cmd: monitor-process
20:44:01,890 [ test-runner:run-tests-983 @ target-host ] script-cmd: monitor-postgres
20:44:01,890 [ test-runner:run-tests-983 @ target-host ] monitor-postgres
20:44:01,890 [ :monitor-process-2760 @ target-host ] monitor-process
20:44:01,891 [ :monitor-process-2760 @ target-host ] queue-download: ${{log_file}}=/home/zakkak/spring-quarkus-perf-comparison/logs/vmstat-quarkus3-native-9.log ../../20260311/run-time-initialize-file-system-providers/target-host/
20:44:02,018 [ :monitor-process-2751 @ target-host ] taskset --cpu-list 11 mpstat -P ALL 1 &>/home/zakkak/spring-quarkus-perf-comparison/logs/mpstat-quarkus3-native-9.log &
[1] 364075
20:44:02,053 [ :monitor-process-2743 @ target-host ] PROCESS_PID=$!
20:44:02,293 [ :monitor-process-2760 @ target-host ] taskset --cpu-list 11 vmstat 1 &>/home/zakkak/spring-quarkus-perf-comparison/logs/vmstat-quarkus3-native-9.log &
[1] 364158
20:44:02,331 [ test-runner:run-tests-983 @ target-host ] POSTGRES_PID=$(/home/zakkak/spring-quarkus-perf-comparison/spring-quarkus-perf-comparison/scripts/infra.sh -r)
20:44:02,420 [ :monitor-process-2751 @ target-host ] PROCESS_PID=$!
20:44:02,455 [ :monitor-process-2743 @ target-host ] echo $PROCESS_PID
363996
20:44:02,455 [ :monitor-process-2743 @ target-host ] set-state: PROCESS_PID 363996
20:44:02,694 [ :monitor-process-2760 @ target-host ] PROCESS_PID=$!
20:44:02,732 [ test-runner:run-tests-983 @ target-host ] echo $POSTGRES_PID
363573
20:44:02,732 [ test-runner:run-tests-983 @ target-host ] set-state: POSTGRES_PID 363573
20:44:02,821 [ :monitor-process-2751 @ target-host ] echo $PROCESS_PID
364075
20:44:02,821 [ :monitor-process-2751 @ target-host ] set-state: PROCESS_PID 364075
20:44:03,095 [ :monitor-process-2760 @ target-host ] echo $PROCESS_PID
364158
20:44:03,096 [ :monitor-process-2760 @ target-host ] set-state: PROCESS_PID 364158
20:44:03,107 [ test-runner:run-tests-983 @ target-host ] script-cmd: monitor-process
20:44:03,107 [ test-runner:run-tests-983 @ target-host ] JVM_PID = 363871
20:44:03,107 [ :monitor-process-2776 @ target-host ] monitor-process
20:44:03,107 [ :monitor-process-2776 @ target-host ] queue-download: ${{log_file}}=/home/zakkak/spring-quarkus-perf-comparison/logs/postgres-pidstat-quarkus3-native-9.log ../../20260311/run-time-initialize-file-system-providers/target-host/
20:44:03,107 [ test-runner:run-tests-983 @ target-host ] read-state: none
20:44:03,478 [ test-runner:run-tests-983 @ target-host ] script-cmd: watch-log
20:44:03,478 [ :watch-log-2785 @ target-host ] watch-log
20:44:03,488 [ :watch-log-2785 @ target-host ] regex: ${{log_regex}}
20:44:03,488 [ :watch-log-2785 @ target-host ] ctrlC
20:44:03,488 [ :watch-log-2785 @ target-host ] reached LOG_REGEX_REACHED
20:44:03,488 [ test-runner:run-tests-983 @ target-host ] wait-for: LOG_REGEX_REACHED
20:44:03,488 [ :watch-log-2785 @ target-host ] signal: LOG_REGEX_REACHED
20:44:03,610 [ :monitor-process-2776 @ target-host ] taskset --cpu-list 11 pidstat -u -p $(pgrep -d , -P 363573) 1 &>/home/zakkak/spring-quarkus-perf-comparison/logs/postgres-pidstat-quarkus3-native-9.log &
[1] 364275
20:44:03,890 [ :watch-log-2785 @ target-host ] tail -f /home/zakkak/spring-quarkus-perf-comparison/logs/load-test-quarkus3-native-9.log
__  ____  __  _____   ___  __ ____  ______ 
 --/ __ \/ / / / _ | / _ \/ //_/ / / / __/ 
 -/ /_/ / /_/ / __ |/ , _/ ,< / /_/ /\ \   
--\___\_\____/_/ |_/_/|_/_/|_|\____/___/   
2026-03-11 20:43:59,638 INFO  [io.quarkus] (main) quarkus3 1.0 native (powered by Quarkus 999-SNAPSHOT) started in 0.076s. Listening on: http://0.0.0.0:8080
2026-03-11 20:43:59,638 INFO  [io.quarkus] (main) Profile prod activated. 
2026-03-11 20:43:59,638 INFO  [io.quarkus] (main) Installed features: [agroal, cdi, config-yaml, hibernate-orm, hibernate-orm-panache, hibernate-validator, jdbc-postgresql, narayana-jta, rest, rest-jackson, smallrye-context-propagation, smallrye-health, vertx]
20:44:04,011 [ :monitor-process-2776 @ target-host ] PROCESS_PID=$!
20:44:04,413 [ :monitor-process-2776 @ target-host ] echo $PROCESS_PID
364275
20:44:04,413 [ :monitor-process-2776 @ target-host ] set-state: PROCESS_PID 364275
20:46:13,422 [ test-runner:run-tests-983 @ target-host ] taskset --cpu-list 7-9 jbang -R -XX:+UseNUMA wrk@hyperfoil -t 2 -c 100 -d 2m --timeout 2m http://localhost:8080/fruits 2>&1 >/home/zakkak/spring-quarkus-perf-comparison/logs/wrk-warmup-quarkus3-native-9.log
20:46:43,422 [ test-runner:run-tests-983 @ target-host ] sleep: 30s
20:46:43,422 [ :monitor-process-2751 @ target-host ] reached LOAD_STEADY_STATE_START
20:46:43,422 [ test-runner:run-tests-983 @ target-host ] signal: LOAD_STEADY_STATE_START
20:47:23,356 [ test-runner:run-tests-983 @ target-host ] taskset --cpu-list 7-9 jbang -R -XX:+UseNUMA wrk@hyperfoil -t 2 -c 100 -d 30s --timeout 30s http://localhost:8080/fruits 2>&1 >/home/zakkak/spring-quarkus-perf-comparison/logs/wrk-quarkus3-native-9.log
20:47:23,769 [ test-runner:run-tests-983 @ target-host ] cat /home/zakkak/spring-quarkus-perf-comparison/logs/wrk-quarkus3-native-9.log | grep "Requests/sec" | awk '{print $2}'
16016.63
20:47:23,769 [ test-runner:run-tests-983 @ target-host ] set-state: THROUGHPUT 16016.63
20:47:23,769 [ test-runner:run-tests-983 @ target-host ] script-cmd: state-array-push
20:47:23,769 [ test-runner:run-tests-983 @ target-host ] state-array-push
20:47:23,818 [ test-runner:run-tests-983 @ target-host ] set-state: RUN.output.results.quarkus3-native.load.throughput [16050.15,15978.95,16032.45,16057.68,16148.18,16012.56,16037.16,16322.32,16056,16016.63]
20:47:24,221 [ test-runner:run-tests-983 @ target-host ] cat /home/zakkak/spring-quarkus-perf-comparison/logs/wrk-quarkus3-native-9.log | grep "Socket errors:" | sed -E 's/.*connectionErrors ([0-9]+).*/\1/'
20:47:24,221 [ test-runner:run-tests-983 @ target-host ] regex: ^$
20:47:24,221 [ test-runner:run-tests-983 @ target-host ] set-state: CONNECTION_ERRORS 0
20:47:24,221 [ test-runner:run-tests-983 @ target-host ] script-cmd: state-array-push
20:47:24,222 [ test-runner:run-tests-983 @ target-host ] state-array-push
20:47:24,261 [ test-runner:run-tests-983 @ target-host ] set-state: RUN.output.results.quarkus3-native.load.connectionErrors [0,0,0,0,0,0,0,0,0,0]
20:47:24,665 [ test-runner:run-tests-983 @ target-host ] cat /home/zakkak/spring-quarkus-perf-comparison/logs/wrk-quarkus3-native-9.log | grep "Socket errors:" | sed -E 's/.*requestTimeouts ([0-9]+)/\1/'
20:47:24,665 [ test-runner:run-tests-983 @ target-host ] regex: ^$
20:47:24,665 [ test-runner:run-tests-983 @ target-host ] set-state: REQUEST_TIMEOUTS 0
20:47:24,665 [ test-runner:run-tests-983 @ target-host ] script-cmd: state-array-push
20:47:24,665 [ test-runner:run-tests-983 @ target-host ] state-array-push
20:47:24,701 [ test-runner:run-tests-983 @ target-host ] set-state: RUN.output.results.quarkus3-native.load.requestTimeouts [0,0,0,0,0,0,0,0,0,0]
20:47:25,119 [ test-runner:run-tests-983 @ target-host ] pmap -x $PID | grep total | awk '{print $4}'
160080
20:47:25,119 [ test-runner:run-tests-983 @ target-host ] set-state: RSS 160080
20:47:25,138 [ test-runner:run-tests-983 @ target-host ] script-cmd: state-array-push
20:47:25,138 [ test-runner:run-tests-983 @ target-host ] state-array-push
20:47:25,172 [ test-runner:run-tests-983 @ target-host ] set-state: RUN.output.results.quarkus3-native.load.rss [157.0546875,155.01953125,159.16796875,155.83203125,158.14453125,157.2890625,157.359375,158.11328125,156.40625,156.328125]
20:47:25,189 [ test-runner:run-tests-983 @ target-host ] script-cmd: state-array-push
20:47:25,189 [ test-runner:run-tests-983 @ target-host ] state-array-push
20:47:25,233 [ test-runner:run-tests-983 @ target-host ] set-state: RUN.output.results.quarkus3-native.load.throughputDensity [102.1946575138039,103.07701146528916,100.72661054801581,103.04479683152432,102.11026503643325,101.80339144687825,101.9142329460828,103.23180868147342,102.65574425574425,102.4552043978011]
20:47:25,233 [ test-runner:run-tests-983 @ target-host ] reached LOAD_TEST_COMPLETE
20:47:25,233 [ :monitor-process-2743 @ target-host ] wait-for: LOAD_TEST_COMPLETE
20:47:25,233 [ :monitor-process-2751 @ target-host ] wait-for: LOAD_TEST_COMPLETE
20:47:25,233 [ :monitor-process-2760 @ target-host ] wait-for: LOAD_TEST_COMPLETE
20:47:25,233 [ :monitor-process-2776 @ target-host ] wait-for: LOAD_TEST_COMPLETE
20:47:25,233 [ test-runner:run-tests-983 @ target-host ] signal: LOAD_TEST_COMPLETE
20:47:25,635 [ :monitor-process-2751 @ target-host ] kill -15 $PROCESS_PID
bash: kill: (364075) - No such process
20:47:25,635 [ :monitor-process-2776 @ target-host ] kill -15 $PROCESS_PID
bash: kill: (364275) - No such process
20:47:25,635 [ :monitor-process-2743 @ target-host ] kill -15 $PROCESS_PID
bash: kill: (363996) - No such process
20:47:25,735 [ test-runner:run-tests-983 @ target-host ] kill -15 $PID
20:47:25,736 [ :monitor-process-2760 @ target-host ] kill -15 $PROCESS_PID
20:47:28,146 [ test-runner:run-tests-983 @ target-host ] sleep 2
20:47:28,147 [ test-runner:run-tests-983 @ target-host ] script-cmd: stop-test-services
20:47:28,147 [ test-runner:run-tests-983 @ target-host ] stop-test-services
20:47:28,817 [ test-runner:run-tests-983 @ target-host ] /home/zakkak/spring-quarkus-perf-comparison/spring-quarkus-perf-comparison/scripts/infra.sh -d
Using podman to stop containers
-----------------------------------------
[03/11/2026 20:47:28]: Stopping services
-----------------------------------------
Stopping PostgreSQL database 'fruits_db'
fruits_db
20:47:28,868 [ test-runner:run-tests-983 @ target-host ] for-each: ITERATION
20:47:28,868 [ test-runner:run-tests-983 @ target-host ] script-cmd: state-array-calc-avg
20:47:28,869 [ test-runner:run-tests-983 @ target-host ] state-array-calc-avg
20:47:28,904 [ test-runner:run-tests-983 @ target-host ] set-state: RUN.output.results.quarkus3-native.load.avThroughput 16071.208000000002
20:47:28,904 [ test-runner:run-tests-983 @ target-host ] script-cmd: state-array-calc-avg
20:47:28,904 [ test-runner:run-tests-983 @ target-host ] state-array-calc-avg
20:47:28,938 [ test-runner:run-tests-983 @ target-host ] set-state: RUN.output.results.quarkus3-native.load.avMaxRss 157.071484375
20:47:28,938 [ test-runner:run-tests-983 @ target-host ] script-cmd: state-array-calc-max
20:47:28,938 [ test-runner:run-tests-983 @ target-host ] state-array-calc-max
20:47:28,998 [ test-runner:run-tests-983 @ target-host ] set-state: RUN.output.results.quarkus3-native.load.maxThroughputDensity 103.23180868147342
20:47:28,998 [ test-runner:run-tests-983 @ target-host ] script-cmd: state-array-calc-avg
20:47:28,998 [ test-runner:run-tests-983 @ target-host ] state-array-calc-avg
20:47:29,035 [ test-runner:run-tests-983 @ target-host ] set-state: RUN.output.results.quarkus3-native.load.avConnectionErrors 0
20:47:29,035 [ test-runner:run-tests-983 @ target-host ] script-cmd: state-array-calc-avg
20:47:29,035 [ test-runner:run-tests-983 @ target-host ] state-array-calc-avg
20:47:29,070 [ test-runner:run-tests-983 @ target-host ] set-state: RUN.output.results.quarkus3-native.load.avRequestTimeouts 0
20:47:29,070 [ test-runner:run-tests-983 @ target-host ] for-each: TEST
20:47:29,070 [ test-runner:run-tests-983 @ target-host ] for-each: RUNTIME
20:47:29,515 [ test-runner:cleanup-2817 @ target-host ] cleanup
20:47:29,515 [ test-runner:cleanup-2817 @ target-host ] script-cmd: stop-timestamp
20:47:29,515 [ test-runner:cleanup-2817 @ target-host ] stop-timestamp
20:47:29,917 [ test-runner:cleanup-2817 @ target-host ] date -u +%FT%TZ
2026-03-11T18:47:29Z
20:47:29,917 [ test-runner:cleanup-2817 @ target-host ] set-state: RUN.output.timing.stop 2026-03-11T18:47:29Z
20:47:29,918 [ test-runner:cleanup-2817 @ target-host ] script-cmd: download-metrics
20:47:29,918 [ test-runner:cleanup-2817 @ target-host ] download-metrics
20:47:30,329 [ test-runner:cleanup-2817 @ target-host ] mkdir -p /tmp
20:47:30,329 [ test-runner:cleanup-2817 @ target-host ] script-cmd: sudo
20:47:30,329 [ test-runner:cleanup-2817 @ target-host ] sudo
20:47:30,329 [ test-runner:cleanup-2817 @ target-host ] script-cmd: sudo-${{os}}
20:47:30,329 [ test-runner:cleanup-2817 @ target-host ] sudo-linux
20:47:31,005 [ test-runner:cleanup-2817 @ target-host ] sudo rm -Rf /tmp/metrics.json
]3008;start=4082763eef234ef39502468a8761c952;user=zakkak;hostname=blanc;machineid=f469a615e9ef4e81b7d5be080a5de373;bootid=0e917e08584a49cb891ef04366e00ace;pid=365545;pidfdid=365546;comm=sudo;targetuser=root;sessionid=c339;type=session\]3008;end=4082763eef234ef39502468a8761c952\
20:47:31,005 [ test-runner:cleanup-2817 @ target-host ] set-state: RUN.output.config {"jvm":{"home":"/home/zakkak/jvms/jdk-21.0.9+10","version":"25.0.2-tem","graalvm":{"home":"/home/zakkak/code/graal-oracle/sdk/latest_graalvm_home","version":"25.0.2-graalce"},"memory":"","args":""},"quarkus":{"version":"999-SNAPSHOT","build_config_args":"","native_build_options":"-Dquarkus.native.additional-build-args-append=--future-defaults=run-time-initialize-file-system-providers"},"springboot3":{"version":"","native_build_options":""},"springboot4":{"version":"","native_build_options":""},"resources":{"cpu":{"app":"0-3","db":"4-6","load_generator":"7-9","1st_request":10,"monitor":11},"app_cpus":4},"profiler":{"name":"none","events":"cpu"},"repo":{"branch":"main","url":"https://github.com/quarkusio/spring-quarkus-perf-comparison.git","scenario":"tuned","commit":"14e9ae9b8bc5ec009f5c1108ca2171ce3867ffb2","short_commit":"14e9ae9","scenarioName":"Tuned"},"num_iterations":10}
20:47:31,006 [ test-runner:cleanup-2817 @ target-host ] set-state: RUN.output.env {"run":{"host":{"user":"zakkak","name":"LOCAL","target":"LOCAL"}},"host":{"os":"Fedora Linux 43 (Workstation Edition)","type":"ASUS System Product Name","kernel":"6.18.16-200.fc43.x86_64","cpu":"AMD Ryzen 9 7950X 16-Core Processor (32 cpus)","gpu":"Advanced Micro Devices, Inc. [AMD/ATI] Raphael","memory":"61Gi"}}
20:47:31,417 [ test-runner:cleanup-2817 @ target-host ] echo '{"timing":{"start":"2026-03-11T17:53:52Z","stop":"2026-03-11T18:47:29Z"},"results":{"quarkus3-native":{"build":{"timings":[44.74,45.03,44.97,44.84,44.09,44.77,44.11,45,44.74,45.52],"native":{"rss":[4.8,4.72,4.73,4.82,5.08,4.75,4.88,4.65,4.81,4.87],"binarySize":86.46},"avBuildTime":44.781,"avNativeRSS":4.811,"classCount":"22,672","fieldCount":"29,263","methodCount":"106,767","reflectionClassCount":"7,976","reflectionFieldCount":169,"reflectionMethodCount":"5,206"},"startup":{"timings":[39,40,32,32,41,42,33,33,34,33],"avStartTime":35.9},"rss":{"startup":[65.9453125,65.95703125,65.9453125,65.84375,65.9453125,65.9375,65.94140625,65.93359375,65.94921875,65.953125],"firstRequest":[72.8515625,72.86328125,72.8515625,72.75390625,72.8515625,72.84375,72.83984375,72.83984375,72.85546875,72.859375],"avStartupRss":65.93515625,"avFirstRequestRss":72.841015625},"load":{"throughput":[16050.15,15978.95,16032.45,16057.68,16148.18,16012.56,16037.16,16322.32,16056,16016.63],"connectionErrors":[0,0,0,0,0,0,0,0,0,0],"requestTimeouts":[0,0,0,0,0,0,0,0,0,0],"rss":[157.0546875,155.01953125,159.16796875,155.83203125,158.14453125,157.2890625,157.359375,158.11328125,156.40625,156.328125],"throughputDensity":[102.1946575138039,103.07701146528916,100.72661054801581,103.04479683152432,102.11026503643325,101.80339144687825,101.9142329460828,103.23180868147342,102.65574425574425,102.4552043978011],"avThroughput":16071.208000000002,"avMaxRss":157.071484375,"maxThroughputDensity":103.23180868147342,"avConnectionErrors":0,"avRequestTimeouts":0}}},"config":{"jvm":{"args":"","memory":"","graalvm":{"version":"25.0.2-graalce","home":"/home/zakkak/code/graal-oracle/sdk/latest_graalvm_home"},"version":"25.0.2-tem","home":"/home/zakkak/jvms/jdk-21.0.9+10"},"num_iterations":10,"quarkus":{"build_config_args":"","native_build_options":"-Dquarkus.native.additional-build-args-append=--future-defaults=run-time-initialize-file-system-providers","version":"999-SNAPSHOT"},"repo":{"short_commit":"14e9ae9","scenario":"tuned","commit":"14e9ae9b8bc5ec009f5c1108ca2171ce3867ffb2","branch":"main","scenarioName":"Tuned","url":"https://github.com/quarkusio/spring-quarkus-perf-comparison.git"},"springboot3":{"native_build_options":"","version":""},"springboot4":{"native_build_options":"","version":""},"resources":{"cpu":{"app":"0-3","1st_request":10,"monitor":11,"load_generator":"7-9","db":"4-6"},"app_cpus":4},"profiler":{"name":"none","events":"cpu"}},"env":{"host":{"memory":"61Gi","os":"Fedora Linux 43 (Workstation Edition)","kernel":"6.18.16-200.fc43.x86_64","cpu":"AMD Ryzen 9 7950X 16-Core Processor (32 cpus)","type":"ASUS System Product Name","gpu":"Advanced Micro Devices, Inc. [AMD/ATI] Raphael"},"run":{"host":{"name":"LOCAL","user":"zakkak","target":"LOCAL"}}}}' > /tmp/metrics.json
20:47:31,418 [ test-runner:cleanup-2817 @ target-host ] queue-download: ${{METRICS_DIR}}/metrics.json=/tmp/metrics.json ../../20260311/run-time-initialize-file-system-providers/target-host/
20:47:31,418 [ test-runner:cleanup-2817 @ target-host ] script-cmd: stop-test-services
20:47:31,418 [ test-runner:cleanup-2817 @ target-host ] stop-test-services
20:47:31,844 [ test-runner:cleanup-2817 @ target-host ] /home/zakkak/spring-quarkus-perf-comparison/spring-quarkus-perf-comparison/scripts/infra.sh -d
Using podman to stop containers
-----------------------------------------
[03/11/2026 20:47:31]: Stopping services
-----------------------------------------
Stopping PostgreSQL database 'fruits_db'
Error: no container with name or ID "fruits_db" found: no such container
20:47:31,849 [ test-runner:run-tests-983 @ target-host ] run-1773251617747 closing state:
 env = {"run":{"host":{"user":"zakkak","name":"LOCAL","target":"LOCAL"}},"host":{"os":"Fedora Linux 43 (Workstation Edition)","type":"ASUS System Product Name","kernel":"6.18.16-200.fc43.x86_64","cpu":"AMD Ryzen 9 7950X 16-Core Processor (32 cpus)","gpu":"Advanced Micro Devices, Inc. [AMD/ATI] Raphael","memory":"61Gi"}}
 config = {"jvm":{"home":"/home/zakkak/jvms/jdk-21.0.9+10","version":"25.0.2-tem","graalvm":{"home":"/home/zakkak/code/graal-oracle/sdk/latest_graalvm_home","version":"25.0.2-graalce"},"memory":"","args":""},"quarkus":{"version":"999-SNAPSHOT","build_config_args":"","native_build_options":"-Dquarkus.native.additional-build-args-append=--future-defaults=run-time-initialize-file-system-providers"},"springboot3":{"version":"","native_build_options":""},"springboot4":{"version":"","native_build_options":""},"resources":{"cpu":{"app":"0-3","db":"4-6","load_generator":"7-9","1st_request":"10","monitor":"11"},"app_cpus":"4"},"profiler":{"name":"none","events":"cpu"},"repo":{"branch":"main","url":"https://github.com/quarkusio/spring-quarkus-perf-comparison.git","scenario":"tuned","commit":"14e9ae9b8bc5ec009f5c1108ca2171ce3867ffb2","short_commit":"14e9ae9","scenarioName":"Tuned"},"num_iterations":"10"}
 APP_CMD_PREFIX = taskset --cpu-list ${{config.resources.cpu.app}}
 LOAD_GEN_CMD_PREFIX = taskset --cpu-list ${{config.resources.cpu.load_generator}}
 MONITOR_CMD_PREFIX = taskset --cpu-list ${{config.resources.cpu.monitor}}
 WRK_BIN = ${{LOAD_GEN_CMD_PREFIX}} jbang -R -XX:+UseNUMA wrk@hyperfoil
 DROP_OS_FILESYSTEM_CACHES = true
 PAUSE_TIME = 2
 PROFILER_JVM_ARGS = 
 BASE_JAVA_CMD = ${{APP_CMD_PREFIX}} java ${{config.jvm.memory}} ${{config.jvm.args}} ${{PROFILER_JVM_ARGS}}
 TESTS = ["measure-build-times","measure-time-to-first-request","measure-rss","run-load-test"]
 RUNTIMES = ["quarkus3-native"]
 TARGET_URL = http://localhost:8080/fruits
 QUARKUS-PLATFORM-ARTIFACT-ID = quarkus-bom
 PROJ_REPO_NAME = spring-quarkus-perf-comparison
 METRICS_DIR = /tmp
 ASYNC_PROFILER = async-profiler
 RUNTIMECMDS = [{"updateScript":"update-quarkus-version","runCmd":"${{BASE_JAVA_CMD}} -jar ${{QUARKUS3_DIR}}/target/quarkus-app/quarkus-run.jar","updateVersion":"${{config.quarkus.version}}","buildCmd":"./mvnw ${{config.quarkus.build_config_args}} clean package -DskipTests","name":"quarkus3-jvm","type":"jvm","dir":"${{QUARKUS3_DIR}}","logFileStartedRegex":".*quarkus3.+started in.*"},{"updateScript":"update-quarkus-version","runCmd":"${{BASE_JAVA_CMD}} -jar ${{QUARKUS3_VIRTUAL_DIR}}/target/quarkus-app/quarkus-run.jar","updateVersion":"${{config.quarkus.version}}","buildCmd":"./mvnw ${{config.quarkus.build_config_args}} clean package -DskipTests","name":"quarkus3-virtual","type":"jvm","dir":"${{QUARKUS3_VIRTUAL_DIR}}","logFileStartedRegex":".*quarkus3.+started in.*"},{"updateScript":"update-quarkus-version","runCmd":"${{APP_CMD_PREFIX}} ${{QUARKUS3_DIR}}/target/quarkus3-runner ${{config.jvm.memory}}","updateVersion":"${{config.quarkus.version}}","buildCmd":"./mvnw ${{config.quarkus.build_config_args}} clean package -DskipTests -Pnative ${{config.quarkus.native_build_options}}","name":"quarkus3-native","type":"native","dir":"${{QUARKUS3_DIR}}","logFileStartedRegex":".*quarkus3.+started in.*"},{"updateScript":"update-spring-boot-version","runCmd":"${{BASE_JAVA_CMD}} -jar ${{SPRING3_BOOT_DIR}}/target/springboot3.jar","updateVersion":"${{config.springboot3.version}}","buildCmd":"./mvnw clean package -DskipTests","name":"spring3-jvm","type":"jvm","dir":"${{SPRING3_BOOT_DIR}}","logFileStartedRegex":".*Started SpringBoot3Application in.+seconds.*"},{"updateScript":"update-spring-boot-version","runCmd":"${{BASE_JAVA_CMD}} -Dspring.threads.virtual.enabled=true -jar ${{SPRING3_BOOT_DIR}}/target/springboot3.jar","updateVersion":"${{config.springboot3.version}}","buildCmd":"./mvnw clean package -DskipTests -Dspring.threads.virtual.enabled=true","name":"spring3-virtual","type":"jvm","dir":"${{SPRING3_BOOT_DIR}}","logFileStartedRegex":".*Started SpringBoot3Application in.+seconds.*"},{"updateScript":"update-spring-boot-version","runCmd":"${{BASE_JAVA_CMD}} -Dspring.aot.enabled=true -jar ${{SPRING3_BOOT_DIR}}/target/springboot3.jar","updateVersion":"${{config.springboot3.version}}","buildCmd":"./mvnw clean compile spring-boot:process-aot package -DskipTests","name":"spring3-jvm-aot","type":"jvm","dir":"${{SPRING3_BOOT_DIR}}","logFileStartedRegex":".*Started SpringBoot3Application in.+seconds.*"},{"updateScript":"update-spring-boot-version","runCmd":"${{APP_CMD_PREFIX}} ${{SPRING3_BOOT_DIR}}/target/springboot3 ${{config.jvm.memory}}","updateVersion":"${{config.springboot3.version}}","buildCmd":"./mvnw clean -Pnative -DskipTests native:compile package ${{config.springboot3.native_build_options}}","name":"spring3-native","type":"native","dir":"${{SPRING3_BOOT_DIR}}","logFileStartedRegex":".*Started SpringBoot3Application in.+seconds.*"},{"updateScript":"update-spring-boot-version","runCmd":"${{BASE_JAVA_CMD}} -jar ${{SPRING4_BOOT_DIR}}/target/springboot4.jar","updateVersion":"${{config.springboot4.version}}","buildCmd":"./mvnw clean package -DskipTests","name":"spring4-jvm","type":"jvm","dir":"${{SPRING4_BOOT_DIR}}","logFileStartedRegex":".*Started SpringBoot4Application in.+seconds.*"},{"updateScript":"update-spring-boot-version","runCmd":"${{BASE_JAVA_CMD}} -Dspring.threads.virtual.enabled=true -jar ${{SPRING4_BOOT_DIR}}/target/springboot4.jar","updateVersion":"${{config.springboot4.version}}","buildCmd":"./mvnw clean package -DskipTests -Dspring.threads.virtual.enabled=true","name":"spring4-virtual","type":"jvm","dir":"${{SPRING4_BOOT_DIR}}","logFileStartedRegex":".*Started SpringBoot4Application in.+seconds.*"},{"updateScript":"update-spring-boot-version","runCmd":"${{BASE_JAVA_CMD}} -Dspring.aot.enabled=true -jar ${{SPRING4_BOOT_DIR}}/target/springboot4.jar","updateVersion":"${{config.springboot4.version}}","buildCmd":"./mvnw clean compile spring-boot:process-aot package -DskipTests","name":"spring4-jvm-aot","type":"jvm","dir":"${{SPRING4_BOOT_DIR}}","logFileStartedRegex":".*Started SpringBoot4Application in.+seconds.*"},{"updateScript":"update-spring-boot-version","runCmd":"${{APP_CMD_PREFIX}} ${{SPRING4_BOOT_DIR}}/target/springboot4 ${{config.jvm.memory}}","updateVersion":"${{config.springboot4.version}}","buildCmd":"./mvnw clean -Pnative -DskipTests native:compile package ${{config.springboot4.native_build_options}}","name":"spring4-native","type":"native","dir":"${{SPRING4_BOOT_DIR}}","logFileStartedRegex":".*Started SpringBoot4Application in.+seconds.*"}]
 BASE_DIR = /home/zakkak
 REPO_DIR = /home/zakkak/spring-quarkus-perf-comparison
 PROJ_REPO_DIR = /home/zakkak/spring-quarkus-perf-comparison/spring-quarkus-perf-comparison
 SCRIPTS_DIR = /home/zakkak/spring-quarkus-perf-comparison/spring-quarkus-perf-comparison/scripts/perf-lab
 HELPER_SCRIPTS_DIR = /home/zakkak/spring-quarkus-perf-comparison/spring-quarkus-perf-comparison/scripts/perf-lab/scripts
 SPRING3_BOOT_DIR = /home/zakkak/spring-quarkus-perf-comparison/spring-quarkus-perf-comparison/springboot3
 SPRING4_BOOT_DIR = /home/zakkak/spring-quarkus-perf-comparison/spring-quarkus-perf-comparison/springboot4
 QUARKUS3_DIR = /home/zakkak/spring-quarkus-perf-comparison/spring-quarkus-perf-comparison/quarkus3
 QUARKUS3_VIRTUAL_DIR = /home/zakkak/spring-quarkus-perf-comparison/spring-quarkus-perf-comparison/quarkus3-virtual
 ASYNC_PROFILER_DIR = /home/zakkak/async-profiler
 os = linux
 output = {"timing":{"start":"2026-03-11T17:53:52Z","stop":"2026-03-11T18:47:29Z"},"results":{"quarkus3-native":{"build":{"timings":["44.74","45.03","44.97","44.84","44.09","44.77","44.11","45","44.74","45.52"],"native":{"rss":["4.8","4.72","4.73","4.82","5.08","4.75","4.88","4.65","4.81","4.87"],"binarySize":"86.46"},"avBuildTime":"44.781","avNativeRSS":"4.811","classCount":"22,672","fieldCount":"29,263","methodCount":"106,767","reflectionClassCount":"7,976","reflectionFieldCount":"169","reflectionMethodCount":"5,206"},"startup":{"timings":["39","40","32","32","41","42","33","33","34","33"],"avStartTime":"35.9"},"rss":{"startup":["65.9453125","65.95703125","65.9453125","65.84375","65.9453125","65.9375","65.94140625","65.93359375","65.94921875","65.953125"],"firstRequest":["72.8515625","72.86328125","72.8515625","72.75390625","72.8515625","72.84375","72.83984375","72.83984375","72.85546875","72.859375"],"avStartupRss":"65.93515625","avFirstRequestRss":"72.841015625"},"load":{"throughput":["16050.15","15978.95","16032.45","16057.68","16148.18","16012.56","16037.16","16322.32","16056","16016.63"],"connectionErrors":["0","0","0","0","0","0","0","0","0","0"],"requestTimeouts":["0","0","0","0","0","0","0","0","0","0"],"rss":["157.0546875","155.01953125","159.16796875","155.83203125","158.14453125","157.2890625","157.359375","158.11328125","156.40625","156.328125"],"throughputDensity":["102.1946575138039","103.07701146528916","100.72661054801581","103.04479683152432","102.11026503643325","101.80339144687825","101.9142329460828","103.23180868147342","102.65574425574425","102.4552043978011"],"avThroughput":"16071.208000000002","avMaxRss":"157.071484375","maxThroughputDensity":"103.23180868147342","avConnectionErrors":"0","avRequestTimeouts":"0"}}},"config":{"jvm":{"args":"","memory":"","graalvm":{"version":"25.0.2-graalce","home":"/home/zakkak/code/graal-oracle/sdk/latest_graalvm_home"},"version":"25.0.2-tem","home":"/home/zakkak/jvms/jdk-21.0.9+10"},"num_iterations":"10","quarkus":{"build_config_args":"","native_build_options":"-Dquarkus.native.additional-build-args-append=--future-defaults=run-time-initialize-file-system-providers","version":"999-SNAPSHOT"},"repo":{"short_commit":"14e9ae9","scenario":"tuned","commit":"14e9ae9b8bc5ec009f5c1108ca2171ce3867ffb2","branch":"main","scenarioName":"Tuned","url":"https://github.com/quarkusio/spring-quarkus-perf-comparison.git"},"springboot3":{"native_build_options":"","version":""},"springboot4":{"native_build_options":"","version":""},"resources":{"cpu":{"app":"0-3","1st_request":"10","monitor":"11","load_generator":"7-9","db":"4-6"},"app_cpus":"4"},"profiler":{"name":"none","events":"cpu"}},"env":{"host":{"memory":"61Gi","os":"Fedora Linux 43 (Workstation Edition)","kernel":"6.18.16-200.fc43.x86_64","cpu":"AMD Ryzen 9 7950X 16-Core Processor (32 cpus)","type":"ASUS System Product Name","gpu":"Advanced Micro Devices, Inc. [AMD/ATI] Raphael"},"run":{"host":{"name":"LOCAL","user":"zakkak","target":"LOCAL"}}}}
 SHELL_PID = 329341
 LOCAL : 
   run-tests : 
     id=983 : 
       RUNTIMECMD = {"updateScript":"update-quarkus-version","runCmd":"taskset --cpu-list 0-3 /home/zakkak/spring-quarkus-perf-comparison/spring-quarkus-perf-comparison/quarkus3/target/quarkus3-runner ","updateVersion":"999-SNAPSHOT","buildCmd":"./mvnw  clean package -DskipTests -Pnative -Dquarkus.native.additional-build-args-append=--future-defaults=run-time-initialize-file-system-providers","name":"quarkus3-native","type":"native","dir":"/home/zakkak/spring-quarkus-perf-comparison/spring-quarkus-perf-comparison/quarkus3","logFileStartedRegex":".*quarkus3.+started in.*"}
       TYPE = native
       BUILD_TIME = 45.52
       NATIVE_BUILD_RSS = 4.87
       START_TIME = 33
       RSS_STARTUP = 67536
       FIRST_REQUEST = 74608
       APP_LOG_REGEX = .*quarkus3.+started in.*
       LOG_FILE = /home/zakkak/spring-quarkus-perf-comparison/logs/load-test-quarkus3-native-9.log
       JVM_PID = 363871
       POSTGRES_PID = 363573
       THROUGHPUT = 16016.63
       CONNECTION_ERRORS = 0
       REQUEST_TIMEOUTS = 0
       RSS = 160080
   cleanup : 
     id=2817 : 
   setup : 
     id=807 : 

