20:47:33,972 [ :- @  ] run-1773254853745 starting state:
 env = {"run":{"host":{"user":"zakkak","name":"LOCAL","target":"LOCAL"}}}
 config = {"jvm":{"home":"/home/zakkak/jvms/jdk-21.0.9+10","version":"25.0.2-tem","graalvm":{"home":"/home/zakkak/code/graal-oracle/sdk/latest_graalvm_home","version":"25.0.2-graalce"},"memory":"","args":""},"quarkus":{"version":"999-SNAPSHOT","build_config_args":"","native_build_options":"-Dquarkus.native.additional-build-args-append=--future-defaults=run-time-initialize-resource-bundles"},"springboot3":{"version":"","native_build_options":""},"springboot4":{"version":"","native_build_options":""},"resources":{"cpu":{"app":"0-3","db":"4-6","load_generator":"7-9","1st_request":"10","monitor":"11"},"app_cpus":"4"},"profiler":{"name":"none","events":"cpu"},"repo":{"branch":"main","url":"https://github.com/quarkusio/spring-quarkus-perf-comparison.git","scenario":"tuned"},"num_iterations":"10"}
 APP_CMD_PREFIX = taskset --cpu-list ${{config.resources.cpu.app}}
 LOAD_GEN_CMD_PREFIX = taskset --cpu-list ${{config.resources.cpu.load_generator}}
 MONITOR_CMD_PREFIX = taskset --cpu-list ${{config.resources.cpu.monitor}}
 WRK_BIN = ${{LOAD_GEN_CMD_PREFIX}} jbang -R -XX:+UseNUMA wrk@hyperfoil
 DROP_OS_FILESYSTEM_CACHES = true
 PAUSE_TIME = 2
 PROFILER_JVM_ARGS = 
 BASE_JAVA_CMD = ${{APP_CMD_PREFIX}} java ${{config.jvm.memory}} ${{config.jvm.args}} ${{PROFILER_JVM_ARGS}}
 TESTS = ["measure-build-times","measure-time-to-first-request","measure-rss","run-load-test"]
 RUNTIMES = ["quarkus3-native"]
 TARGET_URL = http://localhost:8080/fruits
 QUARKUS-PLATFORM-ARTIFACT-ID = quarkus-bom
 PROJ_REPO_NAME = spring-quarkus-perf-comparison
 METRICS_DIR = /tmp
 ASYNC_PROFILER = async-profiler
 RUNTIMECMDS = [{"updateScript":"update-quarkus-version","runCmd":"${{BASE_JAVA_CMD}} -jar ${{QUARKUS3_DIR}}/target/quarkus-app/quarkus-run.jar","updateVersion":"${{config.quarkus.version}}","buildCmd":"./mvnw ${{config.quarkus.build_config_args}} clean package -DskipTests","name":"quarkus3-jvm","type":"jvm","dir":"${{QUARKUS3_DIR}}","logFileStartedRegex":".*quarkus3.+started in.*"},{"updateScript":"update-quarkus-version","runCmd":"${{BASE_JAVA_CMD}} -jar ${{QUARKUS3_VIRTUAL_DIR}}/target/quarkus-app/quarkus-run.jar","updateVersion":"${{config.quarkus.version}}","buildCmd":"./mvnw ${{config.quarkus.build_config_args}} clean package -DskipTests","name":"quarkus3-virtual","type":"jvm","dir":"${{QUARKUS3_VIRTUAL_DIR}}","logFileStartedRegex":".*quarkus3.+started in.*"},{"updateScript":"update-quarkus-version","runCmd":"${{APP_CMD_PREFIX}} ${{QUARKUS3_DIR}}/target/quarkus3-runner ${{config.jvm.memory}}","updateVersion":"${{config.quarkus.version}}","buildCmd":"./mvnw ${{config.quarkus.build_config_args}} clean package -DskipTests -Pnative ${{config.quarkus.native_build_options}}","name":"quarkus3-native","type":"native","dir":"${{QUARKUS3_DIR}}","logFileStartedRegex":".*quarkus3.+started in.*"},{"updateScript":"update-spring-boot-version","runCmd":"${{BASE_JAVA_CMD}} -jar ${{SPRING3_BOOT_DIR}}/target/springboot3.jar","updateVersion":"${{config.springboot3.version}}","buildCmd":"./mvnw clean package -DskipTests","name":"spring3-jvm","type":"jvm","dir":"${{SPRING3_BOOT_DIR}}","logFileStartedRegex":".*Started SpringBoot3Application in.+seconds.*"},{"updateScript":"update-spring-boot-version","runCmd":"${{BASE_JAVA_CMD}} -Dspring.threads.virtual.enabled=true -jar ${{SPRING3_BOOT_DIR}}/target/springboot3.jar","updateVersion":"${{config.springboot3.version}}","buildCmd":"./mvnw clean package -DskipTests -Dspring.threads.virtual.enabled=true","name":"spring3-virtual","type":"jvm","dir":"${{SPRING3_BOOT_DIR}}","logFileStartedRegex":".*Started SpringBoot3Application in.+seconds.*"},{"updateScript":"update-spring-boot-version","runCmd":"${{BASE_JAVA_CMD}} -Dspring.aot.enabled=true -jar ${{SPRING3_BOOT_DIR}}/target/springboot3.jar","updateVersion":"${{config.springboot3.version}}","buildCmd":"./mvnw clean compile spring-boot:process-aot package -DskipTests","name":"spring3-jvm-aot","type":"jvm","dir":"${{SPRING3_BOOT_DIR}}","logFileStartedRegex":".*Started SpringBoot3Application in.+seconds.*"},{"updateScript":"update-spring-boot-version","runCmd":"${{APP_CMD_PREFIX}} ${{SPRING3_BOOT_DIR}}/target/springboot3 ${{config.jvm.memory}}","updateVersion":"${{config.springboot3.version}}","buildCmd":"./mvnw clean -Pnative -DskipTests native:compile package ${{config.springboot3.native_build_options}}","name":"spring3-native","type":"native","dir":"${{SPRING3_BOOT_DIR}}","logFileStartedRegex":".*Started SpringBoot3Application in.+seconds.*"},{"updateScript":"update-spring-boot-version","runCmd":"${{BASE_JAVA_CMD}} -jar ${{SPRING4_BOOT_DIR}}/target/springboot4.jar","updateVersion":"${{config.springboot4.version}}","buildCmd":"./mvnw clean package -DskipTests","name":"spring4-jvm","type":"jvm","dir":"${{SPRING4_BOOT_DIR}}","logFileStartedRegex":".*Started SpringBoot4Application in.+seconds.*"},{"updateScript":"update-spring-boot-version","runCmd":"${{BASE_JAVA_CMD}} -Dspring.threads.virtual.enabled=true -jar ${{SPRING4_BOOT_DIR}}/target/springboot4.jar","updateVersion":"${{config.springboot4.version}}","buildCmd":"./mvnw clean package -DskipTests -Dspring.threads.virtual.enabled=true","name":"spring4-virtual","type":"jvm","dir":"${{SPRING4_BOOT_DIR}}","logFileStartedRegex":".*Started SpringBoot4Application in.+seconds.*"},{"updateScript":"update-spring-boot-version","runCmd":"${{BASE_JAVA_CMD}} -Dspring.aot.enabled=true -jar ${{SPRING4_BOOT_DIR}}/target/springboot4.jar","updateVersion":"${{config.springboot4.version}}","buildCmd":"./mvnw clean compile spring-boot:process-aot package -DskipTests","name":"spring4-jvm-aot","type":"jvm","dir":"${{SPRING4_BOOT_DIR}}","logFileStartedRegex":".*Started SpringBoot4Application in.+seconds.*"},{"updateScript":"update-spring-boot-version","runCmd":"${{APP_CMD_PREFIX}} ${{SPRING4_BOOT_DIR}}/target/springboot4 ${{config.jvm.memory}}","updateVersion":"${{config.springboot4.version}}","buildCmd":"./mvnw clean -Pnative -DskipTests native:compile package ${{config.springboot4.native_build_options}}","name":"spring4-native","type":"native","dir":"${{SPRING4_BOOT_DIR}}","logFileStartedRegex":".*Started SpringBoot4Application in.+seconds.*"}]

20:47:34,261 [ test-runner:setup-807 @ target-host ] setup
20:47:34,376 [ test-runner:setup-807 @ target-host ] start-env:
20:47:34,376 [ test-runner:setup-807 @ target-host ] script-cmd: update-state
20:47:34,377 [ test-runner:setup-807 @ target-host ] update-state
20:47:34,780 [ test-runner:setup-807 @ target-host ] echo $(realpath ~)
/home/zakkak
20:47:34,781 [ test-runner:setup-807 @ target-host ] set-state: RUN.BASE_DIR /home/zakkak
20:47:34,782 [ test-runner:setup-807 @ target-host ] set-state: RUN.REPO_DIR /home/zakkak/spring-quarkus-perf-comparison
20:47:34,783 [ test-runner:setup-807 @ target-host ] set-state: RUN.PROJ_REPO_DIR /home/zakkak/spring-quarkus-perf-comparison/spring-quarkus-perf-comparison
20:47:34,784 [ test-runner:setup-807 @ target-host ] set-state: RUN.SCRIPTS_DIR /home/zakkak/spring-quarkus-perf-comparison/spring-quarkus-perf-comparison/scripts/perf-lab
20:47:34,784 [ test-runner:setup-807 @ target-host ] set-state: RUN.HELPER_SCRIPTS_DIR /home/zakkak/spring-quarkus-perf-comparison/spring-quarkus-perf-comparison/scripts/perf-lab/scripts
20:47:34,785 [ test-runner:setup-807 @ target-host ] set-state: RUN.SPRING3_BOOT_DIR /home/zakkak/spring-quarkus-perf-comparison/spring-quarkus-perf-comparison/springboot3
20:47:34,786 [ test-runner:setup-807 @ target-host ] set-state: RUN.SPRING4_BOOT_DIR /home/zakkak/spring-quarkus-perf-comparison/spring-quarkus-perf-comparison/springboot4
20:47:34,787 [ test-runner:setup-807 @ target-host ] set-state: RUN.QUARKUS3_DIR /home/zakkak/spring-quarkus-perf-comparison/spring-quarkus-perf-comparison/quarkus3
20:47:34,787 [ test-runner:setup-807 @ target-host ] set-state: RUN.QUARKUS3_VIRTUAL_DIR /home/zakkak/spring-quarkus-perf-comparison/spring-quarkus-perf-comparison/quarkus3-virtual
20:47:34,788 [ test-runner:setup-807 @ target-host ] set-state: RUN.ASYNC_PROFILER_DIR /home/zakkak/async-profiler
20:47:34,788 [ test-runner:setup-807 @ target-host ] script-cmd: detect-os
20:47:34,788 [ test-runner:setup-807 @ target-host ] detect-os
20:47:35,192 [ test-runner:setup-807 @ target-host ] uname -a
Linux blanc 6.18.16-200.fc43.x86_64 #1 SMP PREEMPT_DYNAMIC Wed Mar  4 19:13:32 UTC 2026 x86_64 GNU/Linux
20:47:35,193 [ test-runner:setup-807 @ target-host ] regex: .*Linux.*
20:47:35,193 [ test-runner:setup-807 @ target-host ] set-state: RUN.os linux
20:47:35,193 [ test-runner:setup-807 @ target-host ] script-cmd: capture-system-info
20:47:35,193 [ test-runner:setup-807 @ target-host ] capture-system-info
20:47:35,194 [ test-runner:setup-807 @ target-host ] script-cmd: capture-system-info-${{os}}
20:47:35,194 [ test-runner:setup-807 @ target-host ] capture-system-info-linux
20:47:35,598 [ test-runner:setup-807 @ target-host ] grep '^PRETTY_NAME=' /etc/os-release | cut -d= -f2 | tr -d '"'
Fedora Linux 43 (Workstation Edition)
20:47:35,598 [ test-runner:setup-807 @ target-host ] set-state: RUN.env.host.os Fedora Linux 43 (Workstation Edition)
20:47:36,010 [ test-runner:setup-807 @ target-host ] cat /sys/class/dmi/id/sys_vendor /sys/class/dmi/id/product_name 2>/dev/null | paste -sd ' ' || echo 'Unknown'
ASUS System Product Name
20:47:36,010 [ test-runner:setup-807 @ target-host ] set-state: RUN.env.host.type ASUS System Product Name
20:47:36,413 [ test-runner:setup-807 @ target-host ] uname -r
6.18.16-200.fc43.x86_64
20:47:36,413 [ test-runner:setup-807 @ target-host ] set-state: RUN.env.host.kernel 6.18.16-200.fc43.x86_64
20:47:36,838 [ test-runner:setup-807 @ target-host ] lscpu | awk -F: '/^Model name:/ {model=$2} /^CPU\(s):/ {cpus=$2} END {gsub(/^[ \t]+|[ \t]+$/, "", model); gsub(/^[ \t]+|[ \t]+$/, "", cpus); print model " (" cpus " cpus)"}'

AMD Ryzen 9 7950X 16-Core Processor (32 cpus)
20:47:36,839 [ test-runner:setup-807 @ target-host ] set-state: RUN.env.host.cpu AMD Ryzen 9 7950X 16-Core Processor (32 cpus)
20:47:37,275 [ test-runner:setup-807 @ target-host ] lspci | grep -iE 'vga|3d|display' | sed 's/.*: //; s/ (rev.*)$//' | head -n1
Advanced Micro Devices, Inc. [AMD/ATI] Raphael
20:47:37,276 [ test-runner:setup-807 @ target-host ] set-state: RUN.env.host.gpu Advanced Micro Devices, Inc. [AMD/ATI] Raphael
20:47:37,688 [ test-runner:setup-807 @ target-host ] free -h | grep '^Mem:' | awk '{print $2}'
61Gi
20:47:37,688 [ test-runner:setup-807 @ target-host ] set-state: RUN.env.host.memory 61Gi
20:47:37,689 [ test-runner:setup-807 @ target-host ] script-cmd: config-env
20:47:37,689 [ test-runner:setup-807 @ target-host ] config-env
20:47:37,689 [ test-runner:setup-807 @ target-host ] script-cmd: sudo
20:47:37,689 [ test-runner:setup-807 @ target-host ] sudo
20:47:37,690 [ test-runner:setup-807 @ target-host ] script-cmd: sudo-${{os}}
20:47:37,690 [ test-runner:setup-807 @ target-host ] sudo-linux
20:47:38,140 [ test-runner:setup-807 @ target-host ] sudo rm -Rf /home/zakkak/spring-quarkus-perf-comparison/logs
]3008;start=68bd67f899b64575951be5457c98b9cc;user=zakkak;hostname=blanc;machineid=f469a615e9ef4e81b7d5be080a5de373;bootid=0e917e08584a49cb891ef04366e00ace;pid=365975;pidfdid=365976;comm=sudo;targetuser=root;sessionid=c340;type=session\]3008;end=68bd67f899b64575951be5457c98b9cc\
20:47:38,543 [ test-runner:setup-807 @ target-host ] mkdir -p /home/zakkak/spring-quarkus-perf-comparison/logs
20:47:38,544 [ test-runner:setup-807 @ target-host ] script-cmd: ensure-requirements
20:47:38,544 [ test-runner:setup-807 @ target-host ] ensure-requirements
20:47:38,544 [ test-runner:setup-807 @ target-host ] script-cmd: ensure-graalvm
20:47:38,544 [ test-runner:setup-807 @ target-host ] ensure-graalvm
20:47:38,545 [ test-runner:setup-807 @ target-host ] read-state: /home/zakkak/code/graal-oracle/sdk/latest_graalvm_home
20:47:38,545 [ test-runner:setup-807 @ target-host ] 
20:47:38,546 [ test-runner:setup-807 @ target-host ] Using locally installed GraalVM from /home/zakkak/code/graal-oracle/sdk/latest_graalvm_home
20:47:38,949 [ test-runner:setup-807 @ target-host ] export GRAALVM_HOME=/home/zakkak/code/graal-oracle/sdk/latest_graalvm_home
20:47:39,361 [ test-runner:setup-807 @ target-host ] test -d "$GRAALVM_HOME"
20:47:39,361 [ test-runner:setup-807 @ target-host ] regex: .*
20:47:39,773 [ test-runner:setup-807 @ target-host ] test -x "$GRAALVM_HOME/bin/native-image"
20:47:39,773 [ test-runner:setup-807 @ target-host ] regex: .*
20:47:39,773 [ test-runner:setup-807 @ target-host ] Showing GraalVM version
20:47:40,284 [ test-runner:setup-807 @ target-host ] $GRAALVM_HOME/bin/java -version
openjdk version "25.0.1" 2025-10-21
OpenJDK Runtime Environment GraalVM CE 25.1.0-dev+8.1 (build 25.0.1+8-jvmci-25.1-b14)
OpenJDK 64-Bit Server VM GraalVM CE 25.1.0-dev+8.1 (build 25.0.1+8-jvmci-25.1-b14, mixed mode, sharing)
20:47:40,285 [ test-runner:setup-807 @ target-host ] script-cmd: ensure-java
20:47:40,285 [ test-runner:setup-807 @ target-host ] ensure-java
20:47:40,286 [ test-runner:setup-807 @ target-host ] read-state: /home/zakkak/jvms/jdk-21.0.9+10
20:47:40,286 [ test-runner:setup-807 @ target-host ] 
20:47:40,286 [ test-runner:setup-807 @ target-host ] Using locally installed Java from /home/zakkak/jvms/jdk-21.0.9+10
20:47:40,689 [ test-runner:setup-807 @ target-host ] export JAVA_HOME=/home/zakkak/jvms/jdk-21.0.9+10
20:47:41,091 [ test-runner:setup-807 @ target-host ] export PATH=$JAVA_HOME/bin:$PATH
20:47:41,493 [ test-runner:setup-807 @ target-host ] test -d "$JAVA_HOME"
20:47:41,493 [ test-runner:setup-807 @ target-host ] regex: .*
20:47:41,895 [ test-runner:setup-807 @ target-host ] test -x "$JAVA_HOME/bin/java"
20:47:41,895 [ test-runner:setup-807 @ target-host ] regex: .*
20:47:41,895 [ test-runner:setup-807 @ target-host ] Showing Java version
20:47:42,318 [ test-runner:setup-807 @ target-host ] java -version
openjdk version "21.0.9" 2025-10-21 LTS
OpenJDK Runtime Environment Temurin-21.0.9+10 (build 21.0.9+10-LTS)
OpenJDK 64-Bit Server VM Temurin-21.0.9+10 (build 21.0.9+10-LTS, mixed mode, sharing)
20:47:42,318 [ test-runner:setup-807 @ target-host ] script-cmd: ensure-git
20:47:42,318 [ test-runner:setup-807 @ target-host ] ensure-git
20:47:42,319 [ test-runner:setup-807 @ target-host ] script-cmd: ensure-git-${{os}}
20:47:42,319 [ test-runner:setup-807 @ target-host ] ensure-git-linux
20:47:42,319 [ test-runner:setup-807 @ target-host ] script-cmd: check-and-install-package
20:47:42,319 [ test-runner:setup-807 @ target-host ] check-and-install-package
20:47:42,724 [ test-runner:setup-807 @ target-host ] which git
/usr/bin/git
20:47:42,725 [ test-runner:setup-807 @ target-host ] script-cmd: ensure-gcc
20:47:42,725 [ test-runner:setup-807 @ target-host ] ensure-gcc
20:47:42,725 [ test-runner:setup-807 @ target-host ] script-cmd: ensure-gcc-${{os}}
20:47:42,725 [ test-runner:setup-807 @ target-host ] ensure-gcc-linux
20:47:42,725 [ test-runner:setup-807 @ target-host ] script-cmd: check-and-install-package
20:47:42,726 [ test-runner:setup-807 @ target-host ] check-and-install-package
20:47:43,138 [ test-runner:setup-807 @ target-host ] which gcc
/usr/bin/gcc
20:47:43,139 [ test-runner:setup-807 @ target-host ] script-cmd: ensure-jbang
20:47:43,139 [ test-runner:setup-807 @ target-host ] ensure-jbang
20:47:43,139 [ test-runner:setup-807 @ target-host ] script-cmd: ensure-jbang-${{os}}
20:47:43,139 [ test-runner:setup-807 @ target-host ] ensure-jbang-linux
20:47:43,543 [ test-runner:setup-807 @ target-host ] which jbang
~/.sdkman/candidates/jbang/current/bin/jbang
20:47:43,544 [ test-runner:setup-807 @ target-host ] script-cmd: ensure-jvm-opts
20:47:43,544 [ test-runner:setup-807 @ target-host ] ensure-jvm-opts
20:47:43,544 [ test-runner:setup-807 @ target-host ] read-state: config.profiler.name
20:47:43,544 [ test-runner:setup-807 @ target-host ] script-cmd: clone-repo
20:47:43,545 [ test-runner:setup-807 @ target-host ] clone-repo
20:47:43,545 [ test-runner:setup-807 @ target-host ] script-cmd: sudo
20:47:43,545 [ test-runner:setup-807 @ target-host ] sudo
20:47:43,545 [ test-runner:setup-807 @ target-host ] script-cmd: sudo-${{os}}
20:47:43,546 [ test-runner:setup-807 @ target-host ] sudo-linux
20:47:43,994 [ test-runner:setup-807 @ target-host ] sudo rm -Rf /home/zakkak/spring-quarkus-perf-comparison/logs
]3008;start=53b7fe2e05e74663a2175880b0dd66d6;user=zakkak;hostname=blanc;machineid=f469a615e9ef4e81b7d5be080a5de373;bootid=0e917e08584a49cb891ef04366e00ace;pid=366079;pidfdid=366080;comm=sudo;targetuser=root;sessionid=c341;type=session\]3008;end=53b7fe2e05e74663a2175880b0dd66d6\
20:47:44,398 [ test-runner:setup-807 @ target-host ] mkdir -p /home/zakkak/spring-quarkus-perf-comparison/logs
20:47:44,800 [ test-runner:setup-807 @ target-host ] cd /home/zakkak/spring-quarkus-perf-comparison
20:47:44,800 [ test-runner:setup-807 @ target-host ] Cloning project repo main@https://github.com/quarkusio/spring-quarkus-perf-comparison.git
20:47:45,217 [ test-runner:setup-807 @ target-host ] git clone -b main https://github.com/quarkusio/spring-quarkus-perf-comparison.git
fatal: destination path 'spring-quarkus-perf-comparison' already exists and is not an empty directory.
20:47:45,619 [ test-runner:setup-807 @ target-host ] cd spring-quarkus-perf-comparison
20:47:45,619 [ test-runner:setup-807 @ target-host ] Checked out repo
20:47:46,024 [ test-runner:setup-807 @ target-host ] git remote get-url origin
https://github.com/quarkusio/spring-quarkus-perf-comparison.git
20:47:46,428 [ test-runner:setup-807 @ target-host ] git branch --show-current
main
20:47:46,428 [ test-runner:setup-807 @ target-host ] script-cmd: capture-repo-info
20:47:46,429 [ test-runner:setup-807 @ target-host ] capture-repo-info
20:47:46,831 [ test-runner:setup-807 @ target-host ] cd /home/zakkak/spring-quarkus-perf-comparison/spring-quarkus-perf-comparison
20:47:47,235 [ test-runner:setup-807 @ target-host ] git rev-parse HEAD
14e9ae9b8bc5ec009f5c1108ca2171ce3867ffb2
20:47:47,235 [ test-runner:setup-807 @ target-host ] set-state: RUN.config.repo.commit 14e9ae9b8bc5ec009f5c1108ca2171ce3867ffb2
20:47:47,639 [ test-runner:setup-807 @ target-host ] git rev-parse --short HEAD
14e9ae9
20:47:47,639 [ test-runner:setup-807 @ target-host ] set-state: RUN.config.repo.short_commit 14e9ae9
20:47:47,640 [ test-runner:setup-807 @ target-host ] read-state: tuned
20:47:47,640 [ test-runner:setup-807 @ target-host ] 
20:47:47,640 [ test-runner:setup-807 @ target-host ] regex: tuned
20:47:47,640 [ test-runner:setup-807 @ target-host ] set-state: RUN.config.repo.scenarioName Tuned
20:47:47,640 [ test-runner:setup-807 @ target-host ] script-cmd: stop-test-services
20:47:47,641 [ test-runner:setup-807 @ target-host ] stop-test-services
20:47:48,069 [ test-runner:setup-807 @ target-host ] /home/zakkak/spring-quarkus-perf-comparison/spring-quarkus-perf-comparison/scripts/infra.sh -d
Using podman to stop containers
-----------------------------------------
[03/11/2026 20:47:47]: Stopping services
-----------------------------------------
Stopping PostgreSQL database 'fruits_db'
Error: no container with name or ID "fruits_db" found: no such container
20:47:48,069 [ test-runner:setup-807 @ target-host ] script-cmd: start-timestamp
20:47:48,069 [ test-runner:setup-807 @ target-host ] start-timestamp
20:47:48,472 [ test-runner:setup-807 @ target-host ] date -u +%FT%TZ
2026-03-11T18:47:48Z
20:47:48,472 [ test-runner:setup-807 @ target-host ] set-state: RUN.output.timing.start 2026-03-11T18:47:48Z
20:47:48,579 [ test-runner:setup-807 @ target-host ] stop-env: export PATH="/home/zakkak/jvms/jdk-21.0.9+10/bin:/home/zakkak/.jbang/bin:/home/zakkak/.local/bin:/home/zakkak/bin:/home/zakkak/.npm-global/bin:/home/zakkak/.jbang/bin:/home/zakkak/.sdkman/candidates/quarkus/current/bin:/home/zakkak/.sdkman/candidates/maven/current/bin:/home/zakkak/.sdkman/candidates/jreleaser/current/bin:/home/zakkak/.sdkman/candidates/jbang/current/bin:/home/zakkak/.sdkman/candidates/java/current/bin:/home/zakkak/.sdkman/candidates/gradle/current/bin:/home/zakkak/.local/share/JetBrains/Toolbox/apps/intellij-idea-ultimate/bin:/home/zakkak/bin:/home/zakkak/.local/bin:/home/zakkak/.cargo/bin:/usr/local/bin:/usr/bin"  JAVA_HOME="/home/zakkak/jvms/jdk-21.0.9+10"  GRAALVM_HOME="/home/zakkak/code/graal-oracle/sdk/latest_graalvm_home"
20:47:48,961 [ test-runner:run-tests-983 @ target-host ] script-cmd: run-tests
20:47:48,961 [ test-runner:run-tests-983 @ target-host ] run-tests
20:47:49,383 [ test-runner:run-tests-983 @ target-host ] java -version
openjdk version "21.0.9" 2025-10-21 LTS
OpenJDK Runtime Environment Temurin-21.0.9+10 (build 21.0.9+10-LTS)
OpenJDK 64-Bit Server VM Temurin-21.0.9+10 (build 21.0.9+10-LTS, mixed mode, sharing)
20:47:49,785 [ test-runner:run-tests-983 @ target-host ] echo $$
366165
20:47:49,785 [ test-runner:run-tests-983 @ target-host ] set-state: RUN.SHELL_PID 366165
20:47:50,245 [ test-runner:run-tests-983 @ target-host ] for-each: RUNTIME = quarkus3-native
20:47:50,251 [ test-runner:run-tests-983 @ target-host ] set-state: RUNTIMECMD {"updateScript":"update-quarkus-version","runCmd":"taskset --cpu-list 0-3 /home/zakkak/spring-quarkus-perf-comparison/spring-quarkus-perf-comparison/quarkus3/target/quarkus3-runner ","updateVersion":"999-SNAPSHOT","buildCmd":"./mvnw  clean package -DskipTests -Pnative -Dquarkus.native.additional-build-args-append=--future-defaults=run-time-initialize-resource-bundles","name":"quarkus3-native","type":"native","dir":"/home/zakkak/spring-quarkus-perf-comparison/spring-quarkus-perf-comparison/quarkus3","logFileStartedRegex":".*quarkus3.+started in.*"}
20:47:50,251 [ test-runner:run-tests-983 @ target-host ] Updating version: 999-SNAPSHOT
20:47:50,251 [ test-runner:run-tests-983 @ target-host ] script-cmd: ${{RUNTIMECMD.updateScript:abort-script-not-found}}
20:47:50,251 [ test-runner:run-tests-983 @ target-host ] update-quarkus-version
20:47:50,252 [ test-runner:run-tests-983 @ target-host ] script-cmd: check-dependency-exists
20:47:50,252 [ test-runner:run-tests-983 @ target-host ] check-dependency-exists
20:47:50,654 [ test-runner:run-tests-983 @ target-host ] cd /home/zakkak/spring-quarkus-perf-comparison/spring-quarkus-perf-comparison/quarkus3
20:47:52,882 [ test-runner:run-tests-983 @ target-host ] ./mvnw dependency:get -Dartifact=io.quarkus:quarkus-bom:999-SNAPSHOT -Dpackaging=pom
[INFO] Scanning for projects...
[WARNING] Quarkus Maven extension: an explicit 'argLine' is defined in maven-surefire-plugin config, but does not contain '@{argLine}': we will not be able to inject JVM parameters automatically. Please add '@{argLine}' to the argLine configuration you have defined.
[INFO] 
[INFO] -------------------------< org.acme:quarkus3 >--------------------------
[INFO] Building quarkus3 1.0
[INFO]   from pom.xml
[INFO] ------------------------------[ quarkus ]-------------------------------
[INFO] 
[INFO] --- dependency:3.7.0:get (default-cli) @ quarkus3 ---
[INFO] Resolving io.quarkus:quarkus-bom:pom:999-SNAPSHOT with transitive dependencies
[INFO] ------------------------------------------------------------------------
[INFO] BUILD SUCCESS
[INFO] ------------------------------------------------------------------------
[INFO] Total time:  1.086 s
[INFO] Finished at: 2026-03-11T20:47:52+02:00
[INFO] ------------------------------------------------------------------------
20:47:52,883 [ test-runner:run-tests-983 @ target-host ] 
20:47:52,883 [ test-runner:run-tests-983 @ target-host ] Artifact io.quarkus:quarkus-bom:999-SNAPSHOT is available in maven central
20:47:54,895 [ test-runner:run-tests-983 @ target-host ] ./mvnw versions:set-property -Dproperty=quarkus.platform.version -DnewVersion=999-SNAPSHOT
[INFO] Scanning for projects...
[WARNING] Quarkus Maven extension: an explicit 'argLine' is defined in maven-surefire-plugin config, but does not contain '@{argLine}': we will not be able to inject JVM parameters automatically. Please add '@{argLine}' to the argLine configuration you have defined.
[INFO] 
[INFO] -------------------------< org.acme:quarkus3 >--------------------------
[INFO] Building quarkus3 1.0
[INFO]   from pom.xml
[INFO] ------------------------------[ quarkus ]-------------------------------
[INFO] 
[INFO] --- versions:2.21.0:set-property (default-cli) @ quarkus3 ---
[INFO] ------------------------------------------------------------------------
[INFO] BUILD SUCCESS
[INFO] ------------------------------------------------------------------------
[INFO] Total time:  0.944 s
[INFO] Finished at: 2026-03-11T20:47:54+02:00
[INFO] ------------------------------------------------------------------------
20:47:54,895 [ test-runner:run-tests-983 @ target-host ] Testing: quarkus3-native
20:47:54,904 [ test-runner:run-tests-983 @ target-host ] for-each: TEST = measure-build-times
20:47:54,904 [ test-runner:run-tests-983 @ target-host ] script-cmd: ${{TEST}}
20:47:54,905 [ test-runner:run-tests-983 @ target-host ] measure-build-times
20:47:54,905 [ test-runner:run-tests-983 @ target-host ] Build times
20:47:55,306 [ test-runner:run-tests-983 @ target-host ] cd /home/zakkak/spring-quarkus-perf-comparison/spring-quarkus-perf-comparison/quarkus3
20:47:55,307 [ test-runner:run-tests-983 @ target-host ] JVM version
20:47:55,730 [ test-runner:run-tests-983 @ target-host ] java -version
openjdk version "21.0.9" 2025-10-21 LTS
OpenJDK Runtime Environment Temurin-21.0.9+10 (build 21.0.9+10-LTS)
OpenJDK 64-Bit Server VM Temurin-21.0.9+10 (build 21.0.9+10-LTS, mixed mode, sharing)
20:47:55,730 [ test-runner:run-tests-983 @ target-host ] Graal VM Version
20:47:56,172 [ test-runner:run-tests-983 @ target-host ] $GRAALVM_HOME/bin/java -version
openjdk version "25.0.1" 2025-10-21
OpenJDK Runtime Environment GraalVM CE 25.1.0-dev+8.1 (build 25.0.1+8-jvmci-25.1-b14)
OpenJDK 64-Bit Server VM GraalVM CE 25.1.0-dev+8.1 (build 25.0.1+8-jvmci-25.1-b14, mixed mode, sharing)
20:47:56,173 [ test-runner:run-tests-983 @ target-host ] set-state: TYPE native
20:47:56,641 [ test-runner:run-tests-983 @ target-host ] for-each: ITERATION = 0
20:47:56,642 [ test-runner:run-tests-983 @ target-host ] queue-download: ${{REPO_DIR}}/logs/build-times-${{RUNTIME.name}}-${{ITERATION}}.log=/home/zakkak/spring-quarkus-perf-comparison/logs/build-times-quarkus3-native-0.log ../../20260311/run-time-initialize-resource-bundles/target-host/
20:47:56,642 [ test-runner:run-tests-983 @ target-host ] script-cmd: sync-drop-fs-cache
20:47:56,642 [ test-runner:run-tests-983 @ target-host ] sync-drop-fs-cache
20:47:56,643 [ test-runner:run-tests-983 @ target-host ] read-state: true
20:47:56,643 [ test-runner:run-tests-983 @ target-host ] regex: true
20:47:57,086 [ test-runner:run-tests-983 @ target-host ] sync
20:47:57,086 [ test-runner:run-tests-983 @ target-host ] script-cmd: sync-drop-fs-cache-${{os}}
20:47:57,086 [ test-runner:run-tests-983 @ target-host ] sync-drop-fs-cache-linux
20:47:57,086 [ test-runner:run-tests-983 @ target-host ] script-cmd: sudo
20:47:57,087 [ test-runner:run-tests-983 @ target-host ] sudo
20:47:57,087 [ test-runner:run-tests-983 @ target-host ] script-cmd: sudo-${{os}}
20:47:57,087 [ test-runner:run-tests-983 @ target-host ] sudo-linux
20:47:57,870 [ test-runner:run-tests-983 @ target-host ] sudo sh -c "echo 3 > /proc/sys/vm/drop_caches"
]3008;start=19331e25d5b6476497dd1f0d4bbde6bc;user=zakkak;hostname=blanc;machineid=f469a615e9ef4e81b7d5be080a5de373;bootid=0e917e08584a49cb891ef04366e00ace;pid=366761;pidfdid=366762;comm=sudo;targetuser=root;sessionid=c342;type=session\]3008;end=19331e25d5b6476497dd1f0d4bbde6bc\
20:48:43,008 [ test-runner:run-tests-983 @ target-host ] /usr/bin/time -p ./mvnw  clean package -DskipTests -Pnative -Dquarkus.native.additional-build-args-append=--future-defaults=run-time-initialize-resource-bundles 2>&1 >/home/zakkak/spring-quarkus-perf-comparison/logs/build-times-quarkus3-native-0.log | grep real | awk '{print $2}'
44.72
20:48:43,009 [ test-runner:run-tests-983 @ target-host ] set-state: BUILD_TIME 44.72
20:48:43,009 [ test-runner:run-tests-983 @ target-host ] script-cmd: state-array-push
20:48:43,009 [ test-runner:run-tests-983 @ target-host ] state-array-push
20:48:43,275 [ test-runner:run-tests-983 @ target-host ] set-state: RUN.output.results.quarkus3-native.build.timings [44.72]
20:48:43,276 [ test-runner:run-tests-983 @ target-host ] read-state: native
20:48:43,276 [ test-runner:run-tests-983 @ target-host ] regex: native
20:48:43,685 [ test-runner:run-tests-983 @ target-host ] sed -n 's/.*Peak RSS: \([0-9.]*\)\(GB\|GiB\).*/\1/p' /home/zakkak/spring-quarkus-perf-comparison/logs/build-times-quarkus3-native-0.log
4.70
20:48:43,685 [ test-runner:run-tests-983 @ target-host ] set-state: NATIVE_BUILD_RSS 4.70
20:48:43,686 [ test-runner:run-tests-983 @ target-host ] script-cmd: state-array-push
20:48:43,686 [ test-runner:run-tests-983 @ target-host ] state-array-push
20:48:43,885 [ test-runner:run-tests-983 @ target-host ] set-state: RUN.output.results.quarkus3-native.build.native.rss [4.7]
20:48:43,988 [ test-runner:run-tests-983 @ target-host ] for-each: ITERATION = 1
20:48:43,989 [ test-runner:run-tests-983 @ target-host ] queue-download: ${{REPO_DIR}}/logs/build-times-${{RUNTIME.name}}-${{ITERATION}}.log=/home/zakkak/spring-quarkus-perf-comparison/logs/build-times-quarkus3-native-1.log ../../20260311/run-time-initialize-resource-bundles/target-host/
20:48:43,989 [ test-runner:run-tests-983 @ target-host ] script-cmd: sync-drop-fs-cache
20:48:43,989 [ test-runner:run-tests-983 @ target-host ] sync-drop-fs-cache
20:48:43,989 [ test-runner:run-tests-983 @ target-host ] read-state: true
20:48:43,989 [ test-runner:run-tests-983 @ target-host ] regex: true
20:48:44,551 [ test-runner:run-tests-983 @ target-host ] sync
20:48:44,552 [ test-runner:run-tests-983 @ target-host ] script-cmd: sync-drop-fs-cache-${{os}}
20:48:44,552 [ test-runner:run-tests-983 @ target-host ] sync-drop-fs-cache-linux
20:48:44,552 [ test-runner:run-tests-983 @ target-host ] script-cmd: sudo
20:48:44,552 [ test-runner:run-tests-983 @ target-host ] sudo
20:48:44,552 [ test-runner:run-tests-983 @ target-host ] script-cmd: sudo-${{os}}
20:48:44,553 [ test-runner:run-tests-983 @ target-host ] sudo-linux
20:48:45,377 [ test-runner:run-tests-983 @ target-host ] sudo sh -c "echo 3 > /proc/sys/vm/drop_caches"
]3008;start=ba9087d28b55450aa80b60b74931a8b3;user=zakkak;hostname=blanc;machineid=f469a615e9ef4e81b7d5be080a5de373;bootid=0e917e08584a49cb891ef04366e00ace;pid=367435;pidfdid=367436;comm=sudo;targetuser=root;sessionid=c343;type=session\]3008;end=ba9087d28b55450aa80b60b74931a8b3\
20:49:31,391 [ test-runner:run-tests-983 @ target-host ] /usr/bin/time -p ./mvnw  clean package -DskipTests -Pnative -Dquarkus.native.additional-build-args-append=--future-defaults=run-time-initialize-resource-bundles 2>&1 >/home/zakkak/spring-quarkus-perf-comparison/logs/build-times-quarkus3-native-1.log | grep real | awk '{print $2}'
45.59
20:49:31,391 [ test-runner:run-tests-983 @ target-host ] set-state: BUILD_TIME 45.59
20:49:31,391 [ test-runner:run-tests-983 @ target-host ] script-cmd: state-array-push
20:49:31,391 [ test-runner:run-tests-983 @ target-host ] state-array-push
20:49:31,460 [ test-runner:run-tests-983 @ target-host ] set-state: RUN.output.results.quarkus3-native.build.timings [44.72,45.59]
20:49:31,461 [ test-runner:run-tests-983 @ target-host ] read-state: native
20:49:31,461 [ test-runner:run-tests-983 @ target-host ] regex: native
20:49:31,865 [ test-runner:run-tests-983 @ target-host ] sed -n 's/.*Peak RSS: \([0-9.]*\)\(GB\|GiB\).*/\1/p' /home/zakkak/spring-quarkus-perf-comparison/logs/build-times-quarkus3-native-1.log
4.52
20:49:31,865 [ test-runner:run-tests-983 @ target-host ] set-state: NATIVE_BUILD_RSS 4.52
20:49:31,865 [ test-runner:run-tests-983 @ target-host ] script-cmd: state-array-push
20:49:31,866 [ test-runner:run-tests-983 @ target-host ] state-array-push
20:49:31,917 [ test-runner:run-tests-983 @ target-host ] set-state: RUN.output.results.quarkus3-native.build.native.rss [4.7,4.52]
20:49:32,002 [ test-runner:run-tests-983 @ target-host ] for-each: ITERATION = 2
20:49:32,003 [ test-runner:run-tests-983 @ target-host ] queue-download: ${{REPO_DIR}}/logs/build-times-${{RUNTIME.name}}-${{ITERATION}}.log=/home/zakkak/spring-quarkus-perf-comparison/logs/build-times-quarkus3-native-2.log ../../20260311/run-time-initialize-resource-bundles/target-host/
20:49:32,003 [ test-runner:run-tests-983 @ target-host ] script-cmd: sync-drop-fs-cache
20:49:32,003 [ test-runner:run-tests-983 @ target-host ] sync-drop-fs-cache
20:49:32,003 [ test-runner:run-tests-983 @ target-host ] read-state: true
20:49:32,003 [ test-runner:run-tests-983 @ target-host ] regex: true
20:49:32,547 [ test-runner:run-tests-983 @ target-host ] sync
20:49:32,547 [ test-runner:run-tests-983 @ target-host ] script-cmd: sync-drop-fs-cache-${{os}}
20:49:32,547 [ test-runner:run-tests-983 @ target-host ] sync-drop-fs-cache-linux
20:49:32,547 [ test-runner:run-tests-983 @ target-host ] script-cmd: sudo
20:49:32,548 [ test-runner:run-tests-983 @ target-host ] sudo
20:49:32,548 [ test-runner:run-tests-983 @ target-host ] script-cmd: sudo-${{os}}
20:49:32,548 [ test-runner:run-tests-983 @ target-host ] sudo-linux
20:49:33,368 [ test-runner:run-tests-983 @ target-host ] sudo sh -c "echo 3 > /proc/sys/vm/drop_caches"
]3008;start=58597186605d41ea8edfec25f39b9b23;user=zakkak;hostname=blanc;machineid=f469a615e9ef4e81b7d5be080a5de373;bootid=0e917e08584a49cb891ef04366e00ace;pid=368031;pidfdid=368032;comm=sudo;targetuser=root;sessionid=c344;type=session\]3008;end=58597186605d41ea8edfec25f39b9b23\
20:50:18,313 [ test-runner:run-tests-983 @ target-host ] /usr/bin/time -p ./mvnw  clean package -DskipTests -Pnative -Dquarkus.native.additional-build-args-append=--future-defaults=run-time-initialize-resource-bundles 2>&1 >/home/zakkak/spring-quarkus-perf-comparison/logs/build-times-quarkus3-native-2.log | grep real | awk '{print $2}'
44.53
20:50:18,313 [ test-runner:run-tests-983 @ target-host ] set-state: BUILD_TIME 44.53
20:50:18,314 [ test-runner:run-tests-983 @ target-host ] script-cmd: state-array-push
20:50:18,314 [ test-runner:run-tests-983 @ target-host ] state-array-push
20:50:18,370 [ test-runner:run-tests-983 @ target-host ] set-state: RUN.output.results.quarkus3-native.build.timings [44.72,45.59,44.53]
20:50:18,370 [ test-runner:run-tests-983 @ target-host ] read-state: native
20:50:18,370 [ test-runner:run-tests-983 @ target-host ] regex: native
20:50:18,774 [ test-runner:run-tests-983 @ target-host ] sed -n 's/.*Peak RSS: \([0-9.]*\)\(GB\|GiB\).*/\1/p' /home/zakkak/spring-quarkus-perf-comparison/logs/build-times-quarkus3-native-2.log
4.97
20:50:18,775 [ test-runner:run-tests-983 @ target-host ] set-state: NATIVE_BUILD_RSS 4.97
20:50:18,775 [ test-runner:run-tests-983 @ target-host ] script-cmd: state-array-push
20:50:18,775 [ test-runner:run-tests-983 @ target-host ] state-array-push
20:50:18,826 [ test-runner:run-tests-983 @ target-host ] set-state: RUN.output.results.quarkus3-native.build.native.rss [4.7,4.52,4.97]
20:50:18,910 [ test-runner:run-tests-983 @ target-host ] for-each: ITERATION = 3
20:50:18,910 [ test-runner:run-tests-983 @ target-host ] queue-download: ${{REPO_DIR}}/logs/build-times-${{RUNTIME.name}}-${{ITERATION}}.log=/home/zakkak/spring-quarkus-perf-comparison/logs/build-times-quarkus3-native-3.log ../../20260311/run-time-initialize-resource-bundles/target-host/
20:50:18,910 [ test-runner:run-tests-983 @ target-host ] script-cmd: sync-drop-fs-cache
20:50:18,910 [ test-runner:run-tests-983 @ target-host ] sync-drop-fs-cache
20:50:18,911 [ test-runner:run-tests-983 @ target-host ] read-state: true
20:50:18,911 [ test-runner:run-tests-983 @ target-host ] regex: true
20:50:19,447 [ test-runner:run-tests-983 @ target-host ] sync
20:50:19,448 [ test-runner:run-tests-983 @ target-host ] script-cmd: sync-drop-fs-cache-${{os}}
20:50:19,448 [ test-runner:run-tests-983 @ target-host ] sync-drop-fs-cache-linux
20:50:19,448 [ test-runner:run-tests-983 @ target-host ] script-cmd: sudo
20:50:19,448 [ test-runner:run-tests-983 @ target-host ] sudo
20:50:19,448 [ test-runner:run-tests-983 @ target-host ] script-cmd: sudo-${{os}}
20:50:19,448 [ test-runner:run-tests-983 @ target-host ] sudo-linux
20:50:20,291 [ test-runner:run-tests-983 @ target-host ] sudo sh -c "echo 3 > /proc/sys/vm/drop_caches"
]3008;start=c2f1cd8236ae4a44afd7b5563e636ee1;user=zakkak;hostname=blanc;machineid=f469a615e9ef4e81b7d5be080a5de373;bootid=0e917e08584a49cb891ef04366e00ace;pid=368644;pidfdid=368645;comm=sudo;targetuser=root;sessionid=c345;type=session\]3008;end=c2f1cd8236ae4a44afd7b5563e636ee1\
20:51:05,236 [ test-runner:run-tests-983 @ target-host ] /usr/bin/time -p ./mvnw  clean package -DskipTests -Pnative -Dquarkus.native.additional-build-args-append=--future-defaults=run-time-initialize-resource-bundles 2>&1 >/home/zakkak/spring-quarkus-perf-comparison/logs/build-times-quarkus3-native-3.log | grep real | awk '{print $2}'
44.53
20:51:05,237 [ test-runner:run-tests-983 @ target-host ] set-state: BUILD_TIME 44.53
20:51:05,237 [ test-runner:run-tests-983 @ target-host ] script-cmd: state-array-push
20:51:05,237 [ test-runner:run-tests-983 @ target-host ] state-array-push
20:51:05,295 [ test-runner:run-tests-983 @ target-host ] set-state: RUN.output.results.quarkus3-native.build.timings [44.72,45.59,44.53,44.53]
20:51:05,296 [ test-runner:run-tests-983 @ target-host ] read-state: native
20:51:05,297 [ test-runner:run-tests-983 @ target-host ] regex: native
20:51:05,701 [ test-runner:run-tests-983 @ target-host ] sed -n 's/.*Peak RSS: \([0-9.]*\)\(GB\|GiB\).*/\1/p' /home/zakkak/spring-quarkus-perf-comparison/logs/build-times-quarkus3-native-3.log
4.72
20:51:05,701 [ test-runner:run-tests-983 @ target-host ] set-state: NATIVE_BUILD_RSS 4.72
20:51:05,701 [ test-runner:run-tests-983 @ target-host ] script-cmd: state-array-push
20:51:05,701 [ test-runner:run-tests-983 @ target-host ] state-array-push
20:51:05,753 [ test-runner:run-tests-983 @ target-host ] set-state: RUN.output.results.quarkus3-native.build.native.rss [4.7,4.52,4.97,4.72]
20:51:05,827 [ test-runner:run-tests-983 @ target-host ] for-each: ITERATION = 4
20:51:05,828 [ test-runner:run-tests-983 @ target-host ] queue-download: ${{REPO_DIR}}/logs/build-times-${{RUNTIME.name}}-${{ITERATION}}.log=/home/zakkak/spring-quarkus-perf-comparison/logs/build-times-quarkus3-native-4.log ../../20260311/run-time-initialize-resource-bundles/target-host/
20:51:05,828 [ test-runner:run-tests-983 @ target-host ] script-cmd: sync-drop-fs-cache
20:51:05,828 [ test-runner:run-tests-983 @ target-host ] sync-drop-fs-cache
20:51:05,828 [ test-runner:run-tests-983 @ target-host ] read-state: true
20:51:05,828 [ test-runner:run-tests-983 @ target-host ] regex: true
20:51:06,364 [ test-runner:run-tests-983 @ target-host ] sync
20:51:06,365 [ test-runner:run-tests-983 @ target-host ] script-cmd: sync-drop-fs-cache-${{os}}
20:51:06,365 [ test-runner:run-tests-983 @ target-host ] sync-drop-fs-cache-linux
20:51:06,365 [ test-runner:run-tests-983 @ target-host ] script-cmd: sudo
20:51:06,365 [ test-runner:run-tests-983 @ target-host ] sudo
20:51:06,365 [ test-runner:run-tests-983 @ target-host ] script-cmd: sudo-${{os}}
20:51:06,365 [ test-runner:run-tests-983 @ target-host ] sudo-linux
20:51:07,192 [ test-runner:run-tests-983 @ target-host ] sudo sh -c "echo 3 > /proc/sys/vm/drop_caches"
]3008;start=15d85d5e7a674701b10a4b331782c977;user=zakkak;hostname=blanc;machineid=f469a615e9ef4e81b7d5be080a5de373;bootid=0e917e08584a49cb891ef04366e00ace;pid=369258;pidfdid=369259;comm=sudo;targetuser=root;sessionid=c346;type=session\]3008;end=15d85d5e7a674701b10a4b331782c977\
20:51:51,555 [ test-runner:run-tests-983 @ target-host ] /usr/bin/time -p ./mvnw  clean package -DskipTests -Pnative -Dquarkus.native.additional-build-args-append=--future-defaults=run-time-initialize-resource-bundles 2>&1 >/home/zakkak/spring-quarkus-perf-comparison/logs/build-times-quarkus3-native-4.log | grep real | awk '{print $2}'
43.94
20:51:51,555 [ test-runner:run-tests-983 @ target-host ] set-state: BUILD_TIME 43.94
20:51:51,555 [ test-runner:run-tests-983 @ target-host ] script-cmd: state-array-push
20:51:51,555 [ test-runner:run-tests-983 @ target-host ] state-array-push
20:51:51,614 [ test-runner:run-tests-983 @ target-host ] set-state: RUN.output.results.quarkus3-native.build.timings [44.72,45.59,44.53,44.53,43.94]
20:51:51,614 [ test-runner:run-tests-983 @ target-host ] read-state: native
20:51:51,614 [ test-runner:run-tests-983 @ target-host ] regex: native
20:51:52,018 [ test-runner:run-tests-983 @ target-host ] sed -n 's/.*Peak RSS: \([0-9.]*\)\(GB\|GiB\).*/\1/p' /home/zakkak/spring-quarkus-perf-comparison/logs/build-times-quarkus3-native-4.log
4.66
20:51:52,019 [ test-runner:run-tests-983 @ target-host ] set-state: NATIVE_BUILD_RSS 4.66
20:51:52,019 [ test-runner:run-tests-983 @ target-host ] script-cmd: state-array-push
20:51:52,019 [ test-runner:run-tests-983 @ target-host ] state-array-push
20:51:52,065 [ test-runner:run-tests-983 @ target-host ] set-state: RUN.output.results.quarkus3-native.build.native.rss [4.7,4.52,4.97,4.72,4.66]
20:51:52,137 [ test-runner:run-tests-983 @ target-host ] for-each: ITERATION = 5
20:51:52,137 [ test-runner:run-tests-983 @ target-host ] queue-download: ${{REPO_DIR}}/logs/build-times-${{RUNTIME.name}}-${{ITERATION}}.log=/home/zakkak/spring-quarkus-perf-comparison/logs/build-times-quarkus3-native-5.log ../../20260311/run-time-initialize-resource-bundles/target-host/
20:51:52,137 [ test-runner:run-tests-983 @ target-host ] script-cmd: sync-drop-fs-cache
20:51:52,137 [ test-runner:run-tests-983 @ target-host ] sync-drop-fs-cache
20:51:52,138 [ test-runner:run-tests-983 @ target-host ] read-state: true
20:51:52,138 [ test-runner:run-tests-983 @ target-host ] regex: true
20:51:52,677 [ test-runner:run-tests-983 @ target-host ] sync
20:51:52,677 [ test-runner:run-tests-983 @ target-host ] script-cmd: sync-drop-fs-cache-${{os}}
20:51:52,677 [ test-runner:run-tests-983 @ target-host ] sync-drop-fs-cache-linux
20:51:52,677 [ test-runner:run-tests-983 @ target-host ] script-cmd: sudo
20:51:52,677 [ test-runner:run-tests-983 @ target-host ] sudo
20:51:52,678 [ test-runner:run-tests-983 @ target-host ] script-cmd: sudo-${{os}}
20:51:52,678 [ test-runner:run-tests-983 @ target-host ] sudo-linux
20:51:53,547 [ test-runner:run-tests-983 @ target-host ] sudo sh -c "echo 3 > /proc/sys/vm/drop_caches"
]3008;start=840c47a12e87498c9883b3237871a1d6;user=zakkak;hostname=blanc;machineid=f469a615e9ef4e81b7d5be080a5de373;bootid=0e917e08584a49cb891ef04366e00ace;pid=369854;pidfdid=369855;comm=sudo;targetuser=root;sessionid=c347;type=session\]3008;end=840c47a12e87498c9883b3237871a1d6\
20:52:39,200 [ test-runner:run-tests-983 @ target-host ] /usr/bin/time -p ./mvnw  clean package -DskipTests -Pnative -Dquarkus.native.additional-build-args-append=--future-defaults=run-time-initialize-resource-bundles 2>&1 >/home/zakkak/spring-quarkus-perf-comparison/logs/build-times-quarkus3-native-5.log | grep real | awk '{print $2}'
45.24
20:52:39,200 [ test-runner:run-tests-983 @ target-host ] set-state: BUILD_TIME 45.24
20:52:39,201 [ test-runner:run-tests-983 @ target-host ] script-cmd: state-array-push
20:52:39,201 [ test-runner:run-tests-983 @ target-host ] state-array-push
20:52:39,256 [ test-runner:run-tests-983 @ target-host ] set-state: RUN.output.results.quarkus3-native.build.timings [44.72,45.59,44.53,44.53,43.94,45.24]
20:52:39,257 [ test-runner:run-tests-983 @ target-host ] read-state: native
20:52:39,257 [ test-runner:run-tests-983 @ target-host ] regex: native
20:52:39,661 [ test-runner:run-tests-983 @ target-host ] sed -n 's/.*Peak RSS: \([0-9.]*\)\(GB\|GiB\).*/\1/p' /home/zakkak/spring-quarkus-perf-comparison/logs/build-times-quarkus3-native-5.log
4.99
20:52:39,661 [ test-runner:run-tests-983 @ target-host ] set-state: NATIVE_BUILD_RSS 4.99
20:52:39,661 [ test-runner:run-tests-983 @ target-host ] script-cmd: state-array-push
20:52:39,661 [ test-runner:run-tests-983 @ target-host ] state-array-push
20:52:39,713 [ test-runner:run-tests-983 @ target-host ] set-state: RUN.output.results.quarkus3-native.build.native.rss [4.7,4.52,4.97,4.72,4.66,4.99]
20:52:39,780 [ test-runner:run-tests-983 @ target-host ] for-each: ITERATION = 6
20:52:39,780 [ test-runner:run-tests-983 @ target-host ] queue-download: ${{REPO_DIR}}/logs/build-times-${{RUNTIME.name}}-${{ITERATION}}.log=/home/zakkak/spring-quarkus-perf-comparison/logs/build-times-quarkus3-native-6.log ../../20260311/run-time-initialize-resource-bundles/target-host/
20:52:39,780 [ test-runner:run-tests-983 @ target-host ] script-cmd: sync-drop-fs-cache
20:52:39,781 [ test-runner:run-tests-983 @ target-host ] sync-drop-fs-cache
20:52:39,782 [ test-runner:run-tests-983 @ target-host ] read-state: true
20:52:39,782 [ test-runner:run-tests-983 @ target-host ] regex: true
20:52:40,326 [ test-runner:run-tests-983 @ target-host ] sync
20:52:40,326 [ test-runner:run-tests-983 @ target-host ] script-cmd: sync-drop-fs-cache-${{os}}
20:52:40,326 [ test-runner:run-tests-983 @ target-host ] sync-drop-fs-cache-linux
20:52:40,326 [ test-runner:run-tests-983 @ target-host ] script-cmd: sudo
20:52:40,326 [ test-runner:run-tests-983 @ target-host ] sudo
20:52:40,327 [ test-runner:run-tests-983 @ target-host ] script-cmd: sudo-${{os}}
20:52:40,327 [ test-runner:run-tests-983 @ target-host ] sudo-linux
20:52:41,157 [ test-runner:run-tests-983 @ target-host ] sudo sh -c "echo 3 > /proc/sys/vm/drop_caches"
]3008;start=fce16ef07f6943e790f505da2434cf76;user=zakkak;hostname=blanc;machineid=f469a615e9ef4e81b7d5be080a5de373;bootid=0e917e08584a49cb891ef04366e00ace;pid=370484;pidfdid=370485;comm=sudo;targetuser=root;sessionid=c348;type=session\]3008;end=fce16ef07f6943e790f505da2434cf76\
20:53:26,384 [ test-runner:run-tests-983 @ target-host ] /usr/bin/time -p ./mvnw  clean package -DskipTests -Pnative -Dquarkus.native.additional-build-args-append=--future-defaults=run-time-initialize-resource-bundles 2>&1 >/home/zakkak/spring-quarkus-perf-comparison/logs/build-times-quarkus3-native-6.log | grep real | awk '{print $2}'
44.81
20:53:26,385 [ test-runner:run-tests-983 @ target-host ] set-state: BUILD_TIME 44.81
20:53:26,385 [ test-runner:run-tests-983 @ target-host ] script-cmd: state-array-push
20:53:26,385 [ test-runner:run-tests-983 @ target-host ] state-array-push
20:53:26,442 [ test-runner:run-tests-983 @ target-host ] set-state: RUN.output.results.quarkus3-native.build.timings [44.72,45.59,44.53,44.53,43.94,45.24,44.81]
20:53:26,442 [ test-runner:run-tests-983 @ target-host ] read-state: native
20:53:26,442 [ test-runner:run-tests-983 @ target-host ] regex: native
20:53:26,847 [ test-runner:run-tests-983 @ target-host ] sed -n 's/.*Peak RSS: \([0-9.]*\)\(GB\|GiB\).*/\1/p' /home/zakkak/spring-quarkus-perf-comparison/logs/build-times-quarkus3-native-6.log
4.77
20:53:26,847 [ test-runner:run-tests-983 @ target-host ] set-state: NATIVE_BUILD_RSS 4.77
20:53:26,847 [ test-runner:run-tests-983 @ target-host ] script-cmd: state-array-push
20:53:26,847 [ test-runner:run-tests-983 @ target-host ] state-array-push
20:53:26,896 [ test-runner:run-tests-983 @ target-host ] set-state: RUN.output.results.quarkus3-native.build.native.rss [4.7,4.52,4.97,4.72,4.66,4.99,4.77]
20:53:26,961 [ test-runner:run-tests-983 @ target-host ] for-each: ITERATION = 7
20:53:26,961 [ test-runner:run-tests-983 @ target-host ] queue-download: ${{REPO_DIR}}/logs/build-times-${{RUNTIME.name}}-${{ITERATION}}.log=/home/zakkak/spring-quarkus-perf-comparison/logs/build-times-quarkus3-native-7.log ../../20260311/run-time-initialize-resource-bundles/target-host/
20:53:26,961 [ test-runner:run-tests-983 @ target-host ] script-cmd: sync-drop-fs-cache
20:53:26,961 [ test-runner:run-tests-983 @ target-host ] sync-drop-fs-cache
20:53:26,961 [ test-runner:run-tests-983 @ target-host ] read-state: true
20:53:26,961 [ test-runner:run-tests-983 @ target-host ] regex: true
20:53:27,502 [ test-runner:run-tests-983 @ target-host ] sync
20:53:27,502 [ test-runner:run-tests-983 @ target-host ] script-cmd: sync-drop-fs-cache-${{os}}
20:53:27,502 [ test-runner:run-tests-983 @ target-host ] sync-drop-fs-cache-linux
20:53:27,502 [ test-runner:run-tests-983 @ target-host ] script-cmd: sudo
20:53:27,503 [ test-runner:run-tests-983 @ target-host ] sudo
20:53:27,503 [ test-runner:run-tests-983 @ target-host ] script-cmd: sudo-${{os}}
20:53:27,503 [ test-runner:run-tests-983 @ target-host ] sudo-linux
20:53:28,349 [ test-runner:run-tests-983 @ target-host ] sudo sh -c "echo 3 > /proc/sys/vm/drop_caches"
]3008;start=41c54fe5738546fd9e781731a9ba98bf;user=zakkak;hostname=blanc;machineid=f469a615e9ef4e81b7d5be080a5de373;bootid=0e917e08584a49cb891ef04366e00ace;pid=371090;pidfdid=371091;comm=sudo;targetuser=root;sessionid=c349;type=session\]3008;end=41c54fe5738546fd9e781731a9ba98bf\
20:54:12,710 [ test-runner:run-tests-983 @ target-host ] /usr/bin/time -p ./mvnw  clean package -DskipTests -Pnative -Dquarkus.native.additional-build-args-append=--future-defaults=run-time-initialize-resource-bundles 2>&1 >/home/zakkak/spring-quarkus-perf-comparison/logs/build-times-quarkus3-native-7.log | grep real | awk '{print $2}'
43.94
20:54:12,711 [ test-runner:run-tests-983 @ target-host ] set-state: BUILD_TIME 43.94
20:54:12,711 [ test-runner:run-tests-983 @ target-host ] script-cmd: state-array-push
20:54:12,711 [ test-runner:run-tests-983 @ target-host ] state-array-push
20:54:12,766 [ test-runner:run-tests-983 @ target-host ] set-state: RUN.output.results.quarkus3-native.build.timings [44.72,45.59,44.53,44.53,43.94,45.24,44.81,43.94]
20:54:12,766 [ test-runner:run-tests-983 @ target-host ] read-state: native
20:54:12,767 [ test-runner:run-tests-983 @ target-host ] regex: native
20:54:13,171 [ test-runner:run-tests-983 @ target-host ] sed -n 's/.*Peak RSS: \([0-9.]*\)\(GB\|GiB\).*/\1/p' /home/zakkak/spring-quarkus-perf-comparison/logs/build-times-quarkus3-native-7.log
4.92
20:54:13,171 [ test-runner:run-tests-983 @ target-host ] set-state: NATIVE_BUILD_RSS 4.92
20:54:13,171 [ test-runner:run-tests-983 @ target-host ] script-cmd: state-array-push
20:54:13,171 [ test-runner:run-tests-983 @ target-host ] state-array-push
20:54:13,214 [ test-runner:run-tests-983 @ target-host ] set-state: RUN.output.results.quarkus3-native.build.native.rss [4.7,4.52,4.97,4.72,4.66,4.99,4.77,4.92]
20:54:13,276 [ test-runner:run-tests-983 @ target-host ] for-each: ITERATION = 8
20:54:13,276 [ test-runner:run-tests-983 @ target-host ] queue-download: ${{REPO_DIR}}/logs/build-times-${{RUNTIME.name}}-${{ITERATION}}.log=/home/zakkak/spring-quarkus-perf-comparison/logs/build-times-quarkus3-native-8.log ../../20260311/run-time-initialize-resource-bundles/target-host/
20:54:13,276 [ test-runner:run-tests-983 @ target-host ] script-cmd: sync-drop-fs-cache
20:54:13,276 [ test-runner:run-tests-983 @ target-host ] sync-drop-fs-cache
20:54:13,276 [ test-runner:run-tests-983 @ target-host ] read-state: true
20:54:13,277 [ test-runner:run-tests-983 @ target-host ] regex: true
20:54:13,813 [ test-runner:run-tests-983 @ target-host ] sync
20:54:13,814 [ test-runner:run-tests-983 @ target-host ] script-cmd: sync-drop-fs-cache-${{os}}
20:54:13,814 [ test-runner:run-tests-983 @ target-host ] sync-drop-fs-cache-linux
20:54:13,814 [ test-runner:run-tests-983 @ target-host ] script-cmd: sudo
20:54:13,814 [ test-runner:run-tests-983 @ target-host ] sudo
20:54:13,814 [ test-runner:run-tests-983 @ target-host ] script-cmd: sudo-${{os}}
20:54:13,814 [ test-runner:run-tests-983 @ target-host ] sudo-linux
20:54:14,627 [ test-runner:run-tests-983 @ target-host ] sudo sh -c "echo 3 > /proc/sys/vm/drop_caches"
]3008;start=3a34e2973c464835b34bf38956594e84;user=zakkak;hostname=blanc;machineid=f469a615e9ef4e81b7d5be080a5de373;bootid=0e917e08584a49cb891ef04366e00ace;pid=371691;pidfdid=371692;comm=sudo;targetuser=root;sessionid=c350;type=session\]3008;end=3a34e2973c464835b34bf38956594e84\
20:54:59,267 [ test-runner:run-tests-983 @ target-host ] /usr/bin/time -p ./mvnw  clean package -DskipTests -Pnative -Dquarkus.native.additional-build-args-append=--future-defaults=run-time-initialize-resource-bundles 2>&1 >/home/zakkak/spring-quarkus-perf-comparison/logs/build-times-quarkus3-native-8.log | grep real | awk '{print $2}'
44.23
20:54:59,267 [ test-runner:run-tests-983 @ target-host ] set-state: BUILD_TIME 44.23
20:54:59,267 [ test-runner:run-tests-983 @ target-host ] script-cmd: state-array-push
20:54:59,268 [ test-runner:run-tests-983 @ target-host ] state-array-push
20:54:59,321 [ test-runner:run-tests-983 @ target-host ] set-state: RUN.output.results.quarkus3-native.build.timings [44.72,45.59,44.53,44.53,43.94,45.24,44.81,43.94,44.23]
20:54:59,321 [ test-runner:run-tests-983 @ target-host ] read-state: native
20:54:59,321 [ test-runner:run-tests-983 @ target-host ] regex: native
20:54:59,725 [ test-runner:run-tests-983 @ target-host ] sed -n 's/.*Peak RSS: \([0-9.]*\)\(GB\|GiB\).*/\1/p' /home/zakkak/spring-quarkus-perf-comparison/logs/build-times-quarkus3-native-8.log
4.78
20:54:59,726 [ test-runner:run-tests-983 @ target-host ] set-state: NATIVE_BUILD_RSS 4.78
20:54:59,726 [ test-runner:run-tests-983 @ target-host ] script-cmd: state-array-push
20:54:59,726 [ test-runner:run-tests-983 @ target-host ] state-array-push
20:54:59,767 [ test-runner:run-tests-983 @ target-host ] set-state: RUN.output.results.quarkus3-native.build.native.rss [4.7,4.52,4.97,4.72,4.66,4.99,4.77,4.92,4.78]
20:54:59,829 [ test-runner:run-tests-983 @ target-host ] for-each: ITERATION = 9
20:54:59,829 [ test-runner:run-tests-983 @ target-host ] queue-download: ${{REPO_DIR}}/logs/build-times-${{RUNTIME.name}}-${{ITERATION}}.log=/home/zakkak/spring-quarkus-perf-comparison/logs/build-times-quarkus3-native-9.log ../../20260311/run-time-initialize-resource-bundles/target-host/
20:54:59,829 [ test-runner:run-tests-983 @ target-host ] script-cmd: sync-drop-fs-cache
20:54:59,830 [ test-runner:run-tests-983 @ target-host ] sync-drop-fs-cache
20:54:59,830 [ test-runner:run-tests-983 @ target-host ] read-state: true
20:54:59,830 [ test-runner:run-tests-983 @ target-host ] regex: true
20:55:00,367 [ test-runner:run-tests-983 @ target-host ] sync
20:55:00,367 [ test-runner:run-tests-983 @ target-host ] script-cmd: sync-drop-fs-cache-${{os}}
20:55:00,367 [ test-runner:run-tests-983 @ target-host ] sync-drop-fs-cache-linux
20:55:00,367 [ test-runner:run-tests-983 @ target-host ] script-cmd: sudo
20:55:00,367 [ test-runner:run-tests-983 @ target-host ] sudo
20:55:00,367 [ test-runner:run-tests-983 @ target-host ] script-cmd: sudo-${{os}}
20:55:00,367 [ test-runner:run-tests-983 @ target-host ] sudo-linux
20:55:01,195 [ test-runner:run-tests-983 @ target-host ] sudo sh -c "echo 3 > /proc/sys/vm/drop_caches"
]3008;start=fa892632cbce447eb721c1252ff2310e;user=zakkak;hostname=blanc;machineid=f469a615e9ef4e81b7d5be080a5de373;bootid=0e917e08584a49cb891ef04366e00ace;pid=372303;pidfdid=372304;comm=sudo;targetuser=root;sessionid=c351;type=session\]3008;end=fa892632cbce447eb721c1252ff2310e\
20:55:46,216 [ test-runner:run-tests-983 @ target-host ] /usr/bin/time -p ./mvnw  clean package -DskipTests -Pnative -Dquarkus.native.additional-build-args-append=--future-defaults=run-time-initialize-resource-bundles 2>&1 >/home/zakkak/spring-quarkus-perf-comparison/logs/build-times-quarkus3-native-9.log | grep real | awk '{print $2}'
44.60
20:55:46,216 [ test-runner:run-tests-983 @ target-host ] set-state: BUILD_TIME 44.60
20:55:46,217 [ test-runner:run-tests-983 @ target-host ] script-cmd: state-array-push
20:55:46,217 [ test-runner:run-tests-983 @ target-host ] state-array-push
20:55:46,263 [ test-runner:run-tests-983 @ target-host ] set-state: RUN.output.results.quarkus3-native.build.timings [44.72,45.59,44.53,44.53,43.94,45.24,44.81,43.94,44.23,44.6]
20:55:46,263 [ test-runner:run-tests-983 @ target-host ] read-state: native
20:55:46,264 [ test-runner:run-tests-983 @ target-host ] regex: native
20:55:46,668 [ test-runner:run-tests-983 @ target-host ] sed -n 's/.*Peak RSS: \([0-9.]*\)\(GB\|GiB\).*/\1/p' /home/zakkak/spring-quarkus-perf-comparison/logs/build-times-quarkus3-native-9.log
4.67
20:55:46,668 [ test-runner:run-tests-983 @ target-host ] set-state: NATIVE_BUILD_RSS 4.67
20:55:46,668 [ test-runner:run-tests-983 @ target-host ] script-cmd: state-array-push
20:55:46,668 [ test-runner:run-tests-983 @ target-host ] state-array-push
20:55:46,708 [ test-runner:run-tests-983 @ target-host ] set-state: RUN.output.results.quarkus3-native.build.native.rss [4.7,4.52,4.97,4.72,4.66,4.99,4.77,4.92,4.78,4.67]
20:55:46,771 [ test-runner:run-tests-983 @ target-host ] for-each: ITERATION
20:55:46,771 [ test-runner:run-tests-983 @ target-host ] script-cmd: state-array-calc-avg
20:55:46,771 [ test-runner:run-tests-983 @ target-host ] state-array-calc-avg
20:55:46,824 [ test-runner:run-tests-983 @ target-host ] set-state: RUN.output.results.quarkus3-native.build.avBuildTime 44.61300000000001
20:55:46,824 [ test-runner:run-tests-983 @ target-host ] read-state: native
20:55:46,824 [ test-runner:run-tests-983 @ target-host ] regex: native
20:55:46,824 [ test-runner:run-tests-983 @ target-host ] script-cmd: state-array-calc-avg
20:55:46,825 [ test-runner:run-tests-983 @ target-host ] state-array-calc-avg
20:55:46,867 [ test-runner:run-tests-983 @ target-host ] set-state: RUN.output.results.quarkus3-native.build.avNativeRSS 4.7700000000000005
20:55:47,272 [ test-runner:run-tests-983 @ target-host ] sed -n 's/^[[:space:]]*\([0-9.]*\)\(MB\|MiB\) in total image size.*/\1/p' /home/zakkak/spring-quarkus-perf-comparison/logs/build-times-quarkus3-native-0.log
86.25
20:55:47,272 [ test-runner:run-tests-983 @ target-host ] set-state: RUN.output.results.quarkus3-native.build.native.binarySize 86.25
20:55:47,684 [ test-runner:run-tests-983 @ target-host ] cat /home/zakkak/spring-quarkus-perf-comparison/logs/build-times-quarkus3-native-0.log | grep "types.*fields.*methods found reachable" | awk '{print $1}'
22,655
20:55:47,685 [ test-runner:run-tests-983 @ target-host ] set-state: RUN.output.results.quarkus3-native.build.classCount 22,655
20:55:48,089 [ test-runner:run-tests-983 @ target-host ] cat /home/zakkak/spring-quarkus-perf-comparison/logs/build-times-quarkus3-native-0.log | grep "types.*fields.*methods found reachable" | awk '{print $3}'
29,176
20:55:48,089 [ test-runner:run-tests-983 @ target-host ] set-state: RUN.output.results.quarkus3-native.build.fieldCount 29,176
20:55:48,493 [ test-runner:run-tests-983 @ target-host ] cat /home/zakkak/spring-quarkus-perf-comparison/logs/build-times-quarkus3-native-0.log | grep "types.*fields.*methods found reachable" | awk '{print $6}'
106,506
20:55:48,493 [ test-runner:run-tests-983 @ target-host ] set-state: RUN.output.results.quarkus3-native.build.methodCount 106,506
20:55:48,897 [ test-runner:run-tests-983 @ target-host ] cat /home/zakkak/spring-quarkus-perf-comparison/logs/build-times-quarkus3-native-0.log | grep "types.*fields.*methods registered for reflection" | awk '{print $1}'
7,964
20:55:48,897 [ test-runner:run-tests-983 @ target-host ] set-state: RUN.output.results.quarkus3-native.build.reflectionClassCount 7,964
20:55:49,301 [ test-runner:run-tests-983 @ target-host ] cat /home/zakkak/spring-quarkus-perf-comparison/logs/build-times-quarkus3-native-0.log | grep "types.*fields.*methods registered for reflection" | awk '{print $3}'
169
20:55:49,301 [ test-runner:run-tests-983 @ target-host ] set-state: RUN.output.results.quarkus3-native.build.reflectionFieldCount 169
20:55:49,705 [ test-runner:run-tests-983 @ target-host ] cat /home/zakkak/spring-quarkus-perf-comparison/logs/build-times-quarkus3-native-0.log | grep "types.*fields.*methods registered for reflection" | awk '{print $6}'
5,204
20:55:49,705 [ test-runner:run-tests-983 @ target-host ] set-state: RUN.output.results.quarkus3-native.build.reflectionMethodCount 5,204
20:55:49,705 [ test-runner:run-tests-983 @ target-host ] for-each: TEST = measure-time-to-first-request
20:55:49,706 [ test-runner:run-tests-983 @ target-host ] script-cmd: ${{TEST}}
20:55:49,706 [ test-runner:run-tests-983 @ target-host ] measure-time-to-first-request
20:55:49,706 [ test-runner:run-tests-983 @ target-host ] Measuring Time to first request
20:55:50,128 [ test-runner:run-tests-983 @ target-host ] java -version
openjdk version "21.0.9" 2025-10-21 LTS
OpenJDK Runtime Environment Temurin-21.0.9+10 (build 21.0.9+10-LTS)
OpenJDK 64-Bit Server VM Temurin-21.0.9+10 (build 21.0.9+10-LTS, mixed mode, sharing)
20:55:50,530 [ test-runner:run-tests-983 @ target-host ] cd /home/zakkak/spring-quarkus-perf-comparison/spring-quarkus-perf-comparison/quarkus3
20:56:35,063 [ test-runner:run-tests-983 @ target-host ] ./mvnw  clean package -DskipTests -Pnative -Dquarkus.native.additional-build-args-append=--future-defaults=run-time-initialize-resource-bundles
[INFO] Scanning for projects...
[WARNING] Quarkus Maven extension: an explicit 'argLine' is defined in maven-surefire-plugin config, but does not contain '@{argLine}': we will not be able to inject JVM parameters automatically. Please add '@{argLine}' to the argLine configuration you have defined.
[INFO] 
[INFO] -------------------------< org.acme:quarkus3 >--------------------------
[INFO] Building quarkus3 1.0
[INFO]   from pom.xml
[INFO] ------------------------------[ quarkus ]-------------------------------
[INFO] 
[INFO] --- clean:3.2.0:clean (default-clean) @ quarkus3 ---
[INFO] Deleting /home/zakkak/spring-quarkus-perf-comparison/spring-quarkus-perf-comparison/quarkus3/target
[INFO] 
[INFO] --- resources:3.3.1:resources (default-resources) @ quarkus3 ---
[WARNING] Using platform encoding (UTF-8 actually) to copy filtered resources, i.e. build is platform dependent!
[INFO] Copying 2 resources from src/main/resources to target/classes
[INFO] 
[INFO] --- quarkus:3.32.2:generate-code (default-generate-code) @ quarkus3 ---
[INFO] 
[INFO] --- compiler:3.15.0:compile (default-compile) @ quarkus3 ---
[INFO] Recompiling the module because of changed source code.
[WARNING] File encoding has not been set, using platform encoding UTF-8, i.e. build is platform dependent!
[INFO] Compiling 16 source files with javac [debug release 21] to target/classes
[INFO] 
[INFO] --- resources:3.3.1:testResources (default-testResources) @ quarkus3 ---
[WARNING] Using platform encoding (UTF-8 actually) to copy filtered resources, i.e. build is platform dependent!
[INFO] skip non existing resourceDirectory /home/zakkak/spring-quarkus-perf-comparison/spring-quarkus-perf-comparison/quarkus3/src/test/resources
[INFO] 
[INFO] --- quarkus:3.32.2:generate-code-tests (default-generate-code-tests) @ quarkus3 ---
[INFO] 
[INFO] --- compiler:3.15.0:testCompile (default-testCompile) @ quarkus3 ---
[INFO] Recompiling the module because of changed dependency.
[WARNING] File encoding has not been set, using platform encoding UTF-8, i.e. build is platform dependent!
[INFO] Compiling 4 source files with javac [debug release 21] to target/test-classes
[INFO] 
[INFO] --- surefire:3.5.5:test (default-test) @ quarkus3 ---
[INFO] Tests are skipped.
[INFO] 
[INFO] --- quarkus:3.32.2:build (default-build) @ quarkus3 ---
[INFO] [io.quarkus.deployment.pkg.jar.NativeImageSourceJarBuilder] Building native image source jar: /home/zakkak/spring-quarkus-perf-comparison/spring-quarkus-perf-comparison/quarkus3/target/quarkus3-native-image-source-jar/quarkus3-runner.jar
[INFO] [io.quarkus.deployment.pkg.steps.NativeImageBuildStep] Building native image from /home/zakkak/spring-quarkus-perf-comparison/spring-quarkus-perf-comparison/quarkus3/target/quarkus3-native-image-source-jar/quarkus3-runner.jar
[INFO] [io.quarkus.deployment.pkg.steps.NativeImageBuildStep] Running Quarkus native-image plugin on GRAALVM 25.1.0-dev JDK 25.0.1+8-jvmci-25.1-b14
[INFO] [io.quarkus.deployment.pkg.steps.NativeImageBuildRunner] /home/zakkak/code/graal-oracle/sdk/latest_graalvm_home/bin/native-image -J-DCoordinatorEnvironmentBean.transactionStatusManagerEnable=false -J-Dsun.nio.ch.maxUpdateArraySize=100 -J-Djava.util.logging.manager=org.jboss.logmanager.LogManager -J-Dvertx.logger-delegate-factory-class-name=io.quarkus.vertx.core.runtime.VertxLogDelegateFactory -J-Dvertx.disableDnsResolver=true -J-Dio.netty.leakDetection.level=DISABLED -J-Dio.netty.allocator.maxOrder=3 -J-Duser.language=en -J-Duser.country=IE -J-Dlogging.initial-configurator.min-level=500 -H:+UnlockExperimentalVMOptions -H:IncludeLocales=en-IE -H:-UnlockExperimentalVMOptions --enable-native-access=ALL-UNNAMED -J-Dfile.encoding=UTF-8 -J--add-exports=org.graalvm.nativeimage.builder/com.oracle.svm.core.jdk=ALL-UNNAMED --features=io.quarkus.jdbc.postgresql.runtime.graal.SQLXMLFeature,io.quarkus.hibernate.validator.runtime.DisableLoggingFeature,io.quarkus.runner.Feature,io.quarkus.runtime.graal.DisableLoggingFeature,io.quarkus.runtime.graal.JVMChecksFeature,io.quarkus.hibernate.orm.runtime.graal.RegisterServicesForReflectionFeature,io.quarkus.hibernate.orm.runtime.graal.DisableLoggingFeature,org.hibernate.graalvm.internal.GraalVMStaticFeature,io.quarkus.caffeine.runtime.graal.CacheConstructorsFeature,io.quarkus.runtime.graal.SkipConsoleServiceProvidersFeature -J--add-exports=java.security.jgss/sun.security.krb5=ALL-UNNAMED -J--add-exports=java.security.jgss/sun.security.jgss=ALL-UNNAMED -J--add-opens=java.base/java.text=ALL-UNNAMED -J--add-opens=java.base/java.io=ALL-UNNAMED -J--add-opens=java.base/java.lang.invoke=ALL-UNNAMED -J--add-opens=java.base/java.util=ALL-UNNAMED -H:+UnlockExperimentalVMOptions -H:BuildOutputJSONFile=quarkus3-runner-build-output-stats.json -H:-UnlockExperimentalVMOptions -H:+UnlockExperimentalVMOptions -H:+GenerateBuildArtifactsFile -H:-UnlockExperimentalVMOptions --future-defaults=run-time-initialize-resource-bundles -H:+UnlockExperimentalVMOptions -H:+AllowFoldMethods -H:-UnlockExperimentalVMOptions -J-Djava.awt.headless=true --no-fallback --link-at-build-time -H:+UnlockExperimentalVMOptions -H:+ReportExceptionStackTraces -H:-UnlockExperimentalVMOptions -H:-AddAllCharsets --enable-url-protocols=http,https -H:NativeLinkerOption=-no-pie --enable-monitoring=heapdump,threaddump -H:+UnlockExperimentalVMOptions -H:-UseServiceLoaderFeature -H:-UnlockExperimentalVMOptions -J--add-exports=org.graalvm.nativeimage/org.graalvm.nativeimage.impl=ALL-UNNAMED --exclude-config io\.netty\.netty-codec /META-INF/native-image/io\.netty/netty-codec/generated/handlers/reflect-config\.json --exclude-config io\.netty\.netty-handler /META-INF/native-image/io\.netty/netty-handler/generated/handlers/reflect-config\.json quarkus3-runner -jar quarkus3-runner.jar
Warning: Using a deprecated option --no-fallback from command line. No effect, no replacement available
Warning: Option 'FallbackThreshold' is deprecated and might be removed in a future release: It no longer has any effect, and no replacement is available. Please refer to the GraalVM release notes.
Warning: Option 'DynamicProxyConfigurationResources' is deprecated and might be removed in a future release: This can be caused by a proxy-config.json file in your META-INF directory. Consider including proxy configuration in the reflection section of reachability-metadata.json instead.. Please refer to the GraalVM release notes.
========================================================================================================================
GraalVM Native Image: Generating 'quarkus3-runner' (executable)...
========================================================================================================================
For detailed information and explanations on the build output, visit:
https://github.com/oracle/graal/blob/master/docs/reference-manual/native-image/BuildOutput.md
------------------------------------------------------------------------------------------------------------------------
[1/8] Initializing...                                                                                   (4.5s @ 0.44GiB)
 Builder configuration:
 - Java version: 25.0.1+8, vendor version: GraalVM CE 25.1.0-dev+8.1
 - Graal compiler: optimization level: 2, target machine: x86-64-v3
 - C compiler: gcc (redhat, x86_64, 15.2.1)
 - Assertions: disabled, system assertions: disabled
 - 11 user-specific feature(s):
   - io.quarkus.caffeine.runtime.graal.CacheConstructorsFeature
   - io.quarkus.hibernate.orm.runtime.graal.DisableLoggingFeature: Disables INFO logging during the analysis phase
   - io.quarkus.hibernate.orm.runtime.graal.RegisterServicesForReflectionFeature: Makes methods of reachable Hibernate services accessible through Class#getMethods()
   - io.quarkus.hibernate.validator.runtime.DisableLoggingFeature: Disables INFO logging during the analysis phase for the [org.hibernate.validator.internal.util.Version] categories
   - io.quarkus.jdbc.postgresql.runtime.graal.SQLXMLFeature
   - io.quarkus.runner.Feature: Auto-generated class by Quarkus from the existing extensions
   - io.quarkus.runtime.graal.DisableLoggingFeature: Adapts logging during the analysis phase
   - io.quarkus.runtime.graal.JVMChecksFeature
   - io.quarkus.runtime.graal.SkipConsoleServiceProvidersFeature: Skip unsupported console service providers when quarkus.native.auto-service-loader-registration is false
   - org.eclipse.angus.activation.nativeimage.AngusActivationFeature
   - org.hibernate.graalvm.internal.GraalVMStaticFeature: Hibernate ORM's static reflection registrations for GraalVM
 Image configuration:
 - Garbage collector: Serial GC (max heap size: 80% of RAM)
 - Assertions: disabled (class-specific config may apply), system assertions: disabled
------------------------------------------------------------------------------------------------------------------------
 5 experimental option(s) unlocked:
 - '-H:+AllowFoldMethods' (origin(s): command line)
 - '-H:BuildOutputJSONFile' (origin(s): command line)
 - '-H:-UseServiceLoaderFeature' (origin(s): command line)
 - '-H:+GenerateBuildArtifactsFile' (origin(s): command line)
 - '-H:AddOpens' (alternative API option(s): --add-opens java.base/java.lang=ALL-UNNAMED; origin(s): command line)
------------------------------------------------------------------------------------------------------------------------
Build resources:
 - 30.00GiB of memory (48.4% of system memory, capped at 30GiB)
 - 32 thread(s) (100.0% of 32 available processor(s), determined at start)
[2/8] Performing analysis...  [********]                                                                (8.7s @ 2.57GiB)
   22,655 types,  29,175 fields, and 106,492 methods found reachable
    7,964 types,     169 fields, and   5,262 methods registered for reflection
       63 types,      69 fields, and      55 methods registered for JNI access
      105 resource accesses registered with 188.29KiB total size
        4 native libraries: dl, pthread, rt, z
[3/8] Building universe...                                                                              (3.0s @ 2.31GiB)
[4/8] Parsing methods...      [*]                                                                       (1.1s @ 3.18GiB)
[5/8] Inlining methods...     [****]                                                                    (0.8s @ 3.29GiB)
[6/8] Compiling methods...    [***]                                                                     (7.9s @ 1.99GiB)
[7/8] Laying out methods...   [***]                                                                     (5.9s @ 2.57GiB)
[8/8] Creating image...       [**]                                                                      (3.8s @ 2.93GiB)
  36.03MiB (41.77%) for code area:    71,246 compilation units
  43.88MiB (50.87%) for image heap:  500,422 objects and 16 resources
   6.35MiB ( 7.36%) for other data
  86.25MiB in total image size, 80.50MiB in total file size
------------------------------------------------------------------------------------------------------------------------
Top 10 origins of code area:                                Top 10 object types in image heap:
   1.52MiB java.base/sun.security.ssl                         11.52MiB byte[] for code metadata
   1.05MiB java.base/java.util                                 6.44MiB byte[] for string data
 852.68KiB o.g.n.runtime/com.oracle.svm.core.code              4.32MiB o.g.n.runtime/c.o.s.core.hub.DynamicHubCompanion
 697.23KiB java.base/com.sun.crypto.provider                   4.11MiB java.base/java.lang.String
 637.13KiB jdk.proxy4/jdk.proxy4                               3.36MiB java.base/java.lang.Class
 533.01KiB java.base/java.lang                                 1.43MiB byte[] for reflection metadata
 532.07KiB io.netty.buffer                                     1.31MiB byte[] for general heap data
 506.32KiB java.base/java.lang.invoke                        905.63KiB java.base/java.lang.Object[]
 468.03KiB org.postgresql.jdbc                               832.50KiB java.base/java.lang.reflect.Method
 460.62KiB org.hibernate.query.hql.internal                  798.95KiB o.g.n.runtime/c.o.s.c.h.ImageReflectionMetadata
  27.83MiB for 984 more packages                               8.90MiB for 5204 more object types
------------------------------------------------------------------------------------------------------------------------
Recommendations:
 FUTR: Use '--future-defaults=all' to prepare for future releases.
 HEAP: Set max heap for improved and more predictable memory usage.
 CPU:  Enable more CPU features with '-march=native' for improved performance.
------------------------------------------------------------------------------------------------------------------------
                       2.9s (7.6% of total time) in 322 GCs | Peak RSS: 4.73GiB | CPU load: 15.36
------------------------------------------------------------------------------------------------------------------------
Build artifacts:
 /home/zakkak/spring-quarkus-perf-comparison/spring-quarkus-perf-comparison/quarkus3/target/quarkus3-native-image-source-jar/build-artifacts.json (build_info, 92B)
 /home/zakkak/spring-quarkus-perf-comparison/spring-quarkus-perf-comparison/quarkus3/target/quarkus3-native-image-source-jar/quarkus3-runner (executable, 80.50MiB)
 /home/zakkak/spring-quarkus-perf-comparison/spring-quarkus-perf-comparison/quarkus3/target/quarkus3-native-image-source-jar/quarkus3-runner-build-output-stats.json (build_info, 1.00KiB)
========================================================================================================================
Finished generating 'quarkus3-runner' in 37.0s.

The build process encountered 3 warnings.

[INFO] [io.quarkus.deployment.pkg.steps.NativeImageBuildRunner] objcopy --strip-debug quarkus3-runner
[INFO] [io.quarkus.deployment.QuarkusAugmentor] Quarkus augmentation completed in 40543ms
[INFO] ------------------------------------------------------------------------
[INFO] BUILD SUCCESS
[INFO] ------------------------------------------------------------------------
[INFO] Total time:  43.423 s
[INFO] Finished at: 2026-03-11T20:56:34+02:00
[INFO] ------------------------------------------------------------------------
20:56:35,119 [ test-runner:run-tests-983 @ target-host ] for-each: ITERATION = 0
20:56:35,119 [ test-runner:run-tests-983 @ target-host ] queue-download: ${{REPO_DIR}}/logs/measure-time-to-first-request-${{RUNTIME.name}}-${{ITERATION}}.log=/home/zakkak/spring-quarkus-perf-comparison/logs/measure-time-to-first-request-quarkus3-native-0.log ../../20260311/run-time-initialize-resource-bundles/target-host/
20:56:35,119 [ test-runner:run-tests-983 @ target-host ] script-cmd: start-test-services
20:56:35,120 [ test-runner:run-tests-983 @ target-host ] start-test-services
20:56:46,344 [ test-runner:run-tests-983 @ target-host ] /home/zakkak/spring-quarkus-perf-comparison/spring-quarkus-perf-comparison/scripts/infra.sh -c 3 -p '4-6' -s
Using podman to start containers
-----------------------------------------
[03/11/2026 20:56:35]: Starting services
-----------------------------------------
Starting PostgreSQL database 'fruits_db'
PostgreSQL DB process: b217a2e01f8f3bf76fefb1068e0e436aae5fc3fed66ac6a0dfb2cddfe2e9404a
Waiting for PostgreSQL to be ready...
localhost:5432 - no response
localhost:5432 - no response
localhost:5432 - accepting connections
20:56:46,344 [ test-runner:run-tests-983 @ target-host ] script-cmd: sync-drop-fs-cache
20:56:46,344 [ test-runner:run-tests-983 @ target-host ] sync-drop-fs-cache
20:56:46,344 [ test-runner:run-tests-983 @ target-host ] read-state: true
20:56:46,344 [ test-runner:run-tests-983 @ target-host ] regex: true
20:56:46,847 [ test-runner:run-tests-983 @ target-host ] sync
20:56:46,848 [ test-runner:run-tests-983 @ target-host ] script-cmd: sync-drop-fs-cache-${{os}}
20:56:46,848 [ test-runner:run-tests-983 @ target-host ] sync-drop-fs-cache-linux
20:56:46,848 [ test-runner:run-tests-983 @ target-host ] script-cmd: sudo
20:56:46,848 [ test-runner:run-tests-983 @ target-host ] sudo
20:56:46,848 [ test-runner:run-tests-983 @ target-host ] script-cmd: sudo-${{os}}
20:56:46,848 [ test-runner:run-tests-983 @ target-host ] sudo-linux
20:56:47,713 [ test-runner:run-tests-983 @ target-host ] sudo sh -c "echo 3 > /proc/sys/vm/drop_caches"
]3008;start=216925ad418b48bb957a875da6c08973;user=zakkak;hostname=blanc;machineid=f469a615e9ef4e81b7d5be080a5de373;bootid=0e917e08584a49cb891ef04366e00ace;pid=373843;pidfdid=373844;comm=sudo;targetuser=root;sessionid=c352;type=session\]3008;end=216925ad418b48bb957a875da6c08973\
20:56:48,116 [ test-runner:run-tests-983 @ target-host ] taskset --cpu-list 0-3 /home/zakkak/spring-quarkus-perf-comparison/spring-quarkus-perf-comparison/quarkus3/target/quarkus3-runner  &>/home/zakkak/spring-quarkus-perf-comparison/logs/measure-time-to-first-request-quarkus3-native-0.log &
[1] 373872
20:56:48,518 [ test-runner:run-tests-983 @ target-host ] APP_PID=$!
20:56:48,979 [ test-runner:run-tests-983 @ target-host ] timeout 60s bash -c "taskset --cpu-list 10 /home/zakkak/spring-quarkus-perf-comparison/spring-quarkus-perf-comparison/scripts/perf-lab/scripts/time-to-1st-request.sh http://localhost:8080/fruits"
39
20:56:48,980 [ test-runner:run-tests-983 @ target-host ] 
20:56:48,980 [ test-runner:run-tests-983 @ target-host ] set-state: START_TIME 39
20:56:49,482 [ test-runner:run-tests-983 @ target-host ] kill -15 $APP_PID
20:56:49,482 [ test-runner:run-tests-983 @ target-host ] script-cmd: state-array-push
20:56:49,482 [ test-runner:run-tests-983 @ target-host ] state-array-push
20:56:49,576 [ test-runner:run-tests-983 @ target-host ] set-state: RUN.output.results.quarkus3-native.startup.timings [39]
20:56:51,980 [ test-runner:run-tests-983 @ target-host ] sleep 2
20:56:51,980 [ test-runner:run-tests-983 @ target-host ] script-cmd: stop-test-services
20:56:51,980 [ test-runner:run-tests-983 @ target-host ] stop-test-services
20:56:52,644 [ test-runner:run-tests-983 @ target-host ] /home/zakkak/spring-quarkus-perf-comparison/spring-quarkus-perf-comparison/scripts/infra.sh -d
Using podman to stop containers
-----------------------------------------
[03/11/2026 20:56:51]: Stopping services
-----------------------------------------
Stopping PostgreSQL database 'fruits_db'
fruits_db
20:56:52,702 [ test-runner:run-tests-983 @ target-host ] for-each: ITERATION = 1
20:56:52,703 [ test-runner:run-tests-983 @ target-host ] queue-download: ${{REPO_DIR}}/logs/measure-time-to-first-request-${{RUNTIME.name}}-${{ITERATION}}.log=/home/zakkak/spring-quarkus-perf-comparison/logs/measure-time-to-first-request-quarkus3-native-1.log ../../20260311/run-time-initialize-resource-bundles/target-host/
20:56:52,703 [ test-runner:run-tests-983 @ target-host ] script-cmd: start-test-services
20:56:52,703 [ test-runner:run-tests-983 @ target-host ] start-test-services
20:57:03,785 [ test-runner:run-tests-983 @ target-host ] /home/zakkak/spring-quarkus-perf-comparison/spring-quarkus-perf-comparison/scripts/infra.sh -c 3 -p '4-6' -s
Using podman to start containers
-----------------------------------------
[03/11/2026 20:56:52]: Starting services
-----------------------------------------
Starting PostgreSQL database 'fruits_db'
PostgreSQL DB process: 541ce889dcd3c7e20830ac48d72cbfa7e1eecce2667feb8958b837eeee12e01a
Waiting for PostgreSQL to be ready...
localhost:5432 - no response
localhost:5432 - no response
localhost:5432 - accepting connections
20:57:03,786 [ test-runner:run-tests-983 @ target-host ] script-cmd: sync-drop-fs-cache
20:57:03,786 [ test-runner:run-tests-983 @ target-host ] sync-drop-fs-cache
20:57:03,786 [ test-runner:run-tests-983 @ target-host ] read-state: true
20:57:03,786 [ test-runner:run-tests-983 @ target-host ] regex: true
20:57:04,367 [ test-runner:run-tests-983 @ target-host ] sync
20:57:04,367 [ test-runner:run-tests-983 @ target-host ] script-cmd: sync-drop-fs-cache-${{os}}
20:57:04,367 [ test-runner:run-tests-983 @ target-host ] sync-drop-fs-cache-linux
20:57:04,367 [ test-runner:run-tests-983 @ target-host ] script-cmd: sudo
20:57:04,367 [ test-runner:run-tests-983 @ target-host ] sudo
20:57:04,368 [ test-runner:run-tests-983 @ target-host ] script-cmd: sudo-${{os}}
20:57:04,368 [ test-runner:run-tests-983 @ target-host ] sudo-linux
20:57:05,138 [ test-runner:run-tests-983 @ target-host ] sudo sh -c "echo 3 > /proc/sys/vm/drop_caches"
]3008;start=fe0358d8e54e4fa795e16a42ab79a4bb;user=zakkak;hostname=blanc;machineid=f469a615e9ef4e81b7d5be080a5de373;bootid=0e917e08584a49cb891ef04366e00ace;pid=374303;pidfdid=374304;comm=sudo;targetuser=root;sessionid=c353;type=session\]3008;end=fe0358d8e54e4fa795e16a42ab79a4bb\
20:57:05,549 [ test-runner:run-tests-983 @ target-host ] taskset --cpu-list 0-3 /home/zakkak/spring-quarkus-perf-comparison/spring-quarkus-perf-comparison/quarkus3/target/quarkus3-runner  &>/home/zakkak/spring-quarkus-perf-comparison/logs/measure-time-to-first-request-quarkus3-native-1.log &
[1] 374333
20:57:05,951 [ test-runner:run-tests-983 @ target-host ] APP_PID=$!
20:57:06,403 [ test-runner:run-tests-983 @ target-host ] timeout 60s bash -c "taskset --cpu-list 10 /home/zakkak/spring-quarkus-perf-comparison/spring-quarkus-perf-comparison/scripts/perf-lab/scripts/time-to-1st-request.sh http://localhost:8080/fruits"
32
20:57:06,403 [ test-runner:run-tests-983 @ target-host ] 
20:57:06,403 [ test-runner:run-tests-983 @ target-host ] set-state: START_TIME 32
20:57:06,906 [ test-runner:run-tests-983 @ target-host ] kill -15 $APP_PID
20:57:06,906 [ test-runner:run-tests-983 @ target-host ] script-cmd: state-array-push
20:57:06,906 [ test-runner:run-tests-983 @ target-host ] state-array-push
20:57:06,954 [ test-runner:run-tests-983 @ target-host ] set-state: RUN.output.results.quarkus3-native.startup.timings [39,32]
20:57:09,358 [ test-runner:run-tests-983 @ target-host ] sleep 2
20:57:09,358 [ test-runner:run-tests-983 @ target-host ] script-cmd: stop-test-services
20:57:09,358 [ test-runner:run-tests-983 @ target-host ] stop-test-services
20:57:09,997 [ test-runner:run-tests-983 @ target-host ] /home/zakkak/spring-quarkus-perf-comparison/spring-quarkus-perf-comparison/scripts/infra.sh -d
Using podman to stop containers
-----------------------------------------
[03/11/2026 20:57:09]: Stopping services
-----------------------------------------
Stopping PostgreSQL database 'fruits_db'
fruits_db
20:57:10,057 [ test-runner:run-tests-983 @ target-host ] for-each: ITERATION = 2
20:57:10,057 [ test-runner:run-tests-983 @ target-host ] queue-download: ${{REPO_DIR}}/logs/measure-time-to-first-request-${{RUNTIME.name}}-${{ITERATION}}.log=/home/zakkak/spring-quarkus-perf-comparison/logs/measure-time-to-first-request-quarkus3-native-2.log ../../20260311/run-time-initialize-resource-bundles/target-host/
20:57:10,057 [ test-runner:run-tests-983 @ target-host ] script-cmd: start-test-services
20:57:10,057 [ test-runner:run-tests-983 @ target-host ] start-test-services
20:57:21,173 [ test-runner:run-tests-983 @ target-host ] /home/zakkak/spring-quarkus-perf-comparison/spring-quarkus-perf-comparison/scripts/infra.sh -c 3 -p '4-6' -s
Using podman to start containers
-----------------------------------------
[03/11/2026 20:57:10]: Starting services
-----------------------------------------
Starting PostgreSQL database 'fruits_db'
PostgreSQL DB process: 6bbedc584e48539cfb5db3f2f563db56afe36cf975755bd00969a3558bf2ce6e
Waiting for PostgreSQL to be ready...
localhost:5432 - no response
localhost:5432 - no response
localhost:5432 - accepting connections
20:57:21,173 [ test-runner:run-tests-983 @ target-host ] script-cmd: sync-drop-fs-cache
20:57:21,173 [ test-runner:run-tests-983 @ target-host ] sync-drop-fs-cache
20:57:21,174 [ test-runner:run-tests-983 @ target-host ] read-state: true
20:57:21,174 [ test-runner:run-tests-983 @ target-host ] regex: true
20:57:21,790 [ test-runner:run-tests-983 @ target-host ] sync
20:57:21,790 [ test-runner:run-tests-983 @ target-host ] script-cmd: sync-drop-fs-cache-${{os}}
20:57:21,790 [ test-runner:run-tests-983 @ target-host ] sync-drop-fs-cache-linux
20:57:21,790 [ test-runner:run-tests-983 @ target-host ] script-cmd: sudo
20:57:21,790 [ test-runner:run-tests-983 @ target-host ] sudo
20:57:21,790 [ test-runner:run-tests-983 @ target-host ] script-cmd: sudo-${{os}}
20:57:21,791 [ test-runner:run-tests-983 @ target-host ] sudo-linux
20:57:22,553 [ test-runner:run-tests-983 @ target-host ] sudo sh -c "echo 3 > /proc/sys/vm/drop_caches"
]3008;start=fb26cc539ce74166ba9f3089ecbc1e69;user=zakkak;hostname=blanc;machineid=f469a615e9ef4e81b7d5be080a5de373;bootid=0e917e08584a49cb891ef04366e00ace;pid=374750;pidfdid=374751;comm=sudo;targetuser=root;sessionid=c354;type=session\]3008;end=fb26cc539ce74166ba9f3089ecbc1e69\
20:57:22,957 [ test-runner:run-tests-983 @ target-host ] taskset --cpu-list 0-3 /home/zakkak/spring-quarkus-perf-comparison/spring-quarkus-perf-comparison/quarkus3/target/quarkus3-runner  &>/home/zakkak/spring-quarkus-perf-comparison/logs/measure-time-to-first-request-quarkus3-native-2.log &
[1] 374780
20:57:23,359 [ test-runner:run-tests-983 @ target-host ] APP_PID=$!
20:57:23,821 [ test-runner:run-tests-983 @ target-host ] timeout 60s bash -c "taskset --cpu-list 10 /home/zakkak/spring-quarkus-perf-comparison/spring-quarkus-perf-comparison/scripts/perf-lab/scripts/time-to-1st-request.sh http://localhost:8080/fruits"
40
20:57:23,821 [ test-runner:run-tests-983 @ target-host ] 
20:57:23,821 [ test-runner:run-tests-983 @ target-host ] set-state: START_TIME 40
20:57:24,323 [ test-runner:run-tests-983 @ target-host ] kill -15 $APP_PID
20:57:24,323 [ test-runner:run-tests-983 @ target-host ] script-cmd: state-array-push
20:57:24,323 [ test-runner:run-tests-983 @ target-host ] state-array-push
20:57:24,372 [ test-runner:run-tests-983 @ target-host ] set-state: RUN.output.results.quarkus3-native.startup.timings [39,32,40]
20:57:26,775 [ test-runner:run-tests-983 @ target-host ] sleep 2
20:57:26,776 [ test-runner:run-tests-983 @ target-host ] script-cmd: stop-test-services
20:57:26,776 [ test-runner:run-tests-983 @ target-host ] stop-test-services
20:57:27,412 [ test-runner:run-tests-983 @ target-host ] /home/zakkak/spring-quarkus-perf-comparison/spring-quarkus-perf-comparison/scripts/infra.sh -d
Using podman to stop containers
-----------------------------------------
[03/11/2026 20:57:26]: Stopping services
-----------------------------------------
Stopping PostgreSQL database 'fruits_db'
fruits_db
20:57:27,474 [ test-runner:run-tests-983 @ target-host ] for-each: ITERATION = 3
20:57:27,474 [ test-runner:run-tests-983 @ target-host ] queue-download: ${{REPO_DIR}}/logs/measure-time-to-first-request-${{RUNTIME.name}}-${{ITERATION}}.log=/home/zakkak/spring-quarkus-perf-comparison/logs/measure-time-to-first-request-quarkus3-native-3.log ../../20260311/run-time-initialize-resource-bundles/target-host/
20:57:27,475 [ test-runner:run-tests-983 @ target-host ] script-cmd: start-test-services
20:57:27,475 [ test-runner:run-tests-983 @ target-host ] start-test-services
20:57:38,568 [ test-runner:run-tests-983 @ target-host ] /home/zakkak/spring-quarkus-perf-comparison/spring-quarkus-perf-comparison/scripts/infra.sh -c 3 -p '4-6' -s
Using podman to start containers
-----------------------------------------
[03/11/2026 20:57:27]: Starting services
-----------------------------------------
Starting PostgreSQL database 'fruits_db'
PostgreSQL DB process: c0fef3e32474ebd887613ccf0b4bb155046f9a15ec2af65ddd9583cf2876bf3b
Waiting for PostgreSQL to be ready...
localhost:5432 - no response
localhost:5432 - no response
localhost:5432 - accepting connections
20:57:38,568 [ test-runner:run-tests-983 @ target-host ] script-cmd: sync-drop-fs-cache
20:57:38,568 [ test-runner:run-tests-983 @ target-host ] sync-drop-fs-cache
20:57:38,568 [ test-runner:run-tests-983 @ target-host ] read-state: true
20:57:38,568 [ test-runner:run-tests-983 @ target-host ] regex: true
20:57:39,127 [ test-runner:run-tests-983 @ target-host ] sync
20:57:39,128 [ test-runner:run-tests-983 @ target-host ] script-cmd: sync-drop-fs-cache-${{os}}
20:57:39,128 [ test-runner:run-tests-983 @ target-host ] sync-drop-fs-cache-linux
20:57:39,128 [ test-runner:run-tests-983 @ target-host ] script-cmd: sudo
20:57:39,128 [ test-runner:run-tests-983 @ target-host ] sudo
20:57:39,128 [ test-runner:run-tests-983 @ target-host ] script-cmd: sudo-${{os}}
20:57:39,128 [ test-runner:run-tests-983 @ target-host ] sudo-linux
20:57:39,910 [ test-runner:run-tests-983 @ target-host ] sudo sh -c "echo 3 > /proc/sys/vm/drop_caches"
]3008;start=906b2d4f4af649db87b9b97c2779daed;user=zakkak;hostname=blanc;machineid=f469a615e9ef4e81b7d5be080a5de373;bootid=0e917e08584a49cb891ef04366e00ace;pid=375213;pidfdid=375214;comm=sudo;targetuser=root;sessionid=c355;type=session\]3008;end=906b2d4f4af649db87b9b97c2779daed\
20:57:40,313 [ test-runner:run-tests-983 @ target-host ] taskset --cpu-list 0-3 /home/zakkak/spring-quarkus-perf-comparison/spring-quarkus-perf-comparison/quarkus3/target/quarkus3-runner  &>/home/zakkak/spring-quarkus-perf-comparison/logs/measure-time-to-first-request-quarkus3-native-3.log &
[1] 375242
20:57:40,715 [ test-runner:run-tests-983 @ target-host ] APP_PID=$!
20:57:41,159 [ test-runner:run-tests-983 @ target-host ] timeout 60s bash -c "taskset --cpu-list 10 /home/zakkak/spring-quarkus-perf-comparison/spring-quarkus-perf-comparison/scripts/perf-lab/scripts/time-to-1st-request.sh http://localhost:8080/fruits"
32
20:57:41,159 [ test-runner:run-tests-983 @ target-host ] 
20:57:41,160 [ test-runner:run-tests-983 @ target-host ] set-state: START_TIME 32
20:57:41,661 [ test-runner:run-tests-983 @ target-host ] kill -15 $APP_PID
20:57:41,661 [ test-runner:run-tests-983 @ target-host ] script-cmd: state-array-push
20:57:41,662 [ test-runner:run-tests-983 @ target-host ] state-array-push
20:57:41,704 [ test-runner:run-tests-983 @ target-host ] set-state: RUN.output.results.quarkus3-native.startup.timings [39,32,40,32]
20:57:44,108 [ test-runner:run-tests-983 @ target-host ] sleep 2
20:57:44,108 [ test-runner:run-tests-983 @ target-host ] script-cmd: stop-test-services
20:57:44,108 [ test-runner:run-tests-983 @ target-host ] stop-test-services
20:57:44,747 [ test-runner:run-tests-983 @ target-host ] /home/zakkak/spring-quarkus-perf-comparison/spring-quarkus-perf-comparison/scripts/infra.sh -d
Using podman to stop containers
-----------------------------------------
[03/11/2026 20:57:44]: Stopping services
-----------------------------------------
Stopping PostgreSQL database 'fruits_db'
fruits_db
20:57:44,814 [ test-runner:run-tests-983 @ target-host ] for-each: ITERATION = 4
20:57:44,815 [ test-runner:run-tests-983 @ target-host ] queue-download: ${{REPO_DIR}}/logs/measure-time-to-first-request-${{RUNTIME.name}}-${{ITERATION}}.log=/home/zakkak/spring-quarkus-perf-comparison/logs/measure-time-to-first-request-quarkus3-native-4.log ../../20260311/run-time-initialize-resource-bundles/target-host/
20:57:44,815 [ test-runner:run-tests-983 @ target-host ] script-cmd: start-test-services
20:57:44,815 [ test-runner:run-tests-983 @ target-host ] start-test-services
20:57:55,904 [ test-runner:run-tests-983 @ target-host ] /home/zakkak/spring-quarkus-perf-comparison/spring-quarkus-perf-comparison/scripts/infra.sh -c 3 -p '4-6' -s
Using podman to start containers
-----------------------------------------
[03/11/2026 20:57:44]: Starting services
-----------------------------------------
Starting PostgreSQL database 'fruits_db'
PostgreSQL DB process: 0a144074fe04dbf2d7e51aa6eead7969184b45933d073f33400ceed90f46d766
Waiting for PostgreSQL to be ready...
localhost:5432 - no response
localhost:5432 - no response
localhost:5432 - accepting connections
20:57:55,905 [ test-runner:run-tests-983 @ target-host ] script-cmd: sync-drop-fs-cache
20:57:55,905 [ test-runner:run-tests-983 @ target-host ] sync-drop-fs-cache
20:57:55,905 [ test-runner:run-tests-983 @ target-host ] read-state: true
20:57:55,905 [ test-runner:run-tests-983 @ target-host ] regex: true
20:57:56,508 [ test-runner:run-tests-983 @ target-host ] sync
20:57:56,508 [ test-runner:run-tests-983 @ target-host ] script-cmd: sync-drop-fs-cache-${{os}}
20:57:56,509 [ test-runner:run-tests-983 @ target-host ] sync-drop-fs-cache-linux
20:57:56,509 [ test-runner:run-tests-983 @ target-host ] script-cmd: sudo
20:57:56,509 [ test-runner:run-tests-983 @ target-host ] sudo
20:57:56,509 [ test-runner:run-tests-983 @ target-host ] script-cmd: sudo-${{os}}
20:57:56,509 [ test-runner:run-tests-983 @ target-host ] sudo-linux
20:57:57,290 [ test-runner:run-tests-983 @ target-host ] sudo sh -c "echo 3 > /proc/sys/vm/drop_caches"
]3008;start=9965d35efc894dd7aa87f949e6ed45c0;user=zakkak;hostname=blanc;machineid=f469a615e9ef4e81b7d5be080a5de373;bootid=0e917e08584a49cb891ef04366e00ace;pid=375673;pidfdid=375674;comm=sudo;targetuser=root;sessionid=c356;type=session\]3008;end=9965d35efc894dd7aa87f949e6ed45c0\
20:57:57,693 [ test-runner:run-tests-983 @ target-host ] taskset --cpu-list 0-3 /home/zakkak/spring-quarkus-perf-comparison/spring-quarkus-perf-comparison/quarkus3/target/quarkus3-runner  &>/home/zakkak/spring-quarkus-perf-comparison/logs/measure-time-to-first-request-quarkus3-native-4.log &
[1] 375705
20:57:58,095 [ test-runner:run-tests-983 @ target-host ] APP_PID=$!
20:57:58,558 [ test-runner:run-tests-983 @ target-host ] timeout 60s bash -c "taskset --cpu-list 10 /home/zakkak/spring-quarkus-perf-comparison/spring-quarkus-perf-comparison/scripts/perf-lab/scripts/time-to-1st-request.sh http://localhost:8080/fruits"
41
20:57:58,558 [ test-runner:run-tests-983 @ target-host ] 
20:57:58,558 [ test-runner:run-tests-983 @ target-host ] set-state: START_TIME 41
20:57:59,060 [ test-runner:run-tests-983 @ target-host ] kill -15 $APP_PID
20:57:59,060 [ test-runner:run-tests-983 @ target-host ] script-cmd: state-array-push
20:57:59,060 [ test-runner:run-tests-983 @ target-host ] state-array-push
20:57:59,110 [ test-runner:run-tests-983 @ target-host ] set-state: RUN.output.results.quarkus3-native.startup.timings [39,32,40,32,41]
20:58:01,514 [ test-runner:run-tests-983 @ target-host ] sleep 2
20:58:01,514 [ test-runner:run-tests-983 @ target-host ] script-cmd: stop-test-services
20:58:01,514 [ test-runner:run-tests-983 @ target-host ] stop-test-services
20:58:02,151 [ test-runner:run-tests-983 @ target-host ] /home/zakkak/spring-quarkus-perf-comparison/spring-quarkus-perf-comparison/scripts/infra.sh -d
Using podman to stop containers
-----------------------------------------
[03/11/2026 20:58:01]: Stopping services
-----------------------------------------
Stopping PostgreSQL database 'fruits_db'
fruits_db
20:58:02,207 [ test-runner:run-tests-983 @ target-host ] for-each: ITERATION = 5
20:58:02,208 [ test-runner:run-tests-983 @ target-host ] queue-download: ${{REPO_DIR}}/logs/measure-time-to-first-request-${{RUNTIME.name}}-${{ITERATION}}.log=/home/zakkak/spring-quarkus-perf-comparison/logs/measure-time-to-first-request-quarkus3-native-5.log ../../20260311/run-time-initialize-resource-bundles/target-host/
20:58:02,208 [ test-runner:run-tests-983 @ target-host ] script-cmd: start-test-services
20:58:02,208 [ test-runner:run-tests-983 @ target-host ] start-test-services
20:58:13,290 [ test-runner:run-tests-983 @ target-host ] /home/zakkak/spring-quarkus-perf-comparison/spring-quarkus-perf-comparison/scripts/infra.sh -c 3 -p '4-6' -s
Using podman to start containers
-----------------------------------------
[03/11/2026 20:58:02]: Starting services
-----------------------------------------
Starting PostgreSQL database 'fruits_db'
PostgreSQL DB process: fb0b4de7792d42e865b186f4d30c3938ceb911c25612e193a06b924cf7feab42
Waiting for PostgreSQL to be ready...
localhost:5432 - no response
localhost:5432 - no response
localhost:5432 - accepting connections
20:58:13,290 [ test-runner:run-tests-983 @ target-host ] script-cmd: sync-drop-fs-cache
20:58:13,290 [ test-runner:run-tests-983 @ target-host ] sync-drop-fs-cache
20:58:13,290 [ test-runner:run-tests-983 @ target-host ] read-state: true
20:58:13,290 [ test-runner:run-tests-983 @ target-host ] regex: true
20:58:13,840 [ test-runner:run-tests-983 @ target-host ] sync
20:58:13,841 [ test-runner:run-tests-983 @ target-host ] script-cmd: sync-drop-fs-cache-${{os}}
20:58:13,841 [ test-runner:run-tests-983 @ target-host ] sync-drop-fs-cache-linux
20:58:13,841 [ test-runner:run-tests-983 @ target-host ] script-cmd: sudo
20:58:13,841 [ test-runner:run-tests-983 @ target-host ] sudo
20:58:13,841 [ test-runner:run-tests-983 @ target-host ] script-cmd: sudo-${{os}}
20:58:13,841 [ test-runner:run-tests-983 @ target-host ] sudo-linux
20:58:14,607 [ test-runner:run-tests-983 @ target-host ] sudo sh -c "echo 3 > /proc/sys/vm/drop_caches"
]3008;start=923029cf600f4fc0965c63fd136ccaa7;user=zakkak;hostname=blanc;machineid=f469a615e9ef4e81b7d5be080a5de373;bootid=0e917e08584a49cb891ef04366e00ace;pid=376128;pidfdid=376129;comm=sudo;targetuser=root;sessionid=c357;type=session\]3008;end=923029cf600f4fc0965c63fd136ccaa7\
20:58:15,011 [ test-runner:run-tests-983 @ target-host ] taskset --cpu-list 0-3 /home/zakkak/spring-quarkus-perf-comparison/spring-quarkus-perf-comparison/quarkus3/target/quarkus3-runner  &>/home/zakkak/spring-quarkus-perf-comparison/logs/measure-time-to-first-request-quarkus3-native-5.log &
[1] 376157
20:58:15,412 [ test-runner:run-tests-983 @ target-host ] APP_PID=$!
20:58:15,865 [ test-runner:run-tests-983 @ target-host ] timeout 60s bash -c "taskset --cpu-list 10 /home/zakkak/spring-quarkus-perf-comparison/spring-quarkus-perf-comparison/scripts/perf-lab/scripts/time-to-1st-request.sh http://localhost:8080/fruits"
32
20:58:15,865 [ test-runner:run-tests-983 @ target-host ] 
20:58:15,865 [ test-runner:run-tests-983 @ target-host ] set-state: START_TIME 32
20:58:16,367 [ test-runner:run-tests-983 @ target-host ] kill -15 $APP_PID
20:58:16,367 [ test-runner:run-tests-983 @ target-host ] script-cmd: state-array-push
20:58:16,367 [ test-runner:run-tests-983 @ target-host ] state-array-push
20:58:16,416 [ test-runner:run-tests-983 @ target-host ] set-state: RUN.output.results.quarkus3-native.startup.timings [39,32,40,32,41,32]
20:58:18,820 [ test-runner:run-tests-983 @ target-host ] sleep 2
20:58:18,820 [ test-runner:run-tests-983 @ target-host ] script-cmd: stop-test-services
20:58:18,820 [ test-runner:run-tests-983 @ target-host ] stop-test-services
20:58:19,458 [ test-runner:run-tests-983 @ target-host ] /home/zakkak/spring-quarkus-perf-comparison/spring-quarkus-perf-comparison/scripts/infra.sh -d
Using podman to stop containers
-----------------------------------------
[03/11/2026 20:58:18]: Stopping services
-----------------------------------------
Stopping PostgreSQL database 'fruits_db'
fruits_db
20:58:19,519 [ test-runner:run-tests-983 @ target-host ] for-each: ITERATION = 6
20:58:19,519 [ test-runner:run-tests-983 @ target-host ] queue-download: ${{REPO_DIR}}/logs/measure-time-to-first-request-${{RUNTIME.name}}-${{ITERATION}}.log=/home/zakkak/spring-quarkus-perf-comparison/logs/measure-time-to-first-request-quarkus3-native-6.log ../../20260311/run-time-initialize-resource-bundles/target-host/
20:58:19,519 [ test-runner:run-tests-983 @ target-host ] script-cmd: start-test-services
20:58:19,519 [ test-runner:run-tests-983 @ target-host ] start-test-services
20:58:30,636 [ test-runner:run-tests-983 @ target-host ] /home/zakkak/spring-quarkus-perf-comparison/spring-quarkus-perf-comparison/scripts/infra.sh -c 3 -p '4-6' -s
Using podman to start containers
-----------------------------------------
[03/11/2026 20:58:19]: Starting services
-----------------------------------------
Starting PostgreSQL database 'fruits_db'
PostgreSQL DB process: 0af17290cfb808135bdffa71d53f50e55847be7d97a134c599ee37e5b1287caf
Waiting for PostgreSQL to be ready...
localhost:5432 - no response
localhost:5432 - no response
localhost:5432 - accepting connections
20:58:30,637 [ test-runner:run-tests-983 @ target-host ] script-cmd: sync-drop-fs-cache
20:58:30,637 [ test-runner:run-tests-983 @ target-host ] sync-drop-fs-cache
20:58:30,637 [ test-runner:run-tests-983 @ target-host ] read-state: true
20:58:30,637 [ test-runner:run-tests-983 @ target-host ] regex: true
20:58:31,212 [ test-runner:run-tests-983 @ target-host ] sync
20:58:31,213 [ test-runner:run-tests-983 @ target-host ] script-cmd: sync-drop-fs-cache-${{os}}
20:58:31,213 [ test-runner:run-tests-983 @ target-host ] sync-drop-fs-cache-linux
20:58:31,213 [ test-runner:run-tests-983 @ target-host ] script-cmd: sudo
20:58:31,213 [ test-runner:run-tests-983 @ target-host ] sudo
20:58:31,213 [ test-runner:run-tests-983 @ target-host ] script-cmd: sudo-${{os}}
20:58:31,213 [ test-runner:run-tests-983 @ target-host ] sudo-linux
20:58:31,995 [ test-runner:run-tests-983 @ target-host ] sudo sh -c "echo 3 > /proc/sys/vm/drop_caches"
]3008;start=5847fdc0db9f49fabda3ec627cdd89b7;user=zakkak;hostname=blanc;machineid=f469a615e9ef4e81b7d5be080a5de373;bootid=0e917e08584a49cb891ef04366e00ace;pid=376583;pidfdid=376584;comm=sudo;targetuser=root;sessionid=c358;type=session\]3008;end=5847fdc0db9f49fabda3ec627cdd89b7\
20:58:32,398 [ test-runner:run-tests-983 @ target-host ] taskset --cpu-list 0-3 /home/zakkak/spring-quarkus-perf-comparison/spring-quarkus-perf-comparison/quarkus3/target/quarkus3-runner  &>/home/zakkak/spring-quarkus-perf-comparison/logs/measure-time-to-first-request-quarkus3-native-6.log &
[1] 376610
20:58:32,800 [ test-runner:run-tests-983 @ target-host ] APP_PID=$!
20:58:33,251 [ test-runner:run-tests-983 @ target-host ] timeout 60s bash -c "taskset --cpu-list 10 /home/zakkak/spring-quarkus-perf-comparison/spring-quarkus-perf-comparison/scripts/perf-lab/scripts/time-to-1st-request.sh http://localhost:8080/fruits"
31
20:58:33,251 [ test-runner:run-tests-983 @ target-host ] 
20:58:33,251 [ test-runner:run-tests-983 @ target-host ] set-state: START_TIME 31
20:58:33,753 [ test-runner:run-tests-983 @ target-host ] kill -15 $APP_PID
20:58:33,753 [ test-runner:run-tests-983 @ target-host ] script-cmd: state-array-push
20:58:33,753 [ test-runner:run-tests-983 @ target-host ] state-array-push
20:58:33,796 [ test-runner:run-tests-983 @ target-host ] set-state: RUN.output.results.quarkus3-native.startup.timings [39,32,40,32,41,32,31]
20:58:36,200 [ test-runner:run-tests-983 @ target-host ] sleep 2
20:58:36,200 [ test-runner:run-tests-983 @ target-host ] script-cmd: stop-test-services
20:58:36,200 [ test-runner:run-tests-983 @ target-host ] stop-test-services
20:58:36,837 [ test-runner:run-tests-983 @ target-host ] /home/zakkak/spring-quarkus-perf-comparison/spring-quarkus-perf-comparison/scripts/infra.sh -d
Using podman to stop containers
-----------------------------------------
[03/11/2026 20:58:36]: Stopping services
-----------------------------------------
Stopping PostgreSQL database 'fruits_db'
fruits_db
20:58:36,905 [ test-runner:run-tests-983 @ target-host ] for-each: ITERATION = 7
20:58:36,906 [ test-runner:run-tests-983 @ target-host ] queue-download: ${{REPO_DIR}}/logs/measure-time-to-first-request-${{RUNTIME.name}}-${{ITERATION}}.log=/home/zakkak/spring-quarkus-perf-comparison/logs/measure-time-to-first-request-quarkus3-native-7.log ../../20260311/run-time-initialize-resource-bundles/target-host/
20:58:36,906 [ test-runner:run-tests-983 @ target-host ] script-cmd: start-test-services
20:58:36,906 [ test-runner:run-tests-983 @ target-host ] start-test-services
20:58:47,989 [ test-runner:run-tests-983 @ target-host ] /home/zakkak/spring-quarkus-perf-comparison/spring-quarkus-perf-comparison/scripts/infra.sh -c 3 -p '4-6' -s
Using podman to start containers
-----------------------------------------
[03/11/2026 20:58:36]: Starting services
-----------------------------------------
Starting PostgreSQL database 'fruits_db'
PostgreSQL DB process: b4fddc95a4b776af7ecb154de55057e23facbc1599e0d05a004166c01c41ab74
Waiting for PostgreSQL to be ready...
localhost:5432 - no response
localhost:5432 - no response
localhost:5432 - accepting connections
20:58:47,989 [ test-runner:run-tests-983 @ target-host ] script-cmd: sync-drop-fs-cache
20:58:47,989 [ test-runner:run-tests-983 @ target-host ] sync-drop-fs-cache
20:58:47,989 [ test-runner:run-tests-983 @ target-host ] read-state: true
20:58:47,989 [ test-runner:run-tests-983 @ target-host ] regex: true
20:58:48,549 [ test-runner:run-tests-983 @ target-host ] sync
20:58:48,549 [ test-runner:run-tests-983 @ target-host ] script-cmd: sync-drop-fs-cache-${{os}}
20:58:48,549 [ test-runner:run-tests-983 @ target-host ] sync-drop-fs-cache-linux
20:58:48,549 [ test-runner:run-tests-983 @ target-host ] script-cmd: sudo
20:58:48,549 [ test-runner:run-tests-983 @ target-host ] sudo
20:58:48,549 [ test-runner:run-tests-983 @ target-host ] script-cmd: sudo-${{os}}
20:58:48,549 [ test-runner:run-tests-983 @ target-host ] sudo-linux
20:58:49,367 [ test-runner:run-tests-983 @ target-host ] sudo sh -c "echo 3 > /proc/sys/vm/drop_caches"
]3008;start=58ce5252fe1e4814b6fe66a8bea82cd7;user=zakkak;hostname=blanc;machineid=f469a615e9ef4e81b7d5be080a5de373;bootid=0e917e08584a49cb891ef04366e00ace;pid=377022;pidfdid=377023;comm=sudo;targetuser=root;sessionid=c359;type=session\]3008;end=58ce5252fe1e4814b6fe66a8bea82cd7\
20:58:49,771 [ test-runner:run-tests-983 @ target-host ] taskset --cpu-list 0-3 /home/zakkak/spring-quarkus-perf-comparison/spring-quarkus-perf-comparison/quarkus3/target/quarkus3-runner  &>/home/zakkak/spring-quarkus-perf-comparison/logs/measure-time-to-first-request-quarkus3-native-7.log &
[1] 377051
20:58:50,173 [ test-runner:run-tests-983 @ target-host ] APP_PID=$!
20:58:50,638 [ test-runner:run-tests-983 @ target-host ] timeout 60s bash -c "taskset --cpu-list 10 /home/zakkak/spring-quarkus-perf-comparison/spring-quarkus-perf-comparison/scripts/perf-lab/scripts/time-to-1st-request.sh http://localhost:8080/fruits"
42
20:58:50,638 [ test-runner:run-tests-983 @ target-host ] 
20:58:50,638 [ test-runner:run-tests-983 @ target-host ] set-state: START_TIME 42
20:58:51,140 [ test-runner:run-tests-983 @ target-host ] kill -15 $APP_PID
20:58:51,141 [ test-runner:run-tests-983 @ target-host ] script-cmd: state-array-push
20:58:51,141 [ test-runner:run-tests-983 @ target-host ] state-array-push
20:58:51,187 [ test-runner:run-tests-983 @ target-host ] set-state: RUN.output.results.quarkus3-native.startup.timings [39,32,40,32,41,32,31,42]
20:58:53,590 [ test-runner:run-tests-983 @ target-host ] sleep 2
20:58:53,590 [ test-runner:run-tests-983 @ target-host ] script-cmd: stop-test-services
20:58:53,590 [ test-runner:run-tests-983 @ target-host ] stop-test-services
20:58:54,241 [ test-runner:run-tests-983 @ target-host ] /home/zakkak/spring-quarkus-perf-comparison/spring-quarkus-perf-comparison/scripts/infra.sh -d
Using podman to stop containers
-----------------------------------------
[03/11/2026 20:58:53]: Stopping services
-----------------------------------------
Stopping PostgreSQL database 'fruits_db'
fruits_db
20:58:54,298 [ test-runner:run-tests-983 @ target-host ] for-each: ITERATION = 8
20:58:54,298 [ test-runner:run-tests-983 @ target-host ] queue-download: ${{REPO_DIR}}/logs/measure-time-to-first-request-${{RUNTIME.name}}-${{ITERATION}}.log=/home/zakkak/spring-quarkus-perf-comparison/logs/measure-time-to-first-request-quarkus3-native-8.log ../../20260311/run-time-initialize-resource-bundles/target-host/
20:58:54,299 [ test-runner:run-tests-983 @ target-host ] script-cmd: start-test-services
20:58:54,299 [ test-runner:run-tests-983 @ target-host ] start-test-services
20:59:05,404 [ test-runner:run-tests-983 @ target-host ] /home/zakkak/spring-quarkus-perf-comparison/spring-quarkus-perf-comparison/scripts/infra.sh -c 3 -p '4-6' -s
Using podman to start containers
-----------------------------------------
[03/11/2026 20:58:54]: Starting services
-----------------------------------------
Starting PostgreSQL database 'fruits_db'
PostgreSQL DB process: 05c7e63a4d5826df94253d3fbecc5b35aec81d1948d0e32a86e5642359d6678e
Waiting for PostgreSQL to be ready...
localhost:5432 - no response
localhost:5432 - no response
localhost:5432 - accepting connections
20:59:05,404 [ test-runner:run-tests-983 @ target-host ] script-cmd: sync-drop-fs-cache
20:59:05,404 [ test-runner:run-tests-983 @ target-host ] sync-drop-fs-cache
20:59:05,404 [ test-runner:run-tests-983 @ target-host ] read-state: true
20:59:05,404 [ test-runner:run-tests-983 @ target-host ] regex: true
20:59:06,003 [ test-runner:run-tests-983 @ target-host ] sync
20:59:06,003 [ test-runner:run-tests-983 @ target-host ] script-cmd: sync-drop-fs-cache-${{os}}
20:59:06,003 [ test-runner:run-tests-983 @ target-host ] sync-drop-fs-cache-linux
20:59:06,003 [ test-runner:run-tests-983 @ target-host ] script-cmd: sudo
20:59:06,003 [ test-runner:run-tests-983 @ target-host ] sudo
20:59:06,004 [ test-runner:run-tests-983 @ target-host ] script-cmd: sudo-${{os}}
20:59:06,004 [ test-runner:run-tests-983 @ target-host ] sudo-linux
20:59:06,760 [ test-runner:run-tests-983 @ target-host ] sudo sh -c "echo 3 > /proc/sys/vm/drop_caches"
]3008;start=4e90c799d29c406f91dd35480506c2f6;user=zakkak;hostname=blanc;machineid=f469a615e9ef4e81b7d5be080a5de373;bootid=0e917e08584a49cb891ef04366e00ace;pid=377476;pidfdid=377477;comm=sudo;targetuser=root;sessionid=c360;type=session\]3008;end=4e90c799d29c406f91dd35480506c2f6\
20:59:07,172 [ test-runner:run-tests-983 @ target-host ] taskset --cpu-list 0-3 /home/zakkak/spring-quarkus-perf-comparison/spring-quarkus-perf-comparison/quarkus3/target/quarkus3-runner  &>/home/zakkak/spring-quarkus-perf-comparison/logs/measure-time-to-first-request-quarkus3-native-8.log &
[1] 377503
20:59:07,574 [ test-runner:run-tests-983 @ target-host ] APP_PID=$!
20:59:08,027 [ test-runner:run-tests-983 @ target-host ] timeout 60s bash -c "taskset --cpu-list 10 /home/zakkak/spring-quarkus-perf-comparison/spring-quarkus-perf-comparison/scripts/perf-lab/scripts/time-to-1st-request.sh http://localhost:8080/fruits"
33
20:59:08,028 [ test-runner:run-tests-983 @ target-host ] 
20:59:08,028 [ test-runner:run-tests-983 @ target-host ] set-state: START_TIME 33
20:59:08,530 [ test-runner:run-tests-983 @ target-host ] kill -15 $APP_PID
20:59:08,531 [ test-runner:run-tests-983 @ target-host ] script-cmd: state-array-push
20:59:08,531 [ test-runner:run-tests-983 @ target-host ] state-array-push
20:59:08,581 [ test-runner:run-tests-983 @ target-host ] set-state: RUN.output.results.quarkus3-native.startup.timings [39,32,40,32,41,32,31,42,33]
20:59:10,984 [ test-runner:run-tests-983 @ target-host ] sleep 2
20:59:10,984 [ test-runner:run-tests-983 @ target-host ] script-cmd: stop-test-services
20:59:10,984 [ test-runner:run-tests-983 @ target-host ] stop-test-services
20:59:11,619 [ test-runner:run-tests-983 @ target-host ] /home/zakkak/spring-quarkus-perf-comparison/spring-quarkus-perf-comparison/scripts/infra.sh -d
Using podman to stop containers
-----------------------------------------
[03/11/2026 20:59:10]: Stopping services
-----------------------------------------
Stopping PostgreSQL database 'fruits_db'
fruits_db
20:59:11,690 [ test-runner:run-tests-983 @ target-host ] for-each: ITERATION = 9
20:59:11,690 [ test-runner:run-tests-983 @ target-host ] queue-download: ${{REPO_DIR}}/logs/measure-time-to-first-request-${{RUNTIME.name}}-${{ITERATION}}.log=/home/zakkak/spring-quarkus-perf-comparison/logs/measure-time-to-first-request-quarkus3-native-9.log ../../20260311/run-time-initialize-resource-bundles/target-host/
20:59:11,690 [ test-runner:run-tests-983 @ target-host ] script-cmd: start-test-services
20:59:11,691 [ test-runner:run-tests-983 @ target-host ] start-test-services
20:59:22,774 [ test-runner:run-tests-983 @ target-host ] /home/zakkak/spring-quarkus-perf-comparison/spring-quarkus-perf-comparison/scripts/infra.sh -c 3 -p '4-6' -s
Using podman to start containers
-----------------------------------------
[03/11/2026 20:59:11]: Starting services
-----------------------------------------
Starting PostgreSQL database 'fruits_db'
PostgreSQL DB process: f707f68653bd182927b6b5942a621fed67ff39b671305ccfcf3c7dc6ce58bd83
Waiting for PostgreSQL to be ready...
localhost:5432 - no response
localhost:5432 - no response
localhost:5432 - accepting connections
20:59:22,774 [ test-runner:run-tests-983 @ target-host ] script-cmd: sync-drop-fs-cache
20:59:22,774 [ test-runner:run-tests-983 @ target-host ] sync-drop-fs-cache
20:59:22,775 [ test-runner:run-tests-983 @ target-host ] read-state: true
20:59:22,775 [ test-runner:run-tests-983 @ target-host ] regex: true
20:59:23,322 [ test-runner:run-tests-983 @ target-host ] sync
20:59:23,323 [ test-runner:run-tests-983 @ target-host ] script-cmd: sync-drop-fs-cache-${{os}}
20:59:23,323 [ test-runner:run-tests-983 @ target-host ] sync-drop-fs-cache-linux
20:59:23,323 [ test-runner:run-tests-983 @ target-host ] script-cmd: sudo
20:59:23,323 [ test-runner:run-tests-983 @ target-host ] sudo
20:59:23,323 [ test-runner:run-tests-983 @ target-host ] script-cmd: sudo-${{os}}
20:59:23,323 [ test-runner:run-tests-983 @ target-host ] sudo-linux
20:59:24,089 [ test-runner:run-tests-983 @ target-host ] sudo sh -c "echo 3 > /proc/sys/vm/drop_caches"
]3008;start=1b7a93d6b9094272bc416c39cc666b79;user=zakkak;hostname=blanc;machineid=f469a615e9ef4e81b7d5be080a5de373;bootid=0e917e08584a49cb891ef04366e00ace;pid=377928;pidfdid=377929;comm=sudo;targetuser=root;sessionid=c361;type=session\]3008;end=1b7a93d6b9094272bc416c39cc666b79\
20:59:24,493 [ test-runner:run-tests-983 @ target-host ] taskset --cpu-list 0-3 /home/zakkak/spring-quarkus-perf-comparison/spring-quarkus-perf-comparison/quarkus3/target/quarkus3-runner  &>/home/zakkak/spring-quarkus-perf-comparison/logs/measure-time-to-first-request-quarkus3-native-9.log &
[1] 377957
20:59:24,895 [ test-runner:run-tests-983 @ target-host ] APP_PID=$!
20:59:25,349 [ test-runner:run-tests-983 @ target-host ] timeout 60s bash -c "taskset --cpu-list 10 /home/zakkak/spring-quarkus-perf-comparison/spring-quarkus-perf-comparison/scripts/perf-lab/scripts/time-to-1st-request.sh http://localhost:8080/fruits"
33
20:59:25,349 [ test-runner:run-tests-983 @ target-host ] 
20:59:25,358 [ test-runner:run-tests-983 @ target-host ] set-state: START_TIME 33
20:59:25,860 [ test-runner:run-tests-983 @ target-host ] kill -15 $APP_PID
20:59:25,860 [ test-runner:run-tests-983 @ target-host ] script-cmd: state-array-push
20:59:25,860 [ test-runner:run-tests-983 @ target-host ] state-array-push
20:59:25,908 [ test-runner:run-tests-983 @ target-host ] set-state: RUN.output.results.quarkus3-native.startup.timings [39,32,40,32,41,32,31,42,33,33]
20:59:28,311 [ test-runner:run-tests-983 @ target-host ] sleep 2
20:59:28,311 [ test-runner:run-tests-983 @ target-host ] script-cmd: stop-test-services
20:59:28,311 [ test-runner:run-tests-983 @ target-host ] stop-test-services
20:59:28,945 [ test-runner:run-tests-983 @ target-host ] /home/zakkak/spring-quarkus-perf-comparison/spring-quarkus-perf-comparison/scripts/infra.sh -d
Using podman to stop containers
-----------------------------------------
[03/11/2026 20:59:28]: Stopping services
-----------------------------------------
Stopping PostgreSQL database 'fruits_db'
fruits_db
20:59:29,003 [ test-runner:run-tests-983 @ target-host ] for-each: ITERATION
20:59:29,004 [ test-runner:run-tests-983 @ target-host ] script-cmd: state-array-calc-avg
20:59:29,004 [ test-runner:run-tests-983 @ target-host ] state-array-calc-avg
20:59:29,044 [ test-runner:run-tests-983 @ target-host ] set-state: RUN.output.results.quarkus3-native.startup.avStartTime 35.5
20:59:29,044 [ test-runner:run-tests-983 @ target-host ] for-each: TEST = measure-rss
20:59:29,044 [ test-runner:run-tests-983 @ target-host ] script-cmd: ${{TEST}}
20:59:29,044 [ test-runner:run-tests-983 @ target-host ] measure-rss
20:59:29,044 [ test-runner:run-tests-983 @ target-host ] Measuring RSS
20:59:29,490 [ test-runner:run-tests-983 @ target-host ] java -version
openjdk version "21.0.9" 2025-10-21 LTS
OpenJDK Runtime Environment Temurin-21.0.9+10 (build 21.0.9+10-LTS)
OpenJDK 64-Bit Server VM Temurin-21.0.9+10 (build 21.0.9+10-LTS, mixed mode, sharing)
20:59:29,892 [ test-runner:run-tests-983 @ target-host ] cd /home/zakkak/spring-quarkus-perf-comparison/spring-quarkus-perf-comparison/quarkus3
21:00:13,977 [ test-runner:run-tests-983 @ target-host ] ./mvnw  clean package -DskipTests -Pnative -Dquarkus.native.additional-build-args-append=--future-defaults=run-time-initialize-resource-bundles
[INFO] Scanning for projects...
[WARNING] Quarkus Maven extension: an explicit 'argLine' is defined in maven-surefire-plugin config, but does not contain '@{argLine}': we will not be able to inject JVM parameters automatically. Please add '@{argLine}' to the argLine configuration you have defined.
[INFO] 
[INFO] -------------------------< org.acme:quarkus3 >--------------------------
[INFO] Building quarkus3 1.0
[INFO]   from pom.xml
[INFO] ------------------------------[ quarkus ]-------------------------------
[INFO] 
[INFO] --- clean:3.2.0:clean (default-clean) @ quarkus3 ---
[INFO] Deleting /home/zakkak/spring-quarkus-perf-comparison/spring-quarkus-perf-comparison/quarkus3/target
[INFO] 
[INFO] --- resources:3.3.1:resources (default-resources) @ quarkus3 ---
[WARNING] Using platform encoding (UTF-8 actually) to copy filtered resources, i.e. build is platform dependent!
[INFO] Copying 2 resources from src/main/resources to target/classes
[INFO] 
[INFO] --- quarkus:3.32.2:generate-code (default-generate-code) @ quarkus3 ---
[INFO] 
[INFO] --- compiler:3.15.0:compile (default-compile) @ quarkus3 ---
[INFO] Recompiling the module because of changed source code.
[WARNING] File encoding has not been set, using platform encoding UTF-8, i.e. build is platform dependent!
[INFO] Compiling 16 source files with javac [debug release 21] to target/classes
[INFO] 
[INFO] --- resources:3.3.1:testResources (default-testResources) @ quarkus3 ---
[WARNING] Using platform encoding (UTF-8 actually) to copy filtered resources, i.e. build is platform dependent!
[INFO] skip non existing resourceDirectory /home/zakkak/spring-quarkus-perf-comparison/spring-quarkus-perf-comparison/quarkus3/src/test/resources
[INFO] 
[INFO] --- quarkus:3.32.2:generate-code-tests (default-generate-code-tests) @ quarkus3 ---
[INFO] 
[INFO] --- compiler:3.15.0:testCompile (default-testCompile) @ quarkus3 ---
[INFO] Recompiling the module because of changed dependency.
[WARNING] File encoding has not been set, using platform encoding UTF-8, i.e. build is platform dependent!
[INFO] Compiling 4 source files with javac [debug release 21] to target/test-classes
[INFO] 
[INFO] --- surefire:3.5.5:test (default-test) @ quarkus3 ---
[INFO] Tests are skipped.
[INFO] 
[INFO] --- quarkus:3.32.2:build (default-build) @ quarkus3 ---
[INFO] [io.quarkus.deployment.pkg.jar.NativeImageSourceJarBuilder] Building native image source jar: /home/zakkak/spring-quarkus-perf-comparison/spring-quarkus-perf-comparison/quarkus3/target/quarkus3-native-image-source-jar/quarkus3-runner.jar
[INFO] [io.quarkus.deployment.pkg.steps.NativeImageBuildStep] Building native image from /home/zakkak/spring-quarkus-perf-comparison/spring-quarkus-perf-comparison/quarkus3/target/quarkus3-native-image-source-jar/quarkus3-runner.jar
[INFO] [io.quarkus.deployment.pkg.steps.NativeImageBuildStep] Running Quarkus native-image plugin on GRAALVM 25.1.0-dev JDK 25.0.1+8-jvmci-25.1-b14
[INFO] [io.quarkus.deployment.pkg.steps.NativeImageBuildRunner] /home/zakkak/code/graal-oracle/sdk/latest_graalvm_home/bin/native-image -J-DCoordinatorEnvironmentBean.transactionStatusManagerEnable=false -J-Dsun.nio.ch.maxUpdateArraySize=100 -J-Djava.util.logging.manager=org.jboss.logmanager.LogManager -J-Dvertx.logger-delegate-factory-class-name=io.quarkus.vertx.core.runtime.VertxLogDelegateFactory -J-Dvertx.disableDnsResolver=true -J-Dio.netty.leakDetection.level=DISABLED -J-Dio.netty.allocator.maxOrder=3 -J-Duser.language=en -J-Duser.country=IE -J-Dlogging.initial-configurator.min-level=500 -H:+UnlockExperimentalVMOptions -H:IncludeLocales=en-IE -H:-UnlockExperimentalVMOptions --enable-native-access=ALL-UNNAMED -J-Dfile.encoding=UTF-8 -J--add-exports=org.graalvm.nativeimage.builder/com.oracle.svm.core.jdk=ALL-UNNAMED --features=io.quarkus.jdbc.postgresql.runtime.graal.SQLXMLFeature,io.quarkus.hibernate.validator.runtime.DisableLoggingFeature,io.quarkus.runner.Feature,io.quarkus.runtime.graal.DisableLoggingFeature,io.quarkus.runtime.graal.JVMChecksFeature,io.quarkus.hibernate.orm.runtime.graal.RegisterServicesForReflectionFeature,io.quarkus.hibernate.orm.runtime.graal.DisableLoggingFeature,org.hibernate.graalvm.internal.GraalVMStaticFeature,io.quarkus.caffeine.runtime.graal.CacheConstructorsFeature,io.quarkus.runtime.graal.SkipConsoleServiceProvidersFeature -J--add-exports=java.security.jgss/sun.security.krb5=ALL-UNNAMED -J--add-exports=java.security.jgss/sun.security.jgss=ALL-UNNAMED -J--add-opens=java.base/java.text=ALL-UNNAMED -J--add-opens=java.base/java.io=ALL-UNNAMED -J--add-opens=java.base/java.lang.invoke=ALL-UNNAMED -J--add-opens=java.base/java.util=ALL-UNNAMED -H:+UnlockExperimentalVMOptions -H:BuildOutputJSONFile=quarkus3-runner-build-output-stats.json -H:-UnlockExperimentalVMOptions -H:+UnlockExperimentalVMOptions -H:+GenerateBuildArtifactsFile -H:-UnlockExperimentalVMOptions --future-defaults=run-time-initialize-resource-bundles -H:+UnlockExperimentalVMOptions -H:+AllowFoldMethods -H:-UnlockExperimentalVMOptions -J-Djava.awt.headless=true --no-fallback --link-at-build-time -H:+UnlockExperimentalVMOptions -H:+ReportExceptionStackTraces -H:-UnlockExperimentalVMOptions -H:-AddAllCharsets --enable-url-protocols=http,https -H:NativeLinkerOption=-no-pie --enable-monitoring=heapdump,threaddump -H:+UnlockExperimentalVMOptions -H:-UseServiceLoaderFeature -H:-UnlockExperimentalVMOptions -J--add-exports=org.graalvm.nativeimage/org.graalvm.nativeimage.impl=ALL-UNNAMED --exclude-config io\.netty\.netty-codec /META-INF/native-image/io\.netty/netty-codec/generated/handlers/reflect-config\.json --exclude-config io\.netty\.netty-handler /META-INF/native-image/io\.netty/netty-handler/generated/handlers/reflect-config\.json quarkus3-runner -jar quarkus3-runner.jar
Warning: Using a deprecated option --no-fallback from command line. No effect, no replacement available
Warning: Option 'FallbackThreshold' is deprecated and might be removed in a future release: It no longer has any effect, and no replacement is available. Please refer to the GraalVM release notes.
Warning: Option 'DynamicProxyConfigurationResources' is deprecated and might be removed in a future release: This can be caused by a proxy-config.json file in your META-INF directory. Consider including proxy configuration in the reflection section of reachability-metadata.json instead.. Please refer to the GraalVM release notes.
========================================================================================================================
GraalVM Native Image: Generating 'quarkus3-runner' (executable)...
========================================================================================================================
For detailed information and explanations on the build output, visit:
https://github.com/oracle/graal/blob/master/docs/reference-manual/native-image/BuildOutput.md
------------------------------------------------------------------------------------------------------------------------
[1/8] Initializing...                                                                                   (4.0s @ 0.45GiB)
 Builder configuration:
 - Java version: 25.0.1+8, vendor version: GraalVM CE 25.1.0-dev+8.1
 - Graal compiler: optimization level: 2, target machine: x86-64-v3
 - C compiler: gcc (redhat, x86_64, 15.2.1)
 - Assertions: disabled, system assertions: disabled
 - 11 user-specific feature(s):
   - io.quarkus.caffeine.runtime.graal.CacheConstructorsFeature
   - io.quarkus.hibernate.orm.runtime.graal.DisableLoggingFeature: Disables INFO logging during the analysis phase
   - io.quarkus.hibernate.orm.runtime.graal.RegisterServicesForReflectionFeature: Makes methods of reachable Hibernate services accessible through Class#getMethods()
   - io.quarkus.hibernate.validator.runtime.DisableLoggingFeature: Disables INFO logging during the analysis phase for the [org.hibernate.validator.internal.util.Version] categories
   - io.quarkus.jdbc.postgresql.runtime.graal.SQLXMLFeature
   - io.quarkus.runner.Feature: Auto-generated class by Quarkus from the existing extensions
   - io.quarkus.runtime.graal.DisableLoggingFeature: Adapts logging during the analysis phase
   - io.quarkus.runtime.graal.JVMChecksFeature
   - io.quarkus.runtime.graal.SkipConsoleServiceProvidersFeature: Skip unsupported console service providers when quarkus.native.auto-service-loader-registration is false
   - org.eclipse.angus.activation.nativeimage.AngusActivationFeature
   - org.hibernate.graalvm.internal.GraalVMStaticFeature: Hibernate ORM's static reflection registrations for GraalVM
 Image configuration:
 - Garbage collector: Serial GC (max heap size: 80% of RAM)
 - Assertions: disabled (class-specific config may apply), system assertions: disabled
------------------------------------------------------------------------------------------------------------------------
 5 experimental option(s) unlocked:
 - '-H:+AllowFoldMethods' (origin(s): command line)
 - '-H:BuildOutputJSONFile' (origin(s): command line)
 - '-H:-UseServiceLoaderFeature' (origin(s): command line)
 - '-H:+GenerateBuildArtifactsFile' (origin(s): command line)
 - '-H:AddOpens' (alternative API option(s): --add-opens java.base/java.lang=ALL-UNNAMED; origin(s): command line)
------------------------------------------------------------------------------------------------------------------------
Build resources:
 - 30.00GiB of memory (48.4% of system memory, capped at 30GiB)
 - 32 thread(s) (100.0% of 32 available processor(s), determined at start)
[2/8] Performing analysis...  [******]                                                                  (8.4s @ 3.00GiB)
   22,652 types,  29,175 fields, and 106,492 methods found reachable
    7,964 types,     169 fields, and   5,201 methods registered for reflection
       63 types,      69 fields, and      55 methods registered for JNI access
      105 resource accesses registered with 188.29KiB total size
        4 native libraries: dl, pthread, rt, z
[3/8] Building universe...                                                                              (2.7s @ 2.32GiB)
[4/8] Parsing methods...      [*]                                                                       (1.1s @ 2.91GiB)
[5/8] Inlining methods...     [****]                                                                    (0.8s @ 2.78GiB)
[6/8] Compiling methods...    [***]                                                                     (7.7s @ 2.11GiB)
[7/8] Laying out methods...   [***]                                                                     (5.8s @ 2.67GiB)
[8/8] Creating image...       [**]                                                                      (3.7s @ 2.96GiB)
  36.03MiB (41.77%) for code area:    71,246 compilation units
  43.88MiB (50.87%) for image heap:  500,349 objects and 16 resources
   6.35MiB ( 7.36%) for other data
  86.25MiB in total image size, 80.50MiB in total file size
------------------------------------------------------------------------------------------------------------------------
Top 10 origins of code area:                                Top 10 object types in image heap:
   1.52MiB java.base/sun.security.ssl                         11.52MiB byte[] for code metadata
   1.05MiB java.base/java.util                                 6.44MiB byte[] for string data
 852.68KiB o.g.n.runtime/com.oracle.svm.core.code              4.32MiB o.g.n.runtime/c.o.s.core.hub.DynamicHubCompanion
 697.23KiB java.base/com.sun.crypto.provider                   4.11MiB java.base/java.lang.String
 637.13KiB jdk.proxy4/jdk.proxy4                               3.36MiB java.base/java.lang.Class
 533.01KiB java.base/java.lang                                 1.43MiB byte[] for reflection metadata
 532.04KiB io.netty.buffer                                     1.31MiB byte[] for general heap data
 506.32KiB java.base/java.lang.invoke                        905.15KiB java.base/java.lang.Object[]
 468.03KiB org.postgresql.jdbc                               832.50KiB java.base/java.lang.reflect.Method
 460.62KiB org.hibernate.query.hql.internal                  798.83KiB o.g.n.runtime/c.o.s.c.h.ImageReflectionMetadata
  27.83MiB for 984 more packages                               8.90MiB for 5204 more object types
------------------------------------------------------------------------------------------------------------------------
Recommendations:
 FUTR: Use '--future-defaults=all' to prepare for future releases.
 HEAP: Set max heap for improved and more predictable memory usage.
 CPU:  Enable more CPU features with '-march=native' for improved performance.
------------------------------------------------------------------------------------------------------------------------
                       2.8s (7.7% of total time) in 281 GCs | Peak RSS: 4.88GiB | CPU load: 15.48
------------------------------------------------------------------------------------------------------------------------
Build artifacts:
 /home/zakkak/spring-quarkus-perf-comparison/spring-quarkus-perf-comparison/quarkus3/target/quarkus3-native-image-source-jar/build-artifacts.json (build_info, 92B)
 /home/zakkak/spring-quarkus-perf-comparison/spring-quarkus-perf-comparison/quarkus3/target/quarkus3-native-image-source-jar/quarkus3-runner (executable, 80.50MiB)
 /home/zakkak/spring-quarkus-perf-comparison/spring-quarkus-perf-comparison/quarkus3/target/quarkus3-native-image-source-jar/quarkus3-runner-build-output-stats.json (build_info, 1.00KiB)
========================================================================================================================
Finished generating 'quarkus3-runner' in 35.6s.

The build process encountered 3 warnings.

[INFO] [io.quarkus.deployment.pkg.steps.NativeImageBuildRunner] objcopy --strip-debug quarkus3-runner
[INFO] [io.quarkus.deployment.QuarkusAugmentor] Quarkus augmentation completed in 39401ms
[INFO] ------------------------------------------------------------------------
[INFO] BUILD SUCCESS
[INFO] ------------------------------------------------------------------------
[INFO] Total time:  42.845 s
[INFO] Finished at: 2026-03-11T21:00:13+02:00
[INFO] ------------------------------------------------------------------------
21:00:14,021 [ test-runner:run-tests-983 @ target-host ] for-each: ITERATION = 0
21:00:14,022 [ test-runner:run-tests-983 @ target-host ] queue-download: ${{REPO_DIR}}/logs/measure-rss-${{RUNTIME.name}}-${{ITERATION}}.log=/home/zakkak/spring-quarkus-perf-comparison/logs/measure-rss-quarkus3-native-0.log ../../20260311/run-time-initialize-resource-bundles/target-host/
21:00:14,022 [ test-runner:run-tests-983 @ target-host ] script-cmd: start-test-services
21:00:14,022 [ test-runner:run-tests-983 @ target-host ] start-test-services
21:00:25,106 [ test-runner:run-tests-983 @ target-host ] /home/zakkak/spring-quarkus-perf-comparison/spring-quarkus-perf-comparison/scripts/infra.sh -c 3 -p '4-6' -s
Using podman to start containers
-----------------------------------------
[03/11/2026 21:00:14]: Starting services
-----------------------------------------
Starting PostgreSQL database 'fruits_db'
PostgreSQL DB process: e9b78551356f43737164e250ac9ac8b9b1c09f928fb7d55174cd7e7a1004b34a
Waiting for PostgreSQL to be ready...
localhost:5432 - no response
localhost:5432 - no response
localhost:5432 - accepting connections
21:00:25,106 [ test-runner:run-tests-983 @ target-host ] script-cmd: sync-drop-fs-cache
21:00:25,106 [ test-runner:run-tests-983 @ target-host ] sync-drop-fs-cache
21:00:25,106 [ test-runner:run-tests-983 @ target-host ] read-state: true
21:00:25,106 [ test-runner:run-tests-983 @ target-host ] regex: true
21:00:25,708 [ test-runner:run-tests-983 @ target-host ] sync
21:00:25,709 [ test-runner:run-tests-983 @ target-host ] script-cmd: sync-drop-fs-cache-${{os}}
21:00:25,709 [ test-runner:run-tests-983 @ target-host ] sync-drop-fs-cache-linux
21:00:25,709 [ test-runner:run-tests-983 @ target-host ] script-cmd: sudo
21:00:25,709 [ test-runner:run-tests-983 @ target-host ] sudo
21:00:25,709 [ test-runner:run-tests-983 @ target-host ] script-cmd: sudo-${{os}}
21:00:25,709 [ test-runner:run-tests-983 @ target-host ] sudo-linux
21:00:26,574 [ test-runner:run-tests-983 @ target-host ] sudo sh -c "echo 3 > /proc/sys/vm/drop_caches"
]3008;start=c35ae15b006348ddbf852e5886853681;user=zakkak;hostname=blanc;machineid=f469a615e9ef4e81b7d5be080a5de373;bootid=0e917e08584a49cb891ef04366e00ace;pid=378975;pidfdid=378976;comm=sudo;targetuser=root;sessionid=c362;type=session\]3008;end=c35ae15b006348ddbf852e5886853681\
21:00:26,978 [ test-runner:run-tests-983 @ target-host ] taskset --cpu-list 0-3 /home/zakkak/spring-quarkus-perf-comparison/spring-quarkus-perf-comparison/quarkus3/target/quarkus3-runner  &>/home/zakkak/spring-quarkus-perf-comparison/logs/measure-rss-quarkus3-native-0.log &
[1] 379007
21:00:27,379 [ test-runner:run-tests-983 @ target-host ] APP_PID=$!
21:00:29,792 [ test-runner:run-tests-983 @ target-host ] sleep 2
21:00:30,210 [ test-runner:run-tests-983 @ target-host ] pmap -x $APP_PID | grep total | awk '{print $4}'
68220
21:00:30,210 [ test-runner:run-tests-983 @ target-host ] set-state: RSS_STARTUP 68220
21:00:30,249 [ test-runner:run-tests-983 @ target-host ] script-cmd: state-array-push
21:00:30,249 [ test-runner:run-tests-983 @ target-host ] state-array-push
21:00:30,328 [ test-runner:run-tests-983 @ target-host ] set-state: RUN.output.results.quarkus3-native.rss.startup [66.62109375]
21:00:30,759 [ test-runner:run-tests-983 @ target-host ] curl -s  http://localhost:8080/fruits > /dev/null
21:00:31,164 [ test-runner:run-tests-983 @ target-host ] pmap -x $APP_PID | grep total | awk '{print $4}'
75184
21:00:31,164 [ test-runner:run-tests-983 @ target-host ] set-state: FIRST_REQUEST 75184
21:00:31,183 [ test-runner:run-tests-983 @ target-host ] script-cmd: state-array-push
21:00:31,183 [ test-runner:run-tests-983 @ target-host ] state-array-push
21:00:31,261 [ test-runner:run-tests-983 @ target-host ] set-state: RUN.output.results.quarkus3-native.rss.firstRequest [73.421875]
21:00:31,763 [ test-runner:run-tests-983 @ target-host ] kill -15 $APP_PID
21:00:34,165 [ test-runner:run-tests-983 @ target-host ] sleep 2
21:00:34,165 [ test-runner:run-tests-983 @ target-host ] script-cmd: stop-test-services
21:00:34,165 [ test-runner:run-tests-983 @ target-host ] stop-test-services
21:00:34,803 [ test-runner:run-tests-983 @ target-host ] /home/zakkak/spring-quarkus-perf-comparison/spring-quarkus-perf-comparison/scripts/infra.sh -d
Using podman to stop containers
-----------------------------------------
[03/11/2026 21:00:34]: Stopping services
-----------------------------------------
Stopping PostgreSQL database 'fruits_db'
fruits_db
21:00:34,864 [ test-runner:run-tests-983 @ target-host ] for-each: ITERATION = 1
21:00:34,865 [ test-runner:run-tests-983 @ target-host ] queue-download: ${{REPO_DIR}}/logs/measure-rss-${{RUNTIME.name}}-${{ITERATION}}.log=/home/zakkak/spring-quarkus-perf-comparison/logs/measure-rss-quarkus3-native-1.log ../../20260311/run-time-initialize-resource-bundles/target-host/
21:00:34,865 [ test-runner:run-tests-983 @ target-host ] script-cmd: start-test-services
21:00:34,865 [ test-runner:run-tests-983 @ target-host ] start-test-services
21:00:45,957 [ test-runner:run-tests-983 @ target-host ] /home/zakkak/spring-quarkus-perf-comparison/spring-quarkus-perf-comparison/scripts/infra.sh -c 3 -p '4-6' -s
Using podman to start containers
-----------------------------------------
[03/11/2026 21:00:34]: Starting services
-----------------------------------------
Starting PostgreSQL database 'fruits_db'
PostgreSQL DB process: 866fc65f77b1f61bd38d4e461a02e78c520d30d6fd40b29eab3461ff18db3832
Waiting for PostgreSQL to be ready...
localhost:5432 - no response
localhost:5432 - no response
localhost:5432 - accepting connections
21:00:45,957 [ test-runner:run-tests-983 @ target-host ] script-cmd: sync-drop-fs-cache
21:00:45,957 [ test-runner:run-tests-983 @ target-host ] sync-drop-fs-cache
21:00:45,958 [ test-runner:run-tests-983 @ target-host ] read-state: true
21:00:45,958 [ test-runner:run-tests-983 @ target-host ] regex: true
21:00:46,512 [ test-runner:run-tests-983 @ target-host ] sync
21:00:46,513 [ test-runner:run-tests-983 @ target-host ] script-cmd: sync-drop-fs-cache-${{os}}
21:00:46,513 [ test-runner:run-tests-983 @ target-host ] sync-drop-fs-cache-linux
21:00:46,513 [ test-runner:run-tests-983 @ target-host ] script-cmd: sudo
21:00:46,513 [ test-runner:run-tests-983 @ target-host ] sudo
21:00:46,513 [ test-runner:run-tests-983 @ target-host ] script-cmd: sudo-${{os}}
21:00:46,513 [ test-runner:run-tests-983 @ target-host ] sudo-linux
21:00:47,284 [ test-runner:run-tests-983 @ target-host ] sudo sh -c "echo 3 > /proc/sys/vm/drop_caches"
]3008;start=bdf0ce82473040efb0cacb81d8dcb576;user=zakkak;hostname=blanc;machineid=f469a615e9ef4e81b7d5be080a5de373;bootid=0e917e08584a49cb891ef04366e00ace;pid=379436;pidfdid=379437;comm=sudo;targetuser=root;sessionid=c363;type=session\]3008;end=bdf0ce82473040efb0cacb81d8dcb576\
21:00:47,687 [ test-runner:run-tests-983 @ target-host ] taskset --cpu-list 0-3 /home/zakkak/spring-quarkus-perf-comparison/spring-quarkus-perf-comparison/quarkus3/target/quarkus3-runner  &>/home/zakkak/spring-quarkus-perf-comparison/logs/measure-rss-quarkus3-native-1.log &
[1] 379465
21:00:48,089 [ test-runner:run-tests-983 @ target-host ] APP_PID=$!
21:00:50,502 [ test-runner:run-tests-983 @ target-host ] sleep 2
21:00:50,919 [ test-runner:run-tests-983 @ target-host ] pmap -x $APP_PID | grep total | awk '{print $4}'
68232
21:00:50,919 [ test-runner:run-tests-983 @ target-host ] set-state: RSS_STARTUP 68232
21:00:50,953 [ test-runner:run-tests-983 @ target-host ] script-cmd: state-array-push
21:00:50,953 [ test-runner:run-tests-983 @ target-host ] state-array-push
21:00:50,989 [ test-runner:run-tests-983 @ target-host ] set-state: RUN.output.results.quarkus3-native.rss.startup [66.62109375,66.6328125]
21:00:51,419 [ test-runner:run-tests-983 @ target-host ] curl -s  http://localhost:8080/fruits > /dev/null
21:00:51,825 [ test-runner:run-tests-983 @ target-host ] pmap -x $APP_PID | grep total | awk '{print $4}'
75200
21:00:51,825 [ test-runner:run-tests-983 @ target-host ] set-state: FIRST_REQUEST 75200
21:00:51,845 [ test-runner:run-tests-983 @ target-host ] script-cmd: state-array-push
21:00:51,845 [ test-runner:run-tests-983 @ target-host ] state-array-push
21:00:51,881 [ test-runner:run-tests-983 @ target-host ] set-state: RUN.output.results.quarkus3-native.rss.firstRequest [73.421875,73.4375]
21:00:52,383 [ test-runner:run-tests-983 @ target-host ] kill -15 $APP_PID
21:00:54,785 [ test-runner:run-tests-983 @ target-host ] sleep 2
21:00:54,786 [ test-runner:run-tests-983 @ target-host ] script-cmd: stop-test-services
21:00:54,786 [ test-runner:run-tests-983 @ target-host ] stop-test-services
21:00:55,428 [ test-runner:run-tests-983 @ target-host ] /home/zakkak/spring-quarkus-perf-comparison/spring-quarkus-perf-comparison/scripts/infra.sh -d
Using podman to stop containers
-----------------------------------------
[03/11/2026 21:00:54]: Stopping services
-----------------------------------------
Stopping PostgreSQL database 'fruits_db'
fruits_db
21:00:55,483 [ test-runner:run-tests-983 @ target-host ] for-each: ITERATION = 2
21:00:55,484 [ test-runner:run-tests-983 @ target-host ] queue-download: ${{REPO_DIR}}/logs/measure-rss-${{RUNTIME.name}}-${{ITERATION}}.log=/home/zakkak/spring-quarkus-perf-comparison/logs/measure-rss-quarkus3-native-2.log ../../20260311/run-time-initialize-resource-bundles/target-host/
21:00:55,484 [ test-runner:run-tests-983 @ target-host ] script-cmd: start-test-services
21:00:55,484 [ test-runner:run-tests-983 @ target-host ] start-test-services
21:01:06,570 [ test-runner:run-tests-983 @ target-host ] /home/zakkak/spring-quarkus-perf-comparison/spring-quarkus-perf-comparison/scripts/infra.sh -c 3 -p '4-6' -s
Using podman to start containers
-----------------------------------------
[03/11/2026 21:00:55]: Starting services
-----------------------------------------
Starting PostgreSQL database 'fruits_db'
PostgreSQL DB process: 069341b5187af2c3de7a096c906e44133c57f7d63ab4b58f9a53daeca3c37f9f
Waiting for PostgreSQL to be ready...
localhost:5432 - no response
localhost:5432 - no response
localhost:5432 - accepting connections
21:01:06,570 [ test-runner:run-tests-983 @ target-host ] script-cmd: sync-drop-fs-cache
21:01:06,570 [ test-runner:run-tests-983 @ target-host ] sync-drop-fs-cache
21:01:06,571 [ test-runner:run-tests-983 @ target-host ] read-state: true
21:01:06,571 [ test-runner:run-tests-983 @ target-host ] regex: true
21:01:07,154 [ test-runner:run-tests-983 @ target-host ] sync
21:01:07,155 [ test-runner:run-tests-983 @ target-host ] script-cmd: sync-drop-fs-cache-${{os}}
21:01:07,155 [ test-runner:run-tests-983 @ target-host ] sync-drop-fs-cache-linux
21:01:07,155 [ test-runner:run-tests-983 @ target-host ] script-cmd: sudo
21:01:07,155 [ test-runner:run-tests-983 @ target-host ] sudo
21:01:07,155 [ test-runner:run-tests-983 @ target-host ] script-cmd: sudo-${{os}}
21:01:07,155 [ test-runner:run-tests-983 @ target-host ] sudo-linux
21:01:07,922 [ test-runner:run-tests-983 @ target-host ] sudo sh -c "echo 3 > /proc/sys/vm/drop_caches"
]3008;start=fd467774c5f143b0ab9097cb9256b40b;user=zakkak;hostname=blanc;machineid=f469a615e9ef4e81b7d5be080a5de373;bootid=0e917e08584a49cb891ef04366e00ace;pid=379910;pidfdid=379911;comm=sudo;targetuser=root;sessionid=c364;type=session\]3008;end=fd467774c5f143b0ab9097cb9256b40b\
21:01:08,327 [ test-runner:run-tests-983 @ target-host ] taskset --cpu-list 0-3 /home/zakkak/spring-quarkus-perf-comparison/spring-quarkus-perf-comparison/quarkus3/target/quarkus3-runner  &>/home/zakkak/spring-quarkus-perf-comparison/logs/measure-rss-quarkus3-native-2.log &
[1] 379940
21:01:08,728 [ test-runner:run-tests-983 @ target-host ] APP_PID=$!
21:01:11,133 [ test-runner:run-tests-983 @ target-host ] sleep 2
21:01:11,551 [ test-runner:run-tests-983 @ target-host ] pmap -x $APP_PID | grep total | awk '{print $4}'
68164
21:01:11,551 [ test-runner:run-tests-983 @ target-host ] set-state: RSS_STARTUP 68164
21:01:11,579 [ test-runner:run-tests-983 @ target-host ] script-cmd: state-array-push
21:01:11,579 [ test-runner:run-tests-983 @ target-host ] state-array-push
21:01:11,625 [ test-runner:run-tests-983 @ target-host ] set-state: RUN.output.results.quarkus3-native.rss.startup [66.62109375,66.6328125,66.56640625]
21:01:12,056 [ test-runner:run-tests-983 @ target-host ] curl -s  http://localhost:8080/fruits > /dev/null
21:01:12,461 [ test-runner:run-tests-983 @ target-host ] pmap -x $APP_PID | grep total | awk '{print $4}'
75128
21:01:12,461 [ test-runner:run-tests-983 @ target-host ] set-state: FIRST_REQUEST 75128
21:01:12,483 [ test-runner:run-tests-983 @ target-host ] script-cmd: state-array-push
21:01:12,483 [ test-runner:run-tests-983 @ target-host ] state-array-push
21:01:12,521 [ test-runner:run-tests-983 @ target-host ] set-state: RUN.output.results.quarkus3-native.rss.firstRequest [73.421875,73.4375,73.3671875]
21:01:13,023 [ test-runner:run-tests-983 @ target-host ] kill -15 $APP_PID
21:01:15,434 [ test-runner:run-tests-983 @ target-host ] sleep 2
21:01:15,434 [ test-runner:run-tests-983 @ target-host ] script-cmd: stop-test-services
21:01:15,434 [ test-runner:run-tests-983 @ target-host ] stop-test-services
21:01:16,072 [ test-runner:run-tests-983 @ target-host ] /home/zakkak/spring-quarkus-perf-comparison/spring-quarkus-perf-comparison/scripts/infra.sh -d
Using podman to stop containers
-----------------------------------------
[03/11/2026 21:01:15]: Stopping services
-----------------------------------------
Stopping PostgreSQL database 'fruits_db'
fruits_db
21:01:16,147 [ test-runner:run-tests-983 @ target-host ] for-each: ITERATION = 3
21:01:16,148 [ test-runner:run-tests-983 @ target-host ] queue-download: ${{REPO_DIR}}/logs/measure-rss-${{RUNTIME.name}}-${{ITERATION}}.log=/home/zakkak/spring-quarkus-perf-comparison/logs/measure-rss-quarkus3-native-3.log ../../20260311/run-time-initialize-resource-bundles/target-host/
21:01:16,148 [ test-runner:run-tests-983 @ target-host ] script-cmd: start-test-services
21:01:16,148 [ test-runner:run-tests-983 @ target-host ] start-test-services
21:01:27,238 [ test-runner:run-tests-983 @ target-host ] /home/zakkak/spring-quarkus-perf-comparison/spring-quarkus-perf-comparison/scripts/infra.sh -c 3 -p '4-6' -s
Using podman to start containers
-----------------------------------------
[03/11/2026 21:01:16]: Starting services
-----------------------------------------
Starting PostgreSQL database 'fruits_db'
PostgreSQL DB process: e92bd1ac69857534199318f9c46e475b2550d352415bdbc1c575b4f4626ab0a7
Waiting for PostgreSQL to be ready...
localhost:5432 - no response
localhost:5432 - no response
localhost:5432 - accepting connections
21:01:27,238 [ test-runner:run-tests-983 @ target-host ] script-cmd: sync-drop-fs-cache
21:01:27,239 [ test-runner:run-tests-983 @ target-host ] sync-drop-fs-cache
21:01:27,239 [ test-runner:run-tests-983 @ target-host ] read-state: true
21:01:27,239 [ test-runner:run-tests-983 @ target-host ] regex: true
21:01:27,798 [ test-runner:run-tests-983 @ target-host ] sync
21:01:27,799 [ test-runner:run-tests-983 @ target-host ] script-cmd: sync-drop-fs-cache-${{os}}
21:01:27,799 [ test-runner:run-tests-983 @ target-host ] sync-drop-fs-cache-linux
21:01:27,799 [ test-runner:run-tests-983 @ target-host ] script-cmd: sudo
21:01:27,799 [ test-runner:run-tests-983 @ target-host ] sudo
21:01:27,800 [ test-runner:run-tests-983 @ target-host ] script-cmd: sudo-${{os}}
21:01:27,800 [ test-runner:run-tests-983 @ target-host ] sudo-linux
21:01:28,588 [ test-runner:run-tests-983 @ target-host ] sudo sh -c "echo 3 > /proc/sys/vm/drop_caches"
]3008;start=4a2cc5bd5210476eb96d730d2c3244ad;user=zakkak;hostname=blanc;machineid=f469a615e9ef4e81b7d5be080a5de373;bootid=0e917e08584a49cb891ef04366e00ace;pid=380373;pidfdid=380374;comm=sudo;targetuser=root;sessionid=c365;type=session\]3008;end=4a2cc5bd5210476eb96d730d2c3244ad\
21:01:28,994 [ test-runner:run-tests-983 @ target-host ] taskset --cpu-list 0-3 /home/zakkak/spring-quarkus-perf-comparison/spring-quarkus-perf-comparison/quarkus3/target/quarkus3-runner  &>/home/zakkak/spring-quarkus-perf-comparison/logs/measure-rss-quarkus3-native-3.log &
[1] 380400
21:01:29,395 [ test-runner:run-tests-983 @ target-host ] APP_PID=$!
21:01:31,809 [ test-runner:run-tests-983 @ target-host ] sleep 2
21:01:32,229 [ test-runner:run-tests-983 @ target-host ] pmap -x $APP_PID | grep total | awk '{print $4}'
68124
21:01:32,229 [ test-runner:run-tests-983 @ target-host ] set-state: RSS_STARTUP 68124
21:01:32,271 [ test-runner:run-tests-983 @ target-host ] script-cmd: state-array-push
21:01:32,271 [ test-runner:run-tests-983 @ target-host ] state-array-push
21:01:32,333 [ test-runner:run-tests-983 @ target-host ] set-state: RUN.output.results.quarkus3-native.rss.startup [66.62109375,66.6328125,66.56640625,66.52734375]
21:01:32,771 [ test-runner:run-tests-983 @ target-host ] curl -s  http://localhost:8080/fruits > /dev/null
21:01:33,177 [ test-runner:run-tests-983 @ target-host ] pmap -x $APP_PID | grep total | awk '{print $4}'
75088
21:01:33,177 [ test-runner:run-tests-983 @ target-host ] set-state: FIRST_REQUEST 75088
21:01:33,205 [ test-runner:run-tests-983 @ target-host ] script-cmd: state-array-push
21:01:33,205 [ test-runner:run-tests-983 @ target-host ] state-array-push
21:01:33,260 [ test-runner:run-tests-983 @ target-host ] set-state: RUN.output.results.quarkus3-native.rss.firstRequest [73.421875,73.4375,73.3671875,73.328125]
21:01:33,762 [ test-runner:run-tests-983 @ target-host ] kill -15 $APP_PID
21:01:36,164 [ test-runner:run-tests-983 @ target-host ] sleep 2
21:01:36,164 [ test-runner:run-tests-983 @ target-host ] script-cmd: stop-test-services
21:01:36,164 [ test-runner:run-tests-983 @ target-host ] stop-test-services
21:01:36,802 [ test-runner:run-tests-983 @ target-host ] /home/zakkak/spring-quarkus-perf-comparison/spring-quarkus-perf-comparison/scripts/infra.sh -d
Using podman to stop containers
-----------------------------------------
[03/11/2026 21:01:36]: Stopping services
-----------------------------------------
Stopping PostgreSQL database 'fruits_db'
fruits_db
21:01:36,885 [ test-runner:run-tests-983 @ target-host ] for-each: ITERATION = 4
21:01:36,886 [ test-runner:run-tests-983 @ target-host ] queue-download: ${{REPO_DIR}}/logs/measure-rss-${{RUNTIME.name}}-${{ITERATION}}.log=/home/zakkak/spring-quarkus-perf-comparison/logs/measure-rss-quarkus3-native-4.log ../../20260311/run-time-initialize-resource-bundles/target-host/
21:01:36,886 [ test-runner:run-tests-983 @ target-host ] script-cmd: start-test-services
21:01:36,886 [ test-runner:run-tests-983 @ target-host ] start-test-services
21:01:47,977 [ test-runner:run-tests-983 @ target-host ] /home/zakkak/spring-quarkus-perf-comparison/spring-quarkus-perf-comparison/scripts/infra.sh -c 3 -p '4-6' -s
Using podman to start containers
-----------------------------------------
[03/11/2026 21:01:36]: Starting services
-----------------------------------------
Starting PostgreSQL database 'fruits_db'
PostgreSQL DB process: a248eed21e9e740261a1859eaead1971f61c1de04fbb147ebbfdcf07b77321a5
Waiting for PostgreSQL to be ready...
localhost:5432 - no response
localhost:5432 - no response
localhost:5432 - accepting connections
21:01:47,977 [ test-runner:run-tests-983 @ target-host ] script-cmd: sync-drop-fs-cache
21:01:47,978 [ test-runner:run-tests-983 @ target-host ] sync-drop-fs-cache
21:01:47,978 [ test-runner:run-tests-983 @ target-host ] read-state: true
21:01:47,978 [ test-runner:run-tests-983 @ target-host ] regex: true
21:01:48,587 [ test-runner:run-tests-983 @ target-host ] sync
21:01:48,588 [ test-runner:run-tests-983 @ target-host ] script-cmd: sync-drop-fs-cache-${{os}}
21:01:48,588 [ test-runner:run-tests-983 @ target-host ] sync-drop-fs-cache-linux
21:01:48,588 [ test-runner:run-tests-983 @ target-host ] script-cmd: sudo
21:01:48,588 [ test-runner:run-tests-983 @ target-host ] sudo
21:01:48,589 [ test-runner:run-tests-983 @ target-host ] script-cmd: sudo-${{os}}
21:01:48,589 [ test-runner:run-tests-983 @ target-host ] sudo-linux
21:01:49,369 [ test-runner:run-tests-983 @ target-host ] sudo sh -c "echo 3 > /proc/sys/vm/drop_caches"
]3008;start=de46522c9f924982a6cf29099c5db1ad;user=zakkak;hostname=blanc;machineid=f469a615e9ef4e81b7d5be080a5de373;bootid=0e917e08584a49cb891ef04366e00ace;pid=380825;pidfdid=380826;comm=sudo;targetuser=root;sessionid=c366;type=session\]3008;end=de46522c9f924982a6cf29099c5db1ad\
21:01:49,773 [ test-runner:run-tests-983 @ target-host ] taskset --cpu-list 0-3 /home/zakkak/spring-quarkus-perf-comparison/spring-quarkus-perf-comparison/quarkus3/target/quarkus3-runner  &>/home/zakkak/spring-quarkus-perf-comparison/logs/measure-rss-quarkus3-native-4.log &
[1] 380855
21:01:50,175 [ test-runner:run-tests-983 @ target-host ] APP_PID=$!
21:01:52,583 [ test-runner:run-tests-983 @ target-host ] sleep 2
21:01:53,003 [ test-runner:run-tests-983 @ target-host ] pmap -x $APP_PID | grep total | awk '{print $4}'
68168
21:01:53,003 [ test-runner:run-tests-983 @ target-host ] set-state: RSS_STARTUP 68168
21:01:53,041 [ test-runner:run-tests-983 @ target-host ] script-cmd: state-array-push
21:01:53,041 [ test-runner:run-tests-983 @ target-host ] state-array-push
21:01:53,097 [ test-runner:run-tests-983 @ target-host ] set-state: RUN.output.results.quarkus3-native.rss.startup [66.62109375,66.6328125,66.56640625,66.52734375,66.5703125]
21:01:53,528 [ test-runner:run-tests-983 @ target-host ] curl -s  http://localhost:8080/fruits > /dev/null
21:01:53,933 [ test-runner:run-tests-983 @ target-host ] pmap -x $APP_PID | grep total | awk '{print $4}'
75136
21:01:53,933 [ test-runner:run-tests-983 @ target-host ] set-state: FIRST_REQUEST 75136
21:01:53,952 [ test-runner:run-tests-983 @ target-host ] script-cmd: state-array-push
21:01:53,953 [ test-runner:run-tests-983 @ target-host ] state-array-push
21:01:53,988 [ test-runner:run-tests-983 @ target-host ] set-state: RUN.output.results.quarkus3-native.rss.firstRequest [73.421875,73.4375,73.3671875,73.328125,73.375]
21:01:54,490 [ test-runner:run-tests-983 @ target-host ] kill -15 $APP_PID
21:01:56,893 [ test-runner:run-tests-983 @ target-host ] sleep 2
21:01:56,893 [ test-runner:run-tests-983 @ target-host ] script-cmd: stop-test-services
21:01:56,893 [ test-runner:run-tests-983 @ target-host ] stop-test-services
21:01:57,544 [ test-runner:run-tests-983 @ target-host ] /home/zakkak/spring-quarkus-perf-comparison/spring-quarkus-perf-comparison/scripts/infra.sh -d
Using podman to stop containers
-----------------------------------------
[03/11/2026 21:01:56]: Stopping services
-----------------------------------------
Stopping PostgreSQL database 'fruits_db'
fruits_db
21:01:57,599 [ test-runner:run-tests-983 @ target-host ] for-each: ITERATION = 5
21:01:57,600 [ test-runner:run-tests-983 @ target-host ] queue-download: ${{REPO_DIR}}/logs/measure-rss-${{RUNTIME.name}}-${{ITERATION}}.log=/home/zakkak/spring-quarkus-perf-comparison/logs/measure-rss-quarkus3-native-5.log ../../20260311/run-time-initialize-resource-bundles/target-host/
21:01:57,600 [ test-runner:run-tests-983 @ target-host ] script-cmd: start-test-services
21:01:57,600 [ test-runner:run-tests-983 @ target-host ] start-test-services
21:02:08,693 [ test-runner:run-tests-983 @ target-host ] /home/zakkak/spring-quarkus-perf-comparison/spring-quarkus-perf-comparison/scripts/infra.sh -c 3 -p '4-6' -s
Using podman to start containers
-----------------------------------------
[03/11/2026 21:01:57]: Starting services
-----------------------------------------
Starting PostgreSQL database 'fruits_db'
PostgreSQL DB process: d9a4a5423d8b81a31cc160219b5433537a54c65d840d724b434696f40fe35f5b
Waiting for PostgreSQL to be ready...
localhost:5432 - no response
localhost:5432 - no response
localhost:5432 - accepting connections
21:02:08,693 [ test-runner:run-tests-983 @ target-host ] script-cmd: sync-drop-fs-cache
21:02:08,694 [ test-runner:run-tests-983 @ target-host ] sync-drop-fs-cache
21:02:08,694 [ test-runner:run-tests-983 @ target-host ] read-state: true
21:02:08,694 [ test-runner:run-tests-983 @ target-host ] regex: true
21:02:09,250 [ test-runner:run-tests-983 @ target-host ] sync
21:02:09,250 [ test-runner:run-tests-983 @ target-host ] script-cmd: sync-drop-fs-cache-${{os}}
21:02:09,250 [ test-runner:run-tests-983 @ target-host ] sync-drop-fs-cache-linux
21:02:09,250 [ test-runner:run-tests-983 @ target-host ] script-cmd: sudo
21:02:09,250 [ test-runner:run-tests-983 @ target-host ] sudo
21:02:09,250 [ test-runner:run-tests-983 @ target-host ] script-cmd: sudo-${{os}}
21:02:09,250 [ test-runner:run-tests-983 @ target-host ] sudo-linux
21:02:10,009 [ test-runner:run-tests-983 @ target-host ] sudo sh -c "echo 3 > /proc/sys/vm/drop_caches"
]3008;start=73c6e911d76c4d3faeef887bc28f7395;user=zakkak;hostname=blanc;machineid=f469a615e9ef4e81b7d5be080a5de373;bootid=0e917e08584a49cb891ef04366e00ace;pid=381293;pidfdid=381294;comm=sudo;targetuser=root;sessionid=c367;type=session\]3008;end=73c6e911d76c4d3faeef887bc28f7395\
21:02:10,420 [ test-runner:run-tests-983 @ target-host ] taskset --cpu-list 0-3 /home/zakkak/spring-quarkus-perf-comparison/spring-quarkus-perf-comparison/quarkus3/target/quarkus3-runner  &>/home/zakkak/spring-quarkus-perf-comparison/logs/measure-rss-quarkus3-native-5.log &
[1] 381322
21:02:10,821 [ test-runner:run-tests-983 @ target-host ] APP_PID=$!
21:02:13,234 [ test-runner:run-tests-983 @ target-host ] sleep 2
21:02:13,652 [ test-runner:run-tests-983 @ target-host ] pmap -x $APP_PID | grep total | awk '{print $4}'
68164
21:02:13,653 [ test-runner:run-tests-983 @ target-host ] set-state: RSS_STARTUP 68164
21:02:13,672 [ test-runner:run-tests-983 @ target-host ] script-cmd: state-array-push
21:02:13,672 [ test-runner:run-tests-983 @ target-host ] state-array-push
21:02:13,707 [ test-runner:run-tests-983 @ target-host ] set-state: RUN.output.results.quarkus3-native.rss.startup [66.62109375,66.6328125,66.56640625,66.52734375,66.5703125,66.56640625]
21:02:14,138 [ test-runner:run-tests-983 @ target-host ] curl -s  http://localhost:8080/fruits > /dev/null
21:02:14,543 [ test-runner:run-tests-983 @ target-host ] pmap -x $APP_PID | grep total | awk '{print $4}'
75132
21:02:14,543 [ test-runner:run-tests-983 @ target-host ] set-state: FIRST_REQUEST 75132
21:02:14,561 [ test-runner:run-tests-983 @ target-host ] script-cmd: state-array-push
21:02:14,561 [ test-runner:run-tests-983 @ target-host ] state-array-push
21:02:14,597 [ test-runner:run-tests-983 @ target-host ] set-state: RUN.output.results.quarkus3-native.rss.firstRequest [73.421875,73.4375,73.3671875,73.328125,73.375,73.37109375]
21:02:15,099 [ test-runner:run-tests-983 @ target-host ] kill -15 $APP_PID
21:02:17,511 [ test-runner:run-tests-983 @ target-host ] sleep 2
21:02:17,511 [ test-runner:run-tests-983 @ target-host ] script-cmd: stop-test-services
21:02:17,511 [ test-runner:run-tests-983 @ target-host ] stop-test-services
21:02:18,165 [ test-runner:run-tests-983 @ target-host ] /home/zakkak/spring-quarkus-perf-comparison/spring-quarkus-perf-comparison/scripts/infra.sh -d
Using podman to stop containers
-----------------------------------------
[03/11/2026 21:02:17]: Stopping services
-----------------------------------------
Stopping PostgreSQL database 'fruits_db'
fruits_db
21:02:18,219 [ test-runner:run-tests-983 @ target-host ] for-each: ITERATION = 6
21:02:18,220 [ test-runner:run-tests-983 @ target-host ] queue-download: ${{REPO_DIR}}/logs/measure-rss-${{RUNTIME.name}}-${{ITERATION}}.log=/home/zakkak/spring-quarkus-perf-comparison/logs/measure-rss-quarkus3-native-6.log ../../20260311/run-time-initialize-resource-bundles/target-host/
21:02:18,221 [ test-runner:run-tests-983 @ target-host ] script-cmd: start-test-services
21:02:18,221 [ test-runner:run-tests-983 @ target-host ] start-test-services
21:02:29,335 [ test-runner:run-tests-983 @ target-host ] /home/zakkak/spring-quarkus-perf-comparison/spring-quarkus-perf-comparison/scripts/infra.sh -c 3 -p '4-6' -s
Using podman to start containers
-----------------------------------------
[03/11/2026 21:02:18]: Starting services
-----------------------------------------
Starting PostgreSQL database 'fruits_db'
PostgreSQL DB process: ce702adb13e3715d3bf66d873491c11b8bab85ceb9e7b65c348b6ec32d066888
Waiting for PostgreSQL to be ready...
localhost:5432 - no response
localhost:5432 - no response
localhost:5432 - accepting connections
21:02:29,336 [ test-runner:run-tests-983 @ target-host ] script-cmd: sync-drop-fs-cache
21:02:29,336 [ test-runner:run-tests-983 @ target-host ] sync-drop-fs-cache
21:02:29,336 [ test-runner:run-tests-983 @ target-host ] read-state: true
21:02:29,336 [ test-runner:run-tests-983 @ target-host ] regex: true
21:02:29,918 [ test-runner:run-tests-983 @ target-host ] sync
21:02:29,918 [ test-runner:run-tests-983 @ target-host ] script-cmd: sync-drop-fs-cache-${{os}}
21:02:29,918 [ test-runner:run-tests-983 @ target-host ] sync-drop-fs-cache-linux
21:02:29,919 [ test-runner:run-tests-983 @ target-host ] script-cmd: sudo
21:02:29,919 [ test-runner:run-tests-983 @ target-host ] sudo
21:02:29,919 [ test-runner:run-tests-983 @ target-host ] script-cmd: sudo-${{os}}
21:02:29,919 [ test-runner:run-tests-983 @ target-host ] sudo-linux
21:02:30,696 [ test-runner:run-tests-983 @ target-host ] sudo sh -c "echo 3 > /proc/sys/vm/drop_caches"
]3008;start=5de22e34e24448dfb5d649292d684e96;user=zakkak;hostname=blanc;machineid=f469a615e9ef4e81b7d5be080a5de373;bootid=0e917e08584a49cb891ef04366e00ace;pid=381750;pidfdid=381751;comm=sudo;targetuser=root;sessionid=c368;type=session\]3008;end=5de22e34e24448dfb5d649292d684e96\
21:02:31,099 [ test-runner:run-tests-983 @ target-host ] taskset --cpu-list 0-3 /home/zakkak/spring-quarkus-perf-comparison/spring-quarkus-perf-comparison/quarkus3/target/quarkus3-runner  &>/home/zakkak/spring-quarkus-perf-comparison/logs/measure-rss-quarkus3-native-6.log &
[1] 381782
21:02:31,500 [ test-runner:run-tests-983 @ target-host ] APP_PID=$!
21:02:33,913 [ test-runner:run-tests-983 @ target-host ] sleep 2
21:02:34,331 [ test-runner:run-tests-983 @ target-host ] pmap -x $APP_PID | grep total | awk '{print $4}'
68224
21:02:34,331 [ test-runner:run-tests-983 @ target-host ] set-state: RSS_STARTUP 68224
21:02:34,363 [ test-runner:run-tests-983 @ target-host ] script-cmd: state-array-push
21:02:34,364 [ test-runner:run-tests-983 @ target-host ] state-array-push
21:02:34,401 [ test-runner:run-tests-983 @ target-host ] set-state: RUN.output.results.quarkus3-native.rss.startup [66.62109375,66.6328125,66.56640625,66.52734375,66.5703125,66.56640625,66.625]
21:02:34,831 [ test-runner:run-tests-983 @ target-host ] curl -s  http://localhost:8080/fruits > /dev/null
21:02:35,236 [ test-runner:run-tests-983 @ target-host ] pmap -x $APP_PID | grep total | awk '{print $4}'
75192
21:02:35,236 [ test-runner:run-tests-983 @ target-host ] set-state: FIRST_REQUEST 75192
21:02:35,258 [ test-runner:run-tests-983 @ target-host ] script-cmd: state-array-push
21:02:35,258 [ test-runner:run-tests-983 @ target-host ] state-array-push
21:02:35,294 [ test-runner:run-tests-983 @ target-host ] set-state: RUN.output.results.quarkus3-native.rss.firstRequest [73.421875,73.4375,73.3671875,73.328125,73.375,73.37109375,73.4296875]
21:02:35,795 [ test-runner:run-tests-983 @ target-host ] kill -15 $APP_PID
21:02:38,198 [ test-runner:run-tests-983 @ target-host ] sleep 2
21:02:38,198 [ test-runner:run-tests-983 @ target-host ] script-cmd: stop-test-services
21:02:38,198 [ test-runner:run-tests-983 @ target-host ] stop-test-services
21:02:38,850 [ test-runner:run-tests-983 @ target-host ] /home/zakkak/spring-quarkus-perf-comparison/spring-quarkus-perf-comparison/scripts/infra.sh -d
Using podman to stop containers
-----------------------------------------
[03/11/2026 21:02:38]: Stopping services
-----------------------------------------
Stopping PostgreSQL database 'fruits_db'
fruits_db
21:02:38,905 [ test-runner:run-tests-983 @ target-host ] for-each: ITERATION = 7
21:02:38,905 [ test-runner:run-tests-983 @ target-host ] queue-download: ${{REPO_DIR}}/logs/measure-rss-${{RUNTIME.name}}-${{ITERATION}}.log=/home/zakkak/spring-quarkus-perf-comparison/logs/measure-rss-quarkus3-native-7.log ../../20260311/run-time-initialize-resource-bundles/target-host/
21:02:38,906 [ test-runner:run-tests-983 @ target-host ] script-cmd: start-test-services
21:02:38,906 [ test-runner:run-tests-983 @ target-host ] start-test-services
21:02:50,031 [ test-runner:run-tests-983 @ target-host ] /home/zakkak/spring-quarkus-perf-comparison/spring-quarkus-perf-comparison/scripts/infra.sh -c 3 -p '4-6' -s
Using podman to start containers
-----------------------------------------
[03/11/2026 21:02:38]: Starting services
-----------------------------------------
Starting PostgreSQL database 'fruits_db'
PostgreSQL DB process: 3920f77f9ab88a837b2447700d944fb42041dccc2156ed6584f1cb31da60a14a
Waiting for PostgreSQL to be ready...
localhost:5432 - no response
localhost:5432 - no response
localhost:5432 - accepting connections
21:02:50,031 [ test-runner:run-tests-983 @ target-host ] script-cmd: sync-drop-fs-cache
21:02:50,031 [ test-runner:run-tests-983 @ target-host ] sync-drop-fs-cache
21:02:50,031 [ test-runner:run-tests-983 @ target-host ] read-state: true
21:02:50,031 [ test-runner:run-tests-983 @ target-host ] regex: true
21:02:50,587 [ test-runner:run-tests-983 @ target-host ] sync
21:02:50,588 [ test-runner:run-tests-983 @ target-host ] script-cmd: sync-drop-fs-cache-${{os}}
21:02:50,588 [ test-runner:run-tests-983 @ target-host ] sync-drop-fs-cache-linux
21:02:50,588 [ test-runner:run-tests-983 @ target-host ] script-cmd: sudo
21:02:50,588 [ test-runner:run-tests-983 @ target-host ] sudo
21:02:50,588 [ test-runner:run-tests-983 @ target-host ] script-cmd: sudo-${{os}}
21:02:50,588 [ test-runner:run-tests-983 @ target-host ] sudo-linux
21:02:51,365 [ test-runner:run-tests-983 @ target-host ] sudo sh -c "echo 3 > /proc/sys/vm/drop_caches"
]3008;start=4ad89e0b9edc488bb7f5368e5bba678f;user=zakkak;hostname=blanc;machineid=f469a615e9ef4e81b7d5be080a5de373;bootid=0e917e08584a49cb891ef04366e00ace;pid=382229;pidfdid=382230;comm=sudo;targetuser=root;sessionid=c369;type=session\]3008;end=4ad89e0b9edc488bb7f5368e5bba678f\
21:02:51,776 [ test-runner:run-tests-983 @ target-host ] taskset --cpu-list 0-3 /home/zakkak/spring-quarkus-perf-comparison/spring-quarkus-perf-comparison/quarkus3/target/quarkus3-runner  &>/home/zakkak/spring-quarkus-perf-comparison/logs/measure-rss-quarkus3-native-7.log &
[1] 382258
21:02:52,177 [ test-runner:run-tests-983 @ target-host ] APP_PID=$!
21:02:54,591 [ test-runner:run-tests-983 @ target-host ] sleep 2
21:02:55,008 [ test-runner:run-tests-983 @ target-host ] pmap -x $APP_PID | grep total | awk '{print $4}'
68224
21:02:55,009 [ test-runner:run-tests-983 @ target-host ] set-state: RSS_STARTUP 68224
21:02:55,038 [ test-runner:run-tests-983 @ target-host ] script-cmd: state-array-push
21:02:55,038 [ test-runner:run-tests-983 @ target-host ] state-array-push
21:02:55,085 [ test-runner:run-tests-983 @ target-host ] set-state: RUN.output.results.quarkus3-native.rss.startup [66.62109375,66.6328125,66.56640625,66.52734375,66.5703125,66.56640625,66.625,66.625]
21:02:55,516 [ test-runner:run-tests-983 @ target-host ] curl -s  http://localhost:8080/fruits > /dev/null
21:02:55,921 [ test-runner:run-tests-983 @ target-host ] pmap -x $APP_PID | grep total | awk '{print $4}'
75188
21:02:55,921 [ test-runner:run-tests-983 @ target-host ] set-state: FIRST_REQUEST 75188
21:02:55,940 [ test-runner:run-tests-983 @ target-host ] script-cmd: state-array-push
21:02:55,940 [ test-runner:run-tests-983 @ target-host ] state-array-push
21:02:55,977 [ test-runner:run-tests-983 @ target-host ] set-state: RUN.output.results.quarkus3-native.rss.firstRequest [73.421875,73.4375,73.3671875,73.328125,73.375,73.37109375,73.4296875,73.42578125]
21:02:56,479 [ test-runner:run-tests-983 @ target-host ] kill -15 $APP_PID
21:02:58,881 [ test-runner:run-tests-983 @ target-host ] sleep 2
21:02:58,881 [ test-runner:run-tests-983 @ target-host ] script-cmd: stop-test-services
21:02:58,881 [ test-runner:run-tests-983 @ target-host ] stop-test-services
21:02:59,532 [ test-runner:run-tests-983 @ target-host ] /home/zakkak/spring-quarkus-perf-comparison/spring-quarkus-perf-comparison/scripts/infra.sh -d
Using podman to stop containers
-----------------------------------------
[03/11/2026 21:02:58]: Stopping services
-----------------------------------------
Stopping PostgreSQL database 'fruits_db'
fruits_db
21:02:59,586 [ test-runner:run-tests-983 @ target-host ] for-each: ITERATION = 8
21:02:59,587 [ test-runner:run-tests-983 @ target-host ] queue-download: ${{REPO_DIR}}/logs/measure-rss-${{RUNTIME.name}}-${{ITERATION}}.log=/home/zakkak/spring-quarkus-perf-comparison/logs/measure-rss-quarkus3-native-8.log ../../20260311/run-time-initialize-resource-bundles/target-host/
21:02:59,587 [ test-runner:run-tests-983 @ target-host ] script-cmd: start-test-services
21:02:59,587 [ test-runner:run-tests-983 @ target-host ] start-test-services
21:03:10,667 [ test-runner:run-tests-983 @ target-host ] /home/zakkak/spring-quarkus-perf-comparison/spring-quarkus-perf-comparison/scripts/infra.sh -c 3 -p '4-6' -s
Using podman to start containers
-----------------------------------------
[03/11/2026 21:02:59]: Starting services
-----------------------------------------
Starting PostgreSQL database 'fruits_db'
PostgreSQL DB process: 3cf884a584e1b4458172b626072f99e50cda8e41e85fbfbf441478a27fcc95fc
Waiting for PostgreSQL to be ready...
localhost:5432 - no response
localhost:5432 - no response
localhost:5432 - accepting connections
21:03:10,667 [ test-runner:run-tests-983 @ target-host ] script-cmd: sync-drop-fs-cache
21:03:10,667 [ test-runner:run-tests-983 @ target-host ] sync-drop-fs-cache
21:03:10,667 [ test-runner:run-tests-983 @ target-host ] read-state: true
21:03:10,667 [ test-runner:run-tests-983 @ target-host ] regex: true
21:03:11,252 [ test-runner:run-tests-983 @ target-host ] sync
21:03:11,252 [ test-runner:run-tests-983 @ target-host ] script-cmd: sync-drop-fs-cache-${{os}}
21:03:11,252 [ test-runner:run-tests-983 @ target-host ] sync-drop-fs-cache-linux
21:03:11,252 [ test-runner:run-tests-983 @ target-host ] script-cmd: sudo
21:03:11,252 [ test-runner:run-tests-983 @ target-host ] sudo
21:03:11,253 [ test-runner:run-tests-983 @ target-host ] script-cmd: sudo-${{os}}
21:03:11,253 [ test-runner:run-tests-983 @ target-host ] sudo-linux
21:03:12,021 [ test-runner:run-tests-983 @ target-host ] sudo sh -c "echo 3 > /proc/sys/vm/drop_caches"
]3008;start=78fac48b61554c8c97f10cafc2dbba2f;user=zakkak;hostname=blanc;machineid=f469a615e9ef4e81b7d5be080a5de373;bootid=0e917e08584a49cb891ef04366e00ace;pid=382691;pidfdid=382692;comm=sudo;targetuser=root;sessionid=c370;type=session\]3008;end=78fac48b61554c8c97f10cafc2dbba2f\
21:03:12,424 [ test-runner:run-tests-983 @ target-host ] taskset --cpu-list 0-3 /home/zakkak/spring-quarkus-perf-comparison/spring-quarkus-perf-comparison/quarkus3/target/quarkus3-runner  &>/home/zakkak/spring-quarkus-perf-comparison/logs/measure-rss-quarkus3-native-8.log &
[1] 382718
21:03:12,825 [ test-runner:run-tests-983 @ target-host ] APP_PID=$!
21:03:15,239 [ test-runner:run-tests-983 @ target-host ] sleep 2
21:03:15,657 [ test-runner:run-tests-983 @ target-host ] pmap -x $APP_PID | grep total | awk '{print $4}'
68216
21:03:15,657 [ test-runner:run-tests-983 @ target-host ] set-state: RSS_STARTUP 68216
21:03:15,678 [ test-runner:run-tests-983 @ target-host ] script-cmd: state-array-push
21:03:15,678 [ test-runner:run-tests-983 @ target-host ] state-array-push
21:03:15,713 [ test-runner:run-tests-983 @ target-host ] set-state: RUN.output.results.quarkus3-native.rss.startup [66.62109375,66.6328125,66.56640625,66.52734375,66.5703125,66.56640625,66.625,66.625,66.6171875]
21:03:16,143 [ test-runner:run-tests-983 @ target-host ] curl -s  http://localhost:8080/fruits > /dev/null
21:03:16,549 [ test-runner:run-tests-983 @ target-host ] pmap -x $APP_PID | grep total | awk '{print $4}'
75176
21:03:16,549 [ test-runner:run-tests-983 @ target-host ] set-state: FIRST_REQUEST 75176
21:03:16,566 [ test-runner:run-tests-983 @ target-host ] script-cmd: state-array-push
21:03:16,566 [ test-runner:run-tests-983 @ target-host ] state-array-push
21:03:16,611 [ test-runner:run-tests-983 @ target-host ] set-state: RUN.output.results.quarkus3-native.rss.firstRequest [73.421875,73.4375,73.3671875,73.328125,73.375,73.37109375,73.4296875,73.42578125,73.4140625]
21:03:17,122 [ test-runner:run-tests-983 @ target-host ] kill -15 $APP_PID
21:03:19,524 [ test-runner:run-tests-983 @ target-host ] sleep 2
21:03:19,524 [ test-runner:run-tests-983 @ target-host ] script-cmd: stop-test-services
21:03:19,524 [ test-runner:run-tests-983 @ target-host ] stop-test-services
21:03:20,176 [ test-runner:run-tests-983 @ target-host ] /home/zakkak/spring-quarkus-perf-comparison/spring-quarkus-perf-comparison/scripts/infra.sh -d
Using podman to stop containers
-----------------------------------------
[03/11/2026 21:03:19]: Stopping services
-----------------------------------------
Stopping PostgreSQL database 'fruits_db'
fruits_db
21:03:20,230 [ test-runner:run-tests-983 @ target-host ] for-each: ITERATION = 9
21:03:20,231 [ test-runner:run-tests-983 @ target-host ] queue-download: ${{REPO_DIR}}/logs/measure-rss-${{RUNTIME.name}}-${{ITERATION}}.log=/home/zakkak/spring-quarkus-perf-comparison/logs/measure-rss-quarkus3-native-9.log ../../20260311/run-time-initialize-resource-bundles/target-host/
21:03:20,231 [ test-runner:run-tests-983 @ target-host ] script-cmd: start-test-services
21:03:20,231 [ test-runner:run-tests-983 @ target-host ] start-test-services
21:03:31,331 [ test-runner:run-tests-983 @ target-host ] /home/zakkak/spring-quarkus-perf-comparison/spring-quarkus-perf-comparison/scripts/infra.sh -c 3 -p '4-6' -s
Using podman to start containers
-----------------------------------------
[03/11/2026 21:03:20]: Starting services
-----------------------------------------
Starting PostgreSQL database 'fruits_db'
PostgreSQL DB process: cb7992b2cb7b0f1ebfa0ed22d5b63894fdbfb3c840cddee370dd49d6141d8e7f
Waiting for PostgreSQL to be ready...
localhost:5432 - no response
localhost:5432 - no response
localhost:5432 - accepting connections
21:03:31,331 [ test-runner:run-tests-983 @ target-host ] script-cmd: sync-drop-fs-cache
21:03:31,331 [ test-runner:run-tests-983 @ target-host ] sync-drop-fs-cache
21:03:31,331 [ test-runner:run-tests-983 @ target-host ] read-state: true
21:03:31,331 [ test-runner:run-tests-983 @ target-host ] regex: true
21:03:31,902 [ test-runner:run-tests-983 @ target-host ] sync
21:03:31,902 [ test-runner:run-tests-983 @ target-host ] script-cmd: sync-drop-fs-cache-${{os}}
21:03:31,902 [ test-runner:run-tests-983 @ target-host ] sync-drop-fs-cache-linux
21:03:31,902 [ test-runner:run-tests-983 @ target-host ] script-cmd: sudo
21:03:31,902 [ test-runner:run-tests-983 @ target-host ] sudo
21:03:31,903 [ test-runner:run-tests-983 @ target-host ] script-cmd: sudo-${{os}}
21:03:31,903 [ test-runner:run-tests-983 @ target-host ] sudo-linux
21:03:32,672 [ test-runner:run-tests-983 @ target-host ] sudo sh -c "echo 3 > /proc/sys/vm/drop_caches"
]3008;start=46806cc97d9b4af9be8879bf209af957;user=zakkak;hostname=blanc;machineid=f469a615e9ef4e81b7d5be080a5de373;bootid=0e917e08584a49cb891ef04366e00ace;pid=383154;pidfdid=383155;comm=sudo;targetuser=root;sessionid=c371;type=session\]3008;end=46806cc97d9b4af9be8879bf209af957\
21:03:33,075 [ test-runner:run-tests-983 @ target-host ] taskset --cpu-list 0-3 /home/zakkak/spring-quarkus-perf-comparison/spring-quarkus-perf-comparison/quarkus3/target/quarkus3-runner  &>/home/zakkak/spring-quarkus-perf-comparison/logs/measure-rss-quarkus3-native-9.log &
[1] 383184
21:03:33,476 [ test-runner:run-tests-983 @ target-host ] APP_PID=$!
21:03:35,886 [ test-runner:run-tests-983 @ target-host ] sleep 2
21:03:36,305 [ test-runner:run-tests-983 @ target-host ] pmap -x $APP_PID | grep total | awk '{print $4}'
68232
21:03:36,305 [ test-runner:run-tests-983 @ target-host ] set-state: RSS_STARTUP 68232
21:03:36,334 [ test-runner:run-tests-983 @ target-host ] script-cmd: state-array-push
21:03:36,334 [ test-runner:run-tests-983 @ target-host ] state-array-push
21:03:36,372 [ test-runner:run-tests-983 @ target-host ] set-state: RUN.output.results.quarkus3-native.rss.startup [66.62109375,66.6328125,66.56640625,66.52734375,66.5703125,66.56640625,66.625,66.625,66.6171875,66.6328125]
21:03:36,811 [ test-runner:run-tests-983 @ target-host ] curl -s  http://localhost:8080/fruits > /dev/null
21:03:37,217 [ test-runner:run-tests-983 @ target-host ] pmap -x $APP_PID | grep total | awk '{print $4}'
75200
21:03:37,217 [ test-runner:run-tests-983 @ target-host ] set-state: FIRST_REQUEST 75200
21:03:37,235 [ test-runner:run-tests-983 @ target-host ] script-cmd: state-array-push
21:03:37,235 [ test-runner:run-tests-983 @ target-host ] state-array-push
21:03:37,269 [ test-runner:run-tests-983 @ target-host ] set-state: RUN.output.results.quarkus3-native.rss.firstRequest [73.421875,73.4375,73.3671875,73.328125,73.375,73.37109375,73.4296875,73.42578125,73.4140625,73.4375]
21:03:37,771 [ test-runner:run-tests-983 @ target-host ] kill -15 $APP_PID
21:03:40,173 [ test-runner:run-tests-983 @ target-host ] sleep 2
21:03:40,173 [ test-runner:run-tests-983 @ target-host ] script-cmd: stop-test-services
21:03:40,173 [ test-runner:run-tests-983 @ target-host ] stop-test-services
21:03:40,830 [ test-runner:run-tests-983 @ target-host ] /home/zakkak/spring-quarkus-perf-comparison/spring-quarkus-perf-comparison/scripts/infra.sh -d
Using podman to stop containers
-----------------------------------------
[03/11/2026 21:03:40]: Stopping services
-----------------------------------------
Stopping PostgreSQL database 'fruits_db'
fruits_db
21:03:40,895 [ test-runner:run-tests-983 @ target-host ] for-each: ITERATION
21:03:40,896 [ test-runner:run-tests-983 @ target-host ] script-cmd: state-array-calc-avg
21:03:40,896 [ test-runner:run-tests-983 @ target-host ] state-array-calc-avg
21:03:40,933 [ test-runner:run-tests-983 @ target-host ] set-state: RUN.output.results.quarkus3-native.rss.avStartupRss 66.5984375
21:03:40,934 [ test-runner:run-tests-983 @ target-host ] script-cmd: state-array-calc-avg
21:03:40,934 [ test-runner:run-tests-983 @ target-host ] state-array-calc-avg
21:03:40,987 [ test-runner:run-tests-983 @ target-host ] set-state: RUN.output.results.quarkus3-native.rss.avFirstRequestRss 73.40078125
21:03:40,987 [ test-runner:run-tests-983 @ target-host ] for-each: TEST = run-load-test
21:03:40,988 [ test-runner:run-tests-983 @ target-host ] script-cmd: ${{TEST}}
21:03:40,988 [ test-runner:run-tests-983 @ target-host ] run-load-test
21:03:40,988 [ test-runner:run-tests-983 @ target-host ] Running workload
21:03:41,390 [ test-runner:run-tests-983 @ target-host ] cd /home/zakkak/spring-quarkus-perf-comparison/spring-quarkus-perf-comparison/quarkus3
21:04:27,382 [ test-runner:run-tests-983 @ target-host ] ./mvnw  clean package -DskipTests -Pnative -Dquarkus.native.additional-build-args-append=--future-defaults=run-time-initialize-resource-bundles
[INFO] Scanning for projects...
[WARNING] Quarkus Maven extension: an explicit 'argLine' is defined in maven-surefire-plugin config, but does not contain '@{argLine}': we will not be able to inject JVM parameters automatically. Please add '@{argLine}' to the argLine configuration you have defined.
[INFO] 
[INFO] -------------------------< org.acme:quarkus3 >--------------------------
[INFO] Building quarkus3 1.0
[INFO]   from pom.xml
[INFO] ------------------------------[ quarkus ]-------------------------------
[INFO] 
[INFO] --- clean:3.2.0:clean (default-clean) @ quarkus3 ---
[INFO] Deleting /home/zakkak/spring-quarkus-perf-comparison/spring-quarkus-perf-comparison/quarkus3/target
[INFO] 
[INFO] --- resources:3.3.1:resources (default-resources) @ quarkus3 ---
[WARNING] Using platform encoding (UTF-8 actually) to copy filtered resources, i.e. build is platform dependent!
[INFO] Copying 2 resources from src/main/resources to target/classes
[INFO] 
[INFO] --- quarkus:3.32.2:generate-code (default-generate-code) @ quarkus3 ---
[INFO] 
[INFO] --- compiler:3.15.0:compile (default-compile) @ quarkus3 ---
[INFO] Recompiling the module because of changed source code.
[WARNING] File encoding has not been set, using platform encoding UTF-8, i.e. build is platform dependent!
[INFO] Compiling 16 source files with javac [debug release 21] to target/classes
[INFO] 
[INFO] --- resources:3.3.1:testResources (default-testResources) @ quarkus3 ---
[WARNING] Using platform encoding (UTF-8 actually) to copy filtered resources, i.e. build is platform dependent!
[INFO] skip non existing resourceDirectory /home/zakkak/spring-quarkus-perf-comparison/spring-quarkus-perf-comparison/quarkus3/src/test/resources
[INFO] 
[INFO] --- quarkus:3.32.2:generate-code-tests (default-generate-code-tests) @ quarkus3 ---
[INFO] 
[INFO] --- compiler:3.15.0:testCompile (default-testCompile) @ quarkus3 ---
[INFO] Recompiling the module because of changed dependency.
[WARNING] File encoding has not been set, using platform encoding UTF-8, i.e. build is platform dependent!
[INFO] Compiling 4 source files with javac [debug release 21] to target/test-classes
[INFO] 
[INFO] --- surefire:3.5.5:test (default-test) @ quarkus3 ---
[INFO] Tests are skipped.
[INFO] 
[INFO] --- quarkus:3.32.2:build (default-build) @ quarkus3 ---
[INFO] [io.quarkus.deployment.pkg.jar.NativeImageSourceJarBuilder] Building native image source jar: /home/zakkak/spring-quarkus-perf-comparison/spring-quarkus-perf-comparison/quarkus3/target/quarkus3-native-image-source-jar/quarkus3-runner.jar
[INFO] [io.quarkus.deployment.pkg.steps.NativeImageBuildStep] Building native image from /home/zakkak/spring-quarkus-perf-comparison/spring-quarkus-perf-comparison/quarkus3/target/quarkus3-native-image-source-jar/quarkus3-runner.jar
[INFO] [io.quarkus.deployment.pkg.steps.NativeImageBuildStep] Running Quarkus native-image plugin on GRAALVM 25.1.0-dev JDK 25.0.1+8-jvmci-25.1-b14
[INFO] [io.quarkus.deployment.pkg.steps.NativeImageBuildRunner] /home/zakkak/code/graal-oracle/sdk/latest_graalvm_home/bin/native-image -J-DCoordinatorEnvironmentBean.transactionStatusManagerEnable=false -J-Dsun.nio.ch.maxUpdateArraySize=100 -J-Djava.util.logging.manager=org.jboss.logmanager.LogManager -J-Dvertx.logger-delegate-factory-class-name=io.quarkus.vertx.core.runtime.VertxLogDelegateFactory -J-Dvertx.disableDnsResolver=true -J-Dio.netty.leakDetection.level=DISABLED -J-Dio.netty.allocator.maxOrder=3 -J-Duser.language=en -J-Duser.country=IE -J-Dlogging.initial-configurator.min-level=500 -H:+UnlockExperimentalVMOptions -H:IncludeLocales=en-IE -H:-UnlockExperimentalVMOptions --enable-native-access=ALL-UNNAMED -J-Dfile.encoding=UTF-8 -J--add-exports=org.graalvm.nativeimage.builder/com.oracle.svm.core.jdk=ALL-UNNAMED --features=io.quarkus.jdbc.postgresql.runtime.graal.SQLXMLFeature,io.quarkus.hibernate.validator.runtime.DisableLoggingFeature,io.quarkus.runner.Feature,io.quarkus.runtime.graal.DisableLoggingFeature,io.quarkus.runtime.graal.JVMChecksFeature,io.quarkus.hibernate.orm.runtime.graal.RegisterServicesForReflectionFeature,io.quarkus.hibernate.orm.runtime.graal.DisableLoggingFeature,org.hibernate.graalvm.internal.GraalVMStaticFeature,io.quarkus.caffeine.runtime.graal.CacheConstructorsFeature,io.quarkus.runtime.graal.SkipConsoleServiceProvidersFeature -J--add-exports=java.security.jgss/sun.security.krb5=ALL-UNNAMED -J--add-exports=java.security.jgss/sun.security.jgss=ALL-UNNAMED -J--add-opens=java.base/java.text=ALL-UNNAMED -J--add-opens=java.base/java.io=ALL-UNNAMED -J--add-opens=java.base/java.lang.invoke=ALL-UNNAMED -J--add-opens=java.base/java.util=ALL-UNNAMED -H:+UnlockExperimentalVMOptions -H:BuildOutputJSONFile=quarkus3-runner-build-output-stats.json -H:-UnlockExperimentalVMOptions -H:+UnlockExperimentalVMOptions -H:+GenerateBuildArtifactsFile -H:-UnlockExperimentalVMOptions --future-defaults=run-time-initialize-resource-bundles -H:+UnlockExperimentalVMOptions -H:+AllowFoldMethods -H:-UnlockExperimentalVMOptions -J-Djava.awt.headless=true --no-fallback --link-at-build-time -H:+UnlockExperimentalVMOptions -H:+ReportExceptionStackTraces -H:-UnlockExperimentalVMOptions -H:-AddAllCharsets --enable-url-protocols=http,https -H:NativeLinkerOption=-no-pie --enable-monitoring=heapdump,threaddump -H:+UnlockExperimentalVMOptions -H:-UseServiceLoaderFeature -H:-UnlockExperimentalVMOptions -J--add-exports=org.graalvm.nativeimage/org.graalvm.nativeimage.impl=ALL-UNNAMED --exclude-config io\.netty\.netty-codec /META-INF/native-image/io\.netty/netty-codec/generated/handlers/reflect-config\.json --exclude-config io\.netty\.netty-handler /META-INF/native-image/io\.netty/netty-handler/generated/handlers/reflect-config\.json quarkus3-runner -jar quarkus3-runner.jar
Warning: Using a deprecated option --no-fallback from command line. No effect, no replacement available
Warning: Option 'FallbackThreshold' is deprecated and might be removed in a future release: It no longer has any effect, and no replacement is available. Please refer to the GraalVM release notes.
Warning: Option 'DynamicProxyConfigurationResources' is deprecated and might be removed in a future release: This can be caused by a proxy-config.json file in your META-INF directory. Consider including proxy configuration in the reflection section of reachability-metadata.json instead.. Please refer to the GraalVM release notes.
========================================================================================================================
GraalVM Native Image: Generating 'quarkus3-runner' (executable)...
========================================================================================================================
For detailed information and explanations on the build output, visit:
https://github.com/oracle/graal/blob/master/docs/reference-manual/native-image/BuildOutput.md
------------------------------------------------------------------------------------------------------------------------
[1/8] Initializing...                                                                                   (4.1s @ 0.45GiB)
 Builder configuration:
 - Java version: 25.0.1+8, vendor version: GraalVM CE 25.1.0-dev+8.1
 - Graal compiler: optimization level: 2, target machine: x86-64-v3
 - C compiler: gcc (redhat, x86_64, 15.2.1)
 - Assertions: disabled, system assertions: disabled
 - 11 user-specific feature(s):
   - io.quarkus.caffeine.runtime.graal.CacheConstructorsFeature
   - io.quarkus.hibernate.orm.runtime.graal.DisableLoggingFeature: Disables INFO logging during the analysis phase
   - io.quarkus.hibernate.orm.runtime.graal.RegisterServicesForReflectionFeature: Makes methods of reachable Hibernate services accessible through Class#getMethods()
   - io.quarkus.hibernate.validator.runtime.DisableLoggingFeature: Disables INFO logging during the analysis phase for the [org.hibernate.validator.internal.util.Version] categories
   - io.quarkus.jdbc.postgresql.runtime.graal.SQLXMLFeature
   - io.quarkus.runner.Feature: Auto-generated class by Quarkus from the existing extensions
   - io.quarkus.runtime.graal.DisableLoggingFeature: Adapts logging during the analysis phase
   - io.quarkus.runtime.graal.JVMChecksFeature
   - io.quarkus.runtime.graal.SkipConsoleServiceProvidersFeature: Skip unsupported console service providers when quarkus.native.auto-service-loader-registration is false
   - org.eclipse.angus.activation.nativeimage.AngusActivationFeature
   - org.hibernate.graalvm.internal.GraalVMStaticFeature: Hibernate ORM's static reflection registrations for GraalVM
 Image configuration:
 - Garbage collector: Serial GC (max heap size: 80% of RAM)
 - Assertions: disabled (class-specific config may apply), system assertions: disabled
------------------------------------------------------------------------------------------------------------------------
 5 experimental option(s) unlocked:
 - '-H:+AllowFoldMethods' (origin(s): command line)
 - '-H:BuildOutputJSONFile' (origin(s): command line)
 - '-H:-UseServiceLoaderFeature' (origin(s): command line)
 - '-H:+GenerateBuildArtifactsFile' (origin(s): command line)
 - '-H:AddOpens' (alternative API option(s): --add-opens java.base/java.lang=ALL-UNNAMED; origin(s): command line)
------------------------------------------------------------------------------------------------------------------------
Build resources:
 - 30.00GiB of memory (48.4% of system memory, capped at 30GiB)
 - 32 thread(s) (100.0% of 32 available processor(s), determined at start)
[2/8] Performing analysis...  [********]                                                                (9.0s @ 2.97GiB)
   22,654 types,  29,175 fields, and 106,492 methods found reachable
    7,964 types,     169 fields, and   5,252 methods registered for reflection
       63 types,      69 fields, and      55 methods registered for JNI access
      105 resource accesses registered with 188.29KiB total size
        4 native libraries: dl, pthread, rt, z
[3/8] Building universe...                                                                              (3.0s @ 2.60GiB)
[4/8] Parsing methods...      [*]                                                                       (1.3s @ 2.50GiB)
[5/8] Inlining methods...     [****]                                                                    (0.7s @ 2.63GiB)
[6/8] Compiling methods...    [***]                                                                     (8.0s @ 2.04GiB)
[7/8] Laying out methods...   [***]                                                                     (5.8s @ 2.66GiB)
[8/8] Creating image...       [**]                                                                      (4.0s @ 2.97GiB)
  36.03MiB (41.77%) for code area:    71,246 compilation units
  43.88MiB (50.87%) for image heap:  500,434 objects and 16 resources
   6.35MiB ( 7.36%) for other data
  86.25MiB in total image size, 80.50MiB in total file size
------------------------------------------------------------------------------------------------------------------------
Top 10 origins of code area:                                Top 10 object types in image heap:
   1.52MiB java.base/sun.security.ssl                         11.52MiB byte[] for code metadata
   1.05MiB java.base/java.util                                 6.44MiB byte[] for string data
 852.68KiB o.g.n.runtime/com.oracle.svm.core.code              4.32MiB o.g.n.runtime/c.o.s.core.hub.DynamicHubCompanion
 697.23KiB java.base/com.sun.crypto.provider                   4.11MiB java.base/java.lang.String
 637.13KiB jdk.proxy4/jdk.proxy4                               3.36MiB java.base/java.lang.Class
 533.01KiB java.base/java.lang                                 1.43MiB byte[] for reflection metadata
 532.07KiB io.netty.buffer                                     1.31MiB byte[] for general heap data
 506.32KiB java.base/java.lang.invoke                        905.55KiB java.base/java.lang.Object[]
 468.03KiB org.postgresql.jdbc                               832.50KiB java.base/java.lang.reflect.Method
 460.62KiB org.hibernate.query.hql.internal                  798.91KiB o.g.n.runtime/c.o.s.c.h.ImageReflectionMetadata
  27.83MiB for 984 more packages                               8.90MiB for 5204 more object types
------------------------------------------------------------------------------------------------------------------------
Recommendations:
 FUTR: Use '--future-defaults=all' to prepare for future releases.
 HEAP: Set max heap for improved and more predictable memory usage.
 CPU:  Enable more CPU features with '-march=native' for improved performance.
------------------------------------------------------------------------------------------------------------------------
                       2.8s (7.2% of total time) in 298 GCs | Peak RSS: 4.68GiB | CPU load: 15.35
------------------------------------------------------------------------------------------------------------------------
Build artifacts:
 /home/zakkak/spring-quarkus-perf-comparison/spring-quarkus-perf-comparison/quarkus3/target/quarkus3-native-image-source-jar/build-artifacts.json (build_info, 92B)
 /home/zakkak/spring-quarkus-perf-comparison/spring-quarkus-perf-comparison/quarkus3/target/quarkus3-native-image-source-jar/quarkus3-runner (executable, 80.50MiB)
 /home/zakkak/spring-quarkus-perf-comparison/spring-quarkus-perf-comparison/quarkus3/target/quarkus3-native-image-source-jar/quarkus3-runner-build-output-stats.json (build_info, 1.00KiB)
========================================================================================================================
Finished generating 'quarkus3-runner' in 37.6s.

The build process encountered 3 warnings.

[INFO] [io.quarkus.deployment.pkg.steps.NativeImageBuildRunner] objcopy --strip-debug quarkus3-runner
[INFO] [io.quarkus.deployment.QuarkusAugmentor] Quarkus augmentation completed in 41361ms
[INFO] ------------------------------------------------------------------------
[INFO] BUILD SUCCESS
[INFO] ------------------------------------------------------------------------
[INFO] Total time:  44.771 s
[INFO] Finished at: 2026-03-11T21:04:26+02:00
[INFO] ------------------------------------------------------------------------
21:04:27,382 [ test-runner:run-tests-983 @ target-host ] set-state: APP_LOG_REGEX .*quarkus3.+started in.*
21:04:27,438 [ test-runner:run-tests-983 @ target-host ] for-each: ITERATION = 0
21:04:27,439 [ test-runner:run-tests-983 @ target-host ] set-state: LOG_FILE /home/zakkak/spring-quarkus-perf-comparison/logs/load-test-quarkus3-native-0.log
21:04:27,844 [ test-runner:run-tests-983 @ target-host ] touch /home/zakkak/spring-quarkus-perf-comparison/logs/load-test-quarkus3-native-0.log
21:04:27,845 [ test-runner:run-tests-983 @ target-host ] queue-download: ${{REPO_DIR}}/logs/wrk-warmup-${{RUNTIME.name}}-${{ITERATION}}.log=/home/zakkak/spring-quarkus-perf-comparison/logs/wrk-warmup-quarkus3-native-0.log ../../20260311/run-time-initialize-resource-bundles/target-host/
21:04:27,846 [ test-runner:run-tests-983 @ target-host ] queue-download: ${{LOG_FILE}}=/home/zakkak/spring-quarkus-perf-comparison/logs/load-test-quarkus3-native-0.log ../../20260311/run-time-initialize-resource-bundles/target-host/
21:04:27,846 [ test-runner:run-tests-983 @ target-host ] queue-download: ${{REPO_DIR}}/logs/wrk-${{RUNTIME.name}}-${{ITERATION}}.log=/home/zakkak/spring-quarkus-perf-comparison/logs/wrk-quarkus3-native-0.log ../../20260311/run-time-initialize-resource-bundles/target-host/
21:04:27,846 [ test-runner:run-tests-983 @ target-host ] script-cmd: start-test-services
21:04:27,846 [ test-runner:run-tests-983 @ target-host ] start-test-services
21:04:38,935 [ test-runner:run-tests-983 @ target-host ] /home/zakkak/spring-quarkus-perf-comparison/spring-quarkus-perf-comparison/scripts/infra.sh -c 3 -p '4-6' -s
Using podman to start containers
-----------------------------------------
[03/11/2026 21:04:27]: Starting services
-----------------------------------------
Starting PostgreSQL database 'fruits_db'
PostgreSQL DB process: 56e8212f1a3dbbcc5c23a5e9d9df7f66332db48bac712040afa28a6c54195251
Waiting for PostgreSQL to be ready...
localhost:5432 - no response
localhost:5432 - no response
localhost:5432 - accepting connections
21:04:38,935 [ test-runner:run-tests-983 @ target-host ] script-cmd: sync-drop-fs-cache
21:04:38,935 [ test-runner:run-tests-983 @ target-host ] sync-drop-fs-cache
21:04:38,935 [ test-runner:run-tests-983 @ target-host ] read-state: true
21:04:38,936 [ test-runner:run-tests-983 @ target-host ] regex: true
21:04:39,551 [ test-runner:run-tests-983 @ target-host ] sync
21:04:39,552 [ test-runner:run-tests-983 @ target-host ] script-cmd: sync-drop-fs-cache-${{os}}
21:04:39,552 [ test-runner:run-tests-983 @ target-host ] sync-drop-fs-cache-linux
21:04:39,552 [ test-runner:run-tests-983 @ target-host ] script-cmd: sudo
21:04:39,552 [ test-runner:run-tests-983 @ target-host ] sudo
21:04:39,553 [ test-runner:run-tests-983 @ target-host ] script-cmd: sudo-${{os}}
21:04:39,553 [ test-runner:run-tests-983 @ target-host ] sudo-linux
21:04:40,404 [ test-runner:run-tests-983 @ target-host ] sudo sh -c "echo 3 > /proc/sys/vm/drop_caches"
]3008;start=a9951738e5bb4e94adec07cdec9aa66c;user=zakkak;hostname=blanc;machineid=f469a615e9ef4e81b7d5be080a5de373;bootid=0e917e08584a49cb891ef04366e00ace;pid=384193;pidfdid=384194;comm=sudo;targetuser=root;sessionid=c372;type=session\]3008;end=a9951738e5bb4e94adec07cdec9aa66c\
21:04:40,405 [ test-runner:run-tests-983 @ target-host ] set-signal: LOAD_STEADY_STATE_START 1
21:04:40,405 [ test-runner:run-tests-983 @ target-host ] set-signal: LOG_REGEX_REACHED 1
21:04:40,808 [ test-runner:run-tests-983 @ target-host ] taskset --cpu-list 0-3 /home/zakkak/spring-quarkus-perf-comparison/spring-quarkus-perf-comparison/quarkus3/target/quarkus3-runner  &>/home/zakkak/spring-quarkus-perf-comparison/logs/load-test-quarkus3-native-0.log &
[1] 384222
21:04:41,210 [ test-runner:run-tests-983 @ target-host ] PID=$!
21:04:41,611 [ test-runner:run-tests-983 @ target-host ] echo $PID
384222
21:04:41,611 [ test-runner:run-tests-983 @ target-host ] set-state: JVM_PID 384222
21:04:41,612 [ test-runner:run-tests-983 @ target-host ] script-cmd: monitor-processes
21:04:41,612 [ test-runner:run-tests-983 @ target-host ] monitor-processes
21:04:41,612 [ test-runner:run-tests-983 @ target-host ] set-signal: LOAD_TEST_COMPLETE 1
21:04:42,060 [ test-runner:run-tests-983 @ target-host ] script-cmd: monitor-process
21:04:42,060 [ :monitor-process-1906 @ target-host ] monitor-process
21:04:42,062 [ :monitor-process-1906 @ target-host ] queue-download: ${{log_file}}=/home/zakkak/spring-quarkus-perf-comparison/logs/pidstat-quarkus3-native-0.log ../../20260311/run-time-initialize-resource-bundles/target-host/
21:04:42,434 [ test-runner:run-tests-983 @ target-host ] script-cmd: monitor-process
21:04:42,434 [ :monitor-process-1914 @ target-host ] monitor-process
21:04:42,435 [ :monitor-process-1914 @ target-host ] queue-download: ${{log_file}}=/home/zakkak/spring-quarkus-perf-comparison/logs/mpstat-quarkus3-native-0.log ../../20260311/run-time-initialize-resource-bundles/target-host/
21:04:42,565 [ :monitor-process-1906 @ target-host ] taskset --cpu-list 11 pidstat -u -p 384222 1 &>/home/zakkak/spring-quarkus-perf-comparison/logs/pidstat-quarkus3-native-0.log &
[1] 384347
21:04:42,809 [ test-runner:run-tests-983 @ target-host ] script-cmd: monitor-process
21:04:42,809 [ test-runner:run-tests-983 @ target-host ] script-cmd: monitor-postgres
21:04:42,809 [ test-runner:run-tests-983 @ target-host ] monitor-postgres
21:04:42,809 [ :monitor-process-1923 @ target-host ] monitor-process
21:04:42,809 [ :monitor-process-1923 @ target-host ] queue-download: ${{log_file}}=/home/zakkak/spring-quarkus-perf-comparison/logs/vmstat-quarkus3-native-0.log ../../20260311/run-time-initialize-resource-bundles/target-host/
21:04:42,938 [ :monitor-process-1914 @ target-host ] taskset --cpu-list 11 mpstat -P ALL 1 &>/home/zakkak/spring-quarkus-perf-comparison/logs/mpstat-quarkus3-native-0.log &
[1] 384426
21:04:42,966 [ :monitor-process-1906 @ target-host ] PROCESS_PID=$!
21:04:43,212 [ :monitor-process-1923 @ target-host ] taskset --cpu-list 11 vmstat 1 &>/home/zakkak/spring-quarkus-perf-comparison/logs/vmstat-quarkus3-native-0.log &
[1] 384509
21:04:43,252 [ test-runner:run-tests-983 @ target-host ] POSTGRES_PID=$(/home/zakkak/spring-quarkus-perf-comparison/spring-quarkus-perf-comparison/scripts/infra.sh -r)
21:04:43,339 [ :monitor-process-1914 @ target-host ] PROCESS_PID=$!
21:04:43,368 [ :monitor-process-1906 @ target-host ] echo $PROCESS_PID
384347
21:04:43,368 [ :monitor-process-1906 @ target-host ] set-state: PROCESS_PID 384347
21:04:43,613 [ :monitor-process-1923 @ target-host ] PROCESS_PID=$!
21:04:43,653 [ test-runner:run-tests-983 @ target-host ] echo $POSTGRES_PID
383929
21:04:43,653 [ test-runner:run-tests-983 @ target-host ] set-state: POSTGRES_PID 383929
21:04:43,741 [ :monitor-process-1914 @ target-host ] echo $PROCESS_PID
384426
21:04:43,741 [ :monitor-process-1914 @ target-host ] set-state: PROCESS_PID 384426
21:04:44,015 [ :monitor-process-1923 @ target-host ] echo $PROCESS_PID
384509
21:04:44,015 [ :monitor-process-1923 @ target-host ] set-state: PROCESS_PID 384509
21:04:44,029 [ test-runner:run-tests-983 @ target-host ] script-cmd: monitor-process
21:04:44,029 [ :monitor-process-1939 @ target-host ] monitor-process
21:04:44,029 [ test-runner:run-tests-983 @ target-host ] JVM_PID = 384222
21:04:44,029 [ :monitor-process-1939 @ target-host ] queue-download: ${{log_file}}=/home/zakkak/spring-quarkus-perf-comparison/logs/postgres-pidstat-quarkus3-native-0.log ../../20260311/run-time-initialize-resource-bundles/target-host/
21:04:44,030 [ test-runner:run-tests-983 @ target-host ] read-state: none
21:04:44,402 [ test-runner:run-tests-983 @ target-host ] script-cmd: watch-log
21:04:44,402 [ :watch-log-1948 @ target-host ] watch-log
21:04:44,414 [ :watch-log-1948 @ target-host ] regex: ${{log_regex}}
21:04:44,414 [ :watch-log-1948 @ target-host ] ctrlC
21:04:44,414 [ :watch-log-1948 @ target-host ] reached LOG_REGEX_REACHED
21:04:44,414 [ test-runner:run-tests-983 @ target-host ] wait-for: LOG_REGEX_REACHED
21:04:44,414 [ :watch-log-1948 @ target-host ] signal: LOG_REGEX_REACHED
21:04:44,532 [ :monitor-process-1939 @ target-host ] taskset --cpu-list 11 pidstat -u -p $(pgrep -d , -P 383929) 1 &>/home/zakkak/spring-quarkus-perf-comparison/logs/postgres-pidstat-quarkus3-native-0.log &
[1] 384627
21:04:44,815 [ :watch-log-1948 @ target-host ] tail -f /home/zakkak/spring-quarkus-perf-comparison/logs/load-test-quarkus3-native-0.log
__  ____  __  _____   ___  __ ____  ______ 
 --/ __ \/ / / / _ | / _ \/ //_/ / / / __/ 
 -/ /_/ / /_/ / __ |/ , _/ ,< / /_/ /\ \   
--\___\_\____/_/ |_/_/|_/_/|_|\____/___/   
2026-03-11 21:04:40,552 INFO  [io.quarkus] (main) quarkus3 1.0 native (powered by Quarkus 999-SNAPSHOT) started in 0.075s. Listening on: http://0.0.0.0:8080
2026-03-11 21:04:40,552 INFO  [io.quarkus] (main) Profile prod activated. 
2026-03-11 21:04:40,552 INFO  [io.quarkus] (main) Installed features: [agroal, cdi, config-yaml, hibernate-orm, hibernate-orm-panache, hibernate-validator, jdbc-postgresql, narayana-jta, rest, rest-jackson, smallrye-context-propagation, smallrye-health, vertx]
21:04:44,934 [ :monitor-process-1939 @ target-host ] PROCESS_PID=$!
21:04:45,336 [ :monitor-process-1939 @ target-host ] echo $PROCESS_PID
384627
21:04:45,336 [ :monitor-process-1939 @ target-host ] set-state: PROCESS_PID 384627
21:06:54,309 [ test-runner:run-tests-983 @ target-host ] taskset --cpu-list 7-9 jbang -R -XX:+UseNUMA wrk@hyperfoil -t 2 -c 100 -d 2m --timeout 2m http://localhost:8080/fruits 2>&1 >/home/zakkak/spring-quarkus-perf-comparison/logs/wrk-warmup-quarkus3-native-0.log
21:07:24,310 [ test-runner:run-tests-983 @ target-host ] sleep: 30s
21:07:24,310 [ :monitor-process-1914 @ target-host ] reached LOAD_STEADY_STATE_START
21:07:24,310 [ test-runner:run-tests-983 @ target-host ] signal: LOAD_STEADY_STATE_START
21:08:03,981 [ test-runner:run-tests-983 @ target-host ] taskset --cpu-list 7-9 jbang -R -XX:+UseNUMA wrk@hyperfoil -t 2 -c 100 -d 30s --timeout 30s http://localhost:8080/fruits 2>&1 >/home/zakkak/spring-quarkus-perf-comparison/logs/wrk-quarkus3-native-0.log
21:08:04,397 [ test-runner:run-tests-983 @ target-host ] cat /home/zakkak/spring-quarkus-perf-comparison/logs/wrk-quarkus3-native-0.log | grep "Requests/sec" | awk '{print $2}'
15917.47
21:08:04,398 [ test-runner:run-tests-983 @ target-host ] set-state: THROUGHPUT 15917.47
21:08:04,398 [ test-runner:run-tests-983 @ target-host ] script-cmd: state-array-push
21:08:04,398 [ test-runner:run-tests-983 @ target-host ] state-array-push
21:08:04,519 [ test-runner:run-tests-983 @ target-host ] set-state: RUN.output.results.quarkus3-native.load.throughput [15917.47]
21:08:04,923 [ test-runner:run-tests-983 @ target-host ] cat /home/zakkak/spring-quarkus-perf-comparison/logs/wrk-quarkus3-native-0.log | grep "Socket errors:" | sed -E 's/.*connectionErrors ([0-9]+).*/\1/'
21:08:04,923 [ test-runner:run-tests-983 @ target-host ] regex: ^$
21:08:04,923 [ test-runner:run-tests-983 @ target-host ] set-state: CONNECTION_ERRORS 0
21:08:04,923 [ test-runner:run-tests-983 @ target-host ] script-cmd: state-array-push
21:08:04,923 [ test-runner:run-tests-983 @ target-host ] state-array-push
21:08:05,035 [ test-runner:run-tests-983 @ target-host ] set-state: RUN.output.results.quarkus3-native.load.connectionErrors [0]
21:08:05,439 [ test-runner:run-tests-983 @ target-host ] cat /home/zakkak/spring-quarkus-perf-comparison/logs/wrk-quarkus3-native-0.log | grep "Socket errors:" | sed -E 's/.*requestTimeouts ([0-9]+)/\1/'
21:08:05,440 [ test-runner:run-tests-983 @ target-host ] regex: ^$
21:08:05,440 [ test-runner:run-tests-983 @ target-host ] set-state: REQUEST_TIMEOUTS 0
21:08:05,440 [ test-runner:run-tests-983 @ target-host ] script-cmd: state-array-push
21:08:05,440 [ test-runner:run-tests-983 @ target-host ] state-array-push
21:08:05,529 [ test-runner:run-tests-983 @ target-host ] set-state: RUN.output.results.quarkus3-native.load.requestTimeouts [0]
21:08:05,947 [ test-runner:run-tests-983 @ target-host ] pmap -x $PID | grep total | awk '{print $4}'
162616
21:08:05,947 [ test-runner:run-tests-983 @ target-host ] set-state: RSS 162616
21:08:05,966 [ test-runner:run-tests-983 @ target-host ] script-cmd: state-array-push
21:08:05,966 [ test-runner:run-tests-983 @ target-host ] state-array-push
21:08:06,038 [ test-runner:run-tests-983 @ target-host ] set-state: RUN.output.results.quarkus3-native.load.rss [158.8046875]
21:08:06,058 [ test-runner:run-tests-983 @ target-host ] script-cmd: state-array-push
21:08:06,059 [ test-runner:run-tests-983 @ target-host ] state-array-push
21:08:06,131 [ test-runner:run-tests-983 @ target-host ] set-state: RUN.output.results.quarkus3-native.load.throughputDensity [100.23299847493482]
21:08:06,131 [ test-runner:run-tests-983 @ target-host ] reached LOAD_TEST_COMPLETE
21:08:06,131 [ :monitor-process-1906 @ target-host ] wait-for: LOAD_TEST_COMPLETE
21:08:06,131 [ :monitor-process-1914 @ target-host ] wait-for: LOAD_TEST_COMPLETE
21:08:06,131 [ :monitor-process-1923 @ target-host ] wait-for: LOAD_TEST_COMPLETE
21:08:06,131 [ :monitor-process-1939 @ target-host ] wait-for: LOAD_TEST_COMPLETE
21:08:06,131 [ test-runner:run-tests-983 @ target-host ] signal: LOAD_TEST_COMPLETE
21:08:06,533 [ :monitor-process-1906 @ target-host ] kill -15 $PROCESS_PID
bash: kill: (384347) - No such process
21:08:06,533 [ :monitor-process-1914 @ target-host ] kill -15 $PROCESS_PID
bash: kill: (384426) - No such process
21:08:06,533 [ :monitor-process-1939 @ target-host ] kill -15 $PROCESS_PID
bash: kill: (384627) - No such process
21:08:06,633 [ test-runner:run-tests-983 @ target-host ] kill -15 $PID
21:08:06,634 [ :monitor-process-1923 @ target-host ] kill -15 $PROCESS_PID
21:08:09,044 [ test-runner:run-tests-983 @ target-host ] sleep 2
21:08:09,044 [ test-runner:run-tests-983 @ target-host ] script-cmd: stop-test-services
21:08:09,044 [ test-runner:run-tests-983 @ target-host ] stop-test-services
21:08:09,695 [ test-runner:run-tests-983 @ target-host ] /home/zakkak/spring-quarkus-perf-comparison/spring-quarkus-perf-comparison/scripts/infra.sh -d
Using podman to stop containers
-----------------------------------------
[03/11/2026 21:08:09]: Stopping services
-----------------------------------------
Stopping PostgreSQL database 'fruits_db'
fruits_db
21:08:09,758 [ test-runner:run-tests-983 @ target-host ] for-each: ITERATION = 1
21:08:09,758 [ test-runner:run-tests-983 @ target-host ] set-state: LOG_FILE /home/zakkak/spring-quarkus-perf-comparison/logs/load-test-quarkus3-native-1.log
21:08:10,170 [ test-runner:run-tests-983 @ target-host ] touch /home/zakkak/spring-quarkus-perf-comparison/logs/load-test-quarkus3-native-1.log
21:08:10,170 [ test-runner:run-tests-983 @ target-host ] queue-download: ${{REPO_DIR}}/logs/wrk-warmup-${{RUNTIME.name}}-${{ITERATION}}.log=/home/zakkak/spring-quarkus-perf-comparison/logs/wrk-warmup-quarkus3-native-1.log ../../20260311/run-time-initialize-resource-bundles/target-host/
21:08:10,170 [ test-runner:run-tests-983 @ target-host ] queue-download: ${{LOG_FILE}}=/home/zakkak/spring-quarkus-perf-comparison/logs/load-test-quarkus3-native-1.log ../../20260311/run-time-initialize-resource-bundles/target-host/
21:08:10,171 [ test-runner:run-tests-983 @ target-host ] queue-download: ${{REPO_DIR}}/logs/wrk-${{RUNTIME.name}}-${{ITERATION}}.log=/home/zakkak/spring-quarkus-perf-comparison/logs/wrk-quarkus3-native-1.log ../../20260311/run-time-initialize-resource-bundles/target-host/
21:08:10,171 [ test-runner:run-tests-983 @ target-host ] script-cmd: start-test-services
21:08:10,171 [ test-runner:run-tests-983 @ target-host ] start-test-services
21:08:21,255 [ test-runner:run-tests-983 @ target-host ] /home/zakkak/spring-quarkus-perf-comparison/spring-quarkus-perf-comparison/scripts/infra.sh -c 3 -p '4-6' -s
Using podman to start containers
-----------------------------------------
[03/11/2026 21:08:10]: Starting services
-----------------------------------------
Starting PostgreSQL database 'fruits_db'
PostgreSQL DB process: 73fd95bf3185ab280b108e1222610b0ba10d852718997a77b756507efffb3d1c
Waiting for PostgreSQL to be ready...
localhost:5432 - no response
localhost:5432 - no response
localhost:5432 - accepting connections
21:08:21,255 [ test-runner:run-tests-983 @ target-host ] script-cmd: sync-drop-fs-cache
21:08:21,255 [ test-runner:run-tests-983 @ target-host ] sync-drop-fs-cache
21:08:21,255 [ test-runner:run-tests-983 @ target-host ] read-state: true
21:08:21,255 [ test-runner:run-tests-983 @ target-host ] regex: true
21:08:21,848 [ test-runner:run-tests-983 @ target-host ] sync
21:08:21,848 [ test-runner:run-tests-983 @ target-host ] script-cmd: sync-drop-fs-cache-${{os}}
21:08:21,848 [ test-runner:run-tests-983 @ target-host ] sync-drop-fs-cache-linux
21:08:21,848 [ test-runner:run-tests-983 @ target-host ] script-cmd: sudo
21:08:21,848 [ test-runner:run-tests-983 @ target-host ] sudo
21:08:21,848 [ test-runner:run-tests-983 @ target-host ] script-cmd: sudo-${{os}}
21:08:21,848 [ test-runner:run-tests-983 @ target-host ] sudo-linux
21:08:22,683 [ test-runner:run-tests-983 @ target-host ] sudo sh -c "echo 3 > /proc/sys/vm/drop_caches"
]3008;start=e98ce29adc12413e9f12f3e9f21d1ce0;user=zakkak;hostname=blanc;machineid=f469a615e9ef4e81b7d5be080a5de373;bootid=0e917e08584a49cb891ef04366e00ace;pid=386053;pidfdid=386054;comm=sudo;targetuser=root;sessionid=c373;type=session\]3008;end=e98ce29adc12413e9f12f3e9f21d1ce0\
21:08:22,692 [ test-runner:run-tests-983 @ target-host ] set-signal: LOAD_STEADY_STATE_START 1
21:08:22,692 [ test-runner:run-tests-983 @ target-host ] set-signal: LOG_REGEX_REACHED 1
21:08:23,095 [ test-runner:run-tests-983 @ target-host ] taskset --cpu-list 0-3 /home/zakkak/spring-quarkus-perf-comparison/spring-quarkus-perf-comparison/quarkus3/target/quarkus3-runner  &>/home/zakkak/spring-quarkus-perf-comparison/logs/load-test-quarkus3-native-1.log &
[1] 386083
21:08:23,496 [ test-runner:run-tests-983 @ target-host ] PID=$!
21:08:23,898 [ test-runner:run-tests-983 @ target-host ] echo $PID
386083
21:08:23,898 [ test-runner:run-tests-983 @ target-host ] set-state: JVM_PID 386083
21:08:23,898 [ test-runner:run-tests-983 @ target-host ] script-cmd: monitor-processes
21:08:23,898 [ test-runner:run-tests-983 @ target-host ] monitor-processes
21:08:23,898 [ test-runner:run-tests-983 @ target-host ] set-signal: LOAD_TEST_COMPLETE 1
21:08:24,351 [ test-runner:run-tests-983 @ target-host ] script-cmd: monitor-process
21:08:24,352 [ :monitor-process-1999 @ target-host ] monitor-process
21:08:24,360 [ :monitor-process-1999 @ target-host ] queue-download: ${{log_file}}=/home/zakkak/spring-quarkus-perf-comparison/logs/pidstat-quarkus3-native-1.log ../../20260311/run-time-initialize-resource-bundles/target-host/
21:08:24,725 [ test-runner:run-tests-983 @ target-host ] script-cmd: monitor-process
21:08:24,725 [ :monitor-process-2007 @ target-host ] monitor-process
21:08:24,726 [ :monitor-process-2007 @ target-host ] queue-download: ${{log_file}}=/home/zakkak/spring-quarkus-perf-comparison/logs/mpstat-quarkus3-native-1.log ../../20260311/run-time-initialize-resource-bundles/target-host/
21:08:24,863 [ :monitor-process-1999 @ target-host ] taskset --cpu-list 11 pidstat -u -p 386083 1 &>/home/zakkak/spring-quarkus-perf-comparison/logs/pidstat-quarkus3-native-1.log &
[1] 386190
21:08:25,101 [ test-runner:run-tests-983 @ target-host ] script-cmd: monitor-process
21:08:25,101 [ test-runner:run-tests-983 @ target-host ] script-cmd: monitor-postgres
21:08:25,101 [ :monitor-process-2016 @ target-host ] monitor-process
21:08:25,101 [ test-runner:run-tests-983 @ target-host ] monitor-postgres
21:08:25,101 [ :monitor-process-2016 @ target-host ] queue-download: ${{log_file}}=/home/zakkak/spring-quarkus-perf-comparison/logs/vmstat-quarkus3-native-1.log ../../20260311/run-time-initialize-resource-bundles/target-host/
21:08:25,228 [ :monitor-process-2007 @ target-host ] taskset --cpu-list 11 mpstat -P ALL 1 &>/home/zakkak/spring-quarkus-perf-comparison/logs/mpstat-quarkus3-native-1.log &
[1] 386285
21:08:25,265 [ :monitor-process-1999 @ target-host ] PROCESS_PID=$!
21:08:25,503 [ :monitor-process-2016 @ target-host ] taskset --cpu-list 11 vmstat 1 &>/home/zakkak/spring-quarkus-perf-comparison/logs/vmstat-quarkus3-native-1.log &
[1] 386368
21:08:25,541 [ test-runner:run-tests-983 @ target-host ] POSTGRES_PID=$(/home/zakkak/spring-quarkus-perf-comparison/spring-quarkus-perf-comparison/scripts/infra.sh -r)
21:08:25,630 [ :monitor-process-2007 @ target-host ] PROCESS_PID=$!
21:08:25,666 [ :monitor-process-1999 @ target-host ] echo $PROCESS_PID
386190
21:08:25,666 [ :monitor-process-1999 @ target-host ] set-state: PROCESS_PID 386190
21:08:25,904 [ :monitor-process-2016 @ target-host ] PROCESS_PID=$!
21:08:25,942 [ test-runner:run-tests-983 @ target-host ] echo $POSTGRES_PID
385784
21:08:25,943 [ test-runner:run-tests-983 @ target-host ] set-state: POSTGRES_PID 385784
21:08:26,031 [ :monitor-process-2007 @ target-host ] echo $PROCESS_PID
386285
21:08:26,031 [ :monitor-process-2007 @ target-host ] set-state: PROCESS_PID 386285
21:08:26,306 [ :monitor-process-2016 @ target-host ] echo $PROCESS_PID
386368
21:08:26,306 [ :monitor-process-2016 @ target-host ] set-state: PROCESS_PID 386368
21:08:26,318 [ test-runner:run-tests-983 @ target-host ] script-cmd: monitor-process
21:08:26,318 [ test-runner:run-tests-983 @ target-host ] JVM_PID = 386083
21:08:26,318 [ :monitor-process-2032 @ target-host ] monitor-process
21:08:26,318 [ :monitor-process-2032 @ target-host ] queue-download: ${{log_file}}=/home/zakkak/spring-quarkus-perf-comparison/logs/postgres-pidstat-quarkus3-native-1.log ../../20260311/run-time-initialize-resource-bundles/target-host/
21:08:26,318 [ test-runner:run-tests-983 @ target-host ] read-state: none
21:08:26,689 [ test-runner:run-tests-983 @ target-host ] script-cmd: watch-log
21:08:26,689 [ :watch-log-2041 @ target-host ] watch-log
21:08:26,700 [ :watch-log-2041 @ target-host ] regex: ${{log_regex}}
21:08:26,700 [ :watch-log-2041 @ target-host ] ctrlC
21:08:26,700 [ :watch-log-2041 @ target-host ] reached LOG_REGEX_REACHED
21:08:26,700 [ test-runner:run-tests-983 @ target-host ] wait-for: LOG_REGEX_REACHED
21:08:26,700 [ :watch-log-2041 @ target-host ] signal: LOG_REGEX_REACHED
21:08:26,821 [ :monitor-process-2032 @ target-host ] taskset --cpu-list 11 pidstat -u -p $(pgrep -d , -P 385784) 1 &>/home/zakkak/spring-quarkus-perf-comparison/logs/postgres-pidstat-quarkus3-native-1.log &
[1] 386485
21:08:27,102 [ :watch-log-2041 @ target-host ] tail -f /home/zakkak/spring-quarkus-perf-comparison/logs/load-test-quarkus3-native-1.log
__  ____  __  _____   ___  __ ____  ______ 
 --/ __ \/ / / / _ | / _ \/ //_/ / / / __/ 
 -/ /_/ / /_/ / __ |/ , _/ ,< / /_/ /\ \   
--\___\_\____/_/ |_/_/|_/_/|_|\____/___/   
2026-03-11 21:08:22,829 INFO  [io.quarkus] (main) quarkus3 1.0 native (powered by Quarkus 999-SNAPSHOT) started in 0.075s. Listening on: http://0.0.0.0:8080
2026-03-11 21:08:22,829 INFO  [io.quarkus] (main) Profile prod activated. 
2026-03-11 21:08:22,829 INFO  [io.quarkus] (main) Installed features: [agroal, cdi, config-yaml, hibernate-orm, hibernate-orm-panache, hibernate-validator, jdbc-postgresql, narayana-jta, rest, rest-jackson, smallrye-context-propagation, smallrye-health, vertx]
21:08:27,222 [ :monitor-process-2032 @ target-host ] PROCESS_PID=$!
21:08:27,624 [ :monitor-process-2032 @ target-host ] echo $PROCESS_PID
386485
21:08:27,624 [ :monitor-process-2032 @ target-host ] set-state: PROCESS_PID 386485
21:10:36,662 [ test-runner:run-tests-983 @ target-host ] taskset --cpu-list 7-9 jbang -R -XX:+UseNUMA wrk@hyperfoil -t 2 -c 100 -d 2m --timeout 2m http://localhost:8080/fruits 2>&1 >/home/zakkak/spring-quarkus-perf-comparison/logs/wrk-warmup-quarkus3-native-1.log
21:11:06,662 [ test-runner:run-tests-983 @ target-host ] sleep: 30s
21:11:06,662 [ :monitor-process-2007 @ target-host ] reached LOAD_STEADY_STATE_START
21:11:06,663 [ test-runner:run-tests-983 @ target-host ] signal: LOAD_STEADY_STATE_START
21:11:46,343 [ test-runner:run-tests-983 @ target-host ] taskset --cpu-list 7-9 jbang -R -XX:+UseNUMA wrk@hyperfoil -t 2 -c 100 -d 30s --timeout 30s http://localhost:8080/fruits 2>&1 >/home/zakkak/spring-quarkus-perf-comparison/logs/wrk-quarkus3-native-1.log
21:11:46,759 [ test-runner:run-tests-983 @ target-host ] cat /home/zakkak/spring-quarkus-perf-comparison/logs/wrk-quarkus3-native-1.log | grep "Requests/sec" | awk '{print $2}'
16256.07
21:11:46,759 [ test-runner:run-tests-983 @ target-host ] set-state: THROUGHPUT 16256.07
21:11:46,759 [ test-runner:run-tests-983 @ target-host ] script-cmd: state-array-push
21:11:46,759 [ test-runner:run-tests-983 @ target-host ] state-array-push
21:11:46,805 [ test-runner:run-tests-983 @ target-host ] set-state: RUN.output.results.quarkus3-native.load.throughput [15917.47,16256.07]
21:11:47,209 [ test-runner:run-tests-983 @ target-host ] cat /home/zakkak/spring-quarkus-perf-comparison/logs/wrk-quarkus3-native-1.log | grep "Socket errors:" | sed -E 's/.*connectionErrors ([0-9]+).*/\1/'
21:11:47,209 [ test-runner:run-tests-983 @ target-host ] regex: ^$
21:11:47,209 [ test-runner:run-tests-983 @ target-host ] set-state: CONNECTION_ERRORS 0
21:11:47,209 [ test-runner:run-tests-983 @ target-host ] script-cmd: state-array-push
21:11:47,209 [ test-runner:run-tests-983 @ target-host ] state-array-push
21:11:47,245 [ test-runner:run-tests-983 @ target-host ] set-state: RUN.output.results.quarkus3-native.load.connectionErrors [0,0]
21:11:47,648 [ test-runner:run-tests-983 @ target-host ] cat /home/zakkak/spring-quarkus-perf-comparison/logs/wrk-quarkus3-native-1.log | grep "Socket errors:" | sed -E 's/.*requestTimeouts ([0-9]+)/\1/'
21:11:47,649 [ test-runner:run-tests-983 @ target-host ] regex: ^$
21:11:47,649 [ test-runner:run-tests-983 @ target-host ] set-state: REQUEST_TIMEOUTS 0
21:11:47,649 [ test-runner:run-tests-983 @ target-host ] script-cmd: state-array-push
21:11:47,649 [ test-runner:run-tests-983 @ target-host ] state-array-push
21:11:47,683 [ test-runner:run-tests-983 @ target-host ] set-state: RUN.output.results.quarkus3-native.load.requestTimeouts [0,0]
21:11:48,101 [ test-runner:run-tests-983 @ target-host ] pmap -x $PID | grep total | awk '{print $4}'
163420
21:11:48,101 [ test-runner:run-tests-983 @ target-host ] set-state: RSS 163420
21:11:48,120 [ test-runner:run-tests-983 @ target-host ] script-cmd: state-array-push
21:11:48,120 [ test-runner:run-tests-983 @ target-host ] state-array-push
21:11:48,155 [ test-runner:run-tests-983 @ target-host ] set-state: RUN.output.results.quarkus3-native.load.rss [158.8046875,159.58984375]
21:11:48,172 [ test-runner:run-tests-983 @ target-host ] script-cmd: state-array-push
21:11:48,173 [ test-runner:run-tests-983 @ target-host ] state-array-push
21:11:48,215 [ test-runner:run-tests-983 @ target-host ] set-state: RUN.output.results.quarkus3-native.load.throughputDensity [100.23299847493482,101.86155721453922]
21:11:48,215 [ test-runner:run-tests-983 @ target-host ] reached LOAD_TEST_COMPLETE
21:11:48,215 [ :monitor-process-1999 @ target-host ] wait-for: LOAD_TEST_COMPLETE
21:11:48,215 [ :monitor-process-2007 @ target-host ] wait-for: LOAD_TEST_COMPLETE
21:11:48,215 [ :monitor-process-2016 @ target-host ] wait-for: LOAD_TEST_COMPLETE
21:11:48,215 [ :monitor-process-2032 @ target-host ] wait-for: LOAD_TEST_COMPLETE
21:11:48,216 [ test-runner:run-tests-983 @ target-host ] signal: LOAD_TEST_COMPLETE
21:11:48,617 [ :monitor-process-2032 @ target-host ] kill -15 $PROCESS_PID
bash: kill: (386485) - No such process
21:11:48,618 [ :monitor-process-2007 @ target-host ] kill -15 $PROCESS_PID
bash: kill: (386285) - No such process
21:11:48,618 [ :monitor-process-1999 @ target-host ] kill -15 $PROCESS_PID
bash: kill: (386190) - No such process
21:11:48,718 [ test-runner:run-tests-983 @ target-host ] kill -15 $PID
21:11:48,718 [ :monitor-process-2016 @ target-host ] kill -15 $PROCESS_PID
21:11:51,129 [ test-runner:run-tests-983 @ target-host ] sleep 2
21:11:51,129 [ test-runner:run-tests-983 @ target-host ] script-cmd: stop-test-services
21:11:51,129 [ test-runner:run-tests-983 @ target-host ] stop-test-services
21:11:51,779 [ test-runner:run-tests-983 @ target-host ] /home/zakkak/spring-quarkus-perf-comparison/spring-quarkus-perf-comparison/scripts/infra.sh -d
Using podman to stop containers
-----------------------------------------
[03/11/2026 21:11:51]: Stopping services
-----------------------------------------
Stopping PostgreSQL database 'fruits_db'
fruits_db
21:11:51,831 [ test-runner:run-tests-983 @ target-host ] for-each: ITERATION = 2
21:11:51,832 [ test-runner:run-tests-983 @ target-host ] set-state: LOG_FILE /home/zakkak/spring-quarkus-perf-comparison/logs/load-test-quarkus3-native-2.log
21:11:52,243 [ test-runner:run-tests-983 @ target-host ] touch /home/zakkak/spring-quarkus-perf-comparison/logs/load-test-quarkus3-native-2.log
21:11:52,243 [ test-runner:run-tests-983 @ target-host ] queue-download: ${{REPO_DIR}}/logs/wrk-warmup-${{RUNTIME.name}}-${{ITERATION}}.log=/home/zakkak/spring-quarkus-perf-comparison/logs/wrk-warmup-quarkus3-native-2.log ../../20260311/run-time-initialize-resource-bundles/target-host/
21:11:52,243 [ test-runner:run-tests-983 @ target-host ] queue-download: ${{LOG_FILE}}=/home/zakkak/spring-quarkus-perf-comparison/logs/load-test-quarkus3-native-2.log ../../20260311/run-time-initialize-resource-bundles/target-host/
21:11:52,244 [ test-runner:run-tests-983 @ target-host ] queue-download: ${{REPO_DIR}}/logs/wrk-${{RUNTIME.name}}-${{ITERATION}}.log=/home/zakkak/spring-quarkus-perf-comparison/logs/wrk-quarkus3-native-2.log ../../20260311/run-time-initialize-resource-bundles/target-host/
21:11:52,244 [ test-runner:run-tests-983 @ target-host ] script-cmd: start-test-services
21:11:52,244 [ test-runner:run-tests-983 @ target-host ] start-test-services
21:12:03,371 [ test-runner:run-tests-983 @ target-host ] /home/zakkak/spring-quarkus-perf-comparison/spring-quarkus-perf-comparison/scripts/infra.sh -c 3 -p '4-6' -s
Using podman to start containers
-----------------------------------------
[03/11/2026 21:11:52]: Starting services
-----------------------------------------
Starting PostgreSQL database 'fruits_db'
PostgreSQL DB process: b7670aa492008abaa9e1bf697bca333187e27b5ffafd0f2a57e49ee1fa8b1dc8
Waiting for PostgreSQL to be ready...
localhost:5432 - no response
localhost:5432 - no response
localhost:5432 - accepting connections
21:12:03,371 [ test-runner:run-tests-983 @ target-host ] script-cmd: sync-drop-fs-cache
21:12:03,371 [ test-runner:run-tests-983 @ target-host ] sync-drop-fs-cache
21:12:03,371 [ test-runner:run-tests-983 @ target-host ] read-state: true
21:12:03,371 [ test-runner:run-tests-983 @ target-host ] regex: true
21:12:03,943 [ test-runner:run-tests-983 @ target-host ] sync
21:12:03,944 [ test-runner:run-tests-983 @ target-host ] script-cmd: sync-drop-fs-cache-${{os}}
21:12:03,944 [ test-runner:run-tests-983 @ target-host ] sync-drop-fs-cache-linux
21:12:03,944 [ test-runner:run-tests-983 @ target-host ] script-cmd: sudo
21:12:03,944 [ test-runner:run-tests-983 @ target-host ] sudo
21:12:03,944 [ test-runner:run-tests-983 @ target-host ] script-cmd: sudo-${{os}}
21:12:03,944 [ test-runner:run-tests-983 @ target-host ] sudo-linux
21:12:04,734 [ test-runner:run-tests-983 @ target-host ] sudo sh -c "echo 3 > /proc/sys/vm/drop_caches"
]3008;start=5d440ff8f76242bf924a0e1516d7dfa7;user=zakkak;hostname=blanc;machineid=f469a615e9ef4e81b7d5be080a5de373;bootid=0e917e08584a49cb891ef04366e00ace;pid=387867;pidfdid=387868;comm=sudo;targetuser=root;sessionid=c374;type=session\]3008;end=5d440ff8f76242bf924a0e1516d7dfa7\
21:12:04,735 [ test-runner:run-tests-983 @ target-host ] set-signal: LOAD_STEADY_STATE_START 1
21:12:04,735 [ test-runner:run-tests-983 @ target-host ] set-signal: LOG_REGEX_REACHED 1
21:12:05,138 [ test-runner:run-tests-983 @ target-host ] taskset --cpu-list 0-3 /home/zakkak/spring-quarkus-perf-comparison/spring-quarkus-perf-comparison/quarkus3/target/quarkus3-runner  &>/home/zakkak/spring-quarkus-perf-comparison/logs/load-test-quarkus3-native-2.log &
[1] 387898
21:12:05,539 [ test-runner:run-tests-983 @ target-host ] PID=$!
21:12:05,941 [ test-runner:run-tests-983 @ target-host ] echo $PID
387898
21:12:05,941 [ test-runner:run-tests-983 @ target-host ] set-state: JVM_PID 387898
21:12:05,941 [ test-runner:run-tests-983 @ target-host ] script-cmd: monitor-processes
21:12:05,941 [ test-runner:run-tests-983 @ target-host ] monitor-processes
21:12:05,941 [ test-runner:run-tests-983 @ target-host ] set-signal: LOAD_TEST_COMPLETE 1
21:12:06,417 [ test-runner:run-tests-983 @ target-host ] script-cmd: monitor-process
21:12:06,417 [ :monitor-process-2092 @ target-host ] monitor-process
21:12:06,425 [ :monitor-process-2092 @ target-host ] queue-download: ${{log_file}}=/home/zakkak/spring-quarkus-perf-comparison/logs/pidstat-quarkus3-native-2.log ../../20260311/run-time-initialize-resource-bundles/target-host/
21:12:06,792 [ test-runner:run-tests-983 @ target-host ] script-cmd: monitor-process
21:12:06,792 [ :monitor-process-2100 @ target-host ] monitor-process
21:12:06,792 [ :monitor-process-2100 @ target-host ] queue-download: ${{log_file}}=/home/zakkak/spring-quarkus-perf-comparison/logs/mpstat-quarkus3-native-2.log ../../20260311/run-time-initialize-resource-bundles/target-host/
21:12:06,928 [ :monitor-process-2092 @ target-host ] taskset --cpu-list 11 pidstat -u -p 387898 1 &>/home/zakkak/spring-quarkus-perf-comparison/logs/pidstat-quarkus3-native-2.log &
[1] 388005
21:12:07,167 [ test-runner:run-tests-983 @ target-host ] script-cmd: monitor-process
21:12:07,167 [ test-runner:run-tests-983 @ target-host ] script-cmd: monitor-postgres
21:12:07,167 [ test-runner:run-tests-983 @ target-host ] monitor-postgres
21:12:07,167 [ :monitor-process-2109 @ target-host ] monitor-process
21:12:07,167 [ :monitor-process-2109 @ target-host ] queue-download: ${{log_file}}=/home/zakkak/spring-quarkus-perf-comparison/logs/vmstat-quarkus3-native-2.log ../../20260311/run-time-initialize-resource-bundles/target-host/
21:12:07,295 [ :monitor-process-2100 @ target-host ] taskset --cpu-list 11 mpstat -P ALL 1 &>/home/zakkak/spring-quarkus-perf-comparison/logs/mpstat-quarkus3-native-2.log &
[1] 388098
21:12:07,330 [ :monitor-process-2092 @ target-host ] PROCESS_PID=$!
21:12:07,569 [ :monitor-process-2109 @ target-host ] taskset --cpu-list 11 vmstat 1 &>/home/zakkak/spring-quarkus-perf-comparison/logs/vmstat-quarkus3-native-2.log &
[1] 388183
21:12:07,607 [ test-runner:run-tests-983 @ target-host ] POSTGRES_PID=$(/home/zakkak/spring-quarkus-perf-comparison/spring-quarkus-perf-comparison/scripts/infra.sh -r)
21:12:07,696 [ :monitor-process-2100 @ target-host ] PROCESS_PID=$!
21:12:07,731 [ :monitor-process-2092 @ target-host ] echo $PROCESS_PID
388005
21:12:07,731 [ :monitor-process-2092 @ target-host ] set-state: PROCESS_PID 388005
21:12:07,971 [ :monitor-process-2109 @ target-host ] PROCESS_PID=$!
21:12:08,009 [ test-runner:run-tests-983 @ target-host ] echo $POSTGRES_PID
387609
21:12:08,009 [ test-runner:run-tests-983 @ target-host ] set-state: POSTGRES_PID 387609
21:12:08,098 [ :monitor-process-2100 @ target-host ] echo $PROCESS_PID
388098
21:12:08,098 [ :monitor-process-2100 @ target-host ] set-state: PROCESS_PID 388098
21:12:08,372 [ :monitor-process-2109 @ target-host ] echo $PROCESS_PID
388183
21:12:08,372 [ :monitor-process-2109 @ target-host ] set-state: PROCESS_PID 388183
21:12:08,384 [ test-runner:run-tests-983 @ target-host ] script-cmd: monitor-process
21:12:08,384 [ :monitor-process-2125 @ target-host ] monitor-process
21:12:08,384 [ test-runner:run-tests-983 @ target-host ] JVM_PID = 387898
21:12:08,384 [ :monitor-process-2125 @ target-host ] queue-download: ${{log_file}}=/home/zakkak/spring-quarkus-perf-comparison/logs/postgres-pidstat-quarkus3-native-2.log ../../20260311/run-time-initialize-resource-bundles/target-host/
21:12:08,384 [ test-runner:run-tests-983 @ target-host ] read-state: none
21:12:08,755 [ test-runner:run-tests-983 @ target-host ] script-cmd: watch-log
21:12:08,755 [ :watch-log-2134 @ target-host ] watch-log
21:12:08,765 [ :watch-log-2134 @ target-host ] regex: ${{log_regex}}
21:12:08,765 [ :watch-log-2134 @ target-host ] ctrlC
21:12:08,765 [ :watch-log-2134 @ target-host ] reached LOG_REGEX_REACHED
21:12:08,765 [ test-runner:run-tests-983 @ target-host ] wait-for: LOG_REGEX_REACHED
21:12:08,765 [ :watch-log-2134 @ target-host ] signal: LOG_REGEX_REACHED
21:12:08,887 [ :monitor-process-2125 @ target-host ] taskset --cpu-list 11 pidstat -u -p $(pgrep -d , -P 387609) 1 &>/home/zakkak/spring-quarkus-perf-comparison/logs/postgres-pidstat-quarkus3-native-2.log &
[1] 388297
21:12:09,168 [ :watch-log-2134 @ target-host ] tail -f /home/zakkak/spring-quarkus-perf-comparison/logs/load-test-quarkus3-native-2.log
__  ____  __  _____   ___  __ ____  ______ 
 --/ __ \/ / / / _ | / _ \/ //_/ / / / __/ 
 -/ /_/ / /_/ / __ |/ , _/ ,< / /_/ /\ \   
--\___\_\____/_/ |_/_/|_/_/|_|\____/___/   
2026-03-11 21:12:04,899 INFO  [io.quarkus] (main) quarkus3 1.0 native (powered by Quarkus 999-SNAPSHOT) started in 0.086s. Listening on: http://0.0.0.0:8080
2026-03-11 21:12:04,899 INFO  [io.quarkus] (main) Profile prod activated. 
2026-03-11 21:12:04,899 INFO  [io.quarkus] (main) Installed features: [agroal, cdi, config-yaml, hibernate-orm, hibernate-orm-panache, hibernate-validator, jdbc-postgresql, narayana-jta, rest, rest-jackson, smallrye-context-propagation, smallrye-health, vertx]
21:12:09,288 [ :monitor-process-2125 @ target-host ] PROCESS_PID=$!
21:12:09,690 [ :monitor-process-2125 @ target-host ] echo $PROCESS_PID
388297
21:12:09,690 [ :monitor-process-2125 @ target-host ] set-state: PROCESS_PID 388297
21:14:18,674 [ test-runner:run-tests-983 @ target-host ] taskset --cpu-list 7-9 jbang -R -XX:+UseNUMA wrk@hyperfoil -t 2 -c 100 -d 2m --timeout 2m http://localhost:8080/fruits 2>&1 >/home/zakkak/spring-quarkus-perf-comparison/logs/wrk-warmup-quarkus3-native-2.log
21:14:48,675 [ test-runner:run-tests-983 @ target-host ] sleep: 30s
21:14:48,675 [ :monitor-process-2100 @ target-host ] reached LOAD_STEADY_STATE_START
21:14:48,675 [ test-runner:run-tests-983 @ target-host ] signal: LOAD_STEADY_STATE_START
21:15:28,326 [ test-runner:run-tests-983 @ target-host ] taskset --cpu-list 7-9 jbang -R -XX:+UseNUMA wrk@hyperfoil -t 2 -c 100 -d 30s --timeout 30s http://localhost:8080/fruits 2>&1 >/home/zakkak/spring-quarkus-perf-comparison/logs/wrk-quarkus3-native-2.log
21:15:28,743 [ test-runner:run-tests-983 @ target-host ] cat /home/zakkak/spring-quarkus-perf-comparison/logs/wrk-quarkus3-native-2.log | grep "Requests/sec" | awk '{print $2}'
15984.21
21:15:28,743 [ test-runner:run-tests-983 @ target-host ] set-state: THROUGHPUT 15984.21
21:15:28,743 [ test-runner:run-tests-983 @ target-host ] script-cmd: state-array-push
21:15:28,743 [ test-runner:run-tests-983 @ target-host ] state-array-push
21:15:28,793 [ test-runner:run-tests-983 @ target-host ] set-state: RUN.output.results.quarkus3-native.load.throughput [15917.47,16256.07,15984.21]
21:15:29,197 [ test-runner:run-tests-983 @ target-host ] cat /home/zakkak/spring-quarkus-perf-comparison/logs/wrk-quarkus3-native-2.log | grep "Socket errors:" | sed -E 's/.*connectionErrors ([0-9]+).*/\1/'
21:15:29,197 [ test-runner:run-tests-983 @ target-host ] regex: ^$
21:15:29,197 [ test-runner:run-tests-983 @ target-host ] set-state: CONNECTION_ERRORS 0
21:15:29,197 [ test-runner:run-tests-983 @ target-host ] script-cmd: state-array-push
21:15:29,197 [ test-runner:run-tests-983 @ target-host ] state-array-push
21:15:29,241 [ test-runner:run-tests-983 @ target-host ] set-state: RUN.output.results.quarkus3-native.load.connectionErrors [0,0,0]
21:15:29,645 [ test-runner:run-tests-983 @ target-host ] cat /home/zakkak/spring-quarkus-perf-comparison/logs/wrk-quarkus3-native-2.log | grep "Socket errors:" | sed -E 's/.*requestTimeouts ([0-9]+)/\1/'
21:15:29,645 [ test-runner:run-tests-983 @ target-host ] regex: ^$
21:15:29,645 [ test-runner:run-tests-983 @ target-host ] set-state: REQUEST_TIMEOUTS 0
21:15:29,645 [ test-runner:run-tests-983 @ target-host ] script-cmd: state-array-push
21:15:29,645 [ test-runner:run-tests-983 @ target-host ] state-array-push
21:15:29,692 [ test-runner:run-tests-983 @ target-host ] set-state: RUN.output.results.quarkus3-native.load.requestTimeouts [0,0,0]
21:15:30,110 [ test-runner:run-tests-983 @ target-host ] pmap -x $PID | grep total | awk '{print $4}'
160396
21:15:30,110 [ test-runner:run-tests-983 @ target-host ] set-state: RSS 160396
21:15:30,130 [ test-runner:run-tests-983 @ target-host ] script-cmd: state-array-push
21:15:30,130 [ test-runner:run-tests-983 @ target-host ] state-array-push
21:15:30,166 [ test-runner:run-tests-983 @ target-host ] set-state: RUN.output.results.quarkus3-native.load.rss [158.8046875,159.58984375,156.63671875]
21:15:30,189 [ test-runner:run-tests-983 @ target-host ] script-cmd: state-array-push
21:15:30,189 [ test-runner:run-tests-983 @ target-host ] state-array-push
21:15:30,241 [ test-runner:run-tests-983 @ target-host ] set-state: RUN.output.results.quarkus3-native.load.throughputDensity [100.23299847493482,101.86155721453922,102.04637921145165]
21:15:30,241 [ test-runner:run-tests-983 @ target-host ] reached LOAD_TEST_COMPLETE
21:15:30,241 [ :monitor-process-2092 @ target-host ] wait-for: LOAD_TEST_COMPLETE
21:15:30,241 [ :monitor-process-2100 @ target-host ] wait-for: LOAD_TEST_COMPLETE
21:15:30,241 [ :monitor-process-2109 @ target-host ] wait-for: LOAD_TEST_COMPLETE
21:15:30,241 [ :monitor-process-2125 @ target-host ] wait-for: LOAD_TEST_COMPLETE
21:15:30,241 [ test-runner:run-tests-983 @ target-host ] signal: LOAD_TEST_COMPLETE
21:15:30,643 [ :monitor-process-2100 @ target-host ] kill -15 $PROCESS_PID
bash: kill: (388098) - No such process
21:15:30,643 [ :monitor-process-2125 @ target-host ] kill -15 $PROCESS_PID
bash: kill: (388297) - No such process
21:15:30,644 [ :monitor-process-2092 @ target-host ] kill -15 $PROCESS_PID
bash: kill: (388005) - No such process
21:15:30,744 [ test-runner:run-tests-983 @ target-host ] kill -15 $PID
21:15:30,744 [ :monitor-process-2109 @ target-host ] kill -15 $PROCESS_PID
21:15:33,155 [ test-runner:run-tests-983 @ target-host ] sleep 2
21:15:33,155 [ test-runner:run-tests-983 @ target-host ] script-cmd: stop-test-services
21:15:33,155 [ test-runner:run-tests-983 @ target-host ] stop-test-services
21:15:33,819 [ test-runner:run-tests-983 @ target-host ] /home/zakkak/spring-quarkus-perf-comparison/spring-quarkus-perf-comparison/scripts/infra.sh -d
Using podman to stop containers
-----------------------------------------
[03/11/2026 21:15:33]: Stopping services
-----------------------------------------
Stopping PostgreSQL database 'fruits_db'
fruits_db
21:15:33,900 [ test-runner:run-tests-983 @ target-host ] for-each: ITERATION = 3
21:15:33,901 [ test-runner:run-tests-983 @ target-host ] set-state: LOG_FILE /home/zakkak/spring-quarkus-perf-comparison/logs/load-test-quarkus3-native-3.log
21:15:34,306 [ test-runner:run-tests-983 @ target-host ] touch /home/zakkak/spring-quarkus-perf-comparison/logs/load-test-quarkus3-native-3.log
21:15:34,307 [ test-runner:run-tests-983 @ target-host ] queue-download: ${{REPO_DIR}}/logs/wrk-warmup-${{RUNTIME.name}}-${{ITERATION}}.log=/home/zakkak/spring-quarkus-perf-comparison/logs/wrk-warmup-quarkus3-native-3.log ../../20260311/run-time-initialize-resource-bundles/target-host/
21:15:34,308 [ test-runner:run-tests-983 @ target-host ] queue-download: ${{LOG_FILE}}=/home/zakkak/spring-quarkus-perf-comparison/logs/load-test-quarkus3-native-3.log ../../20260311/run-time-initialize-resource-bundles/target-host/
21:15:34,308 [ test-runner:run-tests-983 @ target-host ] queue-download: ${{REPO_DIR}}/logs/wrk-${{RUNTIME.name}}-${{ITERATION}}.log=/home/zakkak/spring-quarkus-perf-comparison/logs/wrk-quarkus3-native-3.log ../../20260311/run-time-initialize-resource-bundles/target-host/
21:15:34,308 [ test-runner:run-tests-983 @ target-host ] script-cmd: start-test-services
21:15:34,308 [ test-runner:run-tests-983 @ target-host ] start-test-services
21:15:45,417 [ test-runner:run-tests-983 @ target-host ] /home/zakkak/spring-quarkus-perf-comparison/spring-quarkus-perf-comparison/scripts/infra.sh -c 3 -p '4-6' -s
Using podman to start containers
-----------------------------------------
[03/11/2026 21:15:34]: Starting services
-----------------------------------------
Starting PostgreSQL database 'fruits_db'
PostgreSQL DB process: 48ca9089c0821e94eb128b3210a42d881ac472e0e44186696fc54ba4412e680a
Waiting for PostgreSQL to be ready...
localhost:5432 - no response
localhost:5432 - no response
localhost:5432 - accepting connections
21:15:45,417 [ test-runner:run-tests-983 @ target-host ] script-cmd: sync-drop-fs-cache
21:15:45,417 [ test-runner:run-tests-983 @ target-host ] sync-drop-fs-cache
21:15:45,417 [ test-runner:run-tests-983 @ target-host ] read-state: true
21:15:45,417 [ test-runner:run-tests-983 @ target-host ] regex: true
21:15:45,986 [ test-runner:run-tests-983 @ target-host ] sync
21:15:45,987 [ test-runner:run-tests-983 @ target-host ] script-cmd: sync-drop-fs-cache-${{os}}
21:15:45,987 [ test-runner:run-tests-983 @ target-host ] sync-drop-fs-cache-linux
21:15:45,987 [ test-runner:run-tests-983 @ target-host ] script-cmd: sudo
21:15:45,987 [ test-runner:run-tests-983 @ target-host ] sudo
21:15:45,987 [ test-runner:run-tests-983 @ target-host ] script-cmd: sudo-${{os}}
21:15:45,987 [ test-runner:run-tests-983 @ target-host ] sudo-linux
21:15:46,809 [ test-runner:run-tests-983 @ target-host ] sudo sh -c "echo 3 > /proc/sys/vm/drop_caches"
]3008;start=b18fcaeac28c46a28119f0d36549a0e8;user=zakkak;hostname=blanc;machineid=f469a615e9ef4e81b7d5be080a5de373;bootid=0e917e08584a49cb891ef04366e00ace;pid=389704;pidfdid=389705;comm=sudo;targetuser=root;sessionid=c375;type=session\]3008;end=b18fcaeac28c46a28119f0d36549a0e8\
21:15:46,810 [ test-runner:run-tests-983 @ target-host ] set-signal: LOAD_STEADY_STATE_START 1
21:15:46,810 [ test-runner:run-tests-983 @ target-host ] set-signal: LOG_REGEX_REACHED 1
21:15:47,213 [ test-runner:run-tests-983 @ target-host ] taskset --cpu-list 0-3 /home/zakkak/spring-quarkus-perf-comparison/spring-quarkus-perf-comparison/quarkus3/target/quarkus3-runner  &>/home/zakkak/spring-quarkus-perf-comparison/logs/load-test-quarkus3-native-3.log &
[1] 389733
21:15:47,614 [ test-runner:run-tests-983 @ target-host ] PID=$!
21:15:48,016 [ test-runner:run-tests-983 @ target-host ] echo $PID
389733
21:15:48,016 [ test-runner:run-tests-983 @ target-host ] set-state: JVM_PID 389733
21:15:48,026 [ test-runner:run-tests-983 @ target-host ] script-cmd: monitor-processes
21:15:48,026 [ test-runner:run-tests-983 @ target-host ] monitor-processes
21:15:48,026 [ test-runner:run-tests-983 @ target-host ] set-signal: LOAD_TEST_COMPLETE 1
21:15:48,497 [ test-runner:run-tests-983 @ target-host ] script-cmd: monitor-process
21:15:48,497 [ :monitor-process-2185 @ target-host ] monitor-process
21:15:48,505 [ :monitor-process-2185 @ target-host ] queue-download: ${{log_file}}=/home/zakkak/spring-quarkus-perf-comparison/logs/pidstat-quarkus3-native-3.log ../../20260311/run-time-initialize-resource-bundles/target-host/
21:15:48,871 [ test-runner:run-tests-983 @ target-host ] script-cmd: monitor-process
21:15:48,871 [ :monitor-process-2193 @ target-host ] monitor-process
21:15:48,871 [ :monitor-process-2193 @ target-host ] queue-download: ${{log_file}}=/home/zakkak/spring-quarkus-perf-comparison/logs/mpstat-quarkus3-native-3.log ../../20260311/run-time-initialize-resource-bundles/target-host/
21:15:49,008 [ :monitor-process-2185 @ target-host ] taskset --cpu-list 11 pidstat -u -p 389733 1 &>/home/zakkak/spring-quarkus-perf-comparison/logs/pidstat-quarkus3-native-3.log &
[1] 389840
21:15:49,246 [ test-runner:run-tests-983 @ target-host ] script-cmd: monitor-process
21:15:49,246 [ test-runner:run-tests-983 @ target-host ] script-cmd: monitor-postgres
21:15:49,246 [ test-runner:run-tests-983 @ target-host ] monitor-postgres
21:15:49,246 [ :monitor-process-2202 @ target-host ] monitor-process
21:15:49,246 [ :monitor-process-2202 @ target-host ] queue-download: ${{log_file}}=/home/zakkak/spring-quarkus-perf-comparison/logs/vmstat-quarkus3-native-3.log ../../20260311/run-time-initialize-resource-bundles/target-host/
21:15:49,374 [ :monitor-process-2193 @ target-host ] taskset --cpu-list 11 mpstat -P ALL 1 &>/home/zakkak/spring-quarkus-perf-comparison/logs/mpstat-quarkus3-native-3.log &
[1] 389936
21:15:49,410 [ :monitor-process-2185 @ target-host ] PROCESS_PID=$!
21:15:49,649 [ :monitor-process-2202 @ target-host ] taskset --cpu-list 11 vmstat 1 &>/home/zakkak/spring-quarkus-perf-comparison/logs/vmstat-quarkus3-native-3.log &
[1] 390021
21:15:49,687 [ test-runner:run-tests-983 @ target-host ] POSTGRES_PID=$(/home/zakkak/spring-quarkus-perf-comparison/spring-quarkus-perf-comparison/scripts/infra.sh -r)
21:15:49,776 [ :monitor-process-2193 @ target-host ] PROCESS_PID=$!
21:15:49,811 [ :monitor-process-2185 @ target-host ] echo $PROCESS_PID
389840
21:15:49,812 [ :monitor-process-2185 @ target-host ] set-state: PROCESS_PID 389840
21:15:50,050 [ :monitor-process-2202 @ target-host ] PROCESS_PID=$!
21:15:50,089 [ test-runner:run-tests-983 @ target-host ] echo $POSTGRES_PID
389430
21:15:50,089 [ test-runner:run-tests-983 @ target-host ] set-state: POSTGRES_PID 389430
21:15:50,177 [ :monitor-process-2193 @ target-host ] echo $PROCESS_PID
389936
21:15:50,177 [ :monitor-process-2193 @ target-host ] set-state: PROCESS_PID 389936
21:15:50,452 [ :monitor-process-2202 @ target-host ] echo $PROCESS_PID
390021
21:15:50,452 [ :monitor-process-2202 @ target-host ] set-state: PROCESS_PID 390021
21:15:50,464 [ test-runner:run-tests-983 @ target-host ] script-cmd: monitor-process
21:15:50,465 [ :monitor-process-2218 @ target-host ] monitor-process
21:15:50,465 [ test-runner:run-tests-983 @ target-host ] JVM_PID = 389733
21:15:50,465 [ :monitor-process-2218 @ target-host ] queue-download: ${{log_file}}=/home/zakkak/spring-quarkus-perf-comparison/logs/postgres-pidstat-quarkus3-native-3.log ../../20260311/run-time-initialize-resource-bundles/target-host/
21:15:50,465 [ test-runner:run-tests-983 @ target-host ] read-state: none
21:15:50,837 [ test-runner:run-tests-983 @ target-host ] script-cmd: watch-log
21:15:50,837 [ :watch-log-2227 @ target-host ] watch-log
21:15:50,842 [ :watch-log-2227 @ target-host ] regex: ${{log_regex}}
21:15:50,842 [ :watch-log-2227 @ target-host ] ctrlC
21:15:50,842 [ :watch-log-2227 @ target-host ] reached LOG_REGEX_REACHED
21:15:50,842 [ test-runner:run-tests-983 @ target-host ] wait-for: LOG_REGEX_REACHED
21:15:50,842 [ :watch-log-2227 @ target-host ] signal: LOG_REGEX_REACHED
21:15:50,968 [ :monitor-process-2218 @ target-host ] taskset --cpu-list 11 pidstat -u -p $(pgrep -d , -P 389430) 1 &>/home/zakkak/spring-quarkus-perf-comparison/logs/postgres-pidstat-quarkus3-native-3.log &
[1] 390134
21:15:51,244 [ :watch-log-2227 @ target-host ] tail -f /home/zakkak/spring-quarkus-perf-comparison/logs/load-test-quarkus3-native-3.log
__  ____  __  _____   ___  __ ____  ______ 
 --/ __ \/ / / / _ | / _ \/ //_/ / / / __/ 
 -/ /_/ / /_/ / __ |/ , _/ ,< / /_/ /\ \   
--\___\_\____/_/ |_/_/|_/_/|_|\____/___/   
2026-03-11 21:15:46,948 INFO  [io.quarkus] (main) quarkus3 1.0 native (powered by Quarkus 999-SNAPSHOT) started in 0.076s. Listening on: http://0.0.0.0:8080
2026-03-11 21:15:46,948 INFO  [io.quarkus] (main) Profile prod activated. 
2026-03-11 21:15:46,948 INFO  [io.quarkus] (main) Installed features: [agroal, cdi, config-yaml, hibernate-orm, hibernate-orm-panache, hibernate-validator, jdbc-postgresql, narayana-jta, rest, rest-jackson, smallrye-context-propagation, smallrye-health, vertx]
21:15:51,369 [ :monitor-process-2218 @ target-host ] PROCESS_PID=$!
21:15:51,771 [ :monitor-process-2218 @ target-host ] echo $PROCESS_PID
390134
21:15:51,771 [ :monitor-process-2218 @ target-host ] set-state: PROCESS_PID 390134
21:18:00,820 [ test-runner:run-tests-983 @ target-host ] taskset --cpu-list 7-9 jbang -R -XX:+UseNUMA wrk@hyperfoil -t 2 -c 100 -d 2m --timeout 2m http://localhost:8080/fruits 2>&1 >/home/zakkak/spring-quarkus-perf-comparison/logs/wrk-warmup-quarkus3-native-3.log
21:18:30,821 [ test-runner:run-tests-983 @ target-host ] sleep: 30s
21:18:30,821 [ :monitor-process-2193 @ target-host ] reached LOAD_STEADY_STATE_START
21:18:30,821 [ test-runner:run-tests-983 @ target-host ] signal: LOAD_STEADY_STATE_START
21:19:10,448 [ test-runner:run-tests-983 @ target-host ] taskset --cpu-list 7-9 jbang -R -XX:+UseNUMA wrk@hyperfoil -t 2 -c 100 -d 30s --timeout 30s http://localhost:8080/fruits 2>&1 >/home/zakkak/spring-quarkus-perf-comparison/logs/wrk-quarkus3-native-3.log
21:19:10,864 [ test-runner:run-tests-983 @ target-host ] cat /home/zakkak/spring-quarkus-perf-comparison/logs/wrk-quarkus3-native-3.log | grep "Requests/sec" | awk '{print $2}'
15899.90
21:19:10,864 [ test-runner:run-tests-983 @ target-host ] set-state: THROUGHPUT 15899.90
21:19:10,864 [ test-runner:run-tests-983 @ target-host ] script-cmd: state-array-push
21:19:10,864 [ test-runner:run-tests-983 @ target-host ] state-array-push
21:19:10,927 [ test-runner:run-tests-983 @ target-host ] set-state: RUN.output.results.quarkus3-native.load.throughput [15917.47,16256.07,15984.21,15899.9]
21:19:11,331 [ test-runner:run-tests-983 @ target-host ] cat /home/zakkak/spring-quarkus-perf-comparison/logs/wrk-quarkus3-native-3.log | grep "Socket errors:" | sed -E 's/.*connectionErrors ([0-9]+).*/\1/'
21:19:11,331 [ test-runner:run-tests-983 @ target-host ] regex: ^$
21:19:11,331 [ test-runner:run-tests-983 @ target-host ] set-state: CONNECTION_ERRORS 0
21:19:11,331 [ test-runner:run-tests-983 @ target-host ] script-cmd: state-array-push
21:19:11,331 [ test-runner:run-tests-983 @ target-host ] state-array-push
21:19:11,386 [ test-runner:run-tests-983 @ target-host ] set-state: RUN.output.results.quarkus3-native.load.connectionErrors [0,0,0,0]
21:19:11,790 [ test-runner:run-tests-983 @ target-host ] cat /home/zakkak/spring-quarkus-perf-comparison/logs/wrk-quarkus3-native-3.log | grep "Socket errors:" | sed -E 's/.*requestTimeouts ([0-9]+)/\1/'
21:19:11,790 [ test-runner:run-tests-983 @ target-host ] regex: ^$
21:19:11,790 [ test-runner:run-tests-983 @ target-host ] set-state: REQUEST_TIMEOUTS 0
21:19:11,790 [ test-runner:run-tests-983 @ target-host ] script-cmd: state-array-push
21:19:11,790 [ test-runner:run-tests-983 @ target-host ] state-array-push
21:19:11,843 [ test-runner:run-tests-983 @ target-host ] set-state: RUN.output.results.quarkus3-native.load.requestTimeouts [0,0,0,0]
21:19:12,260 [ test-runner:run-tests-983 @ target-host ] pmap -x $PID | grep total | awk '{print $4}'
162120
21:19:12,260 [ test-runner:run-tests-983 @ target-host ] set-state: RSS 162120
21:19:12,287 [ test-runner:run-tests-983 @ target-host ] script-cmd: state-array-push
21:19:12,287 [ test-runner:run-tests-983 @ target-host ] state-array-push
21:19:12,335 [ test-runner:run-tests-983 @ target-host ] set-state: RUN.output.results.quarkus3-native.load.rss [158.8046875,159.58984375,156.63671875,158.3203125]
21:19:12,351 [ test-runner:run-tests-983 @ target-host ] script-cmd: state-array-push
21:19:12,352 [ test-runner:run-tests-983 @ target-host ] state-array-push
21:19:12,385 [ test-runner:run-tests-983 @ target-host ] set-state: RUN.output.results.quarkus3-native.load.throughputDensity [100.23299847493482,101.86155721453922,102.04637921145165,100.42867999013076]
21:19:12,385 [ test-runner:run-tests-983 @ target-host ] reached LOAD_TEST_COMPLETE
21:19:12,385 [ :monitor-process-2185 @ target-host ] wait-for: LOAD_TEST_COMPLETE
21:19:12,385 [ :monitor-process-2193 @ target-host ] wait-for: LOAD_TEST_COMPLETE
21:19:12,385 [ :monitor-process-2202 @ target-host ] wait-for: LOAD_TEST_COMPLETE
21:19:12,385 [ :monitor-process-2218 @ target-host ] wait-for: LOAD_TEST_COMPLETE
21:19:12,385 [ test-runner:run-tests-983 @ target-host ] signal: LOAD_TEST_COMPLETE
21:19:12,787 [ :monitor-process-2185 @ target-host ] kill -15 $PROCESS_PID
bash: kill: (389840) - No such process
21:19:12,787 [ :monitor-process-2218 @ target-host ] kill -15 $PROCESS_PID
bash: kill: (390134) - No such process
21:19:12,787 [ :monitor-process-2193 @ target-host ] kill -15 $PROCESS_PID
bash: kill: (389936) - No such process
21:19:12,887 [ test-runner:run-tests-983 @ target-host ] kill -15 $PID
21:19:12,887 [ :monitor-process-2202 @ target-host ] kill -15 $PROCESS_PID
21:19:15,298 [ test-runner:run-tests-983 @ target-host ] sleep 2
21:19:15,298 [ test-runner:run-tests-983 @ target-host ] script-cmd: stop-test-services
21:19:15,298 [ test-runner:run-tests-983 @ target-host ] stop-test-services
21:19:15,955 [ test-runner:run-tests-983 @ target-host ] /home/zakkak/spring-quarkus-perf-comparison/spring-quarkus-perf-comparison/scripts/infra.sh -d
Using podman to stop containers
-----------------------------------------
[03/11/2026 21:19:15]: Stopping services
-----------------------------------------
Stopping PostgreSQL database 'fruits_db'
fruits_db
21:19:16,006 [ test-runner:run-tests-983 @ target-host ] for-each: ITERATION = 4
21:19:16,006 [ test-runner:run-tests-983 @ target-host ] set-state: LOG_FILE /home/zakkak/spring-quarkus-perf-comparison/logs/load-test-quarkus3-native-4.log
21:19:16,410 [ test-runner:run-tests-983 @ target-host ] touch /home/zakkak/spring-quarkus-perf-comparison/logs/load-test-quarkus3-native-4.log
21:19:16,410 [ test-runner:run-tests-983 @ target-host ] queue-download: ${{REPO_DIR}}/logs/wrk-warmup-${{RUNTIME.name}}-${{ITERATION}}.log=/home/zakkak/spring-quarkus-perf-comparison/logs/wrk-warmup-quarkus3-native-4.log ../../20260311/run-time-initialize-resource-bundles/target-host/
21:19:16,411 [ test-runner:run-tests-983 @ target-host ] queue-download: ${{LOG_FILE}}=/home/zakkak/spring-quarkus-perf-comparison/logs/load-test-quarkus3-native-4.log ../../20260311/run-time-initialize-resource-bundles/target-host/
21:19:16,411 [ test-runner:run-tests-983 @ target-host ] queue-download: ${{REPO_DIR}}/logs/wrk-${{RUNTIME.name}}-${{ITERATION}}.log=/home/zakkak/spring-quarkus-perf-comparison/logs/wrk-quarkus3-native-4.log ../../20260311/run-time-initialize-resource-bundles/target-host/
21:19:16,411 [ test-runner:run-tests-983 @ target-host ] script-cmd: start-test-services
21:19:16,411 [ test-runner:run-tests-983 @ target-host ] start-test-services
21:19:27,474 [ test-runner:run-tests-983 @ target-host ] /home/zakkak/spring-quarkus-perf-comparison/spring-quarkus-perf-comparison/scripts/infra.sh -c 3 -p '4-6' -s
Using podman to start containers
-----------------------------------------
[03/11/2026 21:19:16]: Starting services
-----------------------------------------
Starting PostgreSQL database 'fruits_db'
PostgreSQL DB process: eb638f53b2ccc45572f3b00f982466a61961400ed3fc1ecffb8f212ef15a307d
Waiting for PostgreSQL to be ready...
localhost:5432 - no response
localhost:5432 - no response
localhost:5432 - accepting connections
21:19:27,474 [ test-runner:run-tests-983 @ target-host ] script-cmd: sync-drop-fs-cache
21:19:27,474 [ test-runner:run-tests-983 @ target-host ] sync-drop-fs-cache
21:19:27,474 [ test-runner:run-tests-983 @ target-host ] read-state: true
21:19:27,474 [ test-runner:run-tests-983 @ target-host ] regex: true
21:19:28,036 [ test-runner:run-tests-983 @ target-host ] sync
21:19:28,036 [ test-runner:run-tests-983 @ target-host ] script-cmd: sync-drop-fs-cache-${{os}}
21:19:28,036 [ test-runner:run-tests-983 @ target-host ] sync-drop-fs-cache-linux
21:19:28,036 [ test-runner:run-tests-983 @ target-host ] script-cmd: sudo
21:19:28,036 [ test-runner:run-tests-983 @ target-host ] sudo
21:19:28,036 [ test-runner:run-tests-983 @ target-host ] script-cmd: sudo-${{os}}
21:19:28,036 [ test-runner:run-tests-983 @ target-host ] sudo-linux
21:19:28,838 [ test-runner:run-tests-983 @ target-host ] sudo sh -c "echo 3 > /proc/sys/vm/drop_caches"
]3008;start=024da6ba96064c5b9855ab65198df819;user=zakkak;hostname=blanc;machineid=f469a615e9ef4e81b7d5be080a5de373;bootid=0e917e08584a49cb891ef04366e00ace;pid=391689;pidfdid=391690;comm=sudo;targetuser=root;sessionid=c376;type=session\]3008;end=024da6ba96064c5b9855ab65198df819\
21:19:28,841 [ test-runner:run-tests-983 @ target-host ] set-signal: LOAD_STEADY_STATE_START 1
21:19:28,841 [ test-runner:run-tests-983 @ target-host ] set-signal: LOG_REGEX_REACHED 1
21:19:29,243 [ test-runner:run-tests-983 @ target-host ] taskset --cpu-list 0-3 /home/zakkak/spring-quarkus-perf-comparison/spring-quarkus-perf-comparison/quarkus3/target/quarkus3-runner  &>/home/zakkak/spring-quarkus-perf-comparison/logs/load-test-quarkus3-native-4.log &
[1] 391719
21:19:29,645 [ test-runner:run-tests-983 @ target-host ] PID=$!
21:19:30,046 [ test-runner:run-tests-983 @ target-host ] echo $PID
391719
21:19:30,046 [ test-runner:run-tests-983 @ target-host ] set-state: JVM_PID 391719
21:19:30,046 [ test-runner:run-tests-983 @ target-host ] script-cmd: monitor-processes
21:19:30,046 [ test-runner:run-tests-983 @ target-host ] monitor-processes
21:19:30,046 [ test-runner:run-tests-983 @ target-host ] set-signal: LOAD_TEST_COMPLETE 1
21:19:30,521 [ test-runner:run-tests-983 @ target-host ] script-cmd: monitor-process
21:19:30,521 [ :monitor-process-2278 @ target-host ] monitor-process
21:19:30,530 [ :monitor-process-2278 @ target-host ] queue-download: ${{log_file}}=/home/zakkak/spring-quarkus-perf-comparison/logs/pidstat-quarkus3-native-4.log ../../20260311/run-time-initialize-resource-bundles/target-host/
21:19:30,893 [ test-runner:run-tests-983 @ target-host ] script-cmd: monitor-process
21:19:30,893 [ :monitor-process-2286 @ target-host ] monitor-process
21:19:30,893 [ :monitor-process-2286 @ target-host ] queue-download: ${{log_file}}=/home/zakkak/spring-quarkus-perf-comparison/logs/mpstat-quarkus3-native-4.log ../../20260311/run-time-initialize-resource-bundles/target-host/
21:19:31,032 [ :monitor-process-2278 @ target-host ] taskset --cpu-list 11 pidstat -u -p 391719 1 &>/home/zakkak/spring-quarkus-perf-comparison/logs/pidstat-quarkus3-native-4.log &
[1] 391826
21:19:31,267 [ test-runner:run-tests-983 @ target-host ] script-cmd: monitor-process
21:19:31,268 [ test-runner:run-tests-983 @ target-host ] script-cmd: monitor-postgres
21:19:31,268 [ test-runner:run-tests-983 @ target-host ] monitor-postgres
21:19:31,268 [ :monitor-process-2295 @ target-host ] monitor-process
21:19:31,268 [ :monitor-process-2295 @ target-host ] queue-download: ${{log_file}}=/home/zakkak/spring-quarkus-perf-comparison/logs/vmstat-quarkus3-native-4.log ../../20260311/run-time-initialize-resource-bundles/target-host/
21:19:31,396 [ :monitor-process-2286 @ target-host ] taskset --cpu-list 11 mpstat -P ALL 1 &>/home/zakkak/spring-quarkus-perf-comparison/logs/mpstat-quarkus3-native-4.log &
[1] 391922
21:19:31,434 [ :monitor-process-2278 @ target-host ] PROCESS_PID=$!
21:19:31,670 [ :monitor-process-2295 @ target-host ] taskset --cpu-list 11 vmstat 1 &>/home/zakkak/spring-quarkus-perf-comparison/logs/vmstat-quarkus3-native-4.log &
[1] 392005
21:19:31,708 [ test-runner:run-tests-983 @ target-host ] POSTGRES_PID=$(/home/zakkak/spring-quarkus-perf-comparison/spring-quarkus-perf-comparison/scripts/infra.sh -r)
21:19:31,797 [ :monitor-process-2286 @ target-host ] PROCESS_PID=$!
21:19:31,835 [ :monitor-process-2278 @ target-host ] echo $PROCESS_PID
391826
21:19:31,835 [ :monitor-process-2278 @ target-host ] set-state: PROCESS_PID 391826
21:19:32,071 [ :monitor-process-2295 @ target-host ] PROCESS_PID=$!
21:19:32,110 [ test-runner:run-tests-983 @ target-host ] echo $POSTGRES_PID
391423
21:19:32,110 [ test-runner:run-tests-983 @ target-host ] set-state: POSTGRES_PID 391423
21:19:32,198 [ :monitor-process-2286 @ target-host ] echo $PROCESS_PID
391922
21:19:32,199 [ :monitor-process-2286 @ target-host ] set-state: PROCESS_PID 391922
21:19:32,473 [ :monitor-process-2295 @ target-host ] echo $PROCESS_PID
392005
21:19:32,473 [ :monitor-process-2295 @ target-host ] set-state: PROCESS_PID 392005
21:19:32,485 [ test-runner:run-tests-983 @ target-host ] script-cmd: monitor-process
21:19:32,485 [ test-runner:run-tests-983 @ target-host ] JVM_PID = 391719
21:19:32,485 [ :monitor-process-2311 @ target-host ] monitor-process
21:19:32,485 [ test-runner:run-tests-983 @ target-host ] read-state: none
21:19:32,485 [ :monitor-process-2311 @ target-host ] queue-download: ${{log_file}}=/home/zakkak/spring-quarkus-perf-comparison/logs/postgres-pidstat-quarkus3-native-4.log ../../20260311/run-time-initialize-resource-bundles/target-host/
21:19:32,856 [ test-runner:run-tests-983 @ target-host ] script-cmd: watch-log
21:19:32,856 [ :watch-log-2320 @ target-host ] watch-log
21:19:32,866 [ :watch-log-2320 @ target-host ] regex: ${{log_regex}}
21:19:32,866 [ :watch-log-2320 @ target-host ] ctrlC
21:19:32,866 [ :watch-log-2320 @ target-host ] reached LOG_REGEX_REACHED
21:19:32,866 [ test-runner:run-tests-983 @ target-host ] wait-for: LOG_REGEX_REACHED
21:19:32,866 [ :watch-log-2320 @ target-host ] signal: LOG_REGEX_REACHED
21:19:32,988 [ :monitor-process-2311 @ target-host ] taskset --cpu-list 11 pidstat -u -p $(pgrep -d , -P 391423) 1 &>/home/zakkak/spring-quarkus-perf-comparison/logs/postgres-pidstat-quarkus3-native-4.log &
[1] 392122
21:19:33,268 [ :watch-log-2320 @ target-host ] tail -f /home/zakkak/spring-quarkus-perf-comparison/logs/load-test-quarkus3-native-4.log
__  ____  __  _____   ___  __ ____  ______ 
 --/ __ \/ / / / _ | / _ \/ //_/ / / / __/ 
 -/ /_/ / /_/ / __ |/ , _/ ,< / /_/ /\ \   
--\___\_\____/_/ |_/_/|_/_/|_|\____/___/   
2026-03-11 21:19:28,974 INFO  [io.quarkus] (main) quarkus3 1.0 native (powered by Quarkus 999-SNAPSHOT) started in 0.073s. Listening on: http://0.0.0.0:8080
2026-03-11 21:19:28,974 INFO  [io.quarkus] (main) Profile prod activated. 
2026-03-11 21:19:28,974 INFO  [io.quarkus] (main) Installed features: [agroal, cdi, config-yaml, hibernate-orm, hibernate-orm-panache, hibernate-validator, jdbc-postgresql, narayana-jta, rest, rest-jackson, smallrye-context-propagation, smallrye-health, vertx]
21:19:33,389 [ :monitor-process-2311 @ target-host ] PROCESS_PID=$!
21:19:33,791 [ :monitor-process-2311 @ target-host ] echo $PROCESS_PID
392122
21:19:33,791 [ :monitor-process-2311 @ target-host ] set-state: PROCESS_PID 392122
21:21:42,765 [ test-runner:run-tests-983 @ target-host ] taskset --cpu-list 7-9 jbang -R -XX:+UseNUMA wrk@hyperfoil -t 2 -c 100 -d 2m --timeout 2m http://localhost:8080/fruits 2>&1 >/home/zakkak/spring-quarkus-perf-comparison/logs/wrk-warmup-quarkus3-native-4.log
21:22:12,765 [ test-runner:run-tests-983 @ target-host ] sleep: 30s
21:22:12,766 [ :monitor-process-2286 @ target-host ] reached LOAD_STEADY_STATE_START
21:22:12,766 [ test-runner:run-tests-983 @ target-host ] signal: LOAD_STEADY_STATE_START
21:22:52,478 [ test-runner:run-tests-983 @ target-host ] taskset --cpu-list 7-9 jbang -R -XX:+UseNUMA wrk@hyperfoil -t 2 -c 100 -d 30s --timeout 30s http://localhost:8080/fruits 2>&1 >/home/zakkak/spring-quarkus-perf-comparison/logs/wrk-quarkus3-native-4.log
21:22:52,894 [ test-runner:run-tests-983 @ target-host ] cat /home/zakkak/spring-quarkus-perf-comparison/logs/wrk-quarkus3-native-4.log | grep "Requests/sec" | awk '{print $2}'
16325.73
21:22:52,894 [ test-runner:run-tests-983 @ target-host ] set-state: THROUGHPUT 16325.73
21:22:52,894 [ test-runner:run-tests-983 @ target-host ] script-cmd: state-array-push
21:22:52,894 [ test-runner:run-tests-983 @ target-host ] state-array-push
21:22:52,940 [ test-runner:run-tests-983 @ target-host ] set-state: RUN.output.results.quarkus3-native.load.throughput [15917.47,16256.07,15984.21,15899.9,16325.73]
21:22:53,343 [ test-runner:run-tests-983 @ target-host ] cat /home/zakkak/spring-quarkus-perf-comparison/logs/wrk-quarkus3-native-4.log | grep "Socket errors:" | sed -E 's/.*connectionErrors ([0-9]+).*/\1/'
21:22:53,343 [ test-runner:run-tests-983 @ target-host ] regex: ^$
21:22:53,344 [ test-runner:run-tests-983 @ target-host ] set-state: CONNECTION_ERRORS 0
21:22:53,344 [ test-runner:run-tests-983 @ target-host ] script-cmd: state-array-push
21:22:53,344 [ test-runner:run-tests-983 @ target-host ] state-array-push
21:22:53,379 [ test-runner:run-tests-983 @ target-host ] set-state: RUN.output.results.quarkus3-native.load.connectionErrors [0,0,0,0,0]
21:22:53,782 [ test-runner:run-tests-983 @ target-host ] cat /home/zakkak/spring-quarkus-perf-comparison/logs/wrk-quarkus3-native-4.log | grep "Socket errors:" | sed -E 's/.*requestTimeouts ([0-9]+)/\1/'
21:22:53,782 [ test-runner:run-tests-983 @ target-host ] regex: ^$
21:22:53,782 [ test-runner:run-tests-983 @ target-host ] set-state: REQUEST_TIMEOUTS 0
21:22:53,782 [ test-runner:run-tests-983 @ target-host ] script-cmd: state-array-push
21:22:53,782 [ test-runner:run-tests-983 @ target-host ] state-array-push
21:22:53,816 [ test-runner:run-tests-983 @ target-host ] set-state: RUN.output.results.quarkus3-native.load.requestTimeouts [0,0,0,0,0]
21:22:54,233 [ test-runner:run-tests-983 @ target-host ] pmap -x $PID | grep total | awk '{print $4}'
162220
21:22:54,233 [ test-runner:run-tests-983 @ target-host ] set-state: RSS 162220
21:22:54,252 [ test-runner:run-tests-983 @ target-host ] script-cmd: state-array-push
21:22:54,252 [ test-runner:run-tests-983 @ target-host ] state-array-push
21:22:54,299 [ test-runner:run-tests-983 @ target-host ] set-state: RUN.output.results.quarkus3-native.load.rss [158.8046875,159.58984375,156.63671875,158.3203125,158.41796875]
21:22:54,317 [ test-runner:run-tests-983 @ target-host ] script-cmd: state-array-push
21:22:54,317 [ test-runner:run-tests-983 @ target-host ] state-array-push
21:22:54,352 [ test-runner:run-tests-983 @ target-host ] set-state: RUN.output.results.quarkus3-native.load.throughputDensity [100.23299847493482,101.86155721453922,102.04637921145165,100.42867999013076,103.05478683269634]
21:22:54,352 [ test-runner:run-tests-983 @ target-host ] reached LOAD_TEST_COMPLETE
21:22:54,352 [ :monitor-process-2278 @ target-host ] wait-for: LOAD_TEST_COMPLETE
21:22:54,352 [ :monitor-process-2286 @ target-host ] wait-for: LOAD_TEST_COMPLETE
21:22:54,352 [ :monitor-process-2295 @ target-host ] wait-for: LOAD_TEST_COMPLETE
21:22:54,352 [ :monitor-process-2311 @ target-host ] wait-for: LOAD_TEST_COMPLETE
21:22:54,352 [ test-runner:run-tests-983 @ target-host ] signal: LOAD_TEST_COMPLETE
21:22:54,754 [ :monitor-process-2286 @ target-host ] kill -15 $PROCESS_PID
bash: kill: (391922) - No such process
21:22:54,754 [ :monitor-process-2278 @ target-host ] kill -15 $PROCESS_PID
bash: kill: (391826) - No such process
21:22:54,754 [ :monitor-process-2311 @ target-host ] kill -15 $PROCESS_PID
bash: kill: (392122) - No such process
21:22:54,855 [ test-runner:run-tests-983 @ target-host ] kill -15 $PID
21:22:54,855 [ :monitor-process-2295 @ target-host ] kill -15 $PROCESS_PID
21:22:57,266 [ test-runner:run-tests-983 @ target-host ] sleep 2
21:22:57,266 [ test-runner:run-tests-983 @ target-host ] script-cmd: stop-test-services
21:22:57,266 [ test-runner:run-tests-983 @ target-host ] stop-test-services
21:22:57,919 [ test-runner:run-tests-983 @ target-host ] /home/zakkak/spring-quarkus-perf-comparison/spring-quarkus-perf-comparison/scripts/infra.sh -d
Using podman to stop containers
-----------------------------------------
[03/11/2026 21:22:57]: Stopping services
-----------------------------------------
Stopping PostgreSQL database 'fruits_db'
fruits_db
21:22:57,971 [ test-runner:run-tests-983 @ target-host ] for-each: ITERATION = 5
21:22:57,971 [ test-runner:run-tests-983 @ target-host ] set-state: LOG_FILE /home/zakkak/spring-quarkus-perf-comparison/logs/load-test-quarkus3-native-5.log
21:22:58,383 [ test-runner:run-tests-983 @ target-host ] touch /home/zakkak/spring-quarkus-perf-comparison/logs/load-test-quarkus3-native-5.log
21:22:58,383 [ test-runner:run-tests-983 @ target-host ] queue-download: ${{REPO_DIR}}/logs/wrk-warmup-${{RUNTIME.name}}-${{ITERATION}}.log=/home/zakkak/spring-quarkus-perf-comparison/logs/wrk-warmup-quarkus3-native-5.log ../../20260311/run-time-initialize-resource-bundles/target-host/
21:22:58,383 [ test-runner:run-tests-983 @ target-host ] queue-download: ${{LOG_FILE}}=/home/zakkak/spring-quarkus-perf-comparison/logs/load-test-quarkus3-native-5.log ../../20260311/run-time-initialize-resource-bundles/target-host/
21:22:58,383 [ test-runner:run-tests-983 @ target-host ] queue-download: ${{REPO_DIR}}/logs/wrk-${{RUNTIME.name}}-${{ITERATION}}.log=/home/zakkak/spring-quarkus-perf-comparison/logs/wrk-quarkus3-native-5.log ../../20260311/run-time-initialize-resource-bundles/target-host/
21:22:58,383 [ test-runner:run-tests-983 @ target-host ] script-cmd: start-test-services
21:22:58,383 [ test-runner:run-tests-983 @ target-host ] start-test-services
21:23:09,453 [ test-runner:run-tests-983 @ target-host ] /home/zakkak/spring-quarkus-perf-comparison/spring-quarkus-perf-comparison/scripts/infra.sh -c 3 -p '4-6' -s
Using podman to start containers
-----------------------------------------
[03/11/2026 21:22:58]: Starting services
-----------------------------------------
Starting PostgreSQL database 'fruits_db'
PostgreSQL DB process: 71d6e42c7bf5a04bd26bc94a0f34511ceec19fcde476e9bfd787f9f826a697d0
Waiting for PostgreSQL to be ready...
localhost:5432 - no response
localhost:5432 - no response
localhost:5432 - accepting connections
21:23:09,453 [ test-runner:run-tests-983 @ target-host ] script-cmd: sync-drop-fs-cache
21:23:09,453 [ test-runner:run-tests-983 @ target-host ] sync-drop-fs-cache
21:23:09,453 [ test-runner:run-tests-983 @ target-host ] read-state: true
21:23:09,453 [ test-runner:run-tests-983 @ target-host ] regex: true
21:23:09,965 [ test-runner:run-tests-983 @ target-host ] sync
21:23:09,966 [ test-runner:run-tests-983 @ target-host ] script-cmd: sync-drop-fs-cache-${{os}}
21:23:09,966 [ test-runner:run-tests-983 @ target-host ] sync-drop-fs-cache-linux
21:23:09,966 [ test-runner:run-tests-983 @ target-host ] script-cmd: sudo
21:23:09,966 [ test-runner:run-tests-983 @ target-host ] sudo
21:23:09,966 [ test-runner:run-tests-983 @ target-host ] script-cmd: sudo-${{os}}
21:23:09,966 [ test-runner:run-tests-983 @ target-host ] sudo-linux
21:23:10,749 [ test-runner:run-tests-983 @ target-host ] sudo sh -c "echo 3 > /proc/sys/vm/drop_caches"
]3008;start=ea63e4efb0484b98b39efba19585c75b;user=zakkak;hostname=blanc;machineid=f469a615e9ef4e81b7d5be080a5de373;bootid=0e917e08584a49cb891ef04366e00ace;pid=393525;pidfdid=393526;comm=sudo;targetuser=root;sessionid=c377;type=session\]3008;end=ea63e4efb0484b98b39efba19585c75b\
21:23:10,757 [ test-runner:run-tests-983 @ target-host ] set-signal: LOAD_STEADY_STATE_START 1
21:23:10,757 [ test-runner:run-tests-983 @ target-host ] set-signal: LOG_REGEX_REACHED 1
21:23:11,160 [ test-runner:run-tests-983 @ target-host ] taskset --cpu-list 0-3 /home/zakkak/spring-quarkus-perf-comparison/spring-quarkus-perf-comparison/quarkus3/target/quarkus3-runner  &>/home/zakkak/spring-quarkus-perf-comparison/logs/load-test-quarkus3-native-5.log &
[1] 393553
21:23:11,561 [ test-runner:run-tests-983 @ target-host ] PID=$!
21:23:11,963 [ test-runner:run-tests-983 @ target-host ] echo $PID
393553
21:23:11,963 [ test-runner:run-tests-983 @ target-host ] set-state: JVM_PID 393553
21:23:11,963 [ test-runner:run-tests-983 @ target-host ] script-cmd: monitor-processes
21:23:11,963 [ test-runner:run-tests-983 @ target-host ] monitor-processes
21:23:11,963 [ test-runner:run-tests-983 @ target-host ] set-signal: LOAD_TEST_COMPLETE 1
21:23:12,417 [ test-runner:run-tests-983 @ target-host ] script-cmd: monitor-process
21:23:12,417 [ :monitor-process-2371 @ target-host ] monitor-process
21:23:12,425 [ :monitor-process-2371 @ target-host ] queue-download: ${{log_file}}=/home/zakkak/spring-quarkus-perf-comparison/logs/pidstat-quarkus3-native-5.log ../../20260311/run-time-initialize-resource-bundles/target-host/
21:23:12,791 [ test-runner:run-tests-983 @ target-host ] script-cmd: monitor-process
21:23:12,791 [ :monitor-process-2379 @ target-host ] monitor-process
21:23:12,791 [ :monitor-process-2379 @ target-host ] queue-download: ${{log_file}}=/home/zakkak/spring-quarkus-perf-comparison/logs/mpstat-quarkus3-native-5.log ../../20260311/run-time-initialize-resource-bundles/target-host/
21:23:12,928 [ :monitor-process-2371 @ target-host ] taskset --cpu-list 11 pidstat -u -p 393553 1 &>/home/zakkak/spring-quarkus-perf-comparison/logs/pidstat-quarkus3-native-5.log &
[1] 393662
21:23:13,166 [ test-runner:run-tests-983 @ target-host ] script-cmd: monitor-process
21:23:13,166 [ test-runner:run-tests-983 @ target-host ] script-cmd: monitor-postgres
21:23:13,166 [ test-runner:run-tests-983 @ target-host ] monitor-postgres
21:23:13,166 [ :monitor-process-2388 @ target-host ] monitor-process
21:23:13,167 [ :monitor-process-2388 @ target-host ] queue-download: ${{log_file}}=/home/zakkak/spring-quarkus-perf-comparison/logs/vmstat-quarkus3-native-5.log ../../20260311/run-time-initialize-resource-bundles/target-host/
21:23:13,294 [ :monitor-process-2379 @ target-host ] taskset --cpu-list 11 mpstat -P ALL 1 &>/home/zakkak/spring-quarkus-perf-comparison/logs/mpstat-quarkus3-native-5.log &
[1] 393755
21:23:13,330 [ :monitor-process-2371 @ target-host ] PROCESS_PID=$!
21:23:13,569 [ :monitor-process-2388 @ target-host ] taskset --cpu-list 11 vmstat 1 &>/home/zakkak/spring-quarkus-perf-comparison/logs/vmstat-quarkus3-native-5.log &
[1] 393840
21:23:13,606 [ test-runner:run-tests-983 @ target-host ] POSTGRES_PID=$(/home/zakkak/spring-quarkus-perf-comparison/spring-quarkus-perf-comparison/scripts/infra.sh -r)
21:23:13,695 [ :monitor-process-2379 @ target-host ] PROCESS_PID=$!
21:23:13,731 [ :monitor-process-2371 @ target-host ] echo $PROCESS_PID
393662
21:23:13,731 [ :monitor-process-2371 @ target-host ] set-state: PROCESS_PID 393662
21:23:13,970 [ :monitor-process-2388 @ target-host ] PROCESS_PID=$!
21:23:14,008 [ test-runner:run-tests-983 @ target-host ] echo $POSTGRES_PID
393258
21:23:14,008 [ test-runner:run-tests-983 @ target-host ] set-state: POSTGRES_PID 393258
21:23:14,097 [ :monitor-process-2379 @ target-host ] echo $PROCESS_PID
393755
21:23:14,097 [ :monitor-process-2379 @ target-host ] set-state: PROCESS_PID 393755
21:23:14,371 [ :monitor-process-2388 @ target-host ] echo $PROCESS_PID
393840
21:23:14,372 [ :monitor-process-2388 @ target-host ] set-state: PROCESS_PID 393840
21:23:14,382 [ test-runner:run-tests-983 @ target-host ] script-cmd: monitor-process
21:23:14,383 [ test-runner:run-tests-983 @ target-host ] JVM_PID = 393553
21:23:14,383 [ :monitor-process-2404 @ target-host ] monitor-process
21:23:14,383 [ :monitor-process-2404 @ target-host ] queue-download: ${{log_file}}=/home/zakkak/spring-quarkus-perf-comparison/logs/postgres-pidstat-quarkus3-native-5.log ../../20260311/run-time-initialize-resource-bundles/target-host/
21:23:14,383 [ test-runner:run-tests-983 @ target-host ] read-state: none
21:23:14,755 [ test-runner:run-tests-983 @ target-host ] script-cmd: watch-log
21:23:14,755 [ :watch-log-2413 @ target-host ] watch-log
21:23:14,765 [ :watch-log-2413 @ target-host ] regex: ${{log_regex}}
21:23:14,765 [ :watch-log-2413 @ target-host ] ctrlC
21:23:14,765 [ :watch-log-2413 @ target-host ] reached LOG_REGEX_REACHED
21:23:14,765 [ test-runner:run-tests-983 @ target-host ] wait-for: LOG_REGEX_REACHED
21:23:14,765 [ :watch-log-2413 @ target-host ] signal: LOG_REGEX_REACHED
21:23:14,885 [ :monitor-process-2404 @ target-host ] taskset --cpu-list 11 pidstat -u -p $(pgrep -d , -P 393258) 1 &>/home/zakkak/spring-quarkus-perf-comparison/logs/postgres-pidstat-quarkus3-native-5.log &
[1] 393957
21:23:15,167 [ :watch-log-2413 @ target-host ] tail -f /home/zakkak/spring-quarkus-perf-comparison/logs/load-test-quarkus3-native-5.log
__  ____  __  _____   ___  __ ____  ______ 
 --/ __ \/ / / / _ | / _ \/ //_/ / / / __/ 
 -/ /_/ / /_/ / __ |/ , _/ ,< / /_/ /\ \   
--\___\_\____/_/ |_/_/|_/_/|_|\____/___/   
2026-03-11 21:23:10,902 INFO  [io.quarkus] (main) quarkus3 1.0 native (powered by Quarkus 999-SNAPSHOT) started in 0.079s. Listening on: http://0.0.0.0:8080
2026-03-11 21:23:10,902 INFO  [io.quarkus] (main) Profile prod activated. 
2026-03-11 21:23:10,902 INFO  [io.quarkus] (main) Installed features: [agroal, cdi, config-yaml, hibernate-orm, hibernate-orm-panache, hibernate-validator, jdbc-postgresql, narayana-jta, rest, rest-jackson, smallrye-context-propagation, smallrye-health, vertx]
21:23:15,287 [ :monitor-process-2404 @ target-host ] PROCESS_PID=$!
21:23:15,689 [ :monitor-process-2404 @ target-host ] echo $PROCESS_PID
393957
21:23:15,689 [ :monitor-process-2404 @ target-host ] set-state: PROCESS_PID 393957
21:25:24,706 [ test-runner:run-tests-983 @ target-host ] taskset --cpu-list 7-9 jbang -R -XX:+UseNUMA wrk@hyperfoil -t 2 -c 100 -d 2m --timeout 2m http://localhost:8080/fruits 2>&1 >/home/zakkak/spring-quarkus-perf-comparison/logs/wrk-warmup-quarkus3-native-5.log
21:25:54,706 [ test-runner:run-tests-983 @ target-host ] sleep: 30s
21:25:54,706 [ :monitor-process-2379 @ target-host ] reached LOAD_STEADY_STATE_START
21:25:54,706 [ test-runner:run-tests-983 @ target-host ] signal: LOAD_STEADY_STATE_START
21:26:34,367 [ test-runner:run-tests-983 @ target-host ] taskset --cpu-list 7-9 jbang -R -XX:+UseNUMA wrk@hyperfoil -t 2 -c 100 -d 30s --timeout 30s http://localhost:8080/fruits 2>&1 >/home/zakkak/spring-quarkus-perf-comparison/logs/wrk-quarkus3-native-5.log
21:26:34,783 [ test-runner:run-tests-983 @ target-host ] cat /home/zakkak/spring-quarkus-perf-comparison/logs/wrk-quarkus3-native-5.log | grep "Requests/sec" | awk '{print $2}'
16270.38
21:26:34,783 [ test-runner:run-tests-983 @ target-host ] set-state: THROUGHPUT 16270.38
21:26:34,783 [ test-runner:run-tests-983 @ target-host ] script-cmd: state-array-push
21:26:34,783 [ test-runner:run-tests-983 @ target-host ] state-array-push
21:26:34,828 [ test-runner:run-tests-983 @ target-host ] set-state: RUN.output.results.quarkus3-native.load.throughput [15917.47,16256.07,15984.21,15899.9,16325.73,16270.38]
21:26:35,231 [ test-runner:run-tests-983 @ target-host ] cat /home/zakkak/spring-quarkus-perf-comparison/logs/wrk-quarkus3-native-5.log | grep "Socket errors:" | sed -E 's/.*connectionErrors ([0-9]+).*/\1/'
21:26:35,232 [ test-runner:run-tests-983 @ target-host ] regex: ^$
21:26:35,232 [ test-runner:run-tests-983 @ target-host ] set-state: CONNECTION_ERRORS 0
21:26:35,232 [ test-runner:run-tests-983 @ target-host ] script-cmd: state-array-push
21:26:35,232 [ test-runner:run-tests-983 @ target-host ] state-array-push
21:26:35,276 [ test-runner:run-tests-983 @ target-host ] set-state: RUN.output.results.quarkus3-native.load.connectionErrors [0,0,0,0,0,0]
21:26:35,680 [ test-runner:run-tests-983 @ target-host ] cat /home/zakkak/spring-quarkus-perf-comparison/logs/wrk-quarkus3-native-5.log | grep "Socket errors:" | sed -E 's/.*requestTimeouts ([0-9]+)/\1/'
21:26:35,680 [ test-runner:run-tests-983 @ target-host ] regex: ^$
21:26:35,680 [ test-runner:run-tests-983 @ target-host ] set-state: REQUEST_TIMEOUTS 0
21:26:35,681 [ test-runner:run-tests-983 @ target-host ] script-cmd: state-array-push
21:26:35,681 [ test-runner:run-tests-983 @ target-host ] state-array-push
21:26:35,717 [ test-runner:run-tests-983 @ target-host ] set-state: RUN.output.results.quarkus3-native.load.requestTimeouts [0,0,0,0,0,0]
21:26:36,134 [ test-runner:run-tests-983 @ target-host ] pmap -x $PID | grep total | awk '{print $4}'
161584
21:26:36,134 [ test-runner:run-tests-983 @ target-host ] set-state: RSS 161584
21:26:36,153 [ test-runner:run-tests-983 @ target-host ] script-cmd: state-array-push
21:26:36,153 [ test-runner:run-tests-983 @ target-host ] state-array-push
21:26:36,191 [ test-runner:run-tests-983 @ target-host ] set-state: RUN.output.results.quarkus3-native.load.rss [158.8046875,159.58984375,156.63671875,158.3203125,158.41796875,157.796875]
21:26:36,208 [ test-runner:run-tests-983 @ target-host ] script-cmd: state-array-push
21:26:36,209 [ test-runner:run-tests-983 @ target-host ] state-array-push
21:26:36,246 [ test-runner:run-tests-983 @ target-host ] set-state: RUN.output.results.quarkus3-native.load.throughputDensity [100.23299847493482,101.86155721453922,102.04637921145165,100.42867999013076,103.05478683269634,103.10964649965342]
21:26:36,247 [ test-runner:run-tests-983 @ target-host ] reached LOAD_TEST_COMPLETE
21:26:36,247 [ :monitor-process-2371 @ target-host ] wait-for: LOAD_TEST_COMPLETE
21:26:36,247 [ :monitor-process-2379 @ target-host ] wait-for: LOAD_TEST_COMPLETE
21:26:36,247 [ :monitor-process-2388 @ target-host ] wait-for: LOAD_TEST_COMPLETE
21:26:36,247 [ :monitor-process-2404 @ target-host ] wait-for: LOAD_TEST_COMPLETE
21:26:36,247 [ test-runner:run-tests-983 @ target-host ] signal: LOAD_TEST_COMPLETE
21:26:36,649 [ :monitor-process-2404 @ target-host ] kill -15 $PROCESS_PID
bash: kill: (393957) - No such process
21:26:36,649 [ :monitor-process-2379 @ target-host ] kill -15 $PROCESS_PID
bash: kill: (393755) - No such process
21:26:36,649 [ :monitor-process-2371 @ target-host ] kill -15 $PROCESS_PID
bash: kill: (393662) - No such process
21:26:36,749 [ test-runner:run-tests-983 @ target-host ] kill -15 $PID
21:26:36,749 [ :monitor-process-2388 @ target-host ] kill -15 $PROCESS_PID
21:26:39,160 [ test-runner:run-tests-983 @ target-host ] sleep 2
21:26:39,160 [ test-runner:run-tests-983 @ target-host ] script-cmd: stop-test-services
21:26:39,160 [ test-runner:run-tests-983 @ target-host ] stop-test-services
21:26:39,810 [ test-runner:run-tests-983 @ target-host ] /home/zakkak/spring-quarkus-perf-comparison/spring-quarkus-perf-comparison/scripts/infra.sh -d
Using podman to stop containers
-----------------------------------------
[03/11/2026 21:26:39]: Stopping services
-----------------------------------------
Stopping PostgreSQL database 'fruits_db'
fruits_db
21:26:39,861 [ test-runner:run-tests-983 @ target-host ] for-each: ITERATION = 6
21:26:39,861 [ test-runner:run-tests-983 @ target-host ] set-state: LOG_FILE /home/zakkak/spring-quarkus-perf-comparison/logs/load-test-quarkus3-native-6.log
21:26:40,272 [ test-runner:run-tests-983 @ target-host ] touch /home/zakkak/spring-quarkus-perf-comparison/logs/load-test-quarkus3-native-6.log
21:26:40,273 [ test-runner:run-tests-983 @ target-host ] queue-download: ${{REPO_DIR}}/logs/wrk-warmup-${{RUNTIME.name}}-${{ITERATION}}.log=/home/zakkak/spring-quarkus-perf-comparison/logs/wrk-warmup-quarkus3-native-6.log ../../20260311/run-time-initialize-resource-bundles/target-host/
21:26:40,273 [ test-runner:run-tests-983 @ target-host ] queue-download: ${{LOG_FILE}}=/home/zakkak/spring-quarkus-perf-comparison/logs/load-test-quarkus3-native-6.log ../../20260311/run-time-initialize-resource-bundles/target-host/
21:26:40,273 [ test-runner:run-tests-983 @ target-host ] queue-download: ${{REPO_DIR}}/logs/wrk-${{RUNTIME.name}}-${{ITERATION}}.log=/home/zakkak/spring-quarkus-perf-comparison/logs/wrk-quarkus3-native-6.log ../../20260311/run-time-initialize-resource-bundles/target-host/
21:26:40,273 [ test-runner:run-tests-983 @ target-host ] script-cmd: start-test-services
21:26:40,273 [ test-runner:run-tests-983 @ target-host ] start-test-services
21:26:51,363 [ test-runner:run-tests-983 @ target-host ] /home/zakkak/spring-quarkus-perf-comparison/spring-quarkus-perf-comparison/scripts/infra.sh -c 3 -p '4-6' -s
Using podman to start containers
-----------------------------------------
[03/11/2026 21:26:40]: Starting services
-----------------------------------------
Starting PostgreSQL database 'fruits_db'
PostgreSQL DB process: 1dd4129c432e3007e8177432f8f4a03067bb8bfa8c59b2da68f63aa147eb0664
Waiting for PostgreSQL to be ready...
localhost:5432 - no response
localhost:5432 - no response
localhost:5432 - accepting connections
21:26:51,363 [ test-runner:run-tests-983 @ target-host ] script-cmd: sync-drop-fs-cache
21:26:51,363 [ test-runner:run-tests-983 @ target-host ] sync-drop-fs-cache
21:26:51,364 [ test-runner:run-tests-983 @ target-host ] read-state: true
21:26:51,364 [ test-runner:run-tests-983 @ target-host ] regex: true
21:26:52,065 [ test-runner:run-tests-983 @ target-host ] sync
21:26:52,066 [ test-runner:run-tests-983 @ target-host ] script-cmd: sync-drop-fs-cache-${{os}}
21:26:52,066 [ test-runner:run-tests-983 @ target-host ] sync-drop-fs-cache-linux
21:26:52,066 [ test-runner:run-tests-983 @ target-host ] script-cmd: sudo
21:26:52,066 [ test-runner:run-tests-983 @ target-host ] sudo
21:26:52,068 [ test-runner:run-tests-983 @ target-host ] script-cmd: sudo-${{os}}
21:26:52,068 [ test-runner:run-tests-983 @ target-host ] sudo-linux
21:26:52,906 [ test-runner:run-tests-983 @ target-host ] sudo sh -c "echo 3 > /proc/sys/vm/drop_caches"
]3008;start=087ba0717f564ddc9de7bf97c2ddf3ea;user=zakkak;hostname=blanc;machineid=f469a615e9ef4e81b7d5be080a5de373;bootid=0e917e08584a49cb891ef04366e00ace;pid=395347;pidfdid=395348;comm=sudo;targetuser=root;sessionid=c378;type=session\]3008;end=087ba0717f564ddc9de7bf97c2ddf3ea\
21:26:52,915 [ test-runner:run-tests-983 @ target-host ] set-signal: LOAD_STEADY_STATE_START 1
21:26:52,915 [ test-runner:run-tests-983 @ target-host ] set-signal: LOG_REGEX_REACHED 1
21:26:53,318 [ test-runner:run-tests-983 @ target-host ] taskset --cpu-list 0-3 /home/zakkak/spring-quarkus-perf-comparison/spring-quarkus-perf-comparison/quarkus3/target/quarkus3-runner  &>/home/zakkak/spring-quarkus-perf-comparison/logs/load-test-quarkus3-native-6.log &
[1] 395374
21:26:53,719 [ test-runner:run-tests-983 @ target-host ] PID=$!
21:26:54,121 [ test-runner:run-tests-983 @ target-host ] echo $PID
395374
21:26:54,121 [ test-runner:run-tests-983 @ target-host ] set-state: JVM_PID 395374
21:26:54,121 [ test-runner:run-tests-983 @ target-host ] script-cmd: monitor-processes
21:26:54,121 [ test-runner:run-tests-983 @ target-host ] monitor-processes
21:26:54,121 [ test-runner:run-tests-983 @ target-host ] set-signal: LOAD_TEST_COMPLETE 1
21:26:54,717 [ test-runner:run-tests-983 @ target-host ] script-cmd: monitor-process
21:26:54,718 [ :monitor-process-2464 @ target-host ] monitor-process
21:26:54,718 [ :monitor-process-2464 @ target-host ] queue-download: ${{log_file}}=/home/zakkak/spring-quarkus-perf-comparison/logs/pidstat-quarkus3-native-6.log ../../20260311/run-time-initialize-resource-bundles/target-host/
21:26:55,093 [ test-runner:run-tests-983 @ target-host ] script-cmd: monitor-process
21:26:55,093 [ :monitor-process-2472 @ target-host ] monitor-process
21:26:55,093 [ :monitor-process-2472 @ target-host ] queue-download: ${{log_file}}=/home/zakkak/spring-quarkus-perf-comparison/logs/mpstat-quarkus3-native-6.log ../../20260311/run-time-initialize-resource-bundles/target-host/
21:26:55,221 [ :monitor-process-2464 @ target-host ] taskset --cpu-list 11 pidstat -u -p 395374 1 &>/home/zakkak/spring-quarkus-perf-comparison/logs/pidstat-quarkus3-native-6.log &
[1] 395493
21:26:55,467 [ test-runner:run-tests-983 @ target-host ] script-cmd: monitor-process
21:26:55,467 [ test-runner:run-tests-983 @ target-host ] script-cmd: monitor-postgres
21:26:55,467 [ :monitor-process-2481 @ target-host ] monitor-process
21:26:55,467 [ test-runner:run-tests-983 @ target-host ] monitor-postgres
21:26:55,468 [ :monitor-process-2481 @ target-host ] queue-download: ${{log_file}}=/home/zakkak/spring-quarkus-perf-comparison/logs/vmstat-quarkus3-native-6.log ../../20260311/run-time-initialize-resource-bundles/target-host/
21:26:55,596 [ :monitor-process-2472 @ target-host ] taskset --cpu-list 11 mpstat -P ALL 1 &>/home/zakkak/spring-quarkus-perf-comparison/logs/mpstat-quarkus3-native-6.log &
[1] 395577
21:26:55,622 [ :monitor-process-2464 @ target-host ] PROCESS_PID=$!
21:26:55,870 [ :monitor-process-2481 @ target-host ] taskset --cpu-list 11 vmstat 1 &>/home/zakkak/spring-quarkus-perf-comparison/logs/vmstat-quarkus3-native-6.log &
[1] 395660
21:26:55,912 [ test-runner:run-tests-983 @ target-host ] POSTGRES_PID=$(/home/zakkak/spring-quarkus-perf-comparison/spring-quarkus-perf-comparison/scripts/infra.sh -r)
21:26:55,997 [ :monitor-process-2472 @ target-host ] PROCESS_PID=$!
21:26:56,024 [ :monitor-process-2464 @ target-host ] echo $PROCESS_PID
395493
21:26:56,024 [ :monitor-process-2464 @ target-host ] set-state: PROCESS_PID 395493
21:26:56,271 [ :monitor-process-2481 @ target-host ] PROCESS_PID=$!
21:26:56,313 [ test-runner:run-tests-983 @ target-host ] echo $POSTGRES_PID
395077
21:26:56,313 [ test-runner:run-tests-983 @ target-host ] set-state: POSTGRES_PID 395077
21:26:56,399 [ :monitor-process-2472 @ target-host ] echo $PROCESS_PID
395577
21:26:56,399 [ :monitor-process-2472 @ target-host ] set-state: PROCESS_PID 395577
21:26:56,672 [ :monitor-process-2481 @ target-host ] echo $PROCESS_PID
395660
21:26:56,673 [ :monitor-process-2481 @ target-host ] set-state: PROCESS_PID 395660
21:26:56,688 [ test-runner:run-tests-983 @ target-host ] script-cmd: monitor-process
21:26:56,688 [ :monitor-process-2497 @ target-host ] monitor-process
21:26:56,688 [ test-runner:run-tests-983 @ target-host ] JVM_PID = 395374
21:26:56,688 [ :monitor-process-2497 @ target-host ] queue-download: ${{log_file}}=/home/zakkak/spring-quarkus-perf-comparison/logs/postgres-pidstat-quarkus3-native-6.log ../../20260311/run-time-initialize-resource-bundles/target-host/
21:26:56,688 [ test-runner:run-tests-983 @ target-host ] read-state: none
21:26:57,060 [ test-runner:run-tests-983 @ target-host ] script-cmd: watch-log
21:26:57,060 [ :watch-log-2506 @ target-host ] watch-log
21:26:57,070 [ :watch-log-2506 @ target-host ] regex: ${{log_regex}}
21:26:57,070 [ :watch-log-2506 @ target-host ] ctrlC
21:26:57,070 [ :watch-log-2506 @ target-host ] reached LOG_REGEX_REACHED
21:26:57,070 [ test-runner:run-tests-983 @ target-host ] wait-for: LOG_REGEX_REACHED
21:26:57,070 [ :watch-log-2506 @ target-host ] signal: LOG_REGEX_REACHED
21:26:57,190 [ :monitor-process-2497 @ target-host ] taskset --cpu-list 11 pidstat -u -p $(pgrep -d , -P 395077) 1 &>/home/zakkak/spring-quarkus-perf-comparison/logs/postgres-pidstat-quarkus3-native-6.log &
[1] 395780
21:26:57,471 [ :watch-log-2506 @ target-host ] tail -f /home/zakkak/spring-quarkus-perf-comparison/logs/load-test-quarkus3-native-6.log
__  ____  __  _____   ___  __ ____  ______ 
 --/ __ \/ / / / _ | / _ \/ //_/ / / / __/ 
 -/ /_/ / /_/ / __ |/ , _/ ,< / /_/ /\ \   
--\___\_\____/_/ |_/_/|_/_/|_|\____/___/   
2026-03-11 21:26:53,223 INFO  [io.quarkus] (main) quarkus3 1.0 native (powered by Quarkus 999-SNAPSHOT) started in 0.150s. Listening on: http://0.0.0.0:8080
2026-03-11 21:26:53,223 INFO  [io.quarkus] (main) Profile prod activated. 
2026-03-11 21:26:53,223 INFO  [io.quarkus] (main) Installed features: [agroal, cdi, config-yaml, hibernate-orm, hibernate-orm-panache, hibernate-validator, jdbc-postgresql, narayana-jta, rest, rest-jackson, smallrye-context-propagation, smallrye-health, vertx]
21:26:57,592 [ :monitor-process-2497 @ target-host ] PROCESS_PID=$!
21:26:57,994 [ :monitor-process-2497 @ target-host ] echo $PROCESS_PID
395780
21:26:57,994 [ :monitor-process-2497 @ target-host ] set-state: PROCESS_PID 395780
21:29:07,547 [ test-runner:run-tests-983 @ target-host ] taskset --cpu-list 7-9 jbang -R -XX:+UseNUMA wrk@hyperfoil -t 2 -c 100 -d 2m --timeout 2m http://localhost:8080/fruits 2>&1 >/home/zakkak/spring-quarkus-perf-comparison/logs/wrk-warmup-quarkus3-native-6.log
21:29:37,547 [ test-runner:run-tests-983 @ target-host ] sleep: 30s
21:29:37,547 [ :monitor-process-2472 @ target-host ] reached LOAD_STEADY_STATE_START
21:29:37,547 [ test-runner:run-tests-983 @ target-host ] signal: LOAD_STEADY_STATE_START
21:30:17,190 [ test-runner:run-tests-983 @ target-host ] taskset --cpu-list 7-9 jbang -R -XX:+UseNUMA wrk@hyperfoil -t 2 -c 100 -d 30s --timeout 30s http://localhost:8080/fruits 2>&1 >/home/zakkak/spring-quarkus-perf-comparison/logs/wrk-quarkus3-native-6.log
21:30:17,607 [ test-runner:run-tests-983 @ target-host ] cat /home/zakkak/spring-quarkus-perf-comparison/logs/wrk-quarkus3-native-6.log | grep "Requests/sec" | awk '{print $2}'
15948.87
21:30:17,607 [ test-runner:run-tests-983 @ target-host ] set-state: THROUGHPUT 15948.87
21:30:17,607 [ test-runner:run-tests-983 @ target-host ] script-cmd: state-array-push
21:30:17,608 [ test-runner:run-tests-983 @ target-host ] state-array-push
21:30:17,656 [ test-runner:run-tests-983 @ target-host ] set-state: RUN.output.results.quarkus3-native.load.throughput [15917.47,16256.07,15984.21,15899.9,16325.73,16270.38,15948.87]
21:30:18,060 [ test-runner:run-tests-983 @ target-host ] cat /home/zakkak/spring-quarkus-perf-comparison/logs/wrk-quarkus3-native-6.log | grep "Socket errors:" | sed -E 's/.*connectionErrors ([0-9]+).*/\1/'
21:30:18,060 [ test-runner:run-tests-983 @ target-host ] regex: ^$
21:30:18,060 [ test-runner:run-tests-983 @ target-host ] set-state: CONNECTION_ERRORS 0
21:30:18,060 [ test-runner:run-tests-983 @ target-host ] script-cmd: state-array-push
21:30:18,060 [ test-runner:run-tests-983 @ target-host ] state-array-push
21:30:18,105 [ test-runner:run-tests-983 @ target-host ] set-state: RUN.output.results.quarkus3-native.load.connectionErrors [0,0,0,0,0,0,0]
21:30:18,509 [ test-runner:run-tests-983 @ target-host ] cat /home/zakkak/spring-quarkus-perf-comparison/logs/wrk-quarkus3-native-6.log | grep "Socket errors:" | sed -E 's/.*requestTimeouts ([0-9]+)/\1/'
21:30:18,509 [ test-runner:run-tests-983 @ target-host ] regex: ^$
21:30:18,509 [ test-runner:run-tests-983 @ target-host ] set-state: REQUEST_TIMEOUTS 0
21:30:18,510 [ test-runner:run-tests-983 @ target-host ] script-cmd: state-array-push
21:30:18,510 [ test-runner:run-tests-983 @ target-host ] state-array-push
21:30:18,563 [ test-runner:run-tests-983 @ target-host ] set-state: RUN.output.results.quarkus3-native.load.requestTimeouts [0,0,0,0,0,0,0]
21:30:18,981 [ test-runner:run-tests-983 @ target-host ] pmap -x $PID | grep total | awk '{print $4}'
157392
21:30:18,981 [ test-runner:run-tests-983 @ target-host ] set-state: RSS 157392
21:30:19,008 [ test-runner:run-tests-983 @ target-host ] script-cmd: state-array-push
21:30:19,008 [ test-runner:run-tests-983 @ target-host ] state-array-push
21:30:19,065 [ test-runner:run-tests-983 @ target-host ] set-state: RUN.output.results.quarkus3-native.load.rss [158.8046875,159.58984375,156.63671875,158.3203125,158.41796875,157.796875,153.703125]
21:30:19,092 [ test-runner:run-tests-983 @ target-host ] script-cmd: state-array-push
21:30:19,093 [ test-runner:run-tests-983 @ target-host ] state-array-push
21:30:19,147 [ test-runner:run-tests-983 @ target-host ] set-state: RUN.output.results.quarkus3-native.load.throughputDensity [100.23299847493482,101.86155721453922,102.04637921145165,100.42867999013076,103.05478683269634,103.10964649965342,103.76412320829522]
21:30:19,148 [ test-runner:run-tests-983 @ target-host ] reached LOAD_TEST_COMPLETE
21:30:19,148 [ :monitor-process-2464 @ target-host ] wait-for: LOAD_TEST_COMPLETE
21:30:19,148 [ :monitor-process-2472 @ target-host ] wait-for: LOAD_TEST_COMPLETE
21:30:19,148 [ :monitor-process-2481 @ target-host ] wait-for: LOAD_TEST_COMPLETE
21:30:19,148 [ :monitor-process-2497 @ target-host ] wait-for: LOAD_TEST_COMPLETE
21:30:19,148 [ test-runner:run-tests-983 @ target-host ] signal: LOAD_TEST_COMPLETE
21:30:19,549 [ :monitor-process-2472 @ target-host ] kill -15 $PROCESS_PID
bash: kill: (395577) - No such process
21:30:19,550 [ :monitor-process-2497 @ target-host ] kill -15 $PROCESS_PID
bash: kill: (395780) - No such process
21:30:19,550 [ :monitor-process-2464 @ target-host ] kill -15 $PROCESS_PID
bash: kill: (395493) - No such process
21:30:19,650 [ test-runner:run-tests-983 @ target-host ] kill -15 $PID
21:30:19,650 [ :monitor-process-2481 @ target-host ] kill -15 $PROCESS_PID
21:30:22,061 [ test-runner:run-tests-983 @ target-host ] sleep 2
21:30:22,061 [ test-runner:run-tests-983 @ target-host ] script-cmd: stop-test-services
21:30:22,061 [ test-runner:run-tests-983 @ target-host ] stop-test-services
21:30:22,701 [ test-runner:run-tests-983 @ target-host ] /home/zakkak/spring-quarkus-perf-comparison/spring-quarkus-perf-comparison/scripts/infra.sh -d
Using podman to stop containers
-----------------------------------------
[03/11/2026 21:30:22]: Stopping services
-----------------------------------------
Stopping PostgreSQL database 'fruits_db'
fruits_db
21:30:22,781 [ test-runner:run-tests-983 @ target-host ] for-each: ITERATION = 7
21:30:22,782 [ test-runner:run-tests-983 @ target-host ] set-state: LOG_FILE /home/zakkak/spring-quarkus-perf-comparison/logs/load-test-quarkus3-native-7.log
21:30:23,194 [ test-runner:run-tests-983 @ target-host ] touch /home/zakkak/spring-quarkus-perf-comparison/logs/load-test-quarkus3-native-7.log
21:30:23,194 [ test-runner:run-tests-983 @ target-host ] queue-download: ${{REPO_DIR}}/logs/wrk-warmup-${{RUNTIME.name}}-${{ITERATION}}.log=/home/zakkak/spring-quarkus-perf-comparison/logs/wrk-warmup-quarkus3-native-7.log ../../20260311/run-time-initialize-resource-bundles/target-host/
21:30:23,195 [ test-runner:run-tests-983 @ target-host ] queue-download: ${{LOG_FILE}}=/home/zakkak/spring-quarkus-perf-comparison/logs/load-test-quarkus3-native-7.log ../../20260311/run-time-initialize-resource-bundles/target-host/
21:30:23,195 [ test-runner:run-tests-983 @ target-host ] queue-download: ${{REPO_DIR}}/logs/wrk-${{RUNTIME.name}}-${{ITERATION}}.log=/home/zakkak/spring-quarkus-perf-comparison/logs/wrk-quarkus3-native-7.log ../../20260311/run-time-initialize-resource-bundles/target-host/
21:30:23,195 [ test-runner:run-tests-983 @ target-host ] script-cmd: start-test-services
21:30:23,195 [ test-runner:run-tests-983 @ target-host ] start-test-services
21:30:34,326 [ test-runner:run-tests-983 @ target-host ] /home/zakkak/spring-quarkus-perf-comparison/spring-quarkus-perf-comparison/scripts/infra.sh -c 3 -p '4-6' -s
Using podman to start containers
-----------------------------------------
[03/11/2026 21:30:23]: Starting services
-----------------------------------------
Starting PostgreSQL database 'fruits_db'
PostgreSQL DB process: 3676cd298778d880269dd2b5007dab68927c31b8fe75503663a43b4326f9cf78
Waiting for PostgreSQL to be ready...
localhost:5432 - no response
localhost:5432 - no response
localhost:5432 - accepting connections
21:30:34,326 [ test-runner:run-tests-983 @ target-host ] script-cmd: sync-drop-fs-cache
21:30:34,326 [ test-runner:run-tests-983 @ target-host ] sync-drop-fs-cache
21:30:34,327 [ test-runner:run-tests-983 @ target-host ] read-state: true
21:30:34,327 [ test-runner:run-tests-983 @ target-host ] regex: true
21:30:34,904 [ test-runner:run-tests-983 @ target-host ] sync
21:30:34,905 [ test-runner:run-tests-983 @ target-host ] script-cmd: sync-drop-fs-cache-${{os}}
21:30:34,905 [ test-runner:run-tests-983 @ target-host ] sync-drop-fs-cache-linux
21:30:34,905 [ test-runner:run-tests-983 @ target-host ] script-cmd: sudo
21:30:34,905 [ test-runner:run-tests-983 @ target-host ] sudo
21:30:34,905 [ test-runner:run-tests-983 @ target-host ] script-cmd: sudo-${{os}}
21:30:34,905 [ test-runner:run-tests-983 @ target-host ] sudo-linux
21:30:35,693 [ test-runner:run-tests-983 @ target-host ] sudo sh -c "echo 3 > /proc/sys/vm/drop_caches"
]3008;start=a575affd543b44fdb97c7f7ed9d2b0bd;user=zakkak;hostname=blanc;machineid=f469a615e9ef4e81b7d5be080a5de373;bootid=0e917e08584a49cb891ef04366e00ace;pid=397186;pidfdid=397187;comm=sudo;targetuser=root;sessionid=c379;type=session\]3008;end=a575affd543b44fdb97c7f7ed9d2b0bd\
21:30:35,694 [ test-runner:run-tests-983 @ target-host ] set-signal: LOAD_STEADY_STATE_START 1
21:30:35,694 [ test-runner:run-tests-983 @ target-host ] set-signal: LOG_REGEX_REACHED 1
21:30:36,097 [ test-runner:run-tests-983 @ target-host ] taskset --cpu-list 0-3 /home/zakkak/spring-quarkus-perf-comparison/spring-quarkus-perf-comparison/quarkus3/target/quarkus3-runner  &>/home/zakkak/spring-quarkus-perf-comparison/logs/load-test-quarkus3-native-7.log &
[1] 397214
21:30:36,498 [ test-runner:run-tests-983 @ target-host ] PID=$!
21:30:36,900 [ test-runner:run-tests-983 @ target-host ] echo $PID
397214
21:30:36,900 [ test-runner:run-tests-983 @ target-host ] set-state: JVM_PID 397214
21:30:36,900 [ test-runner:run-tests-983 @ target-host ] script-cmd: monitor-processes
21:30:36,900 [ test-runner:run-tests-983 @ target-host ] monitor-processes
21:30:36,900 [ test-runner:run-tests-983 @ target-host ] set-signal: LOAD_TEST_COMPLETE 1
21:30:37,351 [ test-runner:run-tests-983 @ target-host ] script-cmd: monitor-process
21:30:37,351 [ :monitor-process-2557 @ target-host ] monitor-process
21:30:37,353 [ :monitor-process-2557 @ target-host ] queue-download: ${{log_file}}=/home/zakkak/spring-quarkus-perf-comparison/logs/pidstat-quarkus3-native-7.log ../../20260311/run-time-initialize-resource-bundles/target-host/
21:30:37,726 [ test-runner:run-tests-983 @ target-host ] script-cmd: monitor-process
21:30:37,726 [ :monitor-process-2565 @ target-host ] monitor-process
21:30:37,726 [ :monitor-process-2565 @ target-host ] queue-download: ${{log_file}}=/home/zakkak/spring-quarkus-perf-comparison/logs/mpstat-quarkus3-native-7.log ../../20260311/run-time-initialize-resource-bundles/target-host/
21:30:37,856 [ :monitor-process-2557 @ target-host ] taskset --cpu-list 11 pidstat -u -p 397214 1 &>/home/zakkak/spring-quarkus-perf-comparison/logs/pidstat-quarkus3-native-7.log &
[1] 397321
21:30:38,101 [ test-runner:run-tests-983 @ target-host ] script-cmd: monitor-process
21:30:38,101 [ test-runner:run-tests-983 @ target-host ] script-cmd: monitor-postgres
21:30:38,101 [ test-runner:run-tests-983 @ target-host ] monitor-postgres
21:30:38,101 [ :monitor-process-2574 @ target-host ] monitor-process
21:30:38,102 [ :monitor-process-2574 @ target-host ] queue-download: ${{log_file}}=/home/zakkak/spring-quarkus-perf-comparison/logs/vmstat-quarkus3-native-7.log ../../20260311/run-time-initialize-resource-bundles/target-host/
21:30:38,229 [ :monitor-process-2565 @ target-host ] taskset --cpu-list 11 mpstat -P ALL 1 &>/home/zakkak/spring-quarkus-perf-comparison/logs/mpstat-quarkus3-native-7.log &
[1] 397416
21:30:38,258 [ :monitor-process-2557 @ target-host ] PROCESS_PID=$!
21:30:38,504 [ :monitor-process-2574 @ target-host ] taskset --cpu-list 11 vmstat 1 &>/home/zakkak/spring-quarkus-perf-comparison/logs/vmstat-quarkus3-native-7.log &
[1] 397501
21:30:38,544 [ test-runner:run-tests-983 @ target-host ] POSTGRES_PID=$(/home/zakkak/spring-quarkus-perf-comparison/spring-quarkus-perf-comparison/scripts/infra.sh -r)
21:30:38,631 [ :monitor-process-2565 @ target-host ] PROCESS_PID=$!
21:30:38,659 [ :monitor-process-2557 @ target-host ] echo $PROCESS_PID
397321
21:30:38,659 [ :monitor-process-2557 @ target-host ] set-state: PROCESS_PID 397321
21:30:38,905 [ :monitor-process-2574 @ target-host ] PROCESS_PID=$!
21:30:38,945 [ test-runner:run-tests-983 @ target-host ] echo $POSTGRES_PID
396911
21:30:38,945 [ test-runner:run-tests-983 @ target-host ] set-state: POSTGRES_PID 396911
21:30:39,032 [ :monitor-process-2565 @ target-host ] echo $PROCESS_PID
397416
21:30:39,032 [ :monitor-process-2565 @ target-host ] set-state: PROCESS_PID 397416
21:30:39,307 [ :monitor-process-2574 @ target-host ] echo $PROCESS_PID
397501
21:30:39,307 [ :monitor-process-2574 @ target-host ] set-state: PROCESS_PID 397501
21:30:39,321 [ test-runner:run-tests-983 @ target-host ] script-cmd: monitor-process
21:30:39,321 [ :monitor-process-2590 @ target-host ] monitor-process
21:30:39,321 [ test-runner:run-tests-983 @ target-host ] JVM_PID = 397214
21:30:39,321 [ :monitor-process-2590 @ target-host ] queue-download: ${{log_file}}=/home/zakkak/spring-quarkus-perf-comparison/logs/postgres-pidstat-quarkus3-native-7.log ../../20260311/run-time-initialize-resource-bundles/target-host/
21:30:39,321 [ test-runner:run-tests-983 @ target-host ] read-state: none
21:30:39,693 [ test-runner:run-tests-983 @ target-host ] script-cmd: watch-log
21:30:39,693 [ :watch-log-2599 @ target-host ] watch-log
21:30:39,703 [ :watch-log-2599 @ target-host ] regex: ${{log_regex}}
21:30:39,703 [ :watch-log-2599 @ target-host ] ctrlC
21:30:39,703 [ :watch-log-2599 @ target-host ] reached LOG_REGEX_REACHED
21:30:39,703 [ test-runner:run-tests-983 @ target-host ] wait-for: LOG_REGEX_REACHED
21:30:39,703 [ :watch-log-2599 @ target-host ] signal: LOG_REGEX_REACHED
21:30:39,824 [ :monitor-process-2590 @ target-host ] taskset --cpu-list 11 pidstat -u -p $(pgrep -d , -P 396911) 1 &>/home/zakkak/spring-quarkus-perf-comparison/logs/postgres-pidstat-quarkus3-native-7.log &
[1] 397615
21:30:40,105 [ :watch-log-2599 @ target-host ] tail -f /home/zakkak/spring-quarkus-perf-comparison/logs/load-test-quarkus3-native-7.log
__  ____  __  _____   ___  __ ____  ______ 
 --/ __ \/ / / / _ | / _ \/ //_/ / / / __/ 
 -/ /_/ / /_/ / __ |/ , _/ ,< / /_/ /\ \   
--\___\_\____/_/ |_/_/|_/_/|_|\____/___/   
2026-03-11 21:30:35,838 INFO  [io.quarkus] (main) quarkus3 1.0 native (powered by Quarkus 999-SNAPSHOT) started in 0.077s. Listening on: http://0.0.0.0:8080
2026-03-11 21:30:35,838 INFO  [io.quarkus] (main) Profile prod activated. 
2026-03-11 21:30:35,838 INFO  [io.quarkus] (main) Installed features: [agroal, cdi, config-yaml, hibernate-orm, hibernate-orm-panache, hibernate-validator, jdbc-postgresql, narayana-jta, rest, rest-jackson, smallrye-context-propagation, smallrye-health, vertx]
21:30:40,225 [ :monitor-process-2590 @ target-host ] PROCESS_PID=$!
21:30:40,627 [ :monitor-process-2590 @ target-host ] echo $PROCESS_PID
397615
21:30:40,627 [ :monitor-process-2590 @ target-host ] set-state: PROCESS_PID 397615
21:32:49,617 [ test-runner:run-tests-983 @ target-host ] taskset --cpu-list 7-9 jbang -R -XX:+UseNUMA wrk@hyperfoil -t 2 -c 100 -d 2m --timeout 2m http://localhost:8080/fruits 2>&1 >/home/zakkak/spring-quarkus-perf-comparison/logs/wrk-warmup-quarkus3-native-7.log
21:33:19,617 [ test-runner:run-tests-983 @ target-host ] sleep: 30s
21:33:19,618 [ :monitor-process-2565 @ target-host ] reached LOAD_STEADY_STATE_START
21:33:19,618 [ test-runner:run-tests-983 @ target-host ] signal: LOAD_STEADY_STATE_START
21:33:59,314 [ test-runner:run-tests-983 @ target-host ] taskset --cpu-list 7-9 jbang -R -XX:+UseNUMA wrk@hyperfoil -t 2 -c 100 -d 30s --timeout 30s http://localhost:8080/fruits 2>&1 >/home/zakkak/spring-quarkus-perf-comparison/logs/wrk-quarkus3-native-7.log
21:33:59,730 [ test-runner:run-tests-983 @ target-host ] cat /home/zakkak/spring-quarkus-perf-comparison/logs/wrk-quarkus3-native-7.log | grep "Requests/sec" | awk '{print $2}'
16232.52
21:33:59,730 [ test-runner:run-tests-983 @ target-host ] set-state: THROUGHPUT 16232.52
21:33:59,731 [ test-runner:run-tests-983 @ target-host ] script-cmd: state-array-push
21:33:59,731 [ test-runner:run-tests-983 @ target-host ] state-array-push
21:33:59,791 [ test-runner:run-tests-983 @ target-host ] set-state: RUN.output.results.quarkus3-native.load.throughput [15917.47,16256.07,15984.21,15899.9,16325.73,16270.38,15948.87,16232.52]
21:34:00,194 [ test-runner:run-tests-983 @ target-host ] cat /home/zakkak/spring-quarkus-perf-comparison/logs/wrk-quarkus3-native-7.log | grep "Socket errors:" | sed -E 's/.*connectionErrors ([0-9]+).*/\1/'
21:34:00,195 [ test-runner:run-tests-983 @ target-host ] regex: ^$
21:34:00,195 [ test-runner:run-tests-983 @ target-host ] set-state: CONNECTION_ERRORS 0
21:34:00,195 [ test-runner:run-tests-983 @ target-host ] script-cmd: state-array-push
21:34:00,195 [ test-runner:run-tests-983 @ target-host ] state-array-push
21:34:00,230 [ test-runner:run-tests-983 @ target-host ] set-state: RUN.output.results.quarkus3-native.load.connectionErrors [0,0,0,0,0,0,0,0]
21:34:00,634 [ test-runner:run-tests-983 @ target-host ] cat /home/zakkak/spring-quarkus-perf-comparison/logs/wrk-quarkus3-native-7.log | grep "Socket errors:" | sed -E 's/.*requestTimeouts ([0-9]+)/\1/'
21:34:00,634 [ test-runner:run-tests-983 @ target-host ] regex: ^$
21:34:00,634 [ test-runner:run-tests-983 @ target-host ] set-state: REQUEST_TIMEOUTS 0
21:34:00,634 [ test-runner:run-tests-983 @ target-host ] script-cmd: state-array-push
21:34:00,634 [ test-runner:run-tests-983 @ target-host ] state-array-push
21:34:00,668 [ test-runner:run-tests-983 @ target-host ] set-state: RUN.output.results.quarkus3-native.load.requestTimeouts [0,0,0,0,0,0,0,0]
21:34:01,085 [ test-runner:run-tests-983 @ target-host ] pmap -x $PID | grep total | awk '{print $4}'
159876
21:34:01,085 [ test-runner:run-tests-983 @ target-host ] set-state: RSS 159876
21:34:01,103 [ test-runner:run-tests-983 @ target-host ] script-cmd: state-array-push
21:34:01,103 [ test-runner:run-tests-983 @ target-host ] state-array-push
21:34:01,136 [ test-runner:run-tests-983 @ target-host ] set-state: RUN.output.results.quarkus3-native.load.rss [158.8046875,159.58984375,156.63671875,158.3203125,158.41796875,157.796875,153.703125,156.12890625]
21:34:01,153 [ test-runner:run-tests-983 @ target-host ] script-cmd: state-array-push
21:34:01,153 [ test-runner:run-tests-983 @ target-host ] state-array-push
21:34:01,186 [ test-runner:run-tests-983 @ target-host ] set-state: RUN.output.results.quarkus3-native.load.throughputDensity [100.23299847493482,101.86155721453922,102.04637921145165,100.42867999013076,103.05478683269634,103.10964649965342,103.76412320829522,103.96870374540269]
21:34:01,186 [ test-runner:run-tests-983 @ target-host ] reached LOAD_TEST_COMPLETE
21:34:01,186 [ :monitor-process-2557 @ target-host ] wait-for: LOAD_TEST_COMPLETE
21:34:01,186 [ :monitor-process-2565 @ target-host ] wait-for: LOAD_TEST_COMPLETE
21:34:01,186 [ :monitor-process-2574 @ target-host ] wait-for: LOAD_TEST_COMPLETE
21:34:01,186 [ :monitor-process-2590 @ target-host ] wait-for: LOAD_TEST_COMPLETE
21:34:01,186 [ test-runner:run-tests-983 @ target-host ] signal: LOAD_TEST_COMPLETE
21:34:01,588 [ :monitor-process-2590 @ target-host ] kill -15 $PROCESS_PID
bash: kill: (397615) - No such process
21:34:01,588 [ :monitor-process-2557 @ target-host ] kill -15 $PROCESS_PID
bash: kill: (397321) - No such process
21:34:01,588 [ :monitor-process-2565 @ target-host ] kill -15 $PROCESS_PID
bash: kill: (397416) - No such process
21:34:01,688 [ test-runner:run-tests-983 @ target-host ] kill -15 $PID
21:34:01,688 [ :monitor-process-2574 @ target-host ] kill -15 $PROCESS_PID
21:34:04,099 [ test-runner:run-tests-983 @ target-host ] sleep 2
21:34:04,099 [ test-runner:run-tests-983 @ target-host ] script-cmd: stop-test-services
21:34:04,099 [ test-runner:run-tests-983 @ target-host ] stop-test-services
21:34:04,746 [ test-runner:run-tests-983 @ target-host ] /home/zakkak/spring-quarkus-perf-comparison/spring-quarkus-perf-comparison/scripts/infra.sh -d
Using podman to stop containers
-----------------------------------------
[03/11/2026 21:34:04]: Stopping services
-----------------------------------------
Stopping PostgreSQL database 'fruits_db'
fruits_db
21:34:04,802 [ test-runner:run-tests-983 @ target-host ] for-each: ITERATION = 8
21:34:04,802 [ test-runner:run-tests-983 @ target-host ] set-state: LOG_FILE /home/zakkak/spring-quarkus-perf-comparison/logs/load-test-quarkus3-native-8.log
21:34:05,213 [ test-runner:run-tests-983 @ target-host ] touch /home/zakkak/spring-quarkus-perf-comparison/logs/load-test-quarkus3-native-8.log
21:34:05,214 [ test-runner:run-tests-983 @ target-host ] queue-download: ${{REPO_DIR}}/logs/wrk-warmup-${{RUNTIME.name}}-${{ITERATION}}.log=/home/zakkak/spring-quarkus-perf-comparison/logs/wrk-warmup-quarkus3-native-8.log ../../20260311/run-time-initialize-resource-bundles/target-host/
21:34:05,214 [ test-runner:run-tests-983 @ target-host ] queue-download: ${{LOG_FILE}}=/home/zakkak/spring-quarkus-perf-comparison/logs/load-test-quarkus3-native-8.log ../../20260311/run-time-initialize-resource-bundles/target-host/
21:34:05,214 [ test-runner:run-tests-983 @ target-host ] queue-download: ${{REPO_DIR}}/logs/wrk-${{RUNTIME.name}}-${{ITERATION}}.log=/home/zakkak/spring-quarkus-perf-comparison/logs/wrk-quarkus3-native-8.log ../../20260311/run-time-initialize-resource-bundles/target-host/
21:34:05,214 [ test-runner:run-tests-983 @ target-host ] script-cmd: start-test-services
21:34:05,214 [ test-runner:run-tests-983 @ target-host ] start-test-services
21:34:16,297 [ test-runner:run-tests-983 @ target-host ] /home/zakkak/spring-quarkus-perf-comparison/spring-quarkus-perf-comparison/scripts/infra.sh -c 3 -p '4-6' -s
Using podman to start containers
-----------------------------------------
[03/11/2026 21:34:05]: Starting services
-----------------------------------------
Starting PostgreSQL database 'fruits_db'
PostgreSQL DB process: 1a46ce0e5f9b8d826a24ae4eb2ea2b697ad6cbcd7bc43e1518d228708085cfa5
Waiting for PostgreSQL to be ready...
localhost:5432 - no response
localhost:5432 - no response
localhost:5432 - accepting connections
21:34:16,297 [ test-runner:run-tests-983 @ target-host ] script-cmd: sync-drop-fs-cache
21:34:16,297 [ test-runner:run-tests-983 @ target-host ] sync-drop-fs-cache
21:34:16,297 [ test-runner:run-tests-983 @ target-host ] read-state: true
21:34:16,297 [ test-runner:run-tests-983 @ target-host ] regex: true
21:34:16,780 [ test-runner:run-tests-983 @ target-host ] sync
21:34:16,780 [ test-runner:run-tests-983 @ target-host ] script-cmd: sync-drop-fs-cache-${{os}}
21:34:16,780 [ test-runner:run-tests-983 @ target-host ] sync-drop-fs-cache-linux
21:34:16,780 [ test-runner:run-tests-983 @ target-host ] script-cmd: sudo
21:34:16,780 [ test-runner:run-tests-983 @ target-host ] sudo
21:34:16,780 [ test-runner:run-tests-983 @ target-host ] script-cmd: sudo-${{os}}
21:34:16,780 [ test-runner:run-tests-983 @ target-host ] sudo-linux
21:34:17,571 [ test-runner:run-tests-983 @ target-host ] sudo sh -c "echo 3 > /proc/sys/vm/drop_caches"
]3008;start=35cd7f865c8542198239399785df1d08;user=zakkak;hostname=blanc;machineid=f469a615e9ef4e81b7d5be080a5de373;bootid=0e917e08584a49cb891ef04366e00ace;pid=399013;pidfdid=399014;comm=sudo;targetuser=root;sessionid=c380;type=session\]3008;end=35cd7f865c8542198239399785df1d08\
21:34:17,572 [ test-runner:run-tests-983 @ target-host ] set-signal: LOAD_STEADY_STATE_START 1
21:34:17,572 [ test-runner:run-tests-983 @ target-host ] set-signal: LOG_REGEX_REACHED 1
21:34:17,975 [ test-runner:run-tests-983 @ target-host ] taskset --cpu-list 0-3 /home/zakkak/spring-quarkus-perf-comparison/spring-quarkus-perf-comparison/quarkus3/target/quarkus3-runner  &>/home/zakkak/spring-quarkus-perf-comparison/logs/load-test-quarkus3-native-8.log &
[1] 399040
21:34:18,376 [ test-runner:run-tests-983 @ target-host ] PID=$!
21:34:18,777 [ test-runner:run-tests-983 @ target-host ] echo $PID
399040
21:34:18,777 [ test-runner:run-tests-983 @ target-host ] set-state: JVM_PID 399040
21:34:18,778 [ test-runner:run-tests-983 @ target-host ] script-cmd: monitor-processes
21:34:18,778 [ test-runner:run-tests-983 @ target-host ] monitor-processes
21:34:18,778 [ test-runner:run-tests-983 @ target-host ] set-signal: LOAD_TEST_COMPLETE 1
21:34:19,231 [ test-runner:run-tests-983 @ target-host ] script-cmd: monitor-process
21:34:19,231 [ :monitor-process-2650 @ target-host ] monitor-process
21:34:19,232 [ :monitor-process-2650 @ target-host ] queue-download: ${{log_file}}=/home/zakkak/spring-quarkus-perf-comparison/logs/pidstat-quarkus3-native-8.log ../../20260311/run-time-initialize-resource-bundles/target-host/
21:34:19,605 [ test-runner:run-tests-983 @ target-host ] script-cmd: monitor-process
21:34:19,606 [ :monitor-process-2658 @ target-host ] monitor-process
21:34:19,606 [ :monitor-process-2658 @ target-host ] queue-download: ${{log_file}}=/home/zakkak/spring-quarkus-perf-comparison/logs/mpstat-quarkus3-native-8.log ../../20260311/run-time-initialize-resource-bundles/target-host/
21:34:19,734 [ :monitor-process-2650 @ target-host ] taskset --cpu-list 11 pidstat -u -p 399040 1 &>/home/zakkak/spring-quarkus-perf-comparison/logs/pidstat-quarkus3-native-8.log &
[1] 399144
21:34:19,979 [ test-runner:run-tests-983 @ target-host ] script-cmd: monitor-process
21:34:19,979 [ test-runner:run-tests-983 @ target-host ] script-cmd: monitor-postgres
21:34:19,979 [ test-runner:run-tests-983 @ target-host ] monitor-postgres
21:34:19,979 [ :monitor-process-2667 @ target-host ] monitor-process
21:34:19,979 [ :monitor-process-2667 @ target-host ] queue-download: ${{log_file}}=/home/zakkak/spring-quarkus-perf-comparison/logs/vmstat-quarkus3-native-8.log ../../20260311/run-time-initialize-resource-bundles/target-host/
21:34:20,108 [ :monitor-process-2658 @ target-host ] taskset --cpu-list 11 mpstat -P ALL 1 &>/home/zakkak/spring-quarkus-perf-comparison/logs/mpstat-quarkus3-native-8.log &
[1] 399227
21:34:20,136 [ :monitor-process-2650 @ target-host ] PROCESS_PID=$!
21:34:20,381 [ :monitor-process-2667 @ target-host ] taskset --cpu-list 11 vmstat 1 &>/home/zakkak/spring-quarkus-perf-comparison/logs/vmstat-quarkus3-native-8.log &
[1] 399328
21:34:20,419 [ test-runner:run-tests-983 @ target-host ] POSTGRES_PID=$(/home/zakkak/spring-quarkus-perf-comparison/spring-quarkus-perf-comparison/scripts/infra.sh -r)
21:34:20,510 [ :monitor-process-2658 @ target-host ] PROCESS_PID=$!
21:34:20,537 [ :monitor-process-2650 @ target-host ] echo $PROCESS_PID
399144
21:34:20,537 [ :monitor-process-2650 @ target-host ] set-state: PROCESS_PID 399144
21:34:20,783 [ :monitor-process-2667 @ target-host ] PROCESS_PID=$!
21:34:20,821 [ test-runner:run-tests-983 @ target-host ] echo $POSTGRES_PID
398744
21:34:20,821 [ test-runner:run-tests-983 @ target-host ] set-state: POSTGRES_PID 398744
21:34:20,911 [ :monitor-process-2658 @ target-host ] echo $PROCESS_PID
399227
21:34:20,911 [ :monitor-process-2658 @ target-host ] set-state: PROCESS_PID 399227
21:34:21,184 [ :monitor-process-2667 @ target-host ] echo $PROCESS_PID
399328
21:34:21,184 [ :monitor-process-2667 @ target-host ] set-state: PROCESS_PID 399328
21:34:21,196 [ test-runner:run-tests-983 @ target-host ] script-cmd: monitor-process
21:34:21,196 [ test-runner:run-tests-983 @ target-host ] JVM_PID = 399040
21:34:21,196 [ :monitor-process-2683 @ target-host ] monitor-process
21:34:21,196 [ test-runner:run-tests-983 @ target-host ] read-state: none
21:34:21,196 [ :monitor-process-2683 @ target-host ] queue-download: ${{log_file}}=/home/zakkak/spring-quarkus-perf-comparison/logs/postgres-pidstat-quarkus3-native-8.log ../../20260311/run-time-initialize-resource-bundles/target-host/
21:34:21,567 [ test-runner:run-tests-983 @ target-host ] script-cmd: watch-log
21:34:21,567 [ :watch-log-2692 @ target-host ] watch-log
21:34:21,577 [ :watch-log-2692 @ target-host ] regex: ${{log_regex}}
21:34:21,577 [ :watch-log-2692 @ target-host ] ctrlC
21:34:21,578 [ :watch-log-2692 @ target-host ] reached LOG_REGEX_REACHED
21:34:21,578 [ test-runner:run-tests-983 @ target-host ] wait-for: LOG_REGEX_REACHED
21:34:21,578 [ :watch-log-2692 @ target-host ] signal: LOG_REGEX_REACHED
21:34:21,700 [ :monitor-process-2683 @ target-host ] taskset --cpu-list 11 pidstat -u -p $(pgrep -d , -P 398744) 1 &>/home/zakkak/spring-quarkus-perf-comparison/logs/postgres-pidstat-quarkus3-native-8.log &
[1] 399442
21:34:21,979 [ :watch-log-2692 @ target-host ] tail -f /home/zakkak/spring-quarkus-perf-comparison/logs/load-test-quarkus3-native-8.log
__  ____  __  _____   ___  __ ____  ______ 
 --/ __ \/ / / / _ | / _ \/ //_/ / / / __/ 
 -/ /_/ / /_/ / __ |/ , _/ ,< / /_/ /\ \   
--\___\_\____/_/ |_/_/|_/_/|_|\____/___/   
2026-03-11 21:34:17,717 INFO  [io.quarkus] (main) quarkus3 1.0 native (powered by Quarkus 999-SNAPSHOT) started in 0.078s. Listening on: http://0.0.0.0:8080
2026-03-11 21:34:17,717 INFO  [io.quarkus] (main) Profile prod activated. 
2026-03-11 21:34:17,717 INFO  [io.quarkus] (main) Installed features: [agroal, cdi, config-yaml, hibernate-orm, hibernate-orm-panache, hibernate-validator, jdbc-postgresql, narayana-jta, rest, rest-jackson, smallrye-context-propagation, smallrye-health, vertx]
21:34:22,101 [ :monitor-process-2683 @ target-host ] PROCESS_PID=$!
21:34:22,503 [ :monitor-process-2683 @ target-host ] echo $PROCESS_PID
399442
21:34:22,503 [ :monitor-process-2683 @ target-host ] set-state: PROCESS_PID 399442
21:36:31,467 [ test-runner:run-tests-983 @ target-host ] taskset --cpu-list 7-9 jbang -R -XX:+UseNUMA wrk@hyperfoil -t 2 -c 100 -d 2m --timeout 2m http://localhost:8080/fruits 2>&1 >/home/zakkak/spring-quarkus-perf-comparison/logs/wrk-warmup-quarkus3-native-8.log
21:37:01,467 [ test-runner:run-tests-983 @ target-host ] sleep: 30s
21:37:01,468 [ :monitor-process-2658 @ target-host ] reached LOAD_STEADY_STATE_START
21:37:01,468 [ test-runner:run-tests-983 @ target-host ] signal: LOAD_STEADY_STATE_START
21:37:41,106 [ test-runner:run-tests-983 @ target-host ] taskset --cpu-list 7-9 jbang -R -XX:+UseNUMA wrk@hyperfoil -t 2 -c 100 -d 30s --timeout 30s http://localhost:8080/fruits 2>&1 >/home/zakkak/spring-quarkus-perf-comparison/logs/wrk-quarkus3-native-8.log
21:37:41,522 [ test-runner:run-tests-983 @ target-host ] cat /home/zakkak/spring-quarkus-perf-comparison/logs/wrk-quarkus3-native-8.log | grep "Requests/sec" | awk '{print $2}'
16291.86
21:37:41,522 [ test-runner:run-tests-983 @ target-host ] set-state: THROUGHPUT 16291.86
21:37:41,522 [ test-runner:run-tests-983 @ target-host ] script-cmd: state-array-push
21:37:41,522 [ test-runner:run-tests-983 @ target-host ] state-array-push
21:37:41,575 [ test-runner:run-tests-983 @ target-host ] set-state: RUN.output.results.quarkus3-native.load.throughput [15917.47,16256.07,15984.21,15899.9,16325.73,16270.38,15948.87,16232.52,16291.86]
21:37:41,979 [ test-runner:run-tests-983 @ target-host ] cat /home/zakkak/spring-quarkus-perf-comparison/logs/wrk-quarkus3-native-8.log | grep "Socket errors:" | sed -E 's/.*connectionErrors ([0-9]+).*/\1/'
21:37:41,980 [ test-runner:run-tests-983 @ target-host ] regex: ^$
21:37:41,980 [ test-runner:run-tests-983 @ target-host ] set-state: CONNECTION_ERRORS 0
21:37:41,980 [ test-runner:run-tests-983 @ target-host ] script-cmd: state-array-push
21:37:41,980 [ test-runner:run-tests-983 @ target-host ] state-array-push
21:37:42,016 [ test-runner:run-tests-983 @ target-host ] set-state: RUN.output.results.quarkus3-native.load.connectionErrors [0,0,0,0,0,0,0,0,0]
21:37:42,419 [ test-runner:run-tests-983 @ target-host ] cat /home/zakkak/spring-quarkus-perf-comparison/logs/wrk-quarkus3-native-8.log | grep "Socket errors:" | sed -E 's/.*requestTimeouts ([0-9]+)/\1/'
21:37:42,419 [ test-runner:run-tests-983 @ target-host ] regex: ^$
21:37:42,419 [ test-runner:run-tests-983 @ target-host ] set-state: REQUEST_TIMEOUTS 0
21:37:42,419 [ test-runner:run-tests-983 @ target-host ] script-cmd: state-array-push
21:37:42,419 [ test-runner:run-tests-983 @ target-host ] state-array-push
21:37:42,458 [ test-runner:run-tests-983 @ target-host ] set-state: RUN.output.results.quarkus3-native.load.requestTimeouts [0,0,0,0,0,0,0,0,0]
21:37:42,875 [ test-runner:run-tests-983 @ target-host ] pmap -x $PID | grep total | awk '{print $4}'
160056
21:37:42,875 [ test-runner:run-tests-983 @ target-host ] set-state: RSS 160056
21:37:42,894 [ test-runner:run-tests-983 @ target-host ] script-cmd: state-array-push
21:37:42,894 [ test-runner:run-tests-983 @ target-host ] state-array-push
21:37:42,933 [ test-runner:run-tests-983 @ target-host ] set-state: RUN.output.results.quarkus3-native.load.rss [158.8046875,159.58984375,156.63671875,158.3203125,158.41796875,157.796875,153.703125,156.12890625,156.3046875]
21:37:42,952 [ test-runner:run-tests-983 @ target-host ] script-cmd: state-array-push
21:37:42,952 [ test-runner:run-tests-983 @ target-host ] state-array-push
21:37:42,989 [ test-runner:run-tests-983 @ target-host ] set-state: RUN.output.results.quarkus3-native.load.throughputDensity [100.23299847493482,101.86155721453922,102.04637921145165,100.42867999013076,103.05478683269634,103.10964649965342,103.76412320829522,103.96870374540269,104.23142300194932]
21:37:42,990 [ test-runner:run-tests-983 @ target-host ] reached LOAD_TEST_COMPLETE
21:37:42,990 [ :monitor-process-2650 @ target-host ] wait-for: LOAD_TEST_COMPLETE
21:37:42,990 [ :monitor-process-2658 @ target-host ] wait-for: LOAD_TEST_COMPLETE
21:37:42,990 [ :monitor-process-2667 @ target-host ] wait-for: LOAD_TEST_COMPLETE
21:37:42,990 [ :monitor-process-2683 @ target-host ] wait-for: LOAD_TEST_COMPLETE
21:37:42,990 [ test-runner:run-tests-983 @ target-host ] signal: LOAD_TEST_COMPLETE
21:37:43,391 [ :monitor-process-2683 @ target-host ] kill -15 $PROCESS_PID
bash: kill: (399442) - No such process
21:37:43,392 [ :monitor-process-2650 @ target-host ] kill -15 $PROCESS_PID
bash: kill: (399144) - No such process
21:37:43,392 [ :monitor-process-2658 @ target-host ] kill -15 $PROCESS_PID
bash: kill: (399227) - No such process
21:37:43,491 [ test-runner:run-tests-983 @ target-host ] kill -15 $PID
21:37:43,492 [ :monitor-process-2667 @ target-host ] kill -15 $PROCESS_PID
21:37:45,902 [ test-runner:run-tests-983 @ target-host ] sleep 2
21:37:45,902 [ test-runner:run-tests-983 @ target-host ] script-cmd: stop-test-services
21:37:45,903 [ test-runner:run-tests-983 @ target-host ] stop-test-services
21:37:46,555 [ test-runner:run-tests-983 @ target-host ] /home/zakkak/spring-quarkus-perf-comparison/spring-quarkus-perf-comparison/scripts/infra.sh -d
Using podman to stop containers
-----------------------------------------
[03/11/2026 21:37:45]: Stopping services
-----------------------------------------
Stopping PostgreSQL database 'fruits_db'
fruits_db
21:37:46,616 [ test-runner:run-tests-983 @ target-host ] for-each: ITERATION = 9
21:37:46,617 [ test-runner:run-tests-983 @ target-host ] set-state: LOG_FILE /home/zakkak/spring-quarkus-perf-comparison/logs/load-test-quarkus3-native-9.log
21:37:47,029 [ test-runner:run-tests-983 @ target-host ] touch /home/zakkak/spring-quarkus-perf-comparison/logs/load-test-quarkus3-native-9.log
21:37:47,029 [ test-runner:run-tests-983 @ target-host ] queue-download: ${{REPO_DIR}}/logs/wrk-warmup-${{RUNTIME.name}}-${{ITERATION}}.log=/home/zakkak/spring-quarkus-perf-comparison/logs/wrk-warmup-quarkus3-native-9.log ../../20260311/run-time-initialize-resource-bundles/target-host/
21:37:47,029 [ test-runner:run-tests-983 @ target-host ] queue-download: ${{LOG_FILE}}=/home/zakkak/spring-quarkus-perf-comparison/logs/load-test-quarkus3-native-9.log ../../20260311/run-time-initialize-resource-bundles/target-host/
21:37:47,029 [ test-runner:run-tests-983 @ target-host ] queue-download: ${{REPO_DIR}}/logs/wrk-${{RUNTIME.name}}-${{ITERATION}}.log=/home/zakkak/spring-quarkus-perf-comparison/logs/wrk-quarkus3-native-9.log ../../20260311/run-time-initialize-resource-bundles/target-host/
21:37:47,029 [ test-runner:run-tests-983 @ target-host ] script-cmd: start-test-services
21:37:47,029 [ test-runner:run-tests-983 @ target-host ] start-test-services
21:37:58,114 [ test-runner:run-tests-983 @ target-host ] /home/zakkak/spring-quarkus-perf-comparison/spring-quarkus-perf-comparison/scripts/infra.sh -c 3 -p '4-6' -s
Using podman to start containers
-----------------------------------------
[03/11/2026 21:37:47]: Starting services
-----------------------------------------
Starting PostgreSQL database 'fruits_db'
PostgreSQL DB process: 8c184bba4e0802d85a530e7a0a3221abd5258f1f33eec172d4726f74e19e8ca7
Waiting for PostgreSQL to be ready...
localhost:5432 - no response
localhost:5432 - no response
localhost:5432 - accepting connections
21:37:58,115 [ test-runner:run-tests-983 @ target-host ] script-cmd: sync-drop-fs-cache
21:37:58,115 [ test-runner:run-tests-983 @ target-host ] sync-drop-fs-cache
21:37:58,115 [ test-runner:run-tests-983 @ target-host ] read-state: true
21:37:58,115 [ test-runner:run-tests-983 @ target-host ] regex: true
21:37:58,698 [ test-runner:run-tests-983 @ target-host ] sync
21:37:58,698 [ test-runner:run-tests-983 @ target-host ] script-cmd: sync-drop-fs-cache-${{os}}
21:37:58,698 [ test-runner:run-tests-983 @ target-host ] sync-drop-fs-cache-linux
21:37:58,698 [ test-runner:run-tests-983 @ target-host ] script-cmd: sudo
21:37:58,698 [ test-runner:run-tests-983 @ target-host ] sudo
21:37:58,699 [ test-runner:run-tests-983 @ target-host ] script-cmd: sudo-${{os}}
21:37:58,699 [ test-runner:run-tests-983 @ target-host ] sudo-linux
21:37:59,490 [ test-runner:run-tests-983 @ target-host ] sudo sh -c "echo 3 > /proc/sys/vm/drop_caches"
]3008;start=4724ca4dec5f46998259d17f015b40a6;user=zakkak;hostname=blanc;machineid=f469a615e9ef4e81b7d5be080a5de373;bootid=0e917e08584a49cb891ef04366e00ace;pid=400843;pidfdid=400844;comm=sudo;targetuser=root;sessionid=c381;type=session\]3008;end=4724ca4dec5f46998259d17f015b40a6\
21:37:59,492 [ test-runner:run-tests-983 @ target-host ] set-signal: LOAD_STEADY_STATE_START 1
21:37:59,493 [ test-runner:run-tests-983 @ target-host ] set-signal: LOG_REGEX_REACHED 1
21:37:59,895 [ test-runner:run-tests-983 @ target-host ] taskset --cpu-list 0-3 /home/zakkak/spring-quarkus-perf-comparison/spring-quarkus-perf-comparison/quarkus3/target/quarkus3-runner  &>/home/zakkak/spring-quarkus-perf-comparison/logs/load-test-quarkus3-native-9.log &
[1] 400873
21:38:00,296 [ test-runner:run-tests-983 @ target-host ] PID=$!
21:38:00,698 [ test-runner:run-tests-983 @ target-host ] echo $PID
400873
21:38:00,698 [ test-runner:run-tests-983 @ target-host ] set-state: JVM_PID 400873
21:38:00,698 [ test-runner:run-tests-983 @ target-host ] script-cmd: monitor-processes
21:38:00,698 [ test-runner:run-tests-983 @ target-host ] monitor-processes
21:38:00,698 [ test-runner:run-tests-983 @ target-host ] set-signal: LOAD_TEST_COMPLETE 1
21:38:01,136 [ test-runner:run-tests-983 @ target-host ] script-cmd: monitor-process
21:38:01,136 [ :monitor-process-2743 @ target-host ] monitor-process
21:38:01,145 [ :monitor-process-2743 @ target-host ] queue-download: ${{log_file}}=/home/zakkak/spring-quarkus-perf-comparison/logs/pidstat-quarkus3-native-9.log ../../20260311/run-time-initialize-resource-bundles/target-host/
21:38:01,511 [ test-runner:run-tests-983 @ target-host ] script-cmd: monitor-process
21:38:01,511 [ :monitor-process-2751 @ target-host ] monitor-process
21:38:01,511 [ :monitor-process-2751 @ target-host ] queue-download: ${{log_file}}=/home/zakkak/spring-quarkus-perf-comparison/logs/mpstat-quarkus3-native-9.log ../../20260311/run-time-initialize-resource-bundles/target-host/
21:38:01,647 [ :monitor-process-2743 @ target-host ] taskset --cpu-list 11 pidstat -u -p 400873 1 &>/home/zakkak/spring-quarkus-perf-comparison/logs/pidstat-quarkus3-native-9.log &
[1] 400996
21:38:01,886 [ test-runner:run-tests-983 @ target-host ] script-cmd: monitor-process
21:38:01,886 [ test-runner:run-tests-983 @ target-host ] script-cmd: monitor-postgres
21:38:01,886 [ test-runner:run-tests-983 @ target-host ] monitor-postgres
21:38:01,886 [ :monitor-process-2760 @ target-host ] monitor-process
21:38:01,886 [ :monitor-process-2760 @ target-host ] queue-download: ${{log_file}}=/home/zakkak/spring-quarkus-perf-comparison/logs/vmstat-quarkus3-native-9.log ../../20260311/run-time-initialize-resource-bundles/target-host/
21:38:02,014 [ :monitor-process-2751 @ target-host ] taskset --cpu-list 11 mpstat -P ALL 1 &>/home/zakkak/spring-quarkus-perf-comparison/logs/mpstat-quarkus3-native-9.log &
[1] 401075
21:38:02,049 [ :monitor-process-2743 @ target-host ] PROCESS_PID=$!
21:38:02,288 [ :monitor-process-2760 @ target-host ] taskset --cpu-list 11 vmstat 1 &>/home/zakkak/spring-quarkus-perf-comparison/logs/vmstat-quarkus3-native-9.log &
[1] 401158
21:38:02,328 [ test-runner:run-tests-983 @ target-host ] POSTGRES_PID=$(/home/zakkak/spring-quarkus-perf-comparison/spring-quarkus-perf-comparison/scripts/infra.sh -r)
21:38:02,415 [ :monitor-process-2751 @ target-host ] PROCESS_PID=$!
21:38:02,450 [ :monitor-process-2743 @ target-host ] echo $PROCESS_PID
400996
21:38:02,450 [ :monitor-process-2743 @ target-host ] set-state: PROCESS_PID 400996
21:38:02,690 [ :monitor-process-2760 @ target-host ] PROCESS_PID=$!
21:38:02,730 [ test-runner:run-tests-983 @ target-host ] echo $POSTGRES_PID
400575
21:38:02,730 [ test-runner:run-tests-983 @ target-host ] set-state: POSTGRES_PID 400575
21:38:02,817 [ :monitor-process-2751 @ target-host ] echo $PROCESS_PID
401075
21:38:02,817 [ :monitor-process-2751 @ target-host ] set-state: PROCESS_PID 401075
21:38:03,091 [ :monitor-process-2760 @ target-host ] echo $PROCESS_PID
401158
21:38:03,091 [ :monitor-process-2760 @ target-host ] set-state: PROCESS_PID 401158
21:38:03,105 [ test-runner:run-tests-983 @ target-host ] script-cmd: monitor-process
21:38:03,105 [ :monitor-process-2776 @ target-host ] monitor-process
21:38:03,105 [ test-runner:run-tests-983 @ target-host ] JVM_PID = 400873
21:38:03,105 [ :monitor-process-2776 @ target-host ] queue-download: ${{log_file}}=/home/zakkak/spring-quarkus-perf-comparison/logs/postgres-pidstat-quarkus3-native-9.log ../../20260311/run-time-initialize-resource-bundles/target-host/
21:38:03,105 [ test-runner:run-tests-983 @ target-host ] read-state: none
21:38:03,477 [ test-runner:run-tests-983 @ target-host ] script-cmd: watch-log
21:38:03,478 [ :watch-log-2785 @ target-host ] watch-log
21:38:03,488 [ :watch-log-2785 @ target-host ] regex: ${{log_regex}}
21:38:03,488 [ :watch-log-2785 @ target-host ] ctrlC
21:38:03,488 [ :watch-log-2785 @ target-host ] reached LOG_REGEX_REACHED
21:38:03,488 [ test-runner:run-tests-983 @ target-host ] wait-for: LOG_REGEX_REACHED
21:38:03,488 [ :watch-log-2785 @ target-host ] signal: LOG_REGEX_REACHED
21:38:03,607 [ :monitor-process-2776 @ target-host ] taskset --cpu-list 11 pidstat -u -p $(pgrep -d , -P 400575) 1 &>/home/zakkak/spring-quarkus-perf-comparison/logs/postgres-pidstat-quarkus3-native-9.log &
[1] 401274
21:38:03,889 [ :watch-log-2785 @ target-host ] tail -f /home/zakkak/spring-quarkus-perf-comparison/logs/load-test-quarkus3-native-9.log
__  ____  __  _____   ___  __ ____  ______ 
 --/ __ \/ / / / _ | / _ \/ //_/ / / / __/ 
 -/ /_/ / /_/ / __ |/ , _/ ,< / /_/ /\ \   
--\___\_\____/_/ |_/_/|_/_/|_|\____/___/   
2026-03-11 21:37:59,638 INFO  [io.quarkus] (main) quarkus3 1.0 native (powered by Quarkus 999-SNAPSHOT) started in 0.078s. Listening on: http://0.0.0.0:8080
2026-03-11 21:37:59,638 INFO  [io.quarkus] (main) Profile prod activated. 
2026-03-11 21:37:59,638 INFO  [io.quarkus] (main) Installed features: [agroal, cdi, config-yaml, hibernate-orm, hibernate-orm-panache, hibernate-validator, jdbc-postgresql, narayana-jta, rest, rest-jackson, smallrye-context-propagation, smallrye-health, vertx]
21:38:04,009 [ :monitor-process-2776 @ target-host ] PROCESS_PID=$!
21:38:04,410 [ :monitor-process-2776 @ target-host ] echo $PROCESS_PID
401274
21:38:04,410 [ :monitor-process-2776 @ target-host ] set-state: PROCESS_PID 401274
21:40:13,394 [ test-runner:run-tests-983 @ target-host ] taskset --cpu-list 7-9 jbang -R -XX:+UseNUMA wrk@hyperfoil -t 2 -c 100 -d 2m --timeout 2m http://localhost:8080/fruits 2>&1 >/home/zakkak/spring-quarkus-perf-comparison/logs/wrk-warmup-quarkus3-native-9.log
21:40:43,395 [ test-runner:run-tests-983 @ target-host ] sleep: 30s
21:40:43,395 [ :monitor-process-2760 @ target-host ] reached LOAD_STEADY_STATE_START
21:40:43,395 [ test-runner:run-tests-983 @ target-host ] signal: LOAD_STEADY_STATE_START
21:41:23,086 [ test-runner:run-tests-983 @ target-host ] taskset --cpu-list 7-9 jbang -R -XX:+UseNUMA wrk@hyperfoil -t 2 -c 100 -d 30s --timeout 30s http://localhost:8080/fruits 2>&1 >/home/zakkak/spring-quarkus-perf-comparison/logs/wrk-quarkus3-native-9.log
21:41:23,503 [ test-runner:run-tests-983 @ target-host ] cat /home/zakkak/spring-quarkus-perf-comparison/logs/wrk-quarkus3-native-9.log | grep "Requests/sec" | awk '{print $2}'
16310.86
21:41:23,503 [ test-runner:run-tests-983 @ target-host ] set-state: THROUGHPUT 16310.86
21:41:23,503 [ test-runner:run-tests-983 @ target-host ] script-cmd: state-array-push
21:41:23,503 [ test-runner:run-tests-983 @ target-host ] state-array-push
21:41:23,554 [ test-runner:run-tests-983 @ target-host ] set-state: RUN.output.results.quarkus3-native.load.throughput [15917.47,16256.07,15984.21,15899.9,16325.73,16270.38,15948.87,16232.52,16291.86,16310.86]
21:41:23,958 [ test-runner:run-tests-983 @ target-host ] cat /home/zakkak/spring-quarkus-perf-comparison/logs/wrk-quarkus3-native-9.log | grep "Socket errors:" | sed -E 's/.*connectionErrors ([0-9]+).*/\1/'
21:41:23,958 [ test-runner:run-tests-983 @ target-host ] regex: ^$
21:41:23,958 [ test-runner:run-tests-983 @ target-host ] set-state: CONNECTION_ERRORS 0
21:41:23,958 [ test-runner:run-tests-983 @ target-host ] script-cmd: state-array-push
21:41:23,958 [ test-runner:run-tests-983 @ target-host ] state-array-push
21:41:23,995 [ test-runner:run-tests-983 @ target-host ] set-state: RUN.output.results.quarkus3-native.load.connectionErrors [0,0,0,0,0,0,0,0,0,0]
21:41:24,398 [ test-runner:run-tests-983 @ target-host ] cat /home/zakkak/spring-quarkus-perf-comparison/logs/wrk-quarkus3-native-9.log | grep "Socket errors:" | sed -E 's/.*requestTimeouts ([0-9]+)/\1/'
21:41:24,398 [ test-runner:run-tests-983 @ target-host ] regex: ^$
21:41:24,398 [ test-runner:run-tests-983 @ target-host ] set-state: REQUEST_TIMEOUTS 0
21:41:24,398 [ test-runner:run-tests-983 @ target-host ] script-cmd: state-array-push
21:41:24,398 [ test-runner:run-tests-983 @ target-host ] state-array-push
21:41:24,431 [ test-runner:run-tests-983 @ target-host ] set-state: RUN.output.results.quarkus3-native.load.requestTimeouts [0,0,0,0,0,0,0,0,0,0]
21:41:24,842 [ test-runner:run-tests-983 @ target-host ] pmap -x $PID | grep total | awk '{print $4}'
158248
21:41:24,842 [ test-runner:run-tests-983 @ target-host ] set-state: RSS 158248
21:41:24,861 [ test-runner:run-tests-983 @ target-host ] script-cmd: state-array-push
21:41:24,861 [ test-runner:run-tests-983 @ target-host ] state-array-push
21:41:24,907 [ test-runner:run-tests-983 @ target-host ] set-state: RUN.output.results.quarkus3-native.load.rss [158.8046875,159.58984375,156.63671875,158.3203125,158.41796875,157.796875,153.703125,156.12890625,156.3046875,154.5390625]
21:41:24,924 [ test-runner:run-tests-983 @ target-host ] script-cmd: state-array-push
21:41:24,925 [ test-runner:run-tests-983 @ target-host ] state-array-push
21:41:24,961 [ test-runner:run-tests-983 @ target-host ] set-state: RUN.output.results.quarkus3-native.load.throughputDensity [100.23299847493482,101.86155721453922,102.04637921145165,100.42867999013076,103.05478683269634,103.10964649965342,103.76412320829522,103.96870374540269,104.23142300194932,105.54522420504524]
21:41:24,961 [ test-runner:run-tests-983 @ target-host ] reached LOAD_TEST_COMPLETE
21:41:24,961 [ :monitor-process-2743 @ target-host ] wait-for: LOAD_TEST_COMPLETE
21:41:24,961 [ :monitor-process-2751 @ target-host ] wait-for: LOAD_TEST_COMPLETE
21:41:24,961 [ :monitor-process-2760 @ target-host ] wait-for: LOAD_TEST_COMPLETE
21:41:24,961 [ :monitor-process-2776 @ target-host ] wait-for: LOAD_TEST_COMPLETE
21:41:24,961 [ test-runner:run-tests-983 @ target-host ] signal: LOAD_TEST_COMPLETE
21:41:25,363 [ :monitor-process-2751 @ target-host ] kill -15 $PROCESS_PID
bash: kill: (401075) - No such process
21:41:25,363 [ :monitor-process-2776 @ target-host ] kill -15 $PROCESS_PID
bash: kill: (401274) - No such process
21:41:25,363 [ :monitor-process-2743 @ target-host ] kill -15 $PROCESS_PID
bash: kill: (400996) - No such process
21:41:25,463 [ test-runner:run-tests-983 @ target-host ] kill -15 $PID
21:41:25,463 [ :monitor-process-2760 @ target-host ] kill -15 $PROCESS_PID
21:41:27,867 [ test-runner:run-tests-983 @ target-host ] sleep 2
21:41:27,867 [ test-runner:run-tests-983 @ target-host ] script-cmd: stop-test-services
21:41:27,867 [ test-runner:run-tests-983 @ target-host ] stop-test-services
21:41:28,529 [ test-runner:run-tests-983 @ target-host ] /home/zakkak/spring-quarkus-perf-comparison/spring-quarkus-perf-comparison/scripts/infra.sh -d
Using podman to stop containers
-----------------------------------------
[03/11/2026 21:41:27]: Stopping services
-----------------------------------------
Stopping PostgreSQL database 'fruits_db'
fruits_db
21:41:28,583 [ test-runner:run-tests-983 @ target-host ] for-each: ITERATION
21:41:28,583 [ test-runner:run-tests-983 @ target-host ] script-cmd: state-array-calc-avg
21:41:28,583 [ test-runner:run-tests-983 @ target-host ] state-array-calc-avg
21:41:28,641 [ test-runner:run-tests-983 @ target-host ] set-state: RUN.output.results.quarkus3-native.load.avThroughput 16143.787
21:41:28,641 [ test-runner:run-tests-983 @ target-host ] script-cmd: state-array-calc-avg
21:41:28,641 [ test-runner:run-tests-983 @ target-host ] state-array-calc-avg
21:41:28,685 [ test-runner:run-tests-983 @ target-host ] set-state: RUN.output.results.quarkus3-native.load.avMaxRss 157.02421875
21:41:28,685 [ test-runner:run-tests-983 @ target-host ] script-cmd: state-array-calc-max
21:41:28,685 [ test-runner:run-tests-983 @ target-host ] state-array-calc-max
21:41:28,736 [ test-runner:run-tests-983 @ target-host ] set-state: RUN.output.results.quarkus3-native.load.maxThroughputDensity 105.54522420504524
21:41:28,736 [ test-runner:run-tests-983 @ target-host ] script-cmd: state-array-calc-avg
21:41:28,736 [ test-runner:run-tests-983 @ target-host ] state-array-calc-avg
21:41:28,773 [ test-runner:run-tests-983 @ target-host ] set-state: RUN.output.results.quarkus3-native.load.avConnectionErrors 0
21:41:28,773 [ test-runner:run-tests-983 @ target-host ] script-cmd: state-array-calc-avg
21:41:28,773 [ test-runner:run-tests-983 @ target-host ] state-array-calc-avg
21:41:28,812 [ test-runner:run-tests-983 @ target-host ] set-state: RUN.output.results.quarkus3-native.load.avRequestTimeouts 0
21:41:28,813 [ test-runner:run-tests-983 @ target-host ] for-each: TEST
21:41:28,813 [ test-runner:run-tests-983 @ target-host ] for-each: RUNTIME
21:41:29,248 [ test-runner:cleanup-2817 @ target-host ] cleanup
21:41:29,248 [ test-runner:cleanup-2817 @ target-host ] script-cmd: stop-timestamp
21:41:29,248 [ test-runner:cleanup-2817 @ target-host ] stop-timestamp
21:41:29,650 [ test-runner:cleanup-2817 @ target-host ] date -u +%FT%TZ
2026-03-11T19:41:29Z
21:41:29,650 [ test-runner:cleanup-2817 @ target-host ] set-state: RUN.output.timing.stop 2026-03-11T19:41:29Z
21:41:29,650 [ test-runner:cleanup-2817 @ target-host ] script-cmd: download-metrics
21:41:29,650 [ test-runner:cleanup-2817 @ target-host ] download-metrics
21:41:30,054 [ test-runner:cleanup-2817 @ target-host ] mkdir -p /tmp
21:41:30,054 [ test-runner:cleanup-2817 @ target-host ] script-cmd: sudo
21:41:30,054 [ test-runner:cleanup-2817 @ target-host ] sudo
21:41:30,054 [ test-runner:cleanup-2817 @ target-host ] script-cmd: sudo-${{os}}
21:41:30,054 [ test-runner:cleanup-2817 @ target-host ] sudo-linux
21:41:30,702 [ test-runner:cleanup-2817 @ target-host ] sudo rm -Rf /tmp/metrics.json
]3008;start=bc82c29fa729413a94d4fd9b7eae11a0;user=zakkak;hostname=blanc;machineid=f469a615e9ef4e81b7d5be080a5de373;bootid=0e917e08584a49cb891ef04366e00ace;pid=402550;pidfdid=402551;comm=sudo;targetuser=root;sessionid=c382;type=session\]3008;end=bc82c29fa729413a94d4fd9b7eae11a0\
21:41:30,702 [ test-runner:cleanup-2817 @ target-host ] set-state: RUN.output.config {"jvm":{"home":"/home/zakkak/jvms/jdk-21.0.9+10","version":"25.0.2-tem","graalvm":{"home":"/home/zakkak/code/graal-oracle/sdk/latest_graalvm_home","version":"25.0.2-graalce"},"memory":"","args":""},"quarkus":{"version":"999-SNAPSHOT","build_config_args":"","native_build_options":"-Dquarkus.native.additional-build-args-append=--future-defaults=run-time-initialize-resource-bundles"},"springboot3":{"version":"","native_build_options":""},"springboot4":{"version":"","native_build_options":""},"resources":{"cpu":{"app":"0-3","db":"4-6","load_generator":"7-9","1st_request":10,"monitor":11},"app_cpus":4},"profiler":{"name":"none","events":"cpu"},"repo":{"branch":"main","url":"https://github.com/quarkusio/spring-quarkus-perf-comparison.git","scenario":"tuned","commit":"14e9ae9b8bc5ec009f5c1108ca2171ce3867ffb2","short_commit":"14e9ae9","scenarioName":"Tuned"},"num_iterations":10}
21:41:30,703 [ test-runner:cleanup-2817 @ target-host ] set-state: RUN.output.env {"run":{"host":{"user":"zakkak","name":"LOCAL","target":"LOCAL"}},"host":{"os":"Fedora Linux 43 (Workstation Edition)","type":"ASUS System Product Name","kernel":"6.18.16-200.fc43.x86_64","cpu":"AMD Ryzen 9 7950X 16-Core Processor (32 cpus)","gpu":"Advanced Micro Devices, Inc. [AMD/ATI] Raphael","memory":"61Gi"}}
21:41:31,111 [ test-runner:cleanup-2817 @ target-host ] echo '{"timing":{"start":"2026-03-11T18:47:48Z","stop":"2026-03-11T19:41:29Z"},"results":{"quarkus3-native":{"build":{"timings":[44.72,45.59,44.53,44.53,43.94,45.24,44.81,43.94,44.23,44.6],"native":{"rss":[4.7,4.52,4.97,4.72,4.66,4.99,4.77,4.92,4.78,4.67],"binarySize":86.25},"avBuildTime":44.61300000000001,"avNativeRSS":4.7700000000000005,"classCount":"22,655","fieldCount":"29,176","methodCount":"106,506","reflectionClassCount":"7,964","reflectionFieldCount":169,"reflectionMethodCount":"5,204"},"startup":{"timings":[39,32,40,32,41,32,31,42,33,33],"avStartTime":35.5},"rss":{"startup":[66.62109375,66.6328125,66.56640625,66.52734375,66.5703125,66.56640625,66.625,66.625,66.6171875,66.6328125],"firstRequest":[73.421875,73.4375,73.3671875,73.328125,73.375,73.37109375,73.4296875,73.42578125,73.4140625,73.4375],"avStartupRss":66.5984375,"avFirstRequestRss":73.40078125},"load":{"throughput":[15917.47,16256.07,15984.21,15899.9,16325.73,16270.38,15948.87,16232.52,16291.86,16310.86],"connectionErrors":[0,0,0,0,0,0,0,0,0,0],"requestTimeouts":[0,0,0,0,0,0,0,0,0,0],"rss":[158.8046875,159.58984375,156.63671875,158.3203125,158.41796875,157.796875,153.703125,156.12890625,156.3046875,154.5390625],"throughputDensity":[100.23299847493482,101.86155721453922,102.04637921145165,100.42867999013076,103.05478683269634,103.10964649965342,103.76412320829522,103.96870374540269,104.23142300194932,105.54522420504524],"avThroughput":16143.787,"avMaxRss":157.02421875,"maxThroughputDensity":105.54522420504524,"avConnectionErrors":0,"avRequestTimeouts":0}}},"config":{"jvm":{"args":"","memory":"","graalvm":{"version":"25.0.2-graalce","home":"/home/zakkak/code/graal-oracle/sdk/latest_graalvm_home"},"version":"25.0.2-tem","home":"/home/zakkak/jvms/jdk-21.0.9+10"},"num_iterations":10,"quarkus":{"build_config_args":"","native_build_options":"-Dquarkus.native.additional-build-args-append=--future-defaults=run-time-initialize-resource-bundles","version":"999-SNAPSHOT"},"repo":{"short_commit":"14e9ae9","scenario":"tuned","commit":"14e9ae9b8bc5ec009f5c1108ca2171ce3867ffb2","branch":"main","scenarioName":"Tuned","url":"https://github.com/quarkusio/spring-quarkus-perf-comparison.git"},"springboot3":{"native_build_options":"","version":""},"springboot4":{"native_build_options":"","version":""},"resources":{"cpu":{"app":"0-3","1st_request":10,"monitor":11,"load_generator":"7-9","db":"4-6"},"app_cpus":4},"profiler":{"name":"none","events":"cpu"}},"env":{"host":{"memory":"61Gi","os":"Fedora Linux 43 (Workstation Edition)","kernel":"6.18.16-200.fc43.x86_64","cpu":"AMD Ryzen 9 7950X 16-Core Processor (32 cpus)","type":"ASUS System Product Name","gpu":"Advanced Micro Devices, Inc. [AMD/ATI] Raphael"},"run":{"host":{"name":"LOCAL","user":"zakkak","target":"LOCAL"}}}}' > /tmp/metrics.json
21:41:31,111 [ test-runner:cleanup-2817 @ target-host ] queue-download: ${{METRICS_DIR}}/metrics.json=/tmp/metrics.json ../../20260311/run-time-initialize-resource-bundles/target-host/
21:41:31,111 [ test-runner:cleanup-2817 @ target-host ] script-cmd: stop-test-services
21:41:31,111 [ test-runner:cleanup-2817 @ target-host ] stop-test-services
21:41:31,537 [ test-runner:cleanup-2817 @ target-host ] /home/zakkak/spring-quarkus-perf-comparison/spring-quarkus-perf-comparison/scripts/infra.sh -d
Using podman to stop containers
-----------------------------------------
[03/11/2026 21:41:31]: Stopping services
-----------------------------------------
Stopping PostgreSQL database 'fruits_db'
Error: no container with name or ID "fruits_db" found: no such container
21:41:31,544 [ test-runner:run-tests-983 @ target-host ] run-1773254853745 closing state:
 env = {"run":{"host":{"user":"zakkak","name":"LOCAL","target":"LOCAL"}},"host":{"os":"Fedora Linux 43 (Workstation Edition)","type":"ASUS System Product Name","kernel":"6.18.16-200.fc43.x86_64","cpu":"AMD Ryzen 9 7950X 16-Core Processor (32 cpus)","gpu":"Advanced Micro Devices, Inc. [AMD/ATI] Raphael","memory":"61Gi"}}
 config = {"jvm":{"home":"/home/zakkak/jvms/jdk-21.0.9+10","version":"25.0.2-tem","graalvm":{"home":"/home/zakkak/code/graal-oracle/sdk/latest_graalvm_home","version":"25.0.2-graalce"},"memory":"","args":""},"quarkus":{"version":"999-SNAPSHOT","build_config_args":"","native_build_options":"-Dquarkus.native.additional-build-args-append=--future-defaults=run-time-initialize-resource-bundles"},"springboot3":{"version":"","native_build_options":""},"springboot4":{"version":"","native_build_options":""},"resources":{"cpu":{"app":"0-3","db":"4-6","load_generator":"7-9","1st_request":"10","monitor":"11"},"app_cpus":"4"},"profiler":{"name":"none","events":"cpu"},"repo":{"branch":"main","url":"https://github.com/quarkusio/spring-quarkus-perf-comparison.git","scenario":"tuned","commit":"14e9ae9b8bc5ec009f5c1108ca2171ce3867ffb2","short_commit":"14e9ae9","scenarioName":"Tuned"},"num_iterations":"10"}
 APP_CMD_PREFIX = taskset --cpu-list ${{config.resources.cpu.app}}
 LOAD_GEN_CMD_PREFIX = taskset --cpu-list ${{config.resources.cpu.load_generator}}
 MONITOR_CMD_PREFIX = taskset --cpu-list ${{config.resources.cpu.monitor}}
 WRK_BIN = ${{LOAD_GEN_CMD_PREFIX}} jbang -R -XX:+UseNUMA wrk@hyperfoil
 DROP_OS_FILESYSTEM_CACHES = true
 PAUSE_TIME = 2
 PROFILER_JVM_ARGS = 
 BASE_JAVA_CMD = ${{APP_CMD_PREFIX}} java ${{config.jvm.memory}} ${{config.jvm.args}} ${{PROFILER_JVM_ARGS}}
 TESTS = ["measure-build-times","measure-time-to-first-request","measure-rss","run-load-test"]
 RUNTIMES = ["quarkus3-native"]
 TARGET_URL = http://localhost:8080/fruits
 QUARKUS-PLATFORM-ARTIFACT-ID = quarkus-bom
 PROJ_REPO_NAME = spring-quarkus-perf-comparison
 METRICS_DIR = /tmp
 ASYNC_PROFILER = async-profiler
 RUNTIMECMDS = [{"updateScript":"update-quarkus-version","runCmd":"${{BASE_JAVA_CMD}} -jar ${{QUARKUS3_DIR}}/target/quarkus-app/quarkus-run.jar","updateVersion":"${{config.quarkus.version}}","buildCmd":"./mvnw ${{config.quarkus.build_config_args}} clean package -DskipTests","name":"quarkus3-jvm","type":"jvm","dir":"${{QUARKUS3_DIR}}","logFileStartedRegex":".*quarkus3.+started in.*"},{"updateScript":"update-quarkus-version","runCmd":"${{BASE_JAVA_CMD}} -jar ${{QUARKUS3_VIRTUAL_DIR}}/target/quarkus-app/quarkus-run.jar","updateVersion":"${{config.quarkus.version}}","buildCmd":"./mvnw ${{config.quarkus.build_config_args}} clean package -DskipTests","name":"quarkus3-virtual","type":"jvm","dir":"${{QUARKUS3_VIRTUAL_DIR}}","logFileStartedRegex":".*quarkus3.+started in.*"},{"updateScript":"update-quarkus-version","runCmd":"${{APP_CMD_PREFIX}} ${{QUARKUS3_DIR}}/target/quarkus3-runner ${{config.jvm.memory}}","updateVersion":"${{config.quarkus.version}}","buildCmd":"./mvnw ${{config.quarkus.build_config_args}} clean package -DskipTests -Pnative ${{config.quarkus.native_build_options}}","name":"quarkus3-native","type":"native","dir":"${{QUARKUS3_DIR}}","logFileStartedRegex":".*quarkus3.+started in.*"},{"updateScript":"update-spring-boot-version","runCmd":"${{BASE_JAVA_CMD}} -jar ${{SPRING3_BOOT_DIR}}/target/springboot3.jar","updateVersion":"${{config.springboot3.version}}","buildCmd":"./mvnw clean package -DskipTests","name":"spring3-jvm","type":"jvm","dir":"${{SPRING3_BOOT_DIR}}","logFileStartedRegex":".*Started SpringBoot3Application in.+seconds.*"},{"updateScript":"update-spring-boot-version","runCmd":"${{BASE_JAVA_CMD}} -Dspring.threads.virtual.enabled=true -jar ${{SPRING3_BOOT_DIR}}/target/springboot3.jar","updateVersion":"${{config.springboot3.version}}","buildCmd":"./mvnw clean package -DskipTests -Dspring.threads.virtual.enabled=true","name":"spring3-virtual","type":"jvm","dir":"${{SPRING3_BOOT_DIR}}","logFileStartedRegex":".*Started SpringBoot3Application in.+seconds.*"},{"updateScript":"update-spring-boot-version","runCmd":"${{BASE_JAVA_CMD}} -Dspring.aot.enabled=true -jar ${{SPRING3_BOOT_DIR}}/target/springboot3.jar","updateVersion":"${{config.springboot3.version}}","buildCmd":"./mvnw clean compile spring-boot:process-aot package -DskipTests","name":"spring3-jvm-aot","type":"jvm","dir":"${{SPRING3_BOOT_DIR}}","logFileStartedRegex":".*Started SpringBoot3Application in.+seconds.*"},{"updateScript":"update-spring-boot-version","runCmd":"${{APP_CMD_PREFIX}} ${{SPRING3_BOOT_DIR}}/target/springboot3 ${{config.jvm.memory}}","updateVersion":"${{config.springboot3.version}}","buildCmd":"./mvnw clean -Pnative -DskipTests native:compile package ${{config.springboot3.native_build_options}}","name":"spring3-native","type":"native","dir":"${{SPRING3_BOOT_DIR}}","logFileStartedRegex":".*Started SpringBoot3Application in.+seconds.*"},{"updateScript":"update-spring-boot-version","runCmd":"${{BASE_JAVA_CMD}} -jar ${{SPRING4_BOOT_DIR}}/target/springboot4.jar","updateVersion":"${{config.springboot4.version}}","buildCmd":"./mvnw clean package -DskipTests","name":"spring4-jvm","type":"jvm","dir":"${{SPRING4_BOOT_DIR}}","logFileStartedRegex":".*Started SpringBoot4Application in.+seconds.*"},{"updateScript":"update-spring-boot-version","runCmd":"${{BASE_JAVA_CMD}} -Dspring.threads.virtual.enabled=true -jar ${{SPRING4_BOOT_DIR}}/target/springboot4.jar","updateVersion":"${{config.springboot4.version}}","buildCmd":"./mvnw clean package -DskipTests -Dspring.threads.virtual.enabled=true","name":"spring4-virtual","type":"jvm","dir":"${{SPRING4_BOOT_DIR}}","logFileStartedRegex":".*Started SpringBoot4Application in.+seconds.*"},{"updateScript":"update-spring-boot-version","runCmd":"${{BASE_JAVA_CMD}} -Dspring.aot.enabled=true -jar ${{SPRING4_BOOT_DIR}}/target/springboot4.jar","updateVersion":"${{config.springboot4.version}}","buildCmd":"./mvnw clean compile spring-boot:process-aot package -DskipTests","name":"spring4-jvm-aot","type":"jvm","dir":"${{SPRING4_BOOT_DIR}}","logFileStartedRegex":".*Started SpringBoot4Application in.+seconds.*"},{"updateScript":"update-spring-boot-version","runCmd":"${{APP_CMD_PREFIX}} ${{SPRING4_BOOT_DIR}}/target/springboot4 ${{config.jvm.memory}}","updateVersion":"${{config.springboot4.version}}","buildCmd":"./mvnw clean -Pnative -DskipTests native:compile package ${{config.springboot4.native_build_options}}","name":"spring4-native","type":"native","dir":"${{SPRING4_BOOT_DIR}}","logFileStartedRegex":".*Started SpringBoot4Application in.+seconds.*"}]
 BASE_DIR = /home/zakkak
 REPO_DIR = /home/zakkak/spring-quarkus-perf-comparison
 PROJ_REPO_DIR = /home/zakkak/spring-quarkus-perf-comparison/spring-quarkus-perf-comparison
 SCRIPTS_DIR = /home/zakkak/spring-quarkus-perf-comparison/spring-quarkus-perf-comparison/scripts/perf-lab
 HELPER_SCRIPTS_DIR = /home/zakkak/spring-quarkus-perf-comparison/spring-quarkus-perf-comparison/scripts/perf-lab/scripts
 SPRING3_BOOT_DIR = /home/zakkak/spring-quarkus-perf-comparison/spring-quarkus-perf-comparison/springboot3
 SPRING4_BOOT_DIR = /home/zakkak/spring-quarkus-perf-comparison/spring-quarkus-perf-comparison/springboot4
 QUARKUS3_DIR = /home/zakkak/spring-quarkus-perf-comparison/spring-quarkus-perf-comparison/quarkus3
 QUARKUS3_VIRTUAL_DIR = /home/zakkak/spring-quarkus-perf-comparison/spring-quarkus-perf-comparison/quarkus3-virtual
 ASYNC_PROFILER_DIR = /home/zakkak/async-profiler
 os = linux
 output = {"timing":{"start":"2026-03-11T18:47:48Z","stop":"2026-03-11T19:41:29Z"},"results":{"quarkus3-native":{"build":{"timings":["44.72","45.59","44.53","44.53","43.94","45.24","44.81","43.94","44.23","44.6"],"native":{"rss":["4.7","4.52","4.97","4.72","4.66","4.99","4.77","4.92","4.78","4.67"],"binarySize":"86.25"},"avBuildTime":"44.61300000000001","avNativeRSS":"4.7700000000000005","classCount":"22,655","fieldCount":"29,176","methodCount":"106,506","reflectionClassCount":"7,964","reflectionFieldCount":"169","reflectionMethodCount":"5,204"},"startup":{"timings":["39","32","40","32","41","32","31","42","33","33"],"avStartTime":"35.5"},"rss":{"startup":["66.62109375","66.6328125","66.56640625","66.52734375","66.5703125","66.56640625","66.625","66.625","66.6171875","66.6328125"],"firstRequest":["73.421875","73.4375","73.3671875","73.328125","73.375","73.37109375","73.4296875","73.42578125","73.4140625","73.4375"],"avStartupRss":"66.5984375","avFirstRequestRss":"73.40078125"},"load":{"throughput":["15917.47","16256.07","15984.21","15899.9","16325.73","16270.38","15948.87","16232.52","16291.86","16310.86"],"connectionErrors":["0","0","0","0","0","0","0","0","0","0"],"requestTimeouts":["0","0","0","0","0","0","0","0","0","0"],"rss":["158.8046875","159.58984375","156.63671875","158.3203125","158.41796875","157.796875","153.703125","156.12890625","156.3046875","154.5390625"],"throughputDensity":["100.23299847493482","101.86155721453922","102.04637921145165","100.42867999013076","103.05478683269634","103.10964649965342","103.76412320829522","103.96870374540269","104.23142300194932","105.54522420504524"],"avThroughput":"16143.787","avMaxRss":"157.02421875","maxThroughputDensity":"105.54522420504524","avConnectionErrors":"0","avRequestTimeouts":"0"}}},"config":{"jvm":{"args":"","memory":"","graalvm":{"version":"25.0.2-graalce","home":"/home/zakkak/code/graal-oracle/sdk/latest_graalvm_home"},"version":"25.0.2-tem","home":"/home/zakkak/jvms/jdk-21.0.9+10"},"num_iterations":"10","quarkus":{"build_config_args":"","native_build_options":"-Dquarkus.native.additional-build-args-append=--future-defaults=run-time-initialize-resource-bundles","version":"999-SNAPSHOT"},"repo":{"short_commit":"14e9ae9","scenario":"tuned","commit":"14e9ae9b8bc5ec009f5c1108ca2171ce3867ffb2","branch":"main","scenarioName":"Tuned","url":"https://github.com/quarkusio/spring-quarkus-perf-comparison.git"},"springboot3":{"native_build_options":"","version":""},"springboot4":{"native_build_options":"","version":""},"resources":{"cpu":{"app":"0-3","1st_request":"10","monitor":"11","load_generator":"7-9","db":"4-6"},"app_cpus":"4"},"profiler":{"name":"none","events":"cpu"}},"env":{"host":{"memory":"61Gi","os":"Fedora Linux 43 (Workstation Edition)","kernel":"6.18.16-200.fc43.x86_64","cpu":"AMD Ryzen 9 7950X 16-Core Processor (32 cpus)","type":"ASUS System Product Name","gpu":"Advanced Micro Devices, Inc. [AMD/ATI] Raphael"},"run":{"host":{"name":"LOCAL","user":"zakkak","target":"LOCAL"}}}}
 SHELL_PID = 366165
 LOCAL : 
   run-tests : 
     id=983 : 
       RUNTIMECMD = {"updateScript":"update-quarkus-version","runCmd":"taskset --cpu-list 0-3 /home/zakkak/spring-quarkus-perf-comparison/spring-quarkus-perf-comparison/quarkus3/target/quarkus3-runner ","updateVersion":"999-SNAPSHOT","buildCmd":"./mvnw  clean package -DskipTests -Pnative -Dquarkus.native.additional-build-args-append=--future-defaults=run-time-initialize-resource-bundles","name":"quarkus3-native","type":"native","dir":"/home/zakkak/spring-quarkus-perf-comparison/spring-quarkus-perf-comparison/quarkus3","logFileStartedRegex":".*quarkus3.+started in.*"}
       TYPE = native
       BUILD_TIME = 44.6
       NATIVE_BUILD_RSS = 4.67
       START_TIME = 33
       RSS_STARTUP = 68232
       FIRST_REQUEST = 75200
       APP_LOG_REGEX = .*quarkus3.+started in.*
       LOG_FILE = /home/zakkak/spring-quarkus-perf-comparison/logs/load-test-quarkus3-native-9.log
       JVM_PID = 400873
       POSTGRES_PID = 400575
       THROUGHPUT = 16310.86
       CONNECTION_ERRORS = 0
       REQUEST_TIMEOUTS = 0
       RSS = 158248
   cleanup : 
     id=2817 : 
   setup : 
     id=807 : 

